Document Title,Authors,Author Affiliations,Publication Title,Date Added To Xplore,Publication Year,Volume,Issue,Start Page,End Page,Abstract,ISSN,ISBNs,DOI,Funding Information,PDF Link,Author Keywords,IEEE Terms,Mesh_Terms,Article Citation Count,Patent Citation Count,Reference Count,License,Online Date,Issue Date,Meeting Date,Publisher,Document Identifier
Comparison of Visual Inertial Odometry using FlightGoggles Simulator for UAV,E. M. Lee; I. Wee; T. Kim; D. H. Shim,"School of Electrical Engineering, Korea Advanced Institute of Science and Technology, Daejeon, Korea; School of Electrical Engineering, Korea Advanced Institute of Science and Technology, Daejeon, Korea; School of Electrical Engineering, Korea Advanced Institute of Science and Technology, Daejeon, Korea; School of Electrical Engineering, Korea Advanced Institute of Science and Technology, Daejeon, Korea","2019 19th International Conference on Control, Automation and Systems (ICCAS)",30 Jan 2020,2019,,,1166,1169,"Recently, application of Unmanned Aerial Vehicle (UAV) attract much attention of not only academic but also industrial community. To control and make the most of UAV, state estimation is mandatory and it should work accurately on Real-time on computational-limited onboard PC. Especially, for the cases that GNSS-disabled environments or indoor situation, Visual Inertial Odometry using camera and IMU sensor has been actively studied. Generally, to research and develop the indoor navigation algorithm, high-performanced and super-expensive facilities like motion capture cameras are needed to measure the ground-truth. In this paper, we apply state-of-art Visual Inertial Odometry algorithms for state estimation of UAVs to FlightGoggles simulator which is photorealistic and which reflects UAV's real dynamics. Moreover, we compare the performance and resource utilization of those algorithms.",2642-3901,978-89-93215-17-5,10.23919/ICCAS47443.2019.8971738,,https://ieeexplore.ieee.org/stamp/stamp.jsp?arnumber=8971738,Visual Inertial Odometry;State Estimation;Indoor Navigation;Unmanned Aerial Vehicle,Visualization;Heuristic algorithms;Indoor navigation;Autonomous aerial vehicles;Cameras;Real-time systems;Odometry;Resource management;State estimation;Videos,,5,,7,,30 Jan 2020,15-18 Oct. 2019,15-18 Oct. 2019,IEEE,IEEE Conferences
Sensitivity Analysis of a Visual Inertial Odometry-based Navigation System for UAV,L. D. Vito; A. Neyestani; F. Picariello; S. Rapuano; I. Tudosa,"Department of Engineering, University of Sannio, Benevento, Italy; Department of Engineering, University of Sannio, Benevento, Italy; Department of Engineering, University of Sannio, Benevento, Italy; Department of Engineering, University of Sannio, Benevento, Italy; Department of Engineering, University of Sannio, Benevento, Italy",2025 IEEE International Instrumentation and Measurement Technology Conference (I2MTC),18 Jul 2025,2025,,,1,6,"This paper presents a detailed sensitivity analysis of a Visual-Inertial Odometry (VIO) framework designed for unmanned aerial vehicle (UAV) navigation, utilizing sensor fusion from cameras, LiDAR, altimeters, and inertial measurement units (IMUs). The analysis quantifies the impact of various sources of uncertainty, including environmental and lighting conditions, intrinsic sensor parameters, and algorithmic factors associated with keypoint detection and matching. Through Monte Carlo simulations, several keypoint detection techniques, specifically ORB and semantic segmentation, are evaluated across diverse operational scenarios. The results demonstrate that the analysed framework achieves reliable trajectory estimation, with both ORB and semantic segmentation providing accurate and consistent positioning. Notably, semantic segmentation achieves the lowest uncertainty under varying conditions. This study validates the proposed uncertainty model and identifies critical factors influencing the reliability of VIO-based UAV navigation, offering insights for enhancing system performance in real-world applications.",2642-2077,979-8-3315-0500-4,10.1109/I2MTC62753.2025.11079197,,https://ieeexplore.ieee.org/stamp/stamp.jsp?arnumber=11079197,Visual-Inertial Odometry (VIO);UAV Navigation;Sensor Fusion;Uncertainty Analysis;Keypoint Detection Algorithms,Uncertainty;Monte Carlo methods;Sensitivity analysis;Semantic segmentation;Sensor fusion;Autonomous aerial vehicles;Feature extraction;Trajectory;Reliability;Odometry,,,,27,IEEE,18 Jul 2025,19-22 May 2025,19-22 May 2025,IEEE,IEEE Conferences
Laser-aided Infrared Visual Inertial Odometry for Unmanned Aerial Vehicle with Multi-plane Constraint,X. Yan; Y. Bi; Z. Gao; F. Lin,"Temasek Laboratories, National University of Singapore, Singapore; ECE Department, National University of Singapore, Singapore; Temasek Laboratories, National University of Singapore, Singapore; Temasek Laboratories, National University of Singapore, Singapore",2018 3rd International Conference on Advanced Robotics and Mechatronics (ICARM),13 Jan 2019,2018,,,323,327,"In this work, we propose an infrared visual inertial odometry (VIO) algorithm for unmanned aerial vehicles (UAV) for both daytime and nighttime. It utilizes images from a single downward-looking thermal camera, and uses a laser scanner to measure relative distance to determine the scale factor. The scale recovery process consists of a comprehensive logic flow to try out measurements into a homography decomposition with a multi-plane constraint, obtaining the results with minimum error, making the algorithm more robust. Moreover, other modifications, such as keyframe idea and pruning KLT tracker with sub-regions further improves the performance. Besides, the results are fused with an on-board IMU through an EKF-based sensor fusion framework. This infrared visual inertial odometry algorithm can still navigate UAVs during the missions when GPS is down or not reliable or under poor illumination condition.",,978-1-5386-7066-8,10.1109/ICARM.2018.8610740,,https://ieeexplore.ieee.org/stamp/stamp.jsp?arnumber=8610740,,Cameras;Feature extraction;Calibration;Visualization;Visual odometry;Measurement by laser beam;Global Positioning System,,1,1,14,IEEE,13 Jan 2019,18-20 July 2018,18-20 July 2018,IEEE,IEEE Conferences
Getting Started with a Simple Visual-Inertial Odometry,B. N. Y. Divan; M. J. Iorpenda; V. Willert,"Center for Robotics (CERI), Technical Uni. of Applied Sci. (THWS), Schweinfurt, Germany; Center for Robotics (CERI), Technical Uni. of Applied Sci. (THWS), Schweinfurt, Germany; Center for Robotics (CERI), Technical Uni. of Applied Sci. (THWS), Schweinfurt, Germany",2024 22nd International Conference on Research and Education in Mechatronics (REM),4 Nov 2024,2024,,,231,236,"This paper presents the development and evaluation of a basic monocular visual-inertial odometry (VIO) algorithm tailored for drone navigation. The primary goal is to present a minimal, easy-to-understand algorithm for beginners to the field. Therefore, the method utilises proven, simple, non-computationally intensive computer vision algorithms. To solve the unknown scale problem, monocular visual odometry estimates are fused with scale estimates extracted from inertial measurement unit (IMU) data. We tested the algorithm on various datasets, including the real-world KITTI dataset and a custom dataset recorded with a Tello DJI drone in a controlled lab environment. Moreover, the algorithm's adaptability and performance were further validated in an Unreal-Engine simulated environment utilizing Microsoft AirSim for the simulation of the drone's physics. Although simple, the proposed method is versatile for short-term odometry especially for slow continuous movements.",2993-4591,979-8-3315-0597-4,10.1109/REM63063.2024.10735689,Petroleum Technology Development Fund (PDTF)(grant numbers:PTDF/ED/OSS/PHD/MII/486/19 - 19PHD058); ,https://ieeexplore.ieee.org/stamp/stamp.jsp?arnumber=10735689,Visual Inertial Odometry;Optical flow;Simulation;Unmanned Aerial Vehicles (UAV),Visualization;Mechatronics;Measurement units;Focusing;Inertial navigation;Odometry;Physics;Optical flow;Drones;Visual odometry,,1,,12,IEEE,4 Nov 2024,24-26 Sept. 2024,24-26 Sept. 2024,IEEE,IEEE Conferences
Deployment of Reliable Visual Inertial Odometry Approaches for Unmanned Aerial Vehicles in Real-world Environment,J. Bednář; M. Petrlík; K. C. T. Vivaldini; M. Saska,"Faculty of Electrical Engineering, Czech Technical University, Prague, Czech Republic; Faculty of Electrical Engineering, Czech Technical University, Prague, Czech Republic; Faculty of Electrical Engineering, Czech Technical University, Prague, Czech Republic; Faculty of Electrical Engineering, Czech Technical University, Prague, Czech Republic",2022 International Conference on Unmanned Aircraft Systems (ICUAS),26 Jul 2022,2022,,,167,176,"Integration of Visual Inertial Odometry (VIO) methods into a modular control system designed for deployment of Unmanned Aerial Vehicles (UAVs) and teams of cooperating UAVs in real-world conditions are presented in this paper. Reliability analysis and fair performance comparison of several methods integrated into a control pipeline for achieving full autonomy in real conditions is provided. Although most VIO algorithms achieve excellent localization precision and negligible drift on artificially created datasets, the aspects of reliability in non-ideal situations, robustness to degraded sensor data, and the effects of external disturbances and feedback control coupling are not well studied. These imperfections, which are inherently present in cases of real-world deployment of UAVs, negatively affect the ability of the most used VIO approaches to output a sensible pose estimation. We identify the conditions that are critical for a reliable flight under VIO localization and propose workarounds and compensations for situations in which such conditions cannot be achieved. The performance of the UAV system with integrated VIO methods is quantitatively analyzed w.r.t. RTK ground truth and the ability to provide reliable pose estimation for the feedback control is demonstrated onboard a UAV that is tracking dynamic trajectories under challenging illumination.",2575-7296,978-1-6654-0593-5,10.1109/ICUAS54217.2022.9836067,,https://ieeexplore.ieee.org/stamp/stamp.jsp?arnumber=9836067,Visual Inertial Odometry;Unmanned Aerial Vehicle;Trajectory Shaping;Feedback Control;Camera Orientation,Location awareness;Visualization;Feedback loop;Pose estimation;Autonomous aerial vehicles;Cameras;Control systems,,15,,41,IEEE,26 Jul 2022,21-24 June 2022,21-24 June 2022,IEEE,IEEE Conferences
MIR-VIO:Mutual Information Residual-based Visual Inertial Odometry with UWB Fusion for Robust Localization,S. Shin; E. Lee; J. Choi; H. Myung,"School of Electrical Engineering, KAIST, Daejeon, South Korea; School of Electrical Engineering, KAIST, Daejeon, South Korea; School of Electrical Engineering, KAIST, Daejeon, South Korea; School of Electrical Engineering, KI-AI, KI-R, KAIST, Daejeon, South Korea","2021 21st International Conference on Control, Automation and Systems (ICCAS)",28 Dec 2021,2021,,,91,96,"For many years, there has been an impressive progress on visual odometry applied to mobile robots and drones. However, the visual perception is still in the spotlight as a challenging field because the vision sensor has some problems in obtaining correct scale information with a monocular camera and also is vulnerable to a situation in which illumination is changed. In this paper, UWB sensor fusion is proposed in the visual inertial odometry algorithm as a solution to mitigate this problem. We designed a cost function based on mutual information considering the UWB. Considering the characteristic of the UWB signal model, where the uncertainty increases as the distance between the UWB anchor and the tag increases, we introduced a new residual term to the cost function. When the experiment was conducted in an indoor environment with the above methodology, the initialization problem in an environment with few feature points was solved through the UWB sensor fusion, and localization became robust. And when the residual term using the concept of mutual information was used, the most robust odometry could be obtained.",2642-3901,978-89-93215-21-2,10.23919/ICCAS52745.2021.9649888,Defense Acquisition Program Administration; Agency for Defense Development(grant numbers:UD190029ED); ,https://ieeexplore.ieee.org/stamp/stamp.jsp?arnumber=9649888,Sensor Fusion;Visual Inertial Odometry;Ultra-Wideband;Localization;Mobile Robot;Information Theory,Location awareness;Visualization;Uncertainty;Robot vision systems;Sensor fusion;Vision sensors;Cost function,,21,,22,,28 Dec 2021,12-15 Oct. 2021,12-15 Oct. 2021,IEEE,IEEE Conferences
Navion: A Fully Integrated Energy-Efficient Visual-Inertial Odometry Accelerator for Autonomous Navigation of Nano Drones,A. Suleiman; Z. Zhang; L. Carlone; S. Karaman; V. Sze,"Massachusetts Institute of Technology, MA, USA; Massachusetts Institute of Technology, MA, USA; Massachusetts Institute of Technology, MA, USA; Massachusetts Institute of Technology, MA, USA; Massachusetts Institute of Technology, MA, USA",2018 IEEE Symposium on VLSI Circuits,25 Oct 2018,2018,,,133,134,"This paper presents Navion, an energy-efficient accelerator for visual-inertial odometry (VIO) that enables autonomous navigation of miniaturized robots (e.g., nano drones), and virtual/augmented reality on portable devices. The chip uses inertial measurements and mono/stereo images to estimate the drone's trajectory and a 3D map of the environment. This estimate is obtained by running a state-of-the-art algorithm based on non-linear factor graph optimization, which requires large irregularly structured memories and heterogeneous computation flow. To reduce the energy consumption and footprint, the entire VIO system is fully integrated on chip to eliminate costly off-chip processing and storage. This work uses compression and exploits both structured and unstructured sparsity to reduce on-chip memory size by 4.1×. Parallelism is used under tight area constraints to increase throughput by 43%. The chip is fabricated in 65nm CMOS, and can process 752×480 stereo images at up to 171 fps and inertial measurements at up to 52 kHz, while consuming an average of 24mW. The chip is configurable to maximize accuracy, throughput and energy-efficiency across different environments. To the best of our knowledge, this is the first fully integrated VIO system in an ASIC.",2158-5601,978-1-5386-4214-6,10.1109/VLSIC.2018.8502279,,https://ieeexplore.ieee.org/stamp/stamp.jsp?arnumber=8502279,VIO;localization;mapping;nano drones;navigation,Semiconductor device measurement;Optimization;Three-dimensional displays;Image coding;Robots;Drones;Trajectory,,47,,6,IEEE,25 Oct 2018,18-22 June 2018,18-22 June 2018,IEEE,IEEE Conferences
UAV Navigation With Monocular Visual Inertial Odometry Under GNSS-Denied Environment,H. Luo; G. Li; D. Zou; K. Li; X. Li; Z. Yang,"School of Geospatial Information, Information Engineering University, Henan, Zhengzhou, China; School of Geospatial Information, Information Engineering University, Henan, Zhengzhou, China; Shanghai Key Laboratory of Navigation and Location Based Services, Shanghai Jiao Tong University, Shanghai, China; School of Geospatial Information, Information Engineering University, Henan, Zhengzhou, China; School of Geospatial Information, Information Engineering University, Henan, Zhengzhou, China; School of Geospatial Information, Information Engineering University, Henan, Zhengzhou, China",IEEE Transactions on Geoscience and Remote Sensing,19 Oct 2023,2023,61,,1,15,"In global satellite navigation system (GNSS)-denied environments, unmanned aerial vehicle (UAV) navigation based on visual–inertial odometry (VIO) has been widely studied. However, existing VIO methods still suffer from some practical problems, such as image enhancement oversaturation and unreasonable weighting in backend optimization. Therefore, this article presents monocular VIO with point-line fusion and backend adaptive optimization to improve the positioning accuracy and robustness of UAV navigation systems. In the front end, we proposed an adaptive gamma image correction algorithm for image preprocessing to avoid image oversaturation, which is more conducive to image extraction and matching. Instead of the traditional line segment detector (LSD) line feature extraction algorithm, we employed an improved EDLines algorithm to enhance the efficiency of line feature extraction, better meeting the high dynamic real-time requirements of UAV. In the backend, we proposed a tightly coupled nonlinear adaptive optimization method based on a two-step approach to address the issue of unreasonable static weights. In the first step, we established a factor graph model and performed the first nonlinear optimization based on a priori visual weights. In the second step, we calculated the reprojection error and established a functional model that examines the relationship between the reprojection error and the information matrix. We updated the information matrix using the reprojection error to adaptively adjust the weights of the point features and line features in real time. Finally, we performed a second nonlinear reoptimization. The proposed method was compared with the monocular visual-inertial system (VINS-MONO) (Qin et al. 2018) and point and line features (PL)-VINS (Fu et al. 2020) methods, the experimental results showing that the positioning accuracy of the proposed method on the public EuRoc dataset (Burri et al. 2016) improved by an average of 32.3% compared with the PL-VINS method, and by an average of 33.8% in three real-world scenarios under changing illumination, weak texture, and large-scale complex scenarios. The results demonstrated that the proposed method exhibited better robustness and higher positioning accuracy in various complex environments.",1558-0644,,10.1109/TGRS.2023.3323519,National Natural Science Foundation of China (NSFC)(grant numbers:42071454); ,https://ieeexplore.ieee.org/stamp/stamp.jsp?arnumber=10275007,Adaptive gamma correction;EDLines algorithm;information matrix;nonlinear optimization;reprojection error;unmanned aerial vehicle (UAV) navigation;visual-inertial fusion,Feature extraction;Visualization;Optimization;Autonomous aerial vehicles;Simultaneous localization and mapping;Sensors;Robustness,,29,,39,IEEE,10 Oct 2023,2023,,IEEE,IEEE Journals
Aerial Robots On the Way to Underground: An Experimental Evaluation of VINS-Mono on Visual-Inertial Odometry Camera,L. J. Chen; J. Henawy; B. B. Kocer; G. G. L. Seet,"School of Mechanical and Aerospace Engineering, Nanyang Technological University, Singapore; School of Mechanical and Aerospace Engineering, Nanyang Technological University, Singapore; School of Mechanical and Aerospace Engineering, Nanyang Technological University, Singapore; School of Mechanical and Aerospace Engineering, Nanyang Technological University, Singapore, Singapore",2019 International Conference on Data Mining Workshops (ICDMW),13 Jan 2020,2019,,,91,96,"In recent years, applications of unmanned aerial vehicles (UAV) have been well received by a wide range of users due to its versatility and cost-effectiveness. When the UAVs operate outside without any surroundings, it can be possible to integrate global positioning system (GPS) into the UAV. However, GPS is ineffective to determine the position of UAV when the signal is weak or absent, such as operating in an indoor environment and tunnel network. To accurately determine the position of a UAV, another approach is to endow different sensors such as LIDAR, inertial measurement unit (IMU) and camera. In this paper, we present an experimental evaluation of a visual-inertial odometry application using VINS-Mono state estimator coupled with visual-inertial sensors. The objective of the experiment is to determine the effectiveness of the setup in an indoor environment, where the GPS signal is fully absent. In the experiment, a UAV capable of self-localization has been constructed with the integration of onboard computer, camera, and IMU. First, camera and IMU calibrations, as well as their hardware synchronization, have been set. Second, experimental evaluations have conducted to compare the UAV localization performance with ground truth data at motion analysis laboratory equipped with OptiTrack tracking system. Finally, a comparison study is given to determine the robustness and reliability of VINS-Mono state estimator and the UAV system using various flight velocities and environment features settings. Based on extensive evaluations, it is capable to localize a UAV in a GPS-denied environment, with an average root mean square error kept under 25 cm over an average flight duration within 2 minutes.",2375-9259,978-1-7281-4896-0,10.1109/ICDMW.2019.00024,,https://ieeexplore.ieee.org/stamp/stamp.jsp?arnumber=8955516,"Aerial robot, UAV, visual inertial odometry, indoor localization",Cameras;Unmanned aerial vehicles;Feature extraction;Global Positioning System;Visualization;Visual odometry;Simultaneous localization and mapping,,12,,38,IEEE,13 Jan 2020,8-11 Nov. 2019,8-11 Nov. 2019,IEEE,IEEE Conferences
DC-VINS: Dynamic Camera Visual Inertial Navigation System with Online Calibration,J. Rebello; C. Li; S. L. Waslander,University of Toronto (UTIAS); University of Toronto (UTIAS); University of Toronto (UTIAS),2021 IEEE/CVF International Conference on Computer Vision Workshops (ICCVW),24 Nov 2021,2021,,,2559,2568,"Visual-inertial (VI) sensor combinations are becoming ubiquitous in a variety of autonomous driving and aerial navigation applications due to their low cost, limited power consumption and complementary sensing capabilities. However, current VI sensor configurations assume a static rigid transformation between the camera and IMU, precluding manipulating the viewpoint of the camera independent of IMU movement which is important in situations with uneven feature distribution and for high-rate dynamic motions. Gimbal stabilized cameras, as seen on most commercially available drones, have seen limited use in SLAM due to the inability to resolve the time-varying extrinsic calibration between the IMU and camera needed in tight sensor fusion. In this paper, we present the online extrinsic calibration between a dynamic camera mounted to an actuated mechanism and an IMU mounted to the body of the vehicle integrated into a Visual Odometry pipeline. In addition, we provide a degeneracy analysis of the calibration parameters leading to a novel parameterization of the actuated mechanism used in the calibration. We build our calibration into the VINS-Fusion package and show that we are able to accurately recover the calibration parameters online while manipulating the viewpoint of the camera to feature rich areas thereby achieving an average RMSE error of 0.26m over an average trajectory length of 340m, 31.45% lower than a traditional visual inertial pipeline with a static camera.",2473-9944,978-1-6654-0191-3,10.1109/ICCVW54120.2021.00289,,https://ieeexplore.ieee.org/stamp/stamp.jsp?arnumber=9607726,,Visualization;Simultaneous localization and mapping;Dynamics;Pipelines;Cameras;Calibration;Trajectory,,1,,43,IEEE,24 Nov 2021,11-17 Oct. 2021,11-17 Oct. 2021,IEEE,IEEE Conferences
Fast Monocular Visual-Inertial Odometry With Point-Line Features and Vanishing Point Constraints,J. Sun; R. Wang,"College of Electronic and Information Engineering, Tongji University, Shanghai, China; College of Electronic and Information Engineering, Tongji University, Shanghai, China",IEEE Sensors Letters,15 May 2025,2025,9,6,1,4,"Visual-inertial odometry (VIO) is widely used in autonomous driving, robots, and drones in global navigation satellite system (GNSS)-denied environments. Current VIO methods primarily rely on point features for tracking in the visual front end. However, point-feature-based methods often perform poorly in challenging scenes, such as illumination changes and low textures. Extracting line features as a supplement from images can alleviate the above issues, but it introduces considerable computational overhead. Furthermore, degeneracy is more likely to occur with line features. To address these, we propose a fast monocular VIO that integrates point-line features and vanishing point constraints. We improve the EDLines algorithm by adaptively adjusting the gradient threshold and designing a short-line merging algorithm, which reduces computational time and yields higher quality line features. In addition, we introduce a parallel line filtering algorithm and estimate vanishing points based on it to solve the problem of degeneracy. Experiment results show that the line feature extraction of our method is much faster than that of visual–inertial odometry using point and line features (PL-VIO), and visual–inertial SLAM with point and line features (PL-VINS), and our method also demonstrates better localization accuracy and robustness in challenging scenes.",2475-1472,,10.1109/LSENS.2025.3565321,,https://ieeexplore.ieee.org/stamp/stamp.jsp?arnumber=10979878,Sensor applications;multisensor fusion;point-line feature;simultaneous localization and mapping;visual-inertial odometry (VIO),Feature extraction;Odometry;Merging;Location awareness;Filtering algorithms;Accuracy;Image segmentation;Visualization;Lighting;Cameras,,,,14,IEEE,29 Apr 2025,June 2025,,IEEE,IEEE Journals
Fast and Robust Semidirect Monocular Visual-Inertial Odometry for UAV,Q. Zeng; H. Yu; X. Ji; X. Tao; Y. Hu,"College of Automation Engineering, the Key Laboratory of Nuclear Technology Application and Radiation Protection in Astronautics, Ministry of Industry and Information Technology, the Nondestructive Detection and Monitoring Technology for High Speed Transportation Facilities, and the Key Laboratory of Ministry of Industry and Information Technology, Nanjing University of Aeronautics and Astronautics, Nanjing, China; College of Automation Engineering, the Key Laboratory of Nuclear Technology Application and Radiation Protection in Astronautics, Ministry of Industry and Information Technology, the Nondestructive Detection and Monitoring Technology for High Speed Transportation Facilities, and the Key Laboratory of Ministry of Industry and Information Technology, Nanjing University of Aeronautics and Astronautics, Nanjing, China; College of Automation Engineering, the Key Laboratory of Nuclear Technology Application and Radiation Protection in Astronautics, Ministry of Industry and Information Technology, the Nondestructive Detection and Monitoring Technology for High Speed Transportation Facilities, and the Key Laboratory of Ministry of Industry and Information Technology, Nanjing University of Aeronautics and Astronautics, Nanjing, China; College of Automation Engineering, the Key Laboratory of Nuclear Technology Application and Radiation Protection in Astronautics, Ministry of Industry and Information Technology, the Nondestructive Detection and Monitoring Technology for High Speed Transportation Facilities, and the Key Laboratory of Ministry of Industry and Information Technology, Nanjing University of Aeronautics and Astronautics, Nanjing, China; College of Automation Engineering, the Key Laboratory of Nuclear Technology Application and Radiation Protection in Astronautics, Ministry of Industry and Information Technology, the Nondestructive Detection and Monitoring Technology for High Speed Transportation Facilities, and the Key Laboratory of Ministry of Industry and Information Technology, Nanjing University of Aeronautics and Astronautics, Nanjing, China",IEEE Sensors Journal,16 Oct 2023,2023,23,20,25254,25262,"State estimation is critical for achieving autonomous navigation of the unmanned aerial vehicle (UAV). We present a fast and robust monocular visual-inertial odometry (VIO) algorithm, which achieves real-time pose estimation for UAV. A semidirect method for tracking is used in the front end to address the problem of the slow running speed of traditional VIO on onboard computing platforms, which preserves the fast performance of direct methods and the robustness of feature-based methods. Edgelet features are added to the Shi–Tomasi feature extraction to enhance the robustness of VIO in low-texture environments. Furthermore, a quadtree-based feature extraction algorithm is employed to filter features, which effectively addresses the issue of feature accumulation. In the back end of the VIO system, a sliding-window-based nonlinear optimization method is used to fuse image and inertial information. We evaluate our approach on the public European robotics challenges micro aerial vehicle (EuRoC MAV) dataset and compare it with the state-of-the-art VIO algorithms. The experimental results demonstrate that our proposed VIO system is capable of operating in challenging scenarios with fast motion, image blur, and weak texture features. Moreover, our proposed VIO system achieves comparable accuracy to the state-of-the-art VIO algorithms while improving tracking speed by 54.28% compared to VINS-Mono.",1558-1748,,10.1109/JSEN.2023.3309907,Fundamental Research Funds for the Central Universities(grant numbers:NJ2022019-5); Nanjing University of Aeronautics and Astronautics Research and Practice Innovation Program(grant numbers:xcxjh20220337); ,https://ieeexplore.ieee.org/stamp/stamp.jsp?arnumber=10242349,Computer vision;monocular visual-inertial odometry (VIO);state estimation;unmanned aerial vehicle (UAV),Feature extraction;Cameras;Sensors;Robustness;Autonomous aerial vehicles;Visualization;Optical filters,,12,,35,IEEE,6 Sep 2023,"15 Oct.15, 2023",,IEEE,IEEE Journals
Autonomous Customized Quadrotor With Vision-Aided Navigation For Indoor Flight Challenges,W. Yongtian; T. Y. Jie; S. Gimin; L. B. Y. Kenny; S. Srigrarom,"Mechanical Engineering Department, National University of Singapore, Singapore; Mechanical Engineering Department, National University of Singapore, Singapore; Mechanical Engineering Department, National University of Singapore, Singapore; Mechanical Engineering Department, National University of Singapore, Singapore; Mechanical Engineering Department, National University of Singapore, Singapore",2022 8th International Conference on Mechatronics and Robotics Engineering (ICMRE),17 Mar 2022,2022,,,33,37,"Singapore Amazing Flying Machine Competition (SAFMC) 2021 is an annual indoor unmanned aerial vehicle (UAV) students competition in Singapore. Participants design, build and fly their UAV platforms. Here we designed, built and flew autonomous quadrotor, equipped with vision-aided navigation capacity for the indoor flight challenges D2. We utilized the well-known and available vision-aided navigation tools from OpenCV, i.e. color detection, edge detection, QR-code detection and circle detection. The camera used are Zed-M and OpenMV to assist in depth estimation. We design and integrate our own Visual-Inertial Odometry (VIO) system and based on ROS architecture on Intel Xavier companion computer and talk to Pixhawk flight controller, and perform several tasks in SAFMC 2021. For indoor flights, the drone could perform and complete all missions. We also conduct outdoor flights and the drone could fly well with vision-aided navigation for waypointing and obstacles avoidances.",,978-1-6654-8377-3,10.1109/ICMRE54455.2022.9734105,,https://ieeexplore.ieee.org/stamp/stamp.jsp?arnumber=9734105,Customized quadrotor;SAFMC 2021;Vision-aided navigation;ROS;Visual-Inertial Odometry;Intel Xavier;Pixhawk;Color Detection;Edge Detection;QR-code detection;Circle Detection,Mechatronics;Navigation;Image edge detection;Color;Computer architecture;Autonomous aerial vehicles;Cameras,,1,,4,IEEE,17 Mar 2022,10-12 Feb. 2022,10-12 Feb. 2022,IEEE,IEEE Conferences
Navion: A 2-mW Fully Integrated Real-Time Visual-Inertial Odometry Accelerator for Autonomous Navigation of Nano Drones,A. Suleiman; Z. Zhang; L. Carlone; S. Karaman; V. Sze,"Department of Electrical Engineering and Computer Science, Massachusetts Institute of Technology, Cambridge, MA, USA; Department of Electrical Engineering and Computer Science, Massachusetts Institute of Technology, Cambridge, MA, USA; Department of Aeronautics and Astronautics, Massachusetts Institute of Technology, Cambridge, MA, USA; Department of Aeronautics and Astronautics, Massachusetts Institute of Technology, Cambridge, MA, USA; Department of Electrical Engineering and Computer Science, Massachusetts Institute of Technology, Cambridge, MA, USA",IEEE Journal of Solid-State Circuits,26 Mar 2019,2019,54,4,1106,1119,"This paper presents Navion, an energy-efficient accelerator for visual-inertial odometry (VIO) that enables autonomous navigation of miniaturized robots (e.g., nano drones), and virtual reality (VR)/augmented reality (AR) on portable devices. The chip uses inertial measurements and mono/stereo images to estimate the drone's trajectory and a 3-D map of the environment. This estimate is obtained by running a state-of-theart VIO algorithm based on non-linear factor graph optimization, which requires large irregularly structured memories and heterogeneous computation flow. To reduce the energy consumption and footprint, the entire VIO system is fully integrated on-chip to eliminate costly off-chip processing and storage. This paper uses compression and exploits both structured and unstructured sparsity to reduce on-chip memory size by 4.1×. Parallelism is used under tight area constraints to increase throughput by 43%. The chip is fabricated in 65-nm CMOS and can process 752 × 480 stereo images from EuRoC data set in real time at 20 frames per second (fps) consuming only an average power of 2 mW. At its peak performance, Navion can process stereo images at up to 171 fps and inertial measurements at up to 52 kHz, while consuming an average of 24 mW. The chip is configurable to maximize accuracy, throughput, and energy-efficiency tradeoffs and to adapt to different environments. To the best of our knowledge, this is the first fully integrated VIO system in an application-specified integrated circuit (ASIC).",1558-173X,,10.1109/JSSC.2018.2886342,AFOSR YIP(grant numbers:FA9550-16-1-0228); NSF CAREER(grant numbers:1350685); ,https://ieeexplore.ieee.org/stamp/stamp.jsp?arnumber=8600375,Localization;mapping;nano drones;navigation;simultaneous localization and mapping (SLAM);visual-inertial odometry (VIO),Optimization;Drones;Feature extraction;Real-time systems;Autonomous robots;Cameras,,137,,40,IEEE,3 Jan 2019,April 2019,,IEEE,IEEE Journals
A Localization and Trajectory Planning Method for UAVs with Visual-Inertial Odometry,W. Xu; Z. Lin; W. Wang,"School of Artificial Intelligence, University of Chinese Academy of Sciences, Beijing, China; School of Artificial Intelligence, University of Chinese Academy of Sciences, Beijing, China; School of Artificial Intelligence, University of Chinese Academy of Sciences, Beijing, China",2022 IEEE/ASME International Conference on Advanced Intelligent Mechatronics (AIM),25 Aug 2022,2022,,,710,715,"Unmanned aerial vehicles (UAV) are capable of operating tasks in challenging environments of high risk for humans. However, these tasks usually require UAVs to plan motion in environments where GPS is unavailable. This paper implements a UAV system of motion planning and obstacle avoidance in GPS-denied indoor environments with the visual-inertial odometry (VIO) approach. Collecting measurements from stereo cameras and IMU, the visual-inertial odometry estimates the states of the UAV by jointly minimizing visual and inertial residuals and solving the nonlinear optimization problem. Then we utilize the minimum snap method to generate feasible trajectories based on the estimated states provided by VIO and an obstacle map of the indoor environment. In order to verify the effectiveness of the proposed system, we perform experiments on a UAV platform and the results show that the UAV accurately follows the planned trajectory and avoids obstacles without the aid of GPS.",2159-6255,978-1-6654-1308-4,10.1109/AIM52237.2022.9863253,,https://ieeexplore.ieee.org/stamp/stamp.jsp?arnumber=9863253,,Location awareness;Visualization;Trajectory planning;Autonomous aerial vehicles;Cameras;Trajectory;Indoor environment,,2,,22,IEEE,25 Aug 2022,11-15 July 2022,11-15 July 2022,IEEE,IEEE Conferences
Photometric Visual-Inertial Navigation With Uncertainty-Aware Ensembles,J. H. Jung; Y. Choe; C. G. Park,"Department of Aero- space Engineering and Automation and Systems Research Institute, Seoul National University, Seoul, South Korea; Department of Aero- space Engineering and Automation and Systems Research Institute, Seoul National University, Seoul, South Korea; Navigation and Electronic System Laboratory, Department of Aerospace Engineering, and Institute of Advanced Aerospace Technology, Seoul National University, Seoul, South Korea",IEEE Transactions on Robotics,5 Aug 2022,2022,38,4,2039,2052,"In this article, we propose a visual-inertial navigation system that directly minimizes a photometric error without an explicit data-association. We focus on the photometric error parametrized by pose and structure parameters that is highly nonconvex due to the nonlinearity of image intensity. The key idea is to introduce an optimal intensity gradient that accounts for a projective uncertainty of a pixel. Ensembles sampled from the state uncertainty contribute to the proposed gradient and yield a correct update direction even in a bad initialization point. We present two sets of experiments to demonstrate the strengths of our framework. First, a thorough Monte Carlo simulation in a virtual trajectory is designed to reveal robustness to large initial uncertainty. Second, we show that the proposed framework can achieve superior estimation accuracy with efficient computation time over state-of-the-art visual-inertial fusion methods in a real-world UAV flight test, where most scenes are composed of a featureless floor.",1941-0468,,10.1109/TRO.2021.3139964,Unmanned Vehicles Core Technology Research and Development Program; Unmanned Vehicle Advanced Research Center; National Research Foundation of Korea; Korea government(grant numbers:2020M3C1C1A01086408); Hyundai NGV Company; ,https://ieeexplore.ieee.org/stamp/stamp.jsp?arnumber=9686364,Iterated extended Kalman filter (EKF);matrix Lie groups;stochastic linearization;visual-inertial navigation,Navigation;Robots;Robot kinematics;Uncertainty;Robustness;Cameras;Measurement uncertainty,,18,,55,CCBYNCND,19 Jan 2022,Aug. 2022,,IEEE,IEEE Journals
Fusion of Visual-Inertial Odometry With LiDAR Relative Localization for Cooperative Guidance of a Micro-Scale Aerial Vehicle,V. Pritzl; M. Vrba; P. Štěpán; M. Saska,"Multi-Robot Systems Group, Department of Cybernetics, Faculty of Electrical Engineering, Czech Technical University in Prague, Prague, Czech Republic; Multi-Robot Systems Group, Department of Cybernetics, Faculty of Electrical Engineering, Czech Technical University in Prague, Prague, Czech Republic; Multi-Robot Systems Group, Department of Cybernetics, Faculty of Electrical Engineering, Czech Technical University in Prague, Prague, Czech Republic; Multi-Robot Systems Group, Department of Cybernetics, Faculty of Electrical Engineering, Czech Technical University in Prague, Prague, Czech Republic",IEEE Access,3 Mar 2026,2026,14,,31269,31285,"A novel relative localization approach for guidance of a micro-scale Unmanned Aerial Vehicle (UAV) by a well-equipped aerial robot fusing Visual-Inertial Odometry (VIO) with Light Detection and Ranging (LiDAR) is proposed in this paper. LiDAR-based localization is accurate and robust to challenging environmental conditions, but 3D LiDARs are relatively heavy and require large UAV platforms, in contrast to lightweight cameras. However, visual-based self-localization methods exhibit lower accuracy and can suffer from significant drift with respect to the global reference frame. To benefit from both sensory modalities, we focus on cooperative navigation in a heterogeneous team of a primary LiDAR-equipped UAV and a secondary micro-scale camera-equipped UAV. We propose a novel cooperative approach combining LiDAR relative localization data with VIO output on board the primary UAV to obtain an accurate pose of the secondary UAV. The pose estimate is used to precisely and reliably guide the secondary UAV along trajectories defined in the primary UAV reference frame. The experimental evaluation has shown the superior accuracy of our method to the raw VIO output, reaching the average 3D Absolute Trajectory Error (ATE) of 0.28 m, and demonstrated its capability to guide the secondary UAV along desired trajectories while mitigating VIO drift. Thus, such a heterogeneous system can explore large areas with LiDAR precision, as well as visit locations inaccessible to the large LiDAR-carrying UAV platforms, as was showcased in a real-world cooperative mapping scenario.",2169-3536,,10.1109/ACCESS.2026.3666998,Czech Science Foundation (GAČR)(grant numbers:24-12360S); European Union under the Project Robotics and Advanced Industrial Production(grant numbers:CZ.02.01.01/00/22_008/0004590); ,https://ieeexplore.ieee.org/stamp/stamp.jsp?arnumber=11406097,Cooperative guidance;LiDAR;localization;mobile robots;multi-robot system;unmanned aerial vehicle;visual-inertial odometry,Autonomous aerial vehicles;Laser radar;Location awareness;Three-dimensional displays;Cameras;Accuracy;Visualization;Vectors;Simultaneous localization and mapping;Trajectory,,2,,59,CCBY,23 Feb 2026,2026,,IEEE,IEEE Journals
Methodology for Localizing an Indoor Drone Using Onboard Sensors and Validating by a Fixed Lidar,G. Slavic; L. Marcenaro; D. M. Gómez; C. Regazzoni,"Department of Electrical, Electronic, Telecommunications Engineering and Naval Architecture, University of Genoa, Genoa, Italy; Department of Electrical, Electronic, Telecommunications Engineering and Naval Architecture, University of Genoa, Genoa, Italy; Intelligent Systems Lab (LSI), Universidad Carlos III de Madrid Leganés, Madrid; Department of Electrical, Electronic, Telecommunications Engineering and Naval Architecture, University of Genoa, Genoa, Italy",2025 IEEE 12th International Workshop on Metrology for AeroSpace (MetroAeroSpace),14 Aug 2025,2025,,,137,142,"This work presents a method for drone localization in indoor environments, which poses a significant issue due to the unreliability or lack of GNSS signals. Drone positional information is crucial in indoor surveillance applications. So, to address this issue, this paper proposes a method for drone localization that uses onboard sensors (camera and IMUs) and ArUco markers placed in the environment. The positions estimated from Visual Inertial Odometry (VIO) are combined with the ones from marker detection through a Kalman Filter (KF). Then, an external fixed Lidar sensor is employed to track the drone. This latter localization serves as a ground-truth for the former one, and for possible successive elaborations of the positional data. The two estimations are aligned and synchronized. The methodology is evaluated using a DJI FLY 2S drone and an Ouster OS1 Lidar in a closed environment.",2575-7490,979-8-3315-0152-5,10.1109/MetroAeroSpace64938.2025.11114592,,https://ieeexplore.ieee.org/stamp/stamp.jsp?arnumber=11114592,indoor drone;localization;drone sensors;ArUco markers;visual inertial odometry;Lidar,Location awareness;Visualization;Laser radar;Cameras;Sensors;Indoor environment;Trajectory;Odometry;Kalman filters;Drones,,,,7,IEEE,14 Aug 2025,18-20 June 2025,18-20 June 2025,IEEE,IEEE Conferences
Tightly coupled Visual Inertial Odometry based on Artificial Landmarks,J. Song; Z. Liu; X. Liu; J. Guo,"Department of Aerospace Engineering, Harbin Institute of Technology, Harbin, Heilongjiang Province, China; Department of Aerospace Engineering, Harbin Institute of Technology, Harbin, Heilongjiang Province, China; Department of Aerospace Engineering, Harbin Institute of Technology, Harbin, Heilongjiang Province, China; Department of Aerospace Engineering, Harbin Institute of Technology, Harbin, Heilongjiang Province, China",2018 IEEE International Conference on Information and Automation (ICIA),26 Aug 2019,2018,,,63,70,"Motion planning and control of mobile robots rely on high-accuracy estimation of pose and velocity. Many researchers use motion capture system to estimate the robot state, but this system is usually expensive and can only be used indoor. For this reason, this paper proposes an artificial landmarks based cost-effective visual inertial odometry system where Iterative Extended Kalman Filter (IEKF) acts as the back-end optimizer. Since most tags used as artificial landmarks like bar code facing the problem of decoding the information during the detection, we redesign the tag which can simplify the deployment and improve the detection efficiency. The proposed IEKF filter framework makes the measurement of the fisheye monocular camera and the IMU combined to co-estimate the pose of robot, the location of detected corners in tag and the IMU bias. Additionally, on-line calibration of the IMU bias and the extrinsic parameters between IMU and camera can be done during the robot motion. By running our algorithm real-time on unmanned aerial vehicle (UAV) and comparing with the groundtruth data obtained from the Optitrack motion capture system, our algorithm can provide high-precision estimation of the pose and velocity of UAV.",,978-1-5386-8069-8,10.1109/ICInfA.2018.8812447,,https://ieeexplore.ieee.org/stamp/stamp.jsp?arnumber=8812447,Mobile robots;Artificial landmarks;Visual Inertial Odometry,Cameras;Visualization;Robot kinematics;Feature extraction;Calibration;Robot sensing systems,,5,,23,IEEE,26 Aug 2019,11-13 Aug. 2018,11-13 Aug. 2018,IEEE,IEEE Conferences
Analysis on the performance of VIO according to Trajectory Planning of UAV,E. M. Lee; H. Myung,"School of Electrical Engineering, KI-AI, KI-R, Korea Advanced Institute of Science and Technology, Daejeon, Korea; School of Electrical Engineering, KI-AI, KI-R, Korea Advanced Institute of Science and Technology, Daejeon, Korea","2020 20th International Conference on Control, Automation and Systems (ICCAS)",1 Dec 2020,2020,,,967,971,"Recently, Unmanned Aerial Vehicles (UAVs) have been widely researched to accomplish tasks such as structural inspection, drone racing, and exploration of an unknown environment. To make the most of UAV and correctly estimate its pose with inexpensive and light-weight sensors such as Inertial Measurement Unit (IMU) and cameras, Visual Inertial Odometry (VIO) has been intensively researched. There were a few analyses on the performance of VIO methods where only estimated pose error and utilization of the computing resources were considered. However, the performance of them according to trajectory planning was not treated. Trajectory planning can be one of the main reasons for the drift of localization from VIO since the sensors acquire the data at their sampling rates. In this paper, we analyze the performance of VIO on various trajectories that have different orders of polynomials for the desired position over time and hence different velocity, acceleration, and the first, second derivative of acceleration, using simulator which reflects the real dynamics of UAV. As a result, the higher the order of polynomial for trajectory, the better performance of VIO can be observed.",2642-3901,978-89-93215-20-5,10.23919/ICCAS50221.2020.9268220,,https://ieeexplore.ieee.org/stamp/stamp.jsp?arnumber=9268220,Indoor Navigation;Visual Inertial Odometry;Unmanned Aerial Vehicle;Trajectory Planning;Control,Trajectory;Acceleration;Cameras;Visualization;Trajectory planning;State estimation;Pose estimation,,5,,16,,1 Dec 2020,13-16 Oct. 2020,13-16 Oct. 2020,IEEE,IEEE Conferences
Cooperative Visual Inertial Odometry for Heterogeneous Swarm of Drones Navigating in Noisy Environments,K. C. Atik; E. Erdogan; A. Y. Yahsi; F. Kara; B. Yalcin; G. Cetin; N. K. Ure,"Faculty of Aeronautics and Astronautics, ITU Artificial Intelligence and Data Science Application and Research Center, Istanbul Technical University, Istanbul, Turkey; Faculty of Aeronautics and Astronautics, ITU Artificial Intelligence and Data Science Application and Research Center, Istanbul Technical University, Istanbul, Turkey; Faculty of Computer and Informatics Engineering, ITU Artificial Intelligence and Data Science Application and Research Center, Istanbul Technical University, Istanbul, Turkey; Faculty of Electrical and Electronics, ITU Artificial Intelligence and Data Science Application and Research Center, Istanbul Technical University, Istanbul, Turkey; Havelsan, Ankara, Turkey; Havelsan, Ankara, Turkey; Faculty of Aeronautics and Astronautics, ITU Artificial Intelligence and Data Science Application and Research Center, Istanbul Technical University, Istanbul, Turkey",2022 IEEE 31st International Symposium on Industrial Electronics (ISIE),25 Jul 2022,2022,,,727,734,"This paper presents a methodology for enhancing the localization performance of drone swarms by collaborative propagation of the estimates of drones equipped with higher cost sensors to the drones with lower-cost sensors. Although recent advances in visual-inertial odometry (VIO) enabled good performance in GPS denied environments, the localization performance is still highly dependent on the accuracy of inertial sensors. Moreover, environmental effects that corrupt visual inputs also contribute to the error rate of VIO estimates thus localization in noisy environments with low-grade sensors is still widely an open problem. We show that this problem can be alleviated when drones are navigating in the form of a swarm, and the relative distance measurements between drones are available through ultra-wideband (UWB) signals. In particular, we develop a collaborative Kalman filtering and optimization framework, where the drones with lower grade sensors receive updates from drones that have access to higher-quality measurements. We validate our approach in a simulation environment with realistic visual representations and show that the proposed methodology can significantly improve the localization performance, especially for the scenarios where the camera measurements are corrupted with high noise. We further present results in simplistic flight tests to demonstrate the applicability of our approach to real hardware.",2163-5145,978-1-6654-8240-0,10.1109/ISIE51582.2022.9831647,Istanbul Technical University BAP(grant numbers:MOA-2019-42321); ,https://ieeexplore.ieee.org/stamp/stamp.jsp?arnumber=9831647,optimization;swarm drone;localization;VIO,Location awareness;Visualization;Costs;Navigation;Surveillance;Teamwork;Trajectory,,,,27,IEEE,25 Jul 2022,1-3 June 2022,1-3 June 2022,IEEE,IEEE Conferences
LM-VINS: A Lightweight Magnetic-Assisted Visual-Inertial Navigation System for Unmanned Aerial Vehicles,S. Yue; J. Mao; X. He; Y. Lv; X. Du; X. Luo,"College of Intelligence Science and Technology, National University of Defense Technology, Changsha, China; College of Intelligence Science and Technology, National University of Defense Technology, Changsha, China; College of Intelligence Science and Technology, National University of Defense Technology, Changsha, China; College of Intelligence Science and Technology, National University of Defense Technology, Changsha, China; College of Intelligence Science and Technology, National University of Defense Technology, Changsha, China; College of Intelligence Science and Technology, National University of Defense Technology, Changsha, China",2025 China Automation Congress (CAC),28 Apr 2026,2025,,,1832,1837,"This paper presents LM-VINS, a lightweight magnetic-assisted visual-inertial navigation system tailored for unmanned aerial vehicles, built upon the MSCKF (Multi-State Constraint Kalman Filter) framework to address the problem of accumulated drift caused by the unobservable absolute heading in visual-inertial navigation systems. A magnetic-assisted initialization method is designed to calibrate magnetic data using ellipsoid fitting and align the VIO (Visual-Inertial Odometry) local frame with the global frame, solving the initial heading deviation problem. Then, a magnetic heading constraint factor is introduced into the MSCKF filtering framework to construct a heading residual model and suppress heading drift. Experimental results from tests on a lightweight UAV (Unmanned Aerial Vehicle) experimental platform in outdoor environments show that, compared to OpenVINS, the proposed system reduces positioning error by approximately 20% and attitude error by approximately 14%.",2688-0938,979-8-3315-8967-7,10.1109/CAC67268.2025.11487778,,https://ieeexplore.ieee.org/stamp/stamp.jsp?arnumber=11487778,MSCKF;SLAM;Magnetic;multi-sensor fusion;UAV navigation;lightweight real-time system,Filtering;Filters;Kalman filters;Circuits;Circuits and systems;Feedback;Location awareness;Indoor environment;Pixel;Mobile communication,,,,16,IEEE,28 Apr 2026,26-28 Sept. 2025,26-28 Sept. 2025,IEEE,IEEE Conferences
1D-LRF Aided Visual-Inertial Odometry for High-Altitude MAV Flight,J. Hu; J. Hu; Y. Shen; X. Lang; B. Zang; G. Huang; Y. Mao,"Meituan UAV, Beijing, China; Meituan UAV, Beijing, China; Meituan UAV, Beijing, China; Meituan UAV, Beijing, China; Meituan UAV, Beijing, China; Meituan UAV, Beijing, China; Meituan UAV, Beijing, China",2022 International Conference on Robotics and Automation (ICRA),12 Jul 2022,2022,,,5858,5864,"This paper addresses the problem of visual-inertial odometry (VIO) with a downward facing monocular camera when a micro aerial vehicle (MAV) flying at high altitude (over 100 meters). It is important to note that large scene depth causes visual motion constraints significantly less informative than that in near-sighted scenarios as considered in most existing VIO methods. To cope with this challenge, we develop an efficient MSCKF-based VIO algorithm aided by a single 1D laser range finder (LRF), termed LRF-VIO, which runs in real time on an embedded system. The key idea of the proposed LRF-VIO is to fully exploit the limited metric distance information provided by the 1D LRF to disambiguate the scale during visual feature tracking, thus improving the VIO performance at high altitude. Specifically, during the MSCKF visual measurement update, we deliberately constrain the depth of those SLAM features co-planar with the single LRF measuring point. Additionally, delayed initialization of features utilizes the LRF measurements whenever possible, and online extrinsic calibration between the LRF and monocular camera is performed to further improve estimation accuracy and robustness. The proposed LRF-VIO is extensively validated in both indoor and outdoor real-world experiments, outperforming the state-of-the-art methods.",,978-1-7281-9681-7,10.1109/ICRA46639.2022.9811757,,https://ieeexplore.ieee.org/stamp/stamp.jsp?arnumber=9811757,,Meters;Measurement;Visualization;Simultaneous localization and mapping;Robot vision systems;Lasers;Estimation,,10,,15,IEEE,12 Jul 2022,23-27 May 2022,23-27 May 2022,IEEE,IEEE Conferences
ST-VIO: Visual-Inertial Odometry Combined With Image Segmentation and Tracking,C. Zhang; L. Chen; S. Yuan,"College of Mechanical Engineering, Xi’an University of Science and Technology, Xi’an, China; College of Mechanical Engineering, Xi’an University of Science and Technology, Xi’an, China; Shaanxi Key Laboratory of Integrated and Intelligent Navigation, Xi’an Research of Navigation Technology, Xi’an, China",IEEE Transactions on Instrumentation and Measurement,14 Sep 2020,2020,69,10,8562,8570,"In this article, we develop a new monocular visual-inertial odometry system ST-VIO: visual-inertial odometry combined with image segmentation and tracking. We apply the direct method to track the keyframe of images. Meanwhile, we segment and track the keyframe with Siamese Network to achieve the medium-term tracking. This method allows the system to estimate the pose by the overall feature matching of the image in the large-scale motion. In order to obtain higher precision positioning, we tightly couple the image alignment factor, the IMU factor, and the medium-term tracking factor with iSAM2 solver using factor graph optimization. Our method can reduce the cumulative error of incremental positioning system because the medium-term tracking makes the system realize the partial loop closure detection. In order to verify the stability and accuracy of the proposed method, we have tested the algorithm by the EuRoC data set and the UAV platform, respectively. The results have been also compared with those by the OKVIS and R-VIO algorithms. The experimental tests demonstrate that the proposed ST-VIO has the ability to obtain excellent results with high real-time and robust performance.",1557-9662,,10.1109/TIM.2020.2989877,National Natural Science Foundation of China; Foundation of Shaanxi Key Laboratory of Integrated and Intelligent Navigation(grant numbers:SKLIIN-20180101); ,https://ieeexplore.ieee.org/stamp/stamp.jsp?arnumber=9076652,Image tracking;incremental smoothing;sensor fusion;simultaneous localization and mapping;visual-inertial system,Tracking;Optimization;Visualization;Image segmentation;Cameras;Unmanned aerial vehicles;Navigation,,19,,26,IEEE,23 Apr 2020,Oct. 2020,,IEEE,IEEE Journals
Load Balanced Sparse Bundle Adjustment Accelerator for CNN-Based Visual-Inertial Odometry on FPGA,Y. Xiang; J. Yu; Y. Xu; Y. Hu; K. Guo; Y. Dong; Y. Wang,"Shenzhen International Graduate School, Tsinghua University, Beijing, China; Department of Electronic Engineering, Tsinghua University, Beijing, China; Department of Electronic Engineering, Tsinghua University, Beijing, China; Shenzhen International Graduate School, Tsinghua University, Beijing, China; Novauto Co., Ltd,, Beijing, China; Shenzhen International Graduate School, Tsinghua University, Beijing, China; Department of Electronic Engineering, Tsinghua University, Beijing, China",2024 International Conference on Field Programmable Technology (ICFPT),18 Aug 2025,2024,,,1,2,"Visual-Inertial Odometry (VIO) is a fundamental module in unmanned systems, and Convolutional Neural Network (CNN)-based feature extraction methods have been increasingly adopted in recent years. As Domain-Specific Architectures (DSA) for CNN have advanced, Bundle Adjustment (BA) in the VIO backend, rather than CNN, has become the computational bottleneck in embedded systems. However, the CNN accelerator consumes substantial FPGA resources, leaving limited capacity for BA. To address this issue, we design an efficient BA accelerator that utilizes the sparsity of the data and employs a workload segmentation and subtask scheduling architecture. Additionally, we propose a method to compress the frontend feature extraction algorithm. Experiments on the ZCU102 and a small drone demonstrate that our BA accelerator achieves $30.3 \times$ speedup over the ARM CPU, and higher resource efficiency compared to recent accelerators. The frontend and backend of the VIO system are accelerated by $3.1 \times$ and $3.7 \times$, respectively, resulting in an overall processing speed of 19.7 fps in real world.",2837-0449,979-8-3315-2321-3,10.1109/ICFPT64416.2024.11113446,,https://ieeexplore.ieee.org/stamp/stamp.jsp?arnumber=11113446,VIO;bundle adjustment;specialized accelerators;hardware-software co-design,Bundle adjustment;Embedded systems;Processor scheduling;Autonomous systems;Computer architecture;Feature extraction;Convolutional neural networks;Odometry;Field programmable gate arrays;Drones,,,,7,IEEE,18 Aug 2025,10-12 Dec. 2024,10-12 Dec. 2024,IEEE,IEEE Conferences
Improving Visual Inertial Odometry with UWB Positioning for UAV Indoor Navigation,J. -R. Zhan; H. -Y. Lin,"Department of Electrical Engineering, National Chung Cheng University, Taiwan; Department of Computer Science and Information Engineering, National Taipei University of Technology, Taiwan",2022 26th International Conference on Pattern Recognition (ICPR),29 Nov 2022,2022,,,4189,4195,"This paper presents a method to improve the localization accuracy for visual inertial odometry (VIO) by combining the ultra-wideband (UWB) positioning technology. The overall architecture is mainly divided into two stages. In the first stage, the constraint on UWB short-term position change is adopted to improve the pose estimation results of the VIO system. It is also used to solve the translation error caused by the lack of visual features and vibration during the flight. In the second stage, a loose coupling method based on nonlinear optimization is utilized to fuse the local pose estimator of the VIO system with the global constraints from the UWB positioning. At the beginning of each optimization, the alignment between the VIO and UWB frames is estimated to avoid the influence of the coordinate transformation caused by the cumulative error of the VIO system. Since there are no public datasets available for comparison, we have established several datasets containing large vibration amplitudes and weak feature points. In the experiment, the performance evaluation of the proposed technique is carried out using the Apriltag approach for verification.",2831-7475,978-1-6654-9062-7,10.1109/ICPR56361.2022.9956500,,https://ieeexplore.ieee.org/stamp/stamp.jsp?arnumber=9956500,,Vibrations;Performance evaluation;Location awareness;Visualization;Simultaneous localization and mapping;Pose estimation;Robustness,,6,,27,IEEE,29 Nov 2022,21-25 Aug. 2022,21-25 Aug. 2022,IEEE,IEEE Conferences
Development of Nano UAV Platform for Navigation in GPS-Denied Environment Using Snapdragon,Y. Zhou; G. Qin; F. Lin,"Temasek Laboratories, National University of Singapore, Singapore; Temasek Laboratories, National University of Singapore, Singapore; Temasek Laboratories, National University of Singapore, Singapore",IECON 2018 - 44th Annual Conference of the IEEE Industrial Electronics Society,30 Dec 2018,2018,,,5642,5647,"In order to develop a nano UAV in a GPS-denied environment, a visual-inertial system (VINS) consisting of a monocular camera and a low-cost inertial measurement unit (IMU) should be integrated, as they make a minimum, ultra lightweight sensor suite that enables both autonomous flight and sufficient environment awareness. Although there are numerous potential applications, getting to understand the structure of the flight platform can be cumbersome and confusing. Packages and resources provided on the Qualcomm developer network (QCN) and their official GitHub group ATLFlight contain un-unified and disorderly chunks of information. In this paper, we present an organized documentation that presents in detail, the platform structure as a whole, from hardware to software architecture, including installation and API related applications.",2577-1647,978-1-5090-6684-1,10.1109/IECON.2018.8592913,,https://ieeexplore.ieee.org/stamp/stamp.jsp?arnumber=8592913,Snapdragon Flight;visual inertial odometry;UAV;tutorial,Cameras;Unmanned aerial vehicles;Navigation;Trajectory;Hardware;Calibration;Workstations,,2,,19,IEEE,30 Dec 2018,21-23 Oct. 2018,21-23 Oct. 2018,IEEE,IEEE Conferences
Gateway Crossing Method for Unmanned Aerial Vehicles Based on Lightweight Corner-Assisted Localization and Visual-Inertial Navigation,X. Liu; Y. Peng; H. Yu; X. Wang,"National University of Defense Technology, Changsha, China; National University of Defense Technology, Changsha, China; National University of Defense Technology, Changsha, China; National University of Defense Technology, Changsha, China","2023 2nd International Conference on Machine Learning, Cloud Computing and Intelligent Mining (MLCCIM)",12 Dec 2023,2023,,,183,189,"This paper proposes a lightweight gateway crossing method for micro-UAVs that integrates certain map prior information, based on a traditional visual-inertial odometer. A visual-inertial navigation system which fuses the gateway corner information is firstly introduced. This system includes a corner-assisted localization method, misrecognition detection mechanism and fusion method. The gateway crossing simulation and flight tests are carried out. The results show advantages in the accuracy, speed and lightweight of the proposed gateway crossing method for UAVs. The average trajectory error of the positioning system decreases by 20.1 % (simulation) and 34.3% (physical test) compared to those of VINS- Mono. The proposed method outperforms the gateway crossing method based on EGO-Planner in terms of memory and CPU utilization savings, with 29.0% (simulation) and 7.7% (physical test) memory usage reduction, and 21.9% (simulation) and 17.7% (physical test) CPU usage reduction.",,979-8-3503-2853-0,10.1109/MLCCIM60412.2023.00032,,https://ieeexplore.ieee.org/stamp/stamp.jsp?arnumber=10339505,corner-assisted localization;visual inertia odometer;autonomous positioning and navigation;gateway crossing;micro UAV,Location awareness;Visualization;Navigation;Fuses;Pose estimation;Logic gates;Autonomous aerial vehicles,,,,19,IEEE,12 Dec 2023,25-29 July 2023,25-29 July 2023,IEEE,IEEE Conferences
Formation Maintenance Method for Multi-UAV in Unknown Environments,P. Liu; J. Chen; X. Lu; X. Tang; J. Fan; W. Zhou,"Transportation Information Management, Center of Guangxi Zhuang Autonomous Region, Nanning, China; Key Laboratory of Intelligent Networking and Scenario System, Guangxi University, (School of Information and Communication, Guilin University of Electronic Technology), Guilin, China; Changsha Aeronautical Vocational and Technical College, Changsha, China; Key Laboratory of Intelligent Networking and Scenario System, Guangxi University, (School of Information and Communication, Guilin University of Electronic Technology), Guilin, China; Key Laboratory of Intelligent Networking and Scenario System, Guangxi University, (School of Information and Communication, Guilin University of Electronic Technology), Guilin, China; Guangxi Research Institute of Integrated Transportation Big Data; Guangxi Kongyu Digital Intelligence Information Technology Co., Ltd., Nanning, China","2025 4th International Conference on Artificial Intelligence, Internet of Things and Cloud Computing Technology (AIoTC)",21 Oct 2025,2025,,,366,369,"The rapid development of automation technology has significantly contributed to the increasingly widespread application of Multiple Unmanned Aerial Vehicles (multi-UAV). However, in GPS-denied, anchorless and network- infrastructurefree unknown environments, multi-UAV faces challenges in accuracy. This paper proposes a formation maintenance method for multi-UAV in unknown environments. By leveraging Ultra Wide Band (UWB) ranging and communication devices, this method aims to enhance formation maintenance accuracy through adaptive fusion of UWB and Visual-Inertial Odometry (VIO) coordinates, prioritized trilateration, and Adaptive Extended Kalman Filtering (AEKF). The experimental results from the EuRoc dataset and a three-UAV system illustrate that the proposed method shows feasibility in maintaining and reconstructing formations while avoiding collisions.",,979-8-3315-9720-7,10.1109/AIoTC66747.2025.11198761,,https://ieeexplore.ieee.org/stamp/stamp.jsp?arnumber=11198761,Multiple Unmanned Aerial Vehicles (multi-UAV);formation maintenance;Visual-Inertial Odometry (VIO);leaderfollower method;Ultra Wide Band (UWB),Accuracy;Heuristic algorithms;Autonomous aerial vehicles;Maintenance;Odometry;Kalman filters;Internet of Things;Vehicle dynamics;System analysis and design;Ultra wideband technology,,1,,9,IEEE,21 Oct 2025,8-10 Aug. 2025,8-10 Aug. 2025,IEEE,IEEE Conferences
"A Visual Inertial Odometry Framework for 3D Points, Lines and Planes",S. Kannapiran; J. van Baar; S. Berman,"School for Engineering of Matter, Transport and Energy, Arizona State University, Tempe, AZ, USA; Mitsubishi Electric Research Laboratories (MERL), Cambridge, MA, USA; School for Engineering of Matter, Transport and Energy, Arizona State University, Tempe, AZ, USA",2021 IEEE/RSJ International Conference on Intelligent Robots and Systems (IROS),16 Dec 2021,2021,,,9206,9211,"Recovering rigid registration between successive camera poses lies at the heart of 3D reconstruction, SLAM and visual odometry. Registration relies on the ability to compute discriminative 2D features in successive camera images for determining feature correspondences, which is very challenging in feature-poor environments, i.e. low-texture and/or low-light environments. In this paper, we aim to address the challenge of recovering rigid registration between successive camera poses in feature-poor environments in a Visual Inertial Odometry (VIO) setting. In addition to inertial sensing, we instrument a small aerial robot with an RGBD camera and propose a framework that unifies the incorporation of 3D geometric entities: points, lines, and planes. The tracked 3D geometric entities provide constraints in an Extended Kalman Filtering framework. We show that by directly exploiting 3D geometric entities, we can achieve improved registration. We demonstrate our approach on different texture-poor environments, with some containing only flat texture-less surfaces providing essentially no 2D features for tracking. In addition, we evaluate how the addition of different 3D geometric entities contributes to improved pose estimation by comparing an estimated pose trajectory to a ground truth pose trajectory obtained from a motion capture system. We consider computationally efficient methods for detecting 3D points, lines and planes, since our goal is to implement our approach on small mobile robots, such as drones.",2153-0866,978-1-6654-1714-3,10.1109/IROS51168.2021.9636526,Mitsubishi Electric Research Laboratories; ,https://ieeexplore.ieee.org/stamp/stamp.jsp?arnumber=9636526,,Point cloud compression;Visualization;Three-dimensional displays;Simultaneous localization and mapping;Tracking;Robot vision systems;Cameras,,6,,36,IEEE,16 Dec 2021,27 Sept.-1 Oct. 2021,27 Sept.-1 Oct. 2021,IEEE,IEEE Conferences
Visual-Inertial Odometry aided by Speed and Steering Angle Measurements,A. Serov; J. Clemens; K. Schill,"Cognitive Neuroinformatics Group, University of Bremen, Germany; Cognitive Neuroinformatics Group, University of Bremen, Germany; Cognitive Neuroinformatics Group, University of Bremen, Germany",2022 25th International Conference on Information Fusion (FUSION),9 Aug 2022,2022,,,1,8,"Visual-inertial navigations systems (VINS) can be an essential building block for autonomous systems, that are equipped with a camera and an inertial measurement unit (IMU), especially in indoor or GNSS-denied environments. One prevalent visual-inertial odometry (VIO) algorithm is the multi-state constraint Kalman Filter (MSCKF). OpenVINS is an open source project that performs visual-inertial state estimation using the core functionality of the MSCKF. However, it offers several extensions. It is designed for general purpose, but in certain cases it is beneficial to use domain knowledge in order to increase accuracy and robustness in state estimation. In this paper, we propose using vehicle speed, steering angle, and wheel speeds measurements in conjunction with OpenVINS by performing additional filter updates in the context of autonomous driving. The updates are conducted using a classical Kalman filtering approach, where speed and steering measurements are processed at their respective sensor frequency. Additionally, all measurements between camera frames, which have the slowest measurement frequency, are gathered and a 3 degrees of freedom (DOF) planar motion update is performed in a preintegrated fashion. In contrast to handheld devices and drones commonly used as visual-inertial platforms, the movement of automotive vehicles is constrained in a nonholonomic way which is reflected in the updates. These extensions are evaluated on real-world datasets of typical urban driving. The results show that state estimation with the additional updates is smoother and leads to lower translation errors, where a preintegrated vehicle update using a single-track model offers the best overall performance. The code is provided in a fork of the original project: https://github.com/aserbremen/open_vins",,978-1-7377497-2-1,10.23919/FUSION49751.2022.9841243,University of Bremen; ,https://ieeexplore.ieee.org/stamp/stamp.jsp?arnumber=9841243,,Wheels;Cameras;Information filters;Frequency measurement;Trajectory;Velocity measurement;Motion measurement,,4,,23,,9 Aug 2022,4-7 July 2022,4-7 July 2022,IEEE,IEEE Conferences
HybVIO: Pushing the Limits of Real-time Visual-inertial Odometry,O. Seiskari; P. Rantalankila; J. Kannala; J. Ylilammi; E. Rahtu; A. Solin,"Spectacular AI, Helsinki, Finland; Spectacular AI, Helsinki, Finland; Spectacular AI, Helsinki, Finland; Spectacular AI, Helsinki, Finland; Spectacular AI, Helsinki, Finland; Spectacular AI, Helsinki, Finland",2022 IEEE/CVF Winter Conference on Applications of Computer Vision (WACV),15 Feb 2022,2022,,,287,296,"We present HybVIO, a novel hybrid approach for combining filtering-based visual-inertial odometry (VIO) with optimization-based SLAM. The core of our method is highly robust, independent VIO with improved IMU bias modeling, outlier rejection, stationarity detection, and feature track selection, which is adjustable to run on embedded hardware. Long-term consistency is achieved with a loosely-coupled SLAM module. In academic benchmarks, our solution yields excellent performance in all categories, especially in the real-time use case, where we outperform the current state-of-the-art. We also demonstrate the feasibility of VIO for vehicular tracking on consumer-grade hardware using a custom dataset, and show good performance in comparison to current commercial VISLAM alternatives.",2642-9381,978-1-6654-0915-5,10.1109/WACV51458.2022.00036,,https://ieeexplore.ieee.org/stamp/stamp.jsp?arnumber=9707078,3D Computer Vision Stereo Processing;Vision for Aerial/Drone/Underwater/Ground Vehicles,Computer vision;Simultaneous localization and mapping;Benchmark testing;Feature extraction;Real-time systems;Hardware,,43,,42,IEEE,15 Feb 2022,3-8 Jan. 2022,3-8 Jan. 2022,IEEE,IEEE Conferences
Information Sparsification in Visual-Inertial Odometry,J. Hsiung; M. Hsiao; E. Westman; R. Valencia; M. Kaess,"Robotics Institute, Carnegie Mellon University, Pittsburgh, PA, USA; Robotics Institute, Carnegie Mellon University, Pittsburgh, PA, USA; Robotics Institute, Carnegie Mellon University, Pittsburgh, PA, USA; Robotics Institute, Carnegie Mellon University, Pittsburgh, PA, USA; Robotics Institute, Carnegie Mellon University, Pittsburgh, PA, USA",2018 IEEE/RSJ International Conference on Intelligent Robots and Systems (IROS),6 Jan 2019,2018,,,1146,1153,"In this paper, we present a novel approach to tightly couple visual and inertial measurements in a fixed-lag visual-inertial odometry (VIO) framework using information sparsification. To bound computational complexity, fixed-lag smoothers typically marginalize out variables, but consequently introduce a densely connected linear prior which significantly deteriorates accuracy and efficiency. Current state-of-the-art approaches account for the issue by selectively discarding measurements and marginalizing additional variables. However, such strategies are sub-optimal from an information-theoretic perspective. Instead, our approach performs a dense marginalization step and preserves the information content of the dense prior. Our method sparsifies the dense prior with a nonlinear factor graph by minimizing the information loss. The resulting factor graph maintains information sparsity, structural similarity, and nonlinearity. To validate our approach, we conduct real-time drone tests and perform comparisons to current state-of-the-art fixed-lag VIO methods in the EuRoC visual-inertial dataset. The experimental results show that the proposed method achieves competitive and superior accuracy in almost all trials. We include a detailed run-time analysis to demonstrate that the proposed algorithm is suitable for real-time applications.",2153-0866,978-1-5386-8094-0,10.1109/IROS.2018.8594007,,https://ieeexplore.ieee.org/stamp/stamp.jsp?arnumber=8594007,,Optimization;Markov processes;Microsoft Windows;Computational complexity;Cameras;Simultaneous localization and mapping;Visualization,,35,2,45,IEEE,6 Jan 2019,1-5 Oct. 2018,1-5 Oct. 2018,IEEE,IEEE Conferences
Unmanned Aerial Vehicle (UAV)-Assisted Path Planning for Unmanned Ground Vehicles (UGVs) via Disciplined Convex-Concave Programming,G. Niu; L. Wu; Y. Gao; M. -O. Pun,"School of Science, Engineering, The Chinese University of Hong Kong, Shenzhen, China; School of Science, Engineering, The Chinese University of Hong Kong, Shenzhen, China; School of Science, Engineering, The Chinese University of Hong Kong, Shenzhen, China; School of Science, Engineering, The Chinese University of Hong Kong, Shenzhen, China",IEEE Transactions on Vehicular Technology,15 Jul 2022,2022,71,7,6996,7007,"Thelast decade has witnessed growing research interests in the path-planning problem for unmanned ground vehicles (UGVs) equipped with RGB-D cameras or LiDARs. However, apart from their extremely high cost, these sensors may be obscured by obstacles, which makes them impractical for many complex scenarios. Besides, most of the existing works for path planning have not considered energy efficiency for UGVs that are usually constrained by limited on-board batteries. Distinct from existing methods, this work presents a vision-based unmanned aerial vehicle (UAV)-assisted cooperative system for multiple UGVs. The proposed system harnesses the broad vision of UAV and operates in both general outdoor and global positioning system (GPS)-denied indoor environments. In sharp contrast to the conventional heuristic algorithms such as the rapidly exploring random tree (RRT) algorithm and the Dijkstra methods, the proposed energy-efficient path planning for UGVs is formulated as a non-convex optimization problem by considering the collision-aware obstacle-avoidance. More specifically, the proposed path-planning scheme contains two stages, namely the semantic segmentation that localizes UGVs and obstacles in the environment by exploiting the wide-angle camera mounted on the UAV, followed by the trajectory generation in which a disciplined convex and concave programming (DCCP) algorithm is devised for the non-convex energy-minimization problem. Extensive experiments validate the effectiveness of the UAV-UGV cooperative system and the proposed DCCP-based path-planning scheme.",1939-9359,,10.1109/TVT.2022.3168574,Shenzhen Science and Technology Innovation Committee(grant numbers:JCYJ20190813170803617); National Natural Science Foundation of China(grant numbers:61731018); ,https://ieeexplore.ieee.org/stamp/stamp.jsp?arnumber=9760118,Disciplined convex-concave programming;path planning;semantic segmentation;UAV-UGV cooperative system,Semantics;Image segmentation;Cooperative systems;Cameras;Heuristic algorithms;Autonomous aerial vehicles;Trajectory,,43,,36,IEEE,19 Apr 2022,July 2022,,IEEE,IEEE Journals
Robust visual inertial odometry using a direct EKF-based approach,M. Bloesch; S. Omari; M. Hutter; R. Siegwart,"Autonomous Systems Lab, ETH Zürich, Switzerland; Autonomous Systems Lab, ETH Zürich, Switzerland; Autonomous Systems Lab, ETH Zürich, Switzerland; Autonomous Systems Lab, ETH Zürich, Switzerland",2015 IEEE/RSJ International Conference on Intelligent Robots and Systems (IROS),17 Dec 2015,2015,,,298,304,"In this paper, we present a monocular visual-inertial odometry algorithm which, by directly using pixel intensity errors of image patches, achieves accurate tracking performance while exhibiting a very high level of robustness. After detection, the tracking of the multilevel patch features is closely coupled to the underlying extended Kalman filter (EKF) by directly using the intensity errors as innovation term during the update step. We follow a purely robocentric approach where the location of 3D landmarks are always estimated with respect to the current camera pose. Furthermore, we decompose landmark positions into a bearing vector and a distance parametrization whereby we employ a minimal representation of differences on a corresponding σ-Algebra in order to achieve better consistency and to improve the computational performance. Due to the robocentric, inverse-distance landmark parametrization, the framework does not require any initialization procedure, leading to a truly power-up-and-go state estimation system. The presented approach is successfully evaluated in a set of highly dynamic hand-held experiments as well as directly employed in the control loop of a multirotor unmanned aerial vehicle (UAV).",,978-1-4799-9994-1,10.1109/IROS.2015.7353389,,https://ieeexplore.ieee.org/stamp/stamp.jsp?arnumber=7353389,,Feature extraction;Cameras;Three-dimensional displays;Robots;Estimation;Technological innovation;Uncertainty,,765,2,25,IEEE,17 Dec 2015,28 Sept.-2 Oct. 2015,28 Sept.-2 Oct. 2015,IEEE,IEEE Conferences
Tightly-coupled Fusion of Global Positional Measurements in Optimization-based Visual-Inertial Odometry,G. Cioffi; D. Scaramuzza,"Dep. of Informatics, Robotics and Perception Group, University of Zürich, Switzerland; Dep. of Informatics, Robotics and Perception Group, University of Zürich, Switzerland",2020 IEEE/RSJ International Conference on Intelligent Robots and Systems (IROS),10 Feb 2021,2020,,,5089,5095,"Motivated by the goal of achieving robust, drift-free pose estimation in long-term autonomous navigation, in this work we propose a methodology to fuse global positional information with visual and inertial measurements in a tightly-coupled nonlinear-optimization-based estimator. Differently from previous works, which are loosely-coupled, the use of a tightly-coupled approach allows exploiting the correlations amongst all the measurements. A sliding window of the most recent system states is estimated by minimizing a cost function that includes visual re-projection errors, relative inertial errors, and global positional residuals. We use IMU preintegration to formulate the inertial residuals and leverage the outcome of such algorithm to efficiently compute the global position residuals. The experimental results show that the proposed method achieves accurate and globally consistent estimates, with negligible increase of the optimization computational cost. Our method consistently outperforms the loosely-coupled fusion approach. The mean position error is reduced up to 50% with respect to the loosely-coupled approach in outdoor Unmanned Aerial Vehicle (UAV) flights, where the global position information is given by noisy GPS measurements. To the best of our knowledge, this is the first work where global positional measurements are tightly fused in an optimization-based visual-inertial odometry algorithm, leveraging the IMU preintegration method to define the global positional factors.",2153-0866,978-1-7281-6212-6,10.1109/IROS45743.2020.9341697,,https://ieeexplore.ieee.org/stamp/stamp.jsp?arnumber=9341697,,Visualization;Navigation;Pose estimation;Position measurement;Unmanned aerial vehicles;Computational efficiency;Noise measurement,,82,,24,IEEE,10 Feb 2021,24 Oct.-24 Jan. 2021,24 Oct.-24 Jan. 2021,IEEE,IEEE Conferences
Cooperative Navigation and Guidance of a Micro-Scale Aerial Vehicle by an Accompanying UAV using 3D LiDAR Relative Localization,V. Pritzl; M. Vrba; P. Štĕpán; M. Saska,"Department of Cybernetics, Faculty of Electrical Engineering, Multi-robot Systems Group, Czech Technical University in Prague, Czech Republic; Department of Cybernetics, Faculty of Electrical Engineering, Multi-robot Systems Group, Czech Technical University in Prague, Czech Republic; Department of Cybernetics, Faculty of Electrical Engineering, Multi-robot Systems Group, Czech Technical University in Prague, Czech Republic; Department of Cybernetics, Faculty of Electrical Engineering, Multi-robot Systems Group, Czech Technical University in Prague, Czech Republic",2022 International Conference on Unmanned Aircraft Systems (ICUAS),26 Jul 2022,2022,,,526,535,"A novel approach for cooperative navigation and guidance of a micro-scale aerial vehicle by an accompanying Unmanned Aerial Vehicle (UAV) using 3D Light Detection and Ranging (LiDAR) relative localization is proposed in this paper. The use of 3D LiDARs represents a reliable way of environment perception and robust UAV self-localization in Global Navigation Satellite System (GNSS)-denied environments. However, 3D LiDARs are relatively heavy and they need to be carried by large UAV platforms. On the contrary, visual cameras are cheap, light-weight, and therefore ideal for small UAVs. However, visual self-localization methods suffer from loss of precision in texture-less environments, scale unobservability during certain maneuvers, and long-term drift with respect to the global frame of reference. Nevertheless, a micro-scale camera-equipped UAV is ideal for complementing a 3D LiDAR-equipped UAV as it can reach places inaccessible to a large UAV platform. To gain the advantages of both navigation approaches, we propose a cooperative navigation and guidance architecture utilizing a large LiDAR-equipped UAV accompanied by a small secondary UAV carrying a significantly lighter monocular camera. The primary UAV is localized by a robust LiDAR Simultaneous Localization and Mapping (SLAM) algorithm, while the secondary UAV utilizes a Visual-Inertial Odometry (VIO) approach with lower precision and reliability. The LiDAR data are used for markerless relative localization between the UAVs to enable precise guidance of the secondary UAV in the frame of reference of the LiDAR SLAM. The performance of the proposed approach has been extensively verified in simulations and real-world experiments with the algorithms running onboard the UAVs with no external localization infrastructure.",2575-7296,978-1-6654-0593-5,10.1109/ICUAS54217.2022.9836116,Ministry of Education; ,https://ieeexplore.ieee.org/stamp/stamp.jsp?arnumber=9836116,,Location awareness;Visualization;Laser radar;Three-dimensional displays;Simultaneous localization and mapping;Autonomous aerial vehicles;Cameras,,27,,33,IEEE,26 Jul 2022,21-24 June 2022,21-24 June 2022,IEEE,IEEE Conferences
Structure Priors Aided Visual-Inertial Navigation in Building Inspection Tasks With Auxiliary Line Features,Y. Lyu; S. Yuan; L. Xie,"School of Automation, Nanyang Technological University, Singapore; School of Electrical and Electronic Engineering, Nanyang Technological University, Singapore; School of Electrical and Electronic Engineering, Nanyang Technological University, Singapore",IEEE Transactions on Aerospace and Electronic Systems,8 Aug 2022,2022,58,4,3037,3048,"The article proposes a visual-inertial navigation method to support the autonomous operation of a quadrotor UAV during the building façade inspection tasks, where state-of-the-art vision-based localization methods may fail due to texture point feature insufficiency. Considering the appearance characteristics of the building façades, we additionally fuse line features and their corresponding structure prior information to the sliding-window-based estimator to improve localization reliability and accuracy. The contribution of the proposed method lies mainly in two aspects. First, we develop an informative feature selection mechanism according to the façade patterns and the inspection trajectory patterns to make a balance between localization accuracy and computation overheads. Second, we further utilize structure prior information, which is defined as line-to-line and point-to-line relationships, as another source of high-fidelity measurement to restrain the localization drifts. The proposed method is tested not only on public datasets, but also on an actual flight data package recorded in a building inspection task. Experimental results show that the proposed method can serve as a practical tool for navigating a robot in a building inspection task, with improved localization reliability and accuracy.",1557-9603,,10.1109/TAES.2022.3142663,National Research Foundation (NRF) Singapore; ST Engineering-NTU Corporate Laboratory; NRF Corporate Lab@ University Scheme; ,https://ieeexplore.ieee.org/stamp/stamp.jsp?arnumber=9681223,Building inspection;information gain;line feature;visual-inertial navigation,Inspection;Buildings;Location awareness;Navigation;Task analysis;Cameras;Optimization,,17,,39,IEEE,13 Jan 2022,Aug. 2022,,IEEE,IEEE Journals
Sensing and control of a quadrotor using a visual inertial fusion method,P. Li; M. Garratt; A. Lambert,"School of Engineering and Information Technology, The University of New South Wales, Australia; School of Engineering and Information Technology, The University of New South Wales, Australia; School of Engineering and Information Technology, The University of New South Wales, Australia","2015 15th International Conference on Control, Automation and Systems (ICCAS)",28 Dec 2015,2015,,,231,236,"A visual inertial fusion method is proposed in this paper for the state estimation and control of a low-cost Unmanned Aerial Vehicle. A binary template matching algorithm is combined with a gradient based algorithm to compute optic flow (OF). The proposed OF method is capable of handling large displacement, illumination variation and gives subpixel accuracy. With a ground plane assumption, the Jacobian motion model is employed to solve for the unscaled linear velocity, which is fused with inertial measurements in an Extended Kalman Filter (EKF) framework to estimate metric speed and altitude. A number of flight tests have been conducted both indoors and outdoors to evaluate the performance of the proposed approach.",2093-7121,978-8-9932-1508-3,10.1109/ICCAS.2015.7364912,,https://ieeexplore.ieee.org/stamp/stamp.jsp?arnumber=7364912,Visual Inertial Fusion;Unmanned Aerial Vehicle;Optic Flow,Robustness;Measurement units;TV;Videos;Estimation,,2,,23,,28 Dec 2015,13-16 Oct. 2015,13-16 Oct. 2015,IEEE,IEEE Conferences
Visual Inertial Odometry At the Edge: A Hardware-Software Co-design Approach for Ultra-low Latency and Power,D. K. Mandal; S. Jandhyala; O. J. Omer; G. S. Kalsi; B. George; G. Neela; S. K. Rethinagiri; S. Subramoney; L. Hacking; J. Radford; E. Jones; B. Kuttanna; H. Wang,"Microarchitecture Research Lab, Intel Labs; Microarchitecture Research Lab, Intel Labs; Microarchitecture Research Lab, Intel Labs; Microarchitecture Research Lab, Intel Labs; Microarchitecture Research Lab, Intel Labs; Microarchitecture Research Lab, Intel Labs; Microarchitecture Research Lab, Intel Labs; Microarchitecture Research Lab, Intel Labs; Emerging Growth Initiatives Group, Intel Corporation; Emerging Growth Initiatives Group, Intel Corporation; Emerging Growth Initiatives Group, Intel Corporation; Emerging Growth Initiatives Group, Intel Corporation; Microarchitecture Research Lab, Intel Labs","2019 Design, Automation & Test in Europe Conference & Exhibition (DATE)",16 May 2019,2019,,,960,963,"Visual Inertial Odometry (VIO) is used for estimating pose and trajectory of a system and is a foundational requirement in many emerging applications like AR/VR, autonomous navigation in cars, drones and robots. In this paper, we analyze key compute bottlenecks in VIO and present a highly optimized VIO accelerator based on a hardware-software codesign approach. We detail a set of novel micro-architectural techniques that optimize compute, data movement, bandwidth and dynamic power to make it possible to deliver high quality of VIO at ultra-low latency and power required for budget constrained edge devices. By offloading the computation of the critical linear algebra algorithms from the CPU, the accelerator enables high sample rate IMU usage in VIO processing while acceleration of image processing pipe increases precision, robustness and reduces IMU induced drift in final pose estimate. The proposed accelerator requires a small silicon footprint (1.3 mm2 in a 28nm process at 600 MHz), utilizes a modest on-chip shared SRAM (560KB) and achieves 10x speedup over a software-only implementation in terms of image sample-based pose update latency while consuming just 2.2 mW power. In a FPGA implementation, using the EuRoC VIO dataset (VGA 30fps images and 100Hz IMU) the accelerator design achieves pose estimation accuracy (loop closure error) comparable to a software based VIO implementation.",1558-1101,978-3-9819263-2-3,10.23919/DATE.2019.8714921,,https://ieeexplore.ieee.org/stamp/stamp.jsp?arnumber=8714921,,Acceleration;Feature extraction;Pipelines;Hardware;Feature detection;Throughput,,16,,10,,16 May 2019,25-29 March 2019,25-29 March 2019,IEEE,IEEE Conferences
Kernel-VIO : An Optimization-based Tightly Coupled Indirect Visual-Inertial Odometry,S. Lin; X. Zhang; Y. Liu; Y. Chen; Y. Zhuang,"Intelligent Robotics Laboratory, School of Artificial Intelligence, Also School of Control Science and Engineering, Dalian University of Technology, Dalian, China; Intelligent Robotics Laboratory, School of Artificial Intelligence, Also School of Control Science and Engineering, Dalian University of Technology, Dalian, China; School of Information Science and Technology, Dalian Maritime University, Dalian, China; School of Information Science and Technology, Dalian Maritime University, Dalian, China; Intelligent Robotics Laboratory, School of Artificial Intelligence, Also School of Control Science and Engineering, Dalian University of Technology, Dalian, China",2021 27th International Conference on Mechatronics and Machine Vision in Practice (M2VIP),7 Jan 2022,2021,,,600,605,"This paper proposes an optimization-based tightly coupled Indirect Visual-Inertial Odometry (Kernel-VIO), which weights outliers with hybrid kernel functions. The novelty is that the hybrid weighting method based on kernel functions is firstly extended to the indirect-based VIO, which reduces the weight of outliers by dynamically weighting reprojection residual items, thereby the method suppresses adverse effects of outliers on the state estimator. Specifically, the proposed system processes the visual measurements and the IMU pre-integration in a tightly coupled way, next aligns the two information to complete the system initialization. Then, a nonlinear optimization framework is established by jointly minimizing the IMU pre-integration residuals, the reprojection residuals and prior information of sliding window marginalization to estimate the state of drones. The comparative experiments on the public dataset show that the accuracy and robustness of Kernel-VIO is better than the VINS-Mono without loop closure, and simulations demonstrate the effectiveness of the proposed Kernel-VIO.",,978-1-6654-3153-8,10.1109/M2VIP49856.2021.9665087,National Natural Science Foundation of China; Research and Development; Fundamental Research Funds for the Central Universities; ,https://ieeexplore.ieee.org/stamp/stamp.jsp?arnumber=9665087,,Visualization;Mechatronics;Machine vision;Robustness;Kernel;State estimation;Optimization,,,,23,IEEE,7 Jan 2022,26-28 Nov. 2021,26-28 Nov. 2021,IEEE,IEEE Conferences
Error State Extended Kalman Filter Multi-Sensor Fusion for Unmanned Aerial Vehicle Localization in GPS and Magnetometer Denied Indoor Environments,L. Marković; M. Kovač; R. Milijas; M. Car; S. Bogdan,"Faculty of Electrical and Computer Engineering, University of Zagreb, Zagreb, Croatia; Faculty of Electrical and Computer Engineering, University of Zagreb, Zagreb, Croatia; Faculty of Electrical and Computer Engineering, University of Zagreb, Zagreb, Croatia; Faculty of Electrical and Computer Engineering, University of Zagreb, Zagreb, Croatia; Faculty of Electrical and Computer Engineering, University of Zagreb, Zagreb, Croatia",2022 International Conference on Unmanned Aircraft Systems (ICUAS),26 Jul 2022,2022,,,184,190,"This paper addresses the issues of unmanned aerial vehicle (UAV) indoor navigation, specifically in areas where GPS and magnetometer sensor measurements are unavailable or unreliable. The proposed solution is to use an error state extended Kalman filter (ES -EKF) in the context of multi-sensor fusion. Its implementation is adapted to fuse measurements from multiple sensor sources and the state model is extended to account for sensor drift and possible calibration inaccuracies. Experimental validation is performed by fusing inertial measurement unit (IMU) data obtained from the PixHawk 2.1 flight controller with pose measurements from light detection and ranging (LiDAR) Cartographer SLAM, visual odometry provided by the Intel T265 camera and position measurements from the Pozyx ultra-wideband (UWB) indoor positioning system. The estimated odometry from ES-EKF is validated against ground truth data from the Optitrack motion capture system and its use in a position control loop to stabilize the UAV is demonstrated.",2575-7296,978-1-6654-0593-5,10.1109/ICUAS54217.2022.9836124,European Commission; ,https://ieeexplore.ieee.org/stamp/stamp.jsp?arnumber=9836124,,Simultaneous localization and mapping;Magnetometers;Magnetic separation;Position control;Position measurement;Autonomous aerial vehicles;Motion capture,,46,,27,IEEE,26 Jul 2022,21-24 June 2022,21-24 June 2022,IEEE,IEEE Conferences
Real-Time Visual–Inertial SLAM Based on Adaptive Keyframe Selection for Mobile AR Applications,J. -C. Piao; S. -D. Kim,"Department of Computer Science and Technology, Yanbian University, Yanji, China; Department of Computer Science, Yonsei University, Seoul, South Korea",IEEE Transactions on Multimedia,24 Oct 2019,2019,21,11,2827,2836,"Simultaneous localization and mapping (SLAM) technology is used in many applications, such as augmented reality (AR)/virtual reality, robots, drones, and self-driving vehicles. In AR applications, rapid camera motion estimation, actual size, and scale are important issues. In this research, we introduce a real-time visual-inertial SLAM based on an adaptive keyframe selection for mobile AR applications. Specifically, the SLAM system is designed based on the adaptive keyframe selection visual-inertial odometry method that includes the adaptive keyframe selection method and the lightweight visual-inertial odometry method. The inertial measurement unit data are used to predict the motion state of the current frame and it is judged whether or not the current frame is a keyframe by an adaptive selection method based on learning and automatic setting. Relatively unimportant frames (not a keyframe) are processed using a lightweight visual-inertial odometry method for efficiency and real-time performance. We simulate it in a PC environment and compare it with state-of-the-art methods. The experimental results demonstrate that the mean translation root-mean-square error of the keyframe trajectory is 0.067 m without the ground-truth scale matching, and the scale error is 0.58% with the EuRoC dataset. Moreover, the experimental results of the mobile device show that the performance is improved by 34.5%-53.8% using the proposed method.",1941-0077,,10.1109/TMM.2019.2913324,,https://ieeexplore.ieee.org/stamp/stamp.jsp?arnumber=8698793,Adaptive keyframe selection;augmented reality;mobile applications;optical-flow-based tracking;simultaneous localization and mapping;visual–inertial odometry,Simultaneous localization and mapping;Cameras;Feature extraction;Tracking;Mobile handsets;Real-time systems;Adaptive optics,,71,,27,IEEE,25 Apr 2019,Nov. 2019,,IEEE,IEEE Journals
A simple vision-based navigation and control strategy for autonomous drone racing,A. Cyba; H. Szolc; T. Kryjak,"AGH University of Science and Technology, Krakow, Poland; AGH University of Science and Technology, Krakow, Poland; AGH University of Science and Technology, Krakow, Poland",2021 25th International Conference on Methods and Models in Automation and Robotics (MMAR),21 Sep 2021,2021,,,185,190,"In this paper, we present a control system that allows a drone to fly autonomously through a series of gates marked with ArUco tags. A simple and low-cost DJI Tello EDU quad-rotor platform was used. Based on the API provided by the manufacturer, we have created a Python application that enables the communication with the drone over WiFi, realises drone positioning based on visual feedback, and generates control. Two control strategies were proposed, compared and critically analysed. In addition, the accuracy of the positioning method used was measured. The application was evaluated on a laptop computer (about 40 fps) and a Nvidia Jetson TX2 embedded GPU platform (about 25 fps). We provide the developed code on GitHub.",,978-1-7281-7380-1,10.1109/MMAR49549.2021.9528463,AGH University of Science and Technology(grant numbers:16.16.120.773); ,https://ieeexplore.ieee.org/stamp/stamp.jsp?arnumber=9528463,drone racing;AruCo markers;Tello;OpenCV;autonomous drones,Portable computers;Computational modeling;Graphics processing units;Process control;Data integration;Logic gates;Control systems,,7,,10,IEEE,21 Sep 2021,23-26 Aug. 2021,23-26 Aug. 2021,IEEE,IEEE Conferences
WebAssembly-Based Runtime Fault Isolation and Safety Control for UAV Visual-Inertial State Streams,Y. Zhu; S. Dang; Z. Pan,"Shanghai University of Engineering Science, Shanghai, China; Shanghai University of Engineering Science, Shanghai, China; Shanghai University of Engineering Science, Shanghai, China",2026 7th International Conference on Electrical Technology and Automatic Control (ICETAC),11 Aug 2026,2026,,,628,632,"Abnormal states in edge-collaborative visualinertial odometry may propagate along telemetry, visualization, and task-scheduling chains before an upper-layer consumer can reject them. This paper proposes a lightweight WebAssembly fault-isolation control plane deployed between visual-inertial odometry outputs and upper-layer consumers. The control plane decouples state-validity checking, safe fallback, policy fault handling, and runtime policy replacement from the estimator pipeline, forming an isolatable, rollback-capable, and replaceable edge safety boundary. A conservative degradation-aware online budget scheduler, DOBS, is implemented as a stateful policy workload to evaluate risk-state maintenance, budget probing, fallback, and hot replacement inside the WebAssembly boundary. Experiments on EuRoC MAV sequences and controlled fault injection show that the scheduler keeps trajectory accuracy close to a fixed full-budget baseline, the WebAssembly policy call adds only 0.221 ms on average, and the WebAssembly filter blocks all received abnormal states with zero leakage under the tested injection setting.",,979-8-3195-1825-5,10.1109/ICETAC70565.2026.11636152,,https://ieeexplore.ieee.org/stamp/stamp.jsp?arnumber=11636152,visual-inertial odometry;WebAssembly;edge control plane;fault isolation;abnormal state stream,Webassembly;Modules (abstract algebra);Runtime;Visualization;Planing;Uncertainty;Equations;Filtering;Filters;Probes,,,,11,IEEE,11 Aug 2026,12-14 June 2026,12-14 June 2026,IEEE,IEEE Conferences
Visual-Inertial Navigation Algorithm Development Using Photorealistic Camera Simulation in the Loop,T. Sayre-McCord; W. Guerra; A. Antonini; J. Arneberg; A. Brown; G. Cavalheiro; Y. Fang; A. Gorodetsky; D. McCoy; S. Quilter; F. Riether; E. Tal; Y. Terzioglu; L. Carlone; S. Karaman,"Laboratory for Information and Decision Systems (LIDS), Massachusetts Institute of Technology (MIT), Cambridge, MA, USA; Laboratory for Information and Decision Systems (LIDS), Massachusetts Institute of Technology (MIT), Cambridge, MA, USA; Laboratory for Information and Decision Systems (LIDS), Massachusetts Institute of Technology (MIT), Cambridge, MA, USA; Laboratory for Information and Decision Systems (LIDS), Massachusetts Institute of Technology (MIT), Cambridge, MA, USA; Laboratory for Information and Decision Systems (LIDS), Massachusetts Institute of Technology (MIT), Cambridge, MA, USA; Laboratory for Information and Decision Systems (LIDS), Massachusetts Institute of Technology (MIT), Cambridge, MA, USA; Computer Science and Artificial Intelligence Laboratory (CSAIL), Massachusetts Institute of Technology, Cambridge, MA, USA; Sandia National Laboratories, Albuquerque, NM, USA; Laboratory for Information and Decision Systems (LIDS), Massachusetts Institute of Technology (MIT), Cambridge, MA, USA; Laboratory for Information and Decision Systems (LIDS), Massachusetts Institute of Technology (MIT), Cambridge, MA, USA; Laboratory for Information and Decision Systems (LIDS), Massachusetts Institute of Technology (MIT), Cambridge, MA, USA; Laboratory for Information and Decision Systems (LIDS), Massachusetts Institute of Technology (MIT), Cambridge, MA, USA; Laboratory for Information and Decision Systems (LIDS), Massachusetts Institute of Technology (MIT), Cambridge, MA, USA; Laboratory for Information and Decision Systems (LIDS), Massachusetts Institute of Technology (MIT), Cambridge, MA, USA; Laboratory for Information and Decision Systems (LIDS), Massachusetts Institute of Technology (MIT), Cambridge, MA, USA",2018 IEEE International Conference on Robotics and Automation (ICRA),13 Sep 2018,2018,,,2566,2573,"The development of fast, agile micro Unmanned Aerial Vehicles (UAVs) has been limited by (i) on-board computing hardware restrictions, (ii) the lack of sophisticated vision-based perception and vision-in-the-loop control algorithms, and (iii) the absence of development environments where such systems and algorithms can be rapidly and easily designed, implemented, and validated. Here, we first present a new micro UAV platform that integrates high-rate cameras, inertial sensors, and an NVIDIA Jetson Tegra X1 system-on-chip compute module that boasts 256 GPU cores. The UAV mechanics and electronics were designed and built in house, and are described in detail. Second, we present a novel “virtual reality” development environment, in which photorealistically-rendered synthetic on-board camera images are generated in real time while the UAV is in flight. This development environment allows us to rapidly prototype computing and sensing hardware as well as perception and control algorithms, using real physics, real interoceptive sensor data (e.g., from the on-board inertial measurement unit), and synthetic exteroceptive sensor data (e.g., from synthetic cameras). Third, we demonstrate repeated agile maneuvering with closed-loop vision-based perception and control algorithms, which we have developed using this environment.",2577-087X,978-1-5386-3081-5,10.1109/ICRA.2018.8460692,,https://ieeexplore.ieee.org/stamp/stamp.jsp?arnumber=8460692,,Cameras;Sensors;Visualization;Real-time systems;Unmanned aerial vehicles;Navigation;Solid modeling,,25,,39,IEEE,13 Sep 2018,21-25 May 2018,21-25 May 2018,IEEE,IEEE Conferences
Obstacle Avoidance Navigation Using Horizontal Movement for a Drone Flying in Indoor Environment,S. Kawabata; J. H. Lee; S. Okamoto,"Graduate School of Sci. and Eng., Ehime University, Matsuyama, Japan; Graduate School of Sci. and Eng., Ehime University, Matsuyama, Japan; Graduate School of Sci. and Eng., Ehime University, Matsuyama, Japan","2019 International Conference on Control, Artificial Intelligence, Robotics & Optimization (ICCAIRO)",6 Apr 2020,2019,,,1,6,"A drone for inspecting aging infrastructures should have the capability to move near buildings where GPS signals cannot be received. In order to achieve a navigation technology not relying GPS, a system that can control the position of a drone in indoor environments was developed in this study. A position estimation algorithm using a tracking camera, Intel RealSense Tracking Camera T265, was employed to obtain the position information of the drone even in indoor environments without GPS information. Then, a system for controlling the position of the commanded target position was constructed and verified through experiments. In addition, a control algorithm to avoid obstacles by using horizontal movement was developed and tested with the developed system.",,978-1-7281-3572-4,10.1109/ICCAIRO47923.2019.00009,,https://ieeexplore.ieee.org/stamp/stamp.jsp?arnumber=9057153,"quadcopter drone, position estimation, obstacle avoidance, autonomous navigation",Drones;Cameras;Tracking;Estimation;Global Positioning System;Collision avoidance,,7,,17,IEEE,6 Apr 2020,8-10 Dec. 2019,8-10 Dec. 2019,IEEE,IEEE Conferences
A Multi-Sensor Fusion Framework for Unmanned Aerial Vehicle (UAV) Navigation and Inspection in GPS-Denied and Degraded Environments,V. V. Sai Viswa Kiran; A. S. Reddy; H. V. Sri Sai; H. Allaka; R. P. Kumar,"Department of Mechanical and Aerospace Engineering, Indian Institute of Technology Hyderabad, Telangana, India; Department of Mechanical and Aerospace Engineering, Indian Institute of Technology Hyderabad, Telangana, India; Department of Mechanical and Aerospace Engineering, Indian Institute of Technology Hyderabad, Telangana, India; Department of Mechanical and Aerospace Engineering, Indian Institute of Technology Hyderabad, Telangana, India; Department of Mechanical and Aerospace Engineering, Indian Institute of Technology Hyderabad, Telangana, India",2026 IEEE Applied Sensing Conference (APSCON),5 May 2026,2026,,,1,4,"Reliable autonomous navigation of Unmanned Aerial Vehicles (UAVs) in GPS-denied environments remains a significant challenge due to signal attenuation, spoofing, and jamming. Indoor environments such as warehouses and industrial facilities suffer from GPS degradation caused by structural occlusions, while outdoor scenarios including forests and flat terrains lack reliable localization cues. To address these challenges, this paper presents a multi-sensor fusion framework for robust UAV navigation in GPS-compromised environments.The proposed approach employs a dual-strategy navigation framework: (i) Visual Simultaneous Localization and Mapping (VSLAM) with 3D point cloud generation for structured indoor environments, and (ii) a VSLAM-based 2D digital twin representation for outdoor environments, integrating visual data with inertial and altitude measurements. Software-in-the-loop (SIL) simulations using ROS and RTAB-Map validate autonomous navigation with obstacle avoidance in warehouse scenarios, while Hardware-in-the-loop (HIL) experiments on an in-house developed UAV platform demonstrate accurate indoor mapping and localization.The results demonstrate that the proposed vision-centric framework enables reliable navigation without dependence on GPS, offering a scalable and resilient solution for UAV operations in GPS-denied environments, with applications in inventory management, surveillance, and search-and-rescue missions.",,979-8-3315-6900-6,10.1109/APSCON68325.2026.11497125,,https://ieeexplore.ieee.org/stamp/stamp.jsp?arnumber=11497125,GPS spoofing;UAVs;3D map-based localization;sensor fusion;GPS-denied navigation;VSLAM;Multi-sensor fusion;RTAB-Map,Jamming;Aerospace engineering;Electronic warfare;Kalman filters;Filters;Graphical user interfaces;Location awareness;Indoor environment;Product development;Protocols,,,,11,IEEE,5 May 2026,23-25 Feb. 2026,23-25 Feb. 2026,IEEE,IEEE Conferences
A Low-Altitude UAV Dataset Based on Visual–Inertial Navigation,P. Lyu; C. Yong; J. Lai; C. Yuan; Q. Zhu; A. Han,"College of Automation Engineering, Nanjing University of Aeronautics and Astronautics, Nanjing, China; College of Automation Engineering, Nanjing University of Aeronautics and Astronautics, Nanjing, China; College of Automation Engineering, Nanjing University of Aeronautics and Astronautics, Nanjing, China; College of Automation Engineering, Nanjing University of Aeronautics and Astronautics, Nanjing, China; College of Automation Engineering, Nanjing University of Aeronautics and Astronautics, Nanjing, China; College of Automation Engineering, Nanjing University of Aeronautics and Astronautics, Nanjing, China",IEEE Sensors Journal,17 Dec 2024,2024,24,24,41904,41911,"As unmanned aerial vehicles (UAVs) are increasingly utilized in operational domains ranging from 50 to 500 m, there is a growing need for robust and reliable autonomous positioning, particularly in scenarios where satellite signals are unavailable. To address this challenge, we present a set of visual–inertial datasets collected by low-altitude UAVs. The dataset includes stereo cameras, an inertial measurement unit (IMU), a laser ranging sensor, and RTK-based ground truth. All these sensors have been calibrated and synchronized. The dataset consists of 28 sequences captured across diverse scenarios. To the best of our knowledge, this is the first UAV visual navigation dataset to encompass such a wide range of flight altitudes. Furthermore, we have evaluated the dataset using state-of-the-art visual–inertial simultaneous localization and mapping (SLAM) algorithms. The results demonstrate that existing solutions perform inadequately in certain situations. For the benefit of the research community, we make this dataset publicly accessible. The webpage of our dataset is https://github.com/boomzoeycy/A-Low-Altitude-UAV-Dataset-based-on-Visual-Inertial-Navigation.",1558-1748,,10.1109/JSEN.2024.3488289,"National Key Research and Development Program of China(grant numbers:2022YFB3904300); National Natural Science Foundation of China(grant numbers:U2233215,62273178); ",https://ieeexplore.ieee.org/stamp/stamp.jsp?arnumber=10745211,Dataset;simultaneous localization and mapping (SLAM);unmanned aerial vehicles (UAVs);visual–inertial navigation,Cameras;Sensors;Visualization;Autonomous aerial vehicles;Meters;Navigation;Distance measurement;Synchronization;Simultaneous localization and mapping;Calibration,,6,,26,IEEE,5 Nov 2024,"15 Dec.15, 2024",,IEEE,IEEE Journals
Maximizing Measurement Visual-Inertial Odometry for Low-Light Environment Through Online Image Pre-Processing,S. Lee; H. Lee; C. G. Park,"Department of Aerospace Engineering, Automation and Systems Research Institute, Seoul National University, Seoul, South Korea; Department of Aerospace Engineering, Automation and Systems Research Institute, Seoul National University, Seoul, South Korea; Department of Aerospace Engineering, Institute of Advanced Aerospace Technology, Seoul National University, Seoul, South Korea",IEEE Access,9 Apr 2025,2025,13,,59636,59645,"Recently, the interest in exploring unknown areas such as caves and tunnels has increased, and Visual-Inertial Odometry (VIO) can provide a suitable localization solution thanks to its lightweight and low cost advantages for mobile robots or drones. However, in such environments, lighting conditions are often not guaranteed due to lack of infrastructure. Although, attached light sources, such as body-mounted lights on robots and headlights on autonomous vehicles, can be used to address this problem, it is difficult to obtain images of consistent quality since the direction of the light changes as the robot moves. This can adversely affect the extraction and tracking of feature points, resulting in insufficient measurements. To solve this issue, we propose Maximizing Measurement VIO, named MMVIO, to ensure consistent image quality and rich measurements, which enables prolonged feature tracking in low-light environments. We employ two image pre-processing techniques,  $\gamma $ -correction and CLAHE, whose parameters are estimated online using Bayesian Optimization (BO). The objective function of BO is to maximize the number of feature points extracted by the FAST corner detector, effectively increasing the measurements. For a detailed analysis, we conducted experiments using public datasets to validate our approach. The results show that MMVIO achieves the improved tracking time of the feature points and superior localization performance compared to other approaches that use different image quality metrics as objective functions. Moreover, we present the results that the localization accuracy of MMVIO is not only improved by online image pre-processing, but also is comparable to or outperforms the state-of-the-art VIOs.",2169-3536,,10.1109/ACCESS.2025.3555319,"Unmanned Vehicles Core Technology Research and Development Program through the National Research Foundation of Korea (NRF), Unmanned Vehicle Advanced Research Center (UVARC) funded by the Ministry of Science and ICT, Republic of Korea(grant numbers:2020M3C1C1A01086408); ",https://ieeexplore.ieee.org/stamp/stamp.jsp?arnumber=10943147,Visual-inertial odometry;low-light image enhancement;image pre-processing;Bayesian optimization,Feature extraction;Measurement;Image quality;Location awareness;Linear programming;Robots;Odometry;Bayes methods;Optimization;Histograms,,,,32,CCBY,27 Mar 2025,2025,,IEEE,IEEE Journals
Depth-based Deep Learning for Manhole Detection in UAV Navigation,R. E. Andersen; M. Zajaczkowski; H. Jaiswal; J. Xu; W. Fan; E. Boukas,"Department of Electrical and Photonics Engineering, Technical University of Denmark, Kgs. Lyngby, Denmark; Force Technology, Brøndby, Denmark; Force Technology, Brøndby, Denmark; Department of Electrical and Photonics Engineering, Technical University of Denmark, Kgs. Lyngby, Denmark; Department of Electrical and Photonics Engineering, Technical University of Denmark, Kgs. Lyngby, Denmark; Department of Electrical and Photonics Engineering, Technical University of Denmark, Kgs. Lyngby, Denmark",2022 IEEE International Conference on Imaging Systems and Techniques (IST),20 Jul 2022,2022,,,1,6,"Drones navigating in dark, GPS-denied and confined spaces can pose a difficult challenge due to, among other, the processing power required to maintain a high resolution map of the environment. This is specifically challenging when the drone has to fly through narrow spaces where a low resolution voxel representation can result in failure to find viable trajectories. Drawing inspiration from the Inspectrone Project, which deals with the inspection of large marine vessels for classification processes, in this paper we propose using a deep learning model to detect manholes relying only on a depth image. We investigate different sizes of networks in an attempt to provide an adequate accuracy while maintain a low computational load, suitable for drone implementation on a parallel processing co-processor. With an end goal to be able to accurately and robustly traverse the ballast tanks of the aforementioned vessels, we employ a temporal filter to increase the robustness and limit sensitivity to false positives by requiring multiple detections within a timeframe before the final location of the manhole is confirmed to be valid. Our results show that using deep learning on depth images is a feasible way to achieve a scene texture-agnostic solution for the detection the manholes. Our approach is successfully demonstrated by flying through a 1: 1 size standard manhole found on marine vessel.",1558-2809,978-1-6654-8102-1,10.1109/IST55454.2022.9827720,,https://ieeexplore.ieee.org/stamp/stamp.jsp?arnumber=9827720,Deep Learning;UAV;Manhole;Confined Spaces,Deep learning;Sensitivity;Navigation;Detectors;Inspection;Parallel processing;Robustness,,11,,36,IEEE,20 Jul 2022,21-23 June 2022,21-23 June 2022,IEEE,IEEE Conferences
Edge Computing for Visual Navigation and Mapping in a UAV Network,M. A. Messous; H. Hellwagner; S. -M. Senouci; D. Emini; D. Schnieders,"1DRIVE EA1859, Univ. Bourgogne Franche Comté, France; Institute of Information Technology Alpen-Adria-Universität Klagenfurt, Klagenfurt, Austria; 1DRIVE EA1859, Univ. Bourgogne Franche Comté, France; Deutsche Telekom AG, Germany; Deutsche Telekom AG, Germany",ICC 2020 - 2020 IEEE International Conference on Communications (ICC),27 Jul 2020,2020,,,1,6,"This research work presents conceptual considerations and quantitative evaluations into how integrating computation offloading to edge computing servers would offer a paradigm shift for an effective deployment of autonomous drones. The specific mission that has been considered is collaborative autonomous navigation and mapping in a 3D environment of a small drone network. Specifically, in order to achieve this mission, each drone is required to compute a low latency, highly compute intensive task in a timely manner. The proposed model decides for each task, while considering the impact on performance and mission requirements, whether to (i) compute locally, (ii) offload to the edge server, or (iii) to the ground station. Extensive simulation work was performed to assess the effectiveness of the proposed scheme compared to other models.",1938-1883,978-1-7281-5089-5,10.1109/ICC40277.2020.9149087,,https://ieeexplore.ieee.org/stamp/stamp.jsp?arnumber=9149087,uAV Network;edge Computing;Computation Offloading;visual Navigation and Mapping,Task analysis;Drones;Servers;Navigation;Visualization;Computational modeling;Three-dimensional displays,,22,,20,IEEE,27 Jul 2020,7-11 June 2020,7-11 June 2020,IEEE,IEEE Conferences
Autonomous Drone for Room Exploration and 3D Reconstruction,B. Sandikci; I. Colak,"Electrical and Electronics Engineering, Faculty of Engineering and Natural Sciences, Istinye University, Istanbul, Türkiye; Electrical and Electronics Engineering, Faculty of Engineering and Natural Sciences, Istinye University, Istanbul, Türkiye","2025 International Conference on Smart Applications, Communications and Networking (SmartNets)",15 Aug 2025,2025,,,1,5,"In this study, an autonomous drone system for exploring interior settings and reconstructing three-dimensional (3D) images utilizing simulated surroundings is developed. The suggested system makes use of open-source and easily accessible technologies like MeshLab, COLMAP, and AirSim to allow a simulated drone to take images, explore a space on its own, and rebuild a comprehensive 3D model. The Structure-from-Motion (SfM) and Multi-View Stereo (MVS) methods were used, dense point clouds and surface meshes were produced, and image capture was automated. The results show that it is possible to obtain high-quality 3D spatial reconstructions simulation at a reasonable cost without the use of costly sensor such as RGB-D cameras. It is suggested that this study can be a useful tool for; Forensic Sciences, Real Estate and Military Applications.",2837-4940,979-8-3315-1196-8,10.1109/SmartNets65254.2025.11106383,,https://ieeexplore.ieee.org/stamp/stamp.jsp?arnumber=11106383,Autonomous drone;3D reconstruction;Structure-from-Motion;Photogrammetry;Simulated environment,Point cloud compression;Surface reconstruction;Solid modeling;Three-dimensional displays;Forensics;Image capture;Space exploration;Image reconstruction;Photogrammetry;Drones,,,,26,IEEE,15 Aug 2025,22-24 July 2025,22-24 July 2025,IEEE,IEEE Conferences
The Urban Last Mile Problem: Autonomous Drone Delivery to Your Balcony,G. Brunner; B. Szebedy; S. Tanner; R. Wattenhofer,"Computer Engineering and Networks Laboratory, ETH Zurich; Computer Engineering and Networks Laboratory, ETH Zurich; Computer Engineering and Networks Laboratory, ETH Zurich; Computer Engineering and Networks Laboratory, ETH Zurich",2019 International Conference on Unmanned Aircraft Systems (ICUAS),15 Aug 2019,2019,,,1005,1012,"Drone delivery has been a hot topic in the industry in the past few years. However, existing approaches either focus on rural areas or rely on centralized drop-off locations from where the last mile delivery is performed. In this paper we tackle the problem of autonomous last mile delivery in urban environments using an off-the-shelf drone. We build a prototype system that is able to fly to the approximate delivery location using GPS and then find the exact drop-off location using visual navigation. The drop-off location could, e.g., be on a balcony or porch, and simply needs to be indicated by a visual marker on the wall or window. We test our system components in simulated environments, including the visual navigation and collision avoidance. Finally, we deploy our drone in a real-world environment and show how it can find the drop-off point on a balcony. To stimulate future research in this topic we open source our code.",2575-7296,978-1-7281-0333-4,10.1109/ICUAS.2019.8798337,,https://ieeexplore.ieee.org/stamp/stamp.jsp?arnumber=8798337,,Drones;Visualization;Global Positioning System;Trajectory;Cameras,,68,,23,IEEE,15 Aug 2019,11-14 June 2019,11-14 June 2019,IEEE,IEEE Conferences
Run Your Visual-Inertial Odometry on NVIDIA Jetson: Benchmark Tests on a Micro Aerial Vehicle,J. Jeon; S. Jung; E. Lee; D. Choi; H. Myung,"Urban Robotics Laboratory, Korea Advanced Institute of Science and Technology, Daejeon, South Korea; Autonomous IoT Research Center, Korea Electronics Technology Institute (KETI), Seongnam, South Korea; Urban Robotics Laboratory, Korea Advanced Institute of Science and Technology, Daejeon, South Korea; Urban Robotics Laboratory, Korea Advanced Institute of Science and Technology, Daejeon, South Korea; Urban Robotics Laboratory, Korea Advanced Institute of Science and Technology, Daejeon, South Korea",IEEE Robotics and Automation Letters,7 May 2021,2021,6,3,5332,5339,"This letter presents benchmark tests of various visual(-inertial) odometry algorithms on NVIDIA Jetson platforms. The compared algorithms include mono and stereo, covering Visual Odometry (VO) and Visual-Inertial Odometry (VIO): VINS-Mono, VINS-Fusion, Kimera, ALVIO, Stereo-MSCKF, ORB-SLAM2 stereo, and ROVIO. As these methods are mainly used for unmanned aerial vehicles (UAVs), they must perform well in situations where the size of the processing board and weight is limited. Jetson boards released by NVIDIA satisfy these constraints as they have a sufficiently powerful central processing unit (CPU) and graphics processing unit (GPU) for image processing. However, in existing studies, the performance of Jetson boards as a processing platform for executing VO/VIO has not been compared extensively in terms of the usage of computing resources and accuracy. Therefore, this study compares representative VO/VIO algorithms on several NVIDIA Jetson platforms, namely NVIDIA Jetson TX2, Xavier NX, and AGX Xavier, and introduces a novel dataset ‘KAIST VIO dataset’ for UAVs. Including pure rotations, the dataset has several geometric trajectories that are harsh to visual(-inertial) state estimation. The evaluation is performed in terms of the accuracy of estimated odometry, CPU usage, and memory usage on various Jetson boards, algorithms, and trajectories. We present the results of the comprehensive benchmark test and release the dataset for the computer vision and robotics applications.",2377-3766,,10.1109/LRA.2021.3075141,"National Research Foundation of Korea; Ministry of Science and ICT for First-Mover Program; Accelerating Disruptive Technology Development(grant numbers:NRF-2018M3C1B9088328); Ministry of Land, Infrastructure and Transport; Innovative Talent Education Program for Smart City; ",https://ieeexplore.ieee.org/stamp/stamp.jsp?arnumber=9416140,Performance evaluation and benchmarking;visual-inertial SLAM,Benchmark testing;Cameras;Sensors;Trajectory;Robot vision systems;Graphics processing units;Hardware,,85,,42,IEEE,26 Apr 2021,July 2021,,IEEE,IEEE Journals
VIUNet: Deep Visual–Inertial–UWB Fusion for Indoor UAV Localization,P. -Y. Kao; H. -J. Chang; K. -W. Tseng; T. Chen; H. -L. Luo; Y. -P. Hung,"Graduate Institute of Networking and Multimedia, National Taiwan University, Taipei, Taiwan; Department of Computer Science and Information Engineering, National Taiwan University, Taipei, Taiwan; Department of Computer Science, Tokyo Institute of Technology, Tokyo, Japan; Department of Computer Science and Information Engineering, National Taiwan University, Taipei, Taiwan; Graduate Institute of Animation and Film Art, Tainan National University of the Arts, Tainan, Taiwan; Graduate Institute of Networking and Multimedia, National Taiwan University, Taipei, Taiwan",IEEE Access,23 Jun 2023,2023,11,,61525,61534,"Camera, inertial measurement unit (IMU), and ultra-wideband (UWB) sensors are commonplace solutions to unmanned aerial vehicle (UAV) localization problems. The performance of a localization system can be improved by integrating observations from different sensors. In this paper, we propose a learning-based UAV localization method using the fusion of vision, IMU, and UWB sensors. Our model consists of visual–inertial (VI) and UWB branches. We combine the estimation results of both branches to predict global poses. To evaluate our method, we augment a public VI dataset with UWB simulations and conduct a real-world experiment. The experimental results show that our method provides more robust and accurate results than VI/UWB-only localization. Our codes and data are available at https://imlabntu.github.io/VIUNet/.",2169-3536,,10.1109/ACCESS.2023.3279292,"Ministry of Science and Technology, Taiwan(grant numbers:MOST 109-2221-E-002-207-MY3); ",https://ieeexplore.ieee.org/stamp/stamp.jsp?arnumber=10131904,Visual-inertial odometry;ultra-wideband;sensor fusion;deep learning,Location awareness;Sensors;Deep learning;Visualization;Sensor fusion;Sensor systems;Autonomous aerial vehicles;Odometry;Deep learning,,38,,32,CCBYNCND,23 May 2023,2023,,IEEE,IEEE Journals
An Observability Constrained Downward-Facing Optical-Flow-Aided Visual-Inertial Odometry,D. Liu; J. Mei; J. Zhou; S. Li,"College of Control Science and Engineering, Zhejiang University, Hangzhou, China; Department of Automation, Zhejiang University of Technology, Hangzhou, China; College of Control Science and Engineering, Zhejiang University, Hangzhou, China; College of Control Science and Engineering, Zhejiang University, Hangzhou, China",2024 IEEE/RSJ International Conference on Intelligent Robots and Systems (IROS),25 Dec 2024,2024,,,3218,3225,"Visual-Inertial Odometry (VIO) has been widely used by autonomous drones as an onboard navigation method. However, it suffers from drifts especially in scenarios where the environments have few texture features such as an empty room with solid color walls. Optical flow sensors are another type of onboard sensor used by drones that face downward and measure the velocity by detecting changes in pixels between consecutive images, which don’t introduce accumulative error. In this work, we present an efficient tight-coupled estimator to improve the accuracy of VIO by fusing the measurements of a downward-facing optical flow sensor into the VIO framework consistently. We further analyze the observability of the estimators and prove that there are four unobservable directions in the ideal case and then we utilize OC-EKF to maintain the consistency of the estimator. Furthermore, we extend an adaptive weighting algorithm to the proposed method, which can better adapt to the scenes where feature tracking is less accurate. Finally, both simulation and real-world experiments demonstrate the feasibility of the proposed method.",2153-0866,979-8-3503-7770-5,10.1109/IROS58592.2024.10802729,,https://ieeexplore.ieee.org/stamp/stamp.jsp?arnumber=10802729,,Image sensors;Accuracy;Optical variables measurement;Solids;Optical sensors;Odometry;Velocity measurement;Observability;Optical flow;Drones,,1,,27,IEEE,25 Dec 2024,14-18 Oct. 2024,14-18 Oct. 2024,IEEE,IEEE Conferences
Perception Action Aware-Based Autonomous Drone Race in a Photorealistic Environment,M. Kazim; A. Zaidi; S. Ali; M. T. Raza; G. Abbas; N. Ullah; A. A. Al-Ahmadi,"Research Institute of Intelligent Control and Systems, Harbin Institute of Technology, Harbin, China; Research Institute of Intelligent Control and Systems, Harbin Institute of Technology, Harbin, China; Department of Control Science and Engineering, Harbin Institute of Technology, Harbin, China; Department of Electrical Engineering, Lahore College for Women University, Lahore, Pakistan; Department of Electrical Engineering, The University of Lahore, Lahore, Pakistan; Department of Electrical Engineering, College of Engineering, Taif University, Taif, Saudi Arabia; Department of Electrical Engineering, College of Engineering, Taif University, Taif, Saudi Arabia",IEEE Access,28 Apr 2022,2022,10,,42566,42576,"The development of autonomous, fast, agile small Unmanned Aerial Vehicles (UAVs) brings up fundamental challenges in dynamic environments with fast and agile maneuvers, unreliable state estimation, imperfect sensing, coupling action, and perception in real-time under severe resource constraints. However, autonomous drone racing is a challenging research problem at the intersection of computer vision, planning, state estimation, and control. To bridge this, we propose an approach in the context of autonomous, perception-action aware vision-based drone racing in a photorealistic environment. Our approach integrates a deep convolutional neural network (CNN) with state-of-the-art path planning, state estimation, and control algorithms. The developed deep learning method is based on computer vision approaches to detecting the gates and estimating the flyable area. The planner and controller then use this information to generate a short, minimum-snap trajectory segment and send corresponding motor commands to reach the desired goal. A thorough evaluation of our proposed methodology has been carried out using the Gazebo and FlightGoggles (photorealistic sensor) environments. Extensive experiments demonstrate that the proposed approach outperforms state-of-the-art methods and flies the drone more consistently than many human pilots. Moreover, we demonstrated that our proposed system successfully guided the drone through tight race courses, reaching speeds up to 7m/s of the 2019 AlphaPilot Challenge.",2169-3536,,10.1109/ACCESS.2022.3168710,"Taif University, Taif, Saudi Arabia, under Taif University Researchers Supporting Project(grant numbers:TURSP-2020/121); ",https://ieeexplore.ieee.org/stamp/stamp.jsp?arnumber=9759393,Control;computer vision;drone race;deep learning;path planning;photo-realistic environment;state estimation,Drones;Logic gates;Task analysis;Cameras;Artificial intelligence;Propellers;Computer vision,,5,,26,CCBY,18 Apr 2022,2022,,IEEE,IEEE Journals
LGVINS: LiDAR-GPS-Visual and Inertial System Based Multi-Sensor Fusion for Smooth and Reliable UAV State Estimation,M. Irfan; S. Dalai; P. Trslic; M. C. Santos; J. Riordan; G. Dooly,"CRIS Research Group, Department of Electronic and Computer Engineering, University of Limerick, Limerick, Ireland; CRIS Research Group, Department of Electronic and Computer Engineering, University of Limerick, Limerick, Ireland; CRIS Research Group and Department of School of Engineering, University of Limerick, Limerick, Ireland; CRIS Research Group and Department of School of Engineering, University of Limerick, Limerick, Ireland; ALMADA Research Centre, School of Computing, Engineering and Physical Science, University of the West of Scotland, Glasgow, U.K.; CRIS Research Group and Department of School of Engineering, University of Limerick, Limerick, Ireland",IEEE Transactions on Intelligent Vehicles,16 Oct 2025,2025,10,7,3976,3992,"With the development of Autonomous Unmanned Aerial Vehicle's (UAV's), Precise state estimation is a fundamental aspect of autonomous flight and plays a critical role in enabling robots specially in GPS denied environment to operate safely, reliably, and effectively across a wide range of applications and operational scenarios. In this paper, we propose a tightly-coupled multi-sensor filtering framework for robust UAV/UGV state estimation, which integrates data from an Inertial Measurement Unit (IMU), a stereo camera, GPS, and 3D range measurements from two Light Detection and Ranging (LiDAR) sensors. The proposed LGVINS system significantly improves the accuracy and robustness of state estimation in both structured and unstructured outdoor environments, such as bridge inspections, open fields, urban city and areas near buildings. It also improves positioning accuracy in scenarios with or without GPS signals. The goal is to exploit the fact that these sensor modalities have mutually exclusive strengths, the visual, inertial and the Lidar sensor techniques are implemented to compensate for the robots state estimate errors in multiple outdoor challenging environment. It effectively reduces long-term trajectory drift and ensures smooth, continuous state estimation, regardless of GPS satellite availability. We demonstrate and evaluate the LGVINS approach on public dataset as well as our own dataset collected from the proposed hardware integration on UAV, deployed on computationally-constrained systems. This demonstrates that the proposed system achieves higher accuracy and robustness in state estimation across various environments compared to currently available methods.",2379-8904,,10.1109/TIV.2024.3469551,European Commission's Horizon 2020 Project RAPID(grant numbers:861211); Enterprise Ireland's Disruptive Technologies Innovation Fund(grant numbers:DT2020 0286B); ,https://ieeexplore.ieee.org/stamp/stamp.jsp?arnumber=10697320,Intelligent UAV/UGV;LiDAR-visual-inertial odometry;multi-sensor fusion;ROS;state-estimation,Sensors;Global Positioning System;Sensor fusion;Autonomous aerial vehicles;Simultaneous localization and mapping;Laser radar;Cameras;Accuracy;State estimation;Odometry,,18,,51,CCBYNCND,27 Sep 2024,July 2025,,IEEE,IEEE Journals
SupSLAM: A Robust Visual Inertial SLAM System Using SuperPoint for Unmanned Aerial Vehicles,C. H. Quach; M. D. Phung; H. V. Le; S. Perry,"National Center For Technological Progress, Hanoi, Vietnam; VNU University of Engineering and Technology, Hanoi, Vietnam; VNU University of Engineering and Technology, Hanoi, Vietnam; University of Technology Sydney, New South Wale, Australia",2021 8th NAFOSTED Conference on Information and Computer Science (NICS),8 Feb 2022,2021,,,507,512,"Simultaneous localization and mapping (SLAM) is essential for unmanned aerial vehicle (UAV) applications since it allows the UAV to estimate not only its position and orientation but also the map of its working environment. We propose in this study a new SLAM system for UAVs named SupSLAM that works with a stereo camera and an inertial measurement unit (IMU). The system includes a front-end that provides an initial estimate of the UAV position and working environment and a back-end that compensates for the drift caused by the initial estimation. To improve the accuracy and robustness of the system, we use a new feature extraction method named SuperPoint, which includes a pretrained deep neural network to detect key points for estimation. This method is not only accurate in feature extraction but also efficient in computation so that it is relevant to implement on UAVs. We have conducted a number of experiments and comparisons to evaluate the performance of the proposed system. The results show that the system is feasible for UAV SLAM with the performance comparable to state-of-art methods in most datasets and better in some challenging conditions.",,978-1-6654-1001-4,10.1109/NICS54270.2021.9701527,,https://ieeexplore.ieee.org/stamp/stamp.jsp?arnumber=9701527,visual-inertial SLAM;superpoint;unmanned aerial vehicle;smart agriculture,Visualization;Simultaneous localization and mapping;Measurement units;Neural networks;Estimation;Feature extraction;Autonomous aerial vehicles,,10,,30,IEEE,8 Feb 2022,21-22 Dec. 2021,21-22 Dec. 2021,IEEE,IEEE Conferences
UAV/UGV Autonomous Cooperation: UAV assists UGV to climb a cliff by attaching a tether,T. Miki; P. Khrapchenkov; K. Hori,"University of Tokyo, Japan; University of Tokyo, Japan; University of Tokyo, Japan",2019 International Conference on Robotics and Automation (ICRA),12 Aug 2019,2019,,,8041,8047,"This paper proposes a novel cooperative system for an Unmanned Aerial Vehicle (UAV) and an Unmanned Ground Vehicle (UGV) which utilizes the UAV not only as a flying sensor but also as a tether attachment device. Two robots are connected with a tether, allowing the UAV to anchor the tether to a structure located at the top of a steep terrain, impossible to reach for UGVs. Thus, enhancing the poor traversability of the UGV by not only providing a wider range of scanning and mapping from the air, but also by allowing the UGV to climb steep terrains with the winding of the tether. In addition, we present an autonomous framework for the collaborative navigation and tether attachment in an unknown environment. The UAV employs visual inertial navigation with 3D voxel mapping and obstacle avoidance planning. The UGV makes use of the voxel map and generates an elevation map to execute path planning based on a traversability analysis. Furthermore, we compared the pros and cons of possible methods for the tether anchoring from multiple points of view. To increase the probability of successful anchoring, we evaluated the anchoring strategy with an experiment. Finally, the feasibility and capability of our proposed system were demonstrated by an autonomous mission experiment in the field with an obstacle and a cliff.",2577-087X,978-1-5386-6027-0,10.1109/ICRA.2019.8794265,,https://ieeexplore.ieee.org/stamp/stamp.jsp?arnumber=8794265,,Robot sensing systems;Navigation;Three-dimensional displays;Unmanned aerial vehicles;Trajectory;Attitude control,,59,,35,IEEE,12 Aug 2019,20-24 May 2019,20-24 May 2019,IEEE,IEEE Conferences
CVIDS: A Collaborative Localization and Dense Mapping Framework for Multi-Agent Based Visual-Inertial SLAM,T. Zhang; L. Zhang; Y. Chen; Y. Zhou,"School of Software Engineering, Tongji University, Shanghai, China; School of Software Engineering, Tongji University, Shanghai, China; School of Software Engineering, Tongji University, Shanghai, China; Department of Computer and Information Science, University of Macau, Macau, China",IEEE Transactions on Image Processing,21 Oct 2022,2022,31,,6562,6576,"Nowadays, visual SLAM (Simultaneous Localization And Mapping) has become a hot research topic due to its low costs and wide application scopes. Traditional visual SLAM frameworks are usually designed for single-agent systems, completing both the localization and the mapping with sensors equipped on a single robot or a mobile device. However, the mobility and work capacity of the single agent are usually limited. In reality, robots or mobile devices sometimes may be deployed in the form of clusters, such as drone formations, wearable motion capture systems, and so on. As far as we know, existing SLAM systems designed for multi-agents are still sporadic, and most of them have non-negligible limitations in functions. Specifically, on one hand, most of the existing multi-agent SLAM systems can only extract some key features and build sparse maps. On the other hand, schemes that can reconstruct the environment densely cannot get rid of the dependence on depth sensors, such as RGBD cameras or LiDARs. Systems that can yield high-density maps just with monocular camera suites are temporarily lacking. As an attempt to fill in the research gap to some extent, we design a novel collaborative SLAM system, namely CVIDS (Collaborative Visual-Inertial Dense SLAM), which follows a centralized and loosely coupled framework and can be integrated with any existing Visual-Inertial Odometry (VIO) to accomplish the co-localization and the dense reconstruction. Integrating our proposed robust loop closure detection module and two-stage pose-graph optimization pipeline, the co-localization module of CVIDS can estimate the poses of different agents in a unified coordinate system efficiently from the packed images and local poses sent by the client-ends of different agents. Besides, our motion-based dense mapping module can effectively recover the 3D structures of selected keyframes and then fuse their depth information to the global map for reconstruction. The superior performance of CVIDS is corroborated by both quantitative and qualitative experimental results. To make our results reproducible, the source code has been released at https://cslinzhang.github.io/CVIDS.",1941-0042,,10.1109/TIP.2022.3213189,"National Key Research and Development Project(grant numbers:2020YFB2103900); National Natural Science Foundation of China(grant numbers:62272343,61973235,61936014); Shanghai Science and Technology Innovation Plan(grant numbers:20510760400); Shuguang Program of Shanghai Education Development Foundation and Shanghai Municipal Education Commission(grant numbers:21SG23); ",https://ieeexplore.ieee.org/stamp/stamp.jsp?arnumber=9919619,Multi-agent;monocular camera suite;dense mapping;visual-inertial odometry,Simultaneous localization and mapping;Collaboration;Sensors;Location awareness;Cameras;Image reconstruction;Sensor systems,,31,,43,IEEE,14 Oct 2022,2022,,IEEE,IEEE Journals
Edge Computing in 5G for Drone Navigation: What to Offload?,S. Hayat; R. Jung; H. Hellwagner; C. Bettstetter; D. Emini; D. Schnieders,"Institute of Information Technology (ITEC), University of Klagenfurt, Klagenfurt, Austria; Karl-Popper-Kolleg on Networked and Aerial Vehicles (NAV), University of Klagenfurt, Klagenfurt, Austria; Institute of Information Technology (ITEC), University of Klagenfurt, Klagenfurt, Austria; Karl-Popper-Kolleg on Networked and Aerial Vehicles (NAV), University of Klagenfurt, Klagenfurt, Austria; Deutsche Telekom AG, Bonn, Germany; Deutsche Telekom AG, Bonn, Germany",IEEE Robotics and Automation Letters,15 Mar 2021,2021,6,2,2571,2578,"Small drones that navigate using cameras may be limited in their speed and agility by low onboard computing power. We evaluate the role of edge computing in 5G for such autonomous navigation. The offloading of image processing tasks to an edge server is studied with a vision-based navigation algorithm. Three computation modes are compared: onboard, fully offloaded to the edge, and partially offloaded. Partial offloading is expected to pose lower demands on the communication network in terms of transfer rate than full offloading but requires some onboard processing. Our results on the computation time help select the most suitable mode for image processing, i.e., whether and what to offload, based on the network conditions.",2377-3766,,10.1109/LRA.2021.3062319,Magenta Telekom; Deutsche Telekom AG; Alpen-Adria-Universität Klagenfurt; ,https://ieeexplore.ieee.org/stamp/stamp.jsp?arnumber=9363523,Aerial systems;autonomous vehicle navigation;perception and autonomy;vision-based navigation,Drones;Navigation;Servers;Task analysis;Image edge detection;Image processing;Edge computing,,58,,20,IEEE,25 Feb 2021,April 2021,,IEEE,IEEE Journals
Fusion of Artificial Intelligence and 5G in Defining Future UAV Technologies - A Review,B. Dash; M. F. Ansari; S. Swayamsiddha,"School of Computer and Info. Sciences, University of the Cumberlands, Williamsburg, KY, USA; School of Computer and Info. Sciences, University of the Cumberlands, Williamsburg, KY, USA; School of Computer and Info. Sciences, University of the Cumberlands, Williamsburg, KY, USA","2023 International Conference on Device Intelligence, Computing and Communication Technologies, (DICCT)",1 May 2023,2023,,,312,316,"In the modern world, drones or unmanned aerial vehicles (UAVs) are utilized for many different things and have lately attracted much scientific attention to the changing geo-political state. In addition to the military and businesses, scientists and researchers have used drones to study space and the ocean and find endangered species. Improved remote control and better communications are essential for any drone operation, which got a boost with innovation in 5G networks. A successful and fully operational modern 5G wireless network requires artificial intelligence (AI) procedures. Current 4G networks' reactive architecture with all-IP (Internet Protocol) internet access leads to inferior spectrum efficiency. Due to developments in AI and related subfields, such as machine learning and deep learning, fifth-generation (5G) wireless networks may now be proactive and predictive. The improved AI and sensor technology features are critical to achieving the 5G target and innovation with UAV techs. The study examines the possibilities of AI-based solutions in relation to UAV and 5G smart devices. The goal is to evaluate the various obstacles and unresolved problems facing UAV advancements and how the UAV revolution is changing the globe.",,978-1-6654-7491-7,10.1109/DICCT56244.2023.10110231,,https://ieeexplore.ieee.org/stamp/stamp.jsp?arnumber=10110231,AI;DL;5G;UAV;QoS;QoE,Technological innovation;Protocols;5G mobile communication;Wireless networks;Oceans;Autonomous aerial vehicles;Internet,,4,,30,IEEE,1 May 2023,17-18 March 2023,17-18 March 2023,IEEE,IEEE Conferences
"Localization, Planning, and Control of a UAV for Rapid Complete Coverage Bridge Inspection in Large-Scale Intermittent GPS Environments",Z. Wang; X. Li; Y. Zhang; P. Huang,"School of Automation, Northwestern Polytechnical University, Xi’an, China; Research Center of Intelligent Robotics, School of Astronautics, Northwestern Polytechnical University, Xi’an, China; Research Center of Intelligent Robotics, School of Astronautics, Northwestern Polytechnical University, Xi’an, China; Research Center of Intelligent Robotics, School of Astronautics, Northwestern Polytechnical University, Xi’an, China",IEEE Transactions on Control Systems Technology,25 Jun 2024,2024,32,4,1357,1369,"In this article, we tackle the problem of automated visual inspection using a quadrotor unmanned aerial vehicle (UAV) in large-scale intermittent Global Positioning System (GPS) environments. There are mainly three main challenges in this task including drift-free localization in intermittent GPS environments, coverage planning for maximizing inspection efficiency, and safe flight in disturbance environments. An aerial system, comprising localization, planning, and control components, is presented to address the aforementioned challenges. In this system, a localization method called intermittent GPS-aided visual inertial odometry (IGVIO) is devised to achieve precision absolute localization under intermittent GPS by fusion of visual inertial odometry (VIO). A hierarchical time-optimal trajectory planning method called HTOP is also proposed to maximize the efficiency of complete coverage inspection, and finally, a nonlinear model predictive control (NMPC) scheme is leveraged to achieve robust trajectory tracking despite potential external disturbances. Compared with the state-of-the-art time-optimal planners, the proposed planner has key improvements in stability, coverage, efficiency, and optimality, which implies our proposal is more suitable for rapid complete coverage bridge inspection. The proposal is tested in real-world experiments with a commercial quadrotor, which demonstrates that our aerial system can meet the practicability demands of automated visual inspection.",1558-0865,,10.1109/TCST.2024.3366695,National Natural Science Foundation of China(grant numbers:62022067); ,https://ieeexplore.ieee.org/stamp/stamp.jsp?arnumber=10443539,Aerial system;coverage planning;intermittent Global Positioning System (GPS)-aided visual inertial odometry (VIO);model predictive control;visual inspection,Inspection;Global Positioning System;Planning;Visualization;Location awareness;Trajectory;Autonomous aerial vehicles;Odometry;Predictive control,,19,,39,IEEE,22 Feb 2024,July 2024,,IEEE,IEEE Journals
SIMSF: A Scale Insensitive Multi-Sensor Fusion Framework for Unmanned Aerial Vehicles Based on Graph Optimization,B. Dai; Y. He; L. Yang; Y. Su; Y. Yue; W. Xu,"State Key Laboratory of Robotics, Shenyang Institute of Automation, Chinese Academy of Sciences, Shenyang, China; State Key Laboratory of Robotics, Shenyang Institute of Automation, Chinese Academy of Sciences, Shenyang, China; State Key Laboratory of Robotics, Shenyang Institute of Automation, Chinese Academy of Sciences, Shenyang, China; State Key Laboratory of Robotics, Shenyang Institute of Automation, Chinese Academy of Sciences, Shenyang, China; School of Electrical and Electronics Engineering, Nanyang Technological University, Singapore; Department of Mechanical Engineering, The University of Auckland, Auckland, New Zealand",IEEE Access,2 Jul 2020,2020,8,,118273,118284,"Given the payload limitation of unmanned aerial vehicles (UAVs), lightweight sensors such as camera, inertial measurement unit (IMU), and GPS, are ideal onboard measurement devices. By fusing multiple sensors, accurate state estimations can be achieved. Robustness against sensor faults is also possible because of redundancy. However, scale estimation of visual systems (visual odometry or visual inertial odometry, VO/VIO) suffers from sensor noise and special-case movements such as uniform linear motion. Thus, in this paper, a scale insensitive multi-sensor fusion (SIMSF) framework based on graph optimization is proposed. This framework combines the local estimation of the VO/VIO and global sensors to infer the accurate global state estimation of UAVs in real time. A similarity transformation between the local frame of the VO/VIO and the global frame is estimated by optimizing the poses of the most recent UAV states. In particular, for VO, an initial scale is estimated by aligning the VO with the IMU and GPS measurements. Moreover, a fault detection method for VO/VIO is also proposed to enhance the robustness of the fusion framework. The proposed methods are tested on a UAV platform and evaluated in several challenging environments. A comparison between our results and the results from other state-of-the-art algorithms demonstrate the superior accuracy, robustness, and real-time performance of our system. Our work is also a general fusion framework, which can be extended to other platforms as well.",2169-3536,,10.1109/ACCESS.2020.3000555,"National Basic Research Program of China (973 Program)(grant numbers:2017YFC0822201); National Natural Science Foundation of China(grant numbers:91648204,U1608253); Autonomous Control Technology of Heterogeneous Intelligent System(grant numbers:41412040202); ",https://ieeexplore.ieee.org/stamp/stamp.jsp?arnumber=9110577,Multi-sensor fusion;graph optimization;fusion framework;scale insensitive;unmanned aerial vehicle;state estimation,Global Positioning System;Optimization;State estimation;Cameras;Robustness;Sensor fusion,,13,,27,CCBY,8 Jun 2020,2020,,IEEE,IEEE Journals
Optimal Offloading of Computing-intensive Tasks for Edge-aided Maritime UAV Systems,H. Li; S. Wu; D. Li; J. Jiao; N. Zhang; Q. Zhang,"Department of Electronics and Information Engineering, Harbin Institute of Technology (Shenzhen), Guangdong, China; Department of Electronics and Information Engineering, Harbin Institute of Technology (Shenzhen), Guangdong, China; Department of Electronics and Information Engineering, Harbin Institute of Technology (Shenzhen), Guangdong, China; Department of Electronics and Information Engineering, Harbin Institute of Technology (Shenzhen), Guangdong, China; Department of Electrical and Computer Engineering, University of Windsor, Windsor, ON, Canada; Department of Electronics and Information Engineering, Harbin Institute of Technology (Shenzhen), Guangdong, China",2022 IEEE 95th Vehicular Technology Conference: (VTC2022-Spring),25 Aug 2022,2022,,,1,6,"This paper considers the autonomous detecting and tracking task of the unmanned aerial vehicle (UAV) in the maritime environment. In the maritime UAV tracking system, due to the large size of the image computing-task and the shortage of UAV batteries and computational capability, the UAV needs to offload the computing-intensive task to the edge computing server (ECS) to reduce energy consumption and task latency. However, the task latency is still too long for the UAV tracking algorithm due to the large image size. We research the impact of image resolution on the computing task size and detection accuracy, and formulate an edge-aided UAV system with dynamic image resolution. With the constraint on task latency, we jointly optimize the image resolution, offloading rate, transmission power and local central processing unit (CPU) frequency to minimize energy consumption. Although the proposed problem is non-convex, we transform it into a convex optimization problem through decoupling and problem decomposition, and obtain an optimal offloading strategy. The numerical results show the energy efficiency of the proposed strategy by comparing it with the local first offloading strategy and the edge first offloading strategy.",2577-2465,978-1-6654-8243-1,10.1109/VTC2022-Spring54318.2022.9860881,Research and Development; National Natural Science Foundation of China; ,https://ieeexplore.ieee.org/stamp/stamp.jsp?arnumber=9860881,edge computing;UAV;visual target tracking;offload;image resolution,Energy consumption;Vehicular and wireless technologies;Image resolution;Target tracking;Image edge detection;Transforms;Autonomous aerial vehicles,,1,,19,IEEE,25 Aug 2022,19-22 June 2022,19-22 June 2022,IEEE,IEEE Conferences
Autonomous Indoor Proximity Flight of a Quadcopter Drone Using a Directional 3D Lidar and VIO Sensor,J. T. Jang; W. Youn,"Future Innovation Research Center, Korea Aerospace Research Institute, Daejeon, Korea; Department of Autonomous Vehicle System Engineering, Chungnam National University, Daejeon, Korea","2022 22nd International Conference on Control, Automation and Systems (ICCAS)",9 Jan 2023,2022,,,1981,1983,"This paper describes the implementation and the flight experiment result of the autonomous indoor proximity flight of a MAV(Micro Aero Vehicle) quadcopter. As the visual sensors for autonomous flight of the drone, light-weighted commercial products were used. For the flight control and visual sensor processing, several open softwares were used. After system structures are explained, the data processing procedures in software are explained briefly from the sensor input to the control of the drone. The flight simulation and real flight test were performed and their results are described.",2642-3901,978-89-93215-24-3,10.23919/ICCAS55662.2022.10003684,,https://ieeexplore.ieee.org/stamp/stamp.jsp?arnumber=10003684,L515;T265;Lidar;VIO;MLMapping;PX4;ROS;Drone;MAV,Visualization;Three-dimensional displays;Laser radar;Position measurement;Sensor systems;Software;Sensors,,4,,4,,9 Jan 2023,27 Nov.-1 Dec. 2022,27 Nov.-1 Dec. 2022,IEEE,IEEE Conferences
An Augmented Reality Interaction Interface for Autonomous Drone,C. Liu; S. Shen,"Department of Electronic and Computer Engineering, Hong Kong University of Science and Technology, Hong Kong, China; Department of Electronic and Computer Engineering, Hong Kong University of Science and Technology, Hong Kong, China",2020 IEEE/RSJ International Conference on Intelligent Robots and Systems (IROS),10 Feb 2021,2020,,,11419,11424,"Human drone interaction in autonomous navigation incorporates spatial interaction tasks, including reconstructed 3D map from the drone and human desired target position. Augmented Reality (AR) devices can be powerful interactive tools for handling these spatial interactions. In this work, we build an AR interface that displays the reconstructed 3D map from the drone on physical surfaces in front of the operator. Spatial target positions can be further set on the 3D map by intuitive head gaze and hand gesture. The AR interface is deployed to interact with an autonomous drone to explore an unknown environment. A user study is further conducted to evaluate the overall interaction performance.",2153-0866,978-1-7281-6212-6,10.1109/IROS45743.2020.9341037,,https://ieeexplore.ieee.org/stamp/stamp.jsp?arnumber=9341037,,Surface reconstruction;Three-dimensional displays;Tools;Task analysis;Augmented reality;Drones;Autonomous robots,,28,,18,IEEE,10 Feb 2021,24 Oct.-24 Jan. 2021,24 Oct.-24 Jan. 2021,IEEE,IEEE Conferences
AgileVision Academy: Indoor Drone Navigation and Obstacle Avoidance,H. Jiang; L. Gu; J. Wang; X. Lan; Q. Liu; F. Wang,"Department of Electrical and Electronic Engineering, School of Advanced Technology, Xi’an Jiaotong Liverpool University, University of Liverpool, Suzhou, China; Department of Intelligence Robotics Engineering With Contemporary Entrepreneurialism, School of Robotics, Xi'an Jiaotong Liverpool University, Suzhou, China; Department of Information and Computer Science, School of Advanced Technology, Xi’an Jiaotong Liverpool University, Suzhou, China; Department of Electrical and Electronic Engineering, School of Advanced Technology, Xi’an Jiaotong Liverpool University, Suzhou, China; Department of Mechatronics and Robotics, School of Advanced Technology, Xi’an Jiaotong Liverpool University, Suzhou, China; Department of Mechatronics and Robotics, School of Advanced Technology, Xi’an Jiaotong Liverpool University, Suzhou, China",2024 14th International Conference on Information Technology in Medicine and Education (ITME),27 Mar 2025,2024,,,1097,1103,"Navigating cluttered indoor environments presents a significant challenge for aerial robots, requiring agility, speed, and a high level of reliability to avoid collisions. This project aims to address this challenge by developing advanced algorithms for lightweight drones, enabling them to reach target location and carrying out delivery efficiently and safely. Utilizing camera data to map and avoid obstacles, we create a system that not only maps and perceives the environment but also navigates its path to the destination. Included in the educational content, this project demonstrates the effectiveness of the technology through practical applications and real-world testing, helping the next generation of engineers accumulate technical experience and broaden their understanding of drone navigation algorithms and applications in system integration. It has a milestone impact on education and development of the drone field.",2474-3828,979-8-3503-5667-0,10.1109/ITME63426.2024.00219,Natural Science Foundation of Jiangsu Province; ,https://ieeexplore.ieee.org/stamp/stamp.jsp?arnumber=10935434,Cluttered;indoor;navigation;drones;education,Accuracy;Navigation;Trajectory tracking;Heuristic algorithms;Education;Indoor environment;Safety;Nonlinear dynamical systems;Collision avoidance;Drones,,,,23,IEEE,27 Mar 2025,13-15 Sept. 2024,13-15 Sept. 2024,IEEE,IEEE Conferences
PaintCopter: An Autonomous UAV for Spray Painting on Three-Dimensional Surfaces,A. S. Vempati; M. Kamel; N. Stilinovic; Q. Zhang; D. Reusser; I. Sa; J. Nieto; R. Siegwart; P. Beardsley,"Autonomous Systems Lab at ETH Zurich, Zurich, Switzerland; Autonomous Systems Lab at ETH Zurich, Zurich, Switzerland; Disney Research Zurich, Zurich, Switzerland; Disney Research Zurich, Zurich, Switzerland; Disney Research Zurich, Zurich, Switzerland; Autonomous Systems Lab at ETH Zurich, Zurich, Switzerland; Autonomous Systems Lab at ETH Zurich, Zurich, Switzerland; Autonomous Systems Lab at ETH Zurich, Zurich, Switzerland; Disney Research Zurich, Zurich, Switzerland",IEEE Robotics and Automation Letters,26 Jun 2018,2018,3,4,2862,2869,"This letter describes a system for autonomous spray painting using an unmanned aerial vehicle (UAV), suitable for industrial applications. The work is motivated by the potential for such a system to achieve accurate and fast painting results. The PaintCopter is a quadrotor that has been custom fitted with an arm plus a spray gun on a pan-tilt mechanism. To enable long deployment times for industrial painting tasks, power and paint are delivered by lines from an external unit. The ability to paint planar surfaces, such as walls in single color, is a basic requirement for a spray painting system. But this work addresses more sophisticated operation that subsumes the basic task, including painting on three-dimensional (3D) structure, and painting of a desired texture appearance. System operation consists of (a) an offline component to capture a 3D model of the target surface, (b) an offline component to design the painted surface appearance and generate the associated robotic painting commands, and (c) a live system that carries out the spray painting. Experimental results demonstrate autonomous spray painting by the UAV, doing area fill and versatile line painting on a 3D surface.",2377-3766,,10.1109/LRA.2018.2846278,,https://ieeexplore.ieee.org/stamp/stamp.jsp?arnumber=8379422,Aerial systems: applications;computer vision for automation;industrial field robots,Painting;Three-dimensional displays;Computer vision;Task analysis;Color;Autonomous robots;Autonomous systems;Industrial control;Unmanned aerial vehicles;Surface treatment,,53,,21,IEEE,11 Jun 2018,Oct. 2018,,IEEE,IEEE Journals
Beauty and the Beast: Optimal Methods Meet Learning for Drone Racing,E. Kaufmann; M. Gehrig; P. Foehn; R. Ranftl; A. Dosovitskiy; V. Koltun; D. Scaramuzza,"Robotics and Perception Group, University of Zurich and ETH Zurich; Robotics and Perception Group, University of Zurich and ETH Zurich; Robotics and Perception Group, University of Zurich and ETH Zurich; Intelligent Systems Lab, Intel; Intelligent Systems Lab, Intel; Intelligent Systems Lab, Intel; Robotics and Perception Group, University of Zurich and ETH Zurich",2019 International Conference on Robotics and Automation (ICRA),12 Aug 2019,2019,,,690,696,"Autonomous micro aerial vehicles still struggle with fast and agile maneuvers, dynamic environments, imperfect sensing, and state estimation drift. Autonomous drone racing brings these challenges to the fore. Human pilots can fly a previously unseen track after a handful of practice runs. In contrast, state-of-the-art autonomous navigation algorithms require either a precise metric map of the environment or a large amount of training data collected in the track of interest. To bridge this gap, we propose an approach that can fly a new track in a previously unseen environment without a precise map or expensive data collection. Our approach represents the global track layout with coarse gate locations, which can be easily estimated from a single demonstration flight. At test time, a convolutional network predicts the poses of the closest gates along with their uncertainty. These predictions are incorporated by an extended Kalman filter to maintain optimal maximum-a-posteriori estimates of gate locations. This allows the framework to cope with misleading high-variance estimates that could stem from poor observability or lack of visible gates. Given the estimated gate poses, we use model predictive control to quickly and accurately navigate through the track. We conduct extensive experiments in the physical world, demonstrating agile and robust flight through complex and diverse previously-unseen race tracks. The presented approach was used to win the IROS 2018 Autonomous Drone Race Competition, outracing the second-placing team by a factor of two.",2577-087X,978-1-5386-6027-0,10.1109/ICRA.2019.8793631,,https://ieeexplore.ieee.org/stamp/stamp.jsp?arnumber=8793631,,Logic gates;Drones;Navigation;Training data;Current measurement;Layout;Uncertainty,,92,,24,IEEE,12 Aug 2019,20-24 May 2019,20-24 May 2019,IEEE,IEEE Conferences
LEVIO: Lightweight Embedded Visual Inertial Odometry for Resource-Constrained Devices,J. Kühne; C. Vogt; M. Magno; L. Benini,"Integrated Systems Laboratory and the Center for Project-Based Learning, ETH Zürich, Zürich, Switzerland; Center for Project-Based Learning, ETH Zürich, Zürich, Switzerland; Center for Project-Based Learning, ETH Zürich, Zürich, Switzerland; Integrated Systems Laboratory, ETH Zürich, Zürich, Switzerland",IEEE Sensors Journal,30 Jan 2026,2026,26,3,5026,5036,"Accurate, infrastructure-less sensor systems for motion tracking are essential for mobile robotics and augmented reality (AR) applications. The most popular stateof- the-art visual-inertial odometry (VIO) systems, however, are too computationally demanding for resource-constrained hardware, such as micro-drones and smart glasses. This work presents LEVIO, a fully featured VIO pipeline optimized for ultralow-power compute platforms, allowing six-degreesof- freedom (DoFs) real-time sensing. LEVIO incorporates established VIO components such as oriented FAST and rotated BRIEF (ORB) feature tracking and bundle adjustment (BA), while emphasizing a computationally efficient architecture with parallelization and low memory usage to suit embedded microcontrollers and low-power system on chip (SoCs). This article proposes and details the algorithmic design choices and the hardware-software co-optimization approach, and presents real-time performance on resource-constrained hardware. LEVIO is validated on a parallelprocessing ultralow-power RISC-V SoC, achieving 20 FPS while consuming less than 100mW, and benchmarked against public VIO datasets, offering a compelling balance between efficiency and accuracy. To facilitate reproducibility and adoption, the complete implementation is released as open-source.",1558-1748,,10.1109/JSEN.2025.3644788,,https://ieeexplore.ieee.org/stamp/stamp.jsp?arnumber=11311437,Constrained devices;cyber-physical systems;embedded devices;energy-efficient devices,Pipelines;Accuracy;Visualization;Cameras;Real-time systems;Optimization;Tracking;Feature extraction;Odometry;Hardware,,2,,40,IEEE,22 Dec 2025,"1 Feb.1, 2026",,IEEE,IEEE Journals
Dual Pose-Graph Semantic Localization for Vision-Based Autonomous Drone Racing,D. Perez-Saura; M. Fernandez-Cortizas; A. J. Gaona; P. Campoy,"Computer Vision & Aerial Robotics Group, Universidad Politécnica de Madrid, Madrid, Spain; Computer Vision & Aerial Robotics Group, Universidad Politécnica de Madrid, Madrid, Spain; Computer Vision & Aerial Robotics Group, Universidad Politécnica de Madrid, Madrid, Spain; Computer Vision & Aerial Robotics Group, Universidad Politécnica de Madrid, Madrid, Spain",2026 IEEE 13th International Workshop on Metrology for AeroSpace (MetroAeroSpace),18 Aug 2026,2026,,,228,233,"Autonomous drone racing demands robust realtime localization under extreme conditions: high-speed flight, aggressive maneuvers, and payload-constrained platforms that often rely on a single camera for perception. Existing visual SLAM systems, while effective in general scenarios, struggle with motion blur and feature instability inherent to racing dynamics, and do not exploit the structured nature of racing environments. In this work, we present a dual pose-graph architecture that fuses odometry with semantic detections for robust localization. A temporary graph accumulates multiple gate observations between keyframes and optimizes them into a single refined constraint per landmark, which is then promoted to a persistent main graph. This design preserves the information richness of frequent detections while preventing graph growth from degrading real-time performance. The system is designed to be sensor-agnostic, although in this work we validate it using monocular visual-inertial odometry and visual gate detections. Experimental evaluation on the TII-RATM dataset shows a 56% to 74% reduction in Absolute Trajectory Error (ATE) compared to standalone visual-inertial odometry, while an ablation study confirms that the dual-graph architecture achieves 10% to 12% higher accuracy than a single-graph baseline at identical computational cost. Deployment in the Abu Dhabi Autonomous Racing League (A2RL) competition demonstrated that the system performs real-time onboard localization during flight, reducing the drift of the odometry baseline by up to 4.2 m per lap.",2575-7490,979-8-3315-5125-4,10.1109/MetroAeroSpace69299.2026.11646645,,https://ieeexplore.ieee.org/stamp/stamp.jsp?arnumber=11646645,pose-graph SLAM;semantic localization;autonomous drone racing;visual inertial odometry,Signal detection;Drones;Optimization;Odometry;Printing;Location awareness;Visualization;Robots;Simultaneous localization and mapping;Sequences,,,,19,IEEE,18 Aug 2026,1-3 July 2026,1-3 July 2026,IEEE,IEEE Conferences
Vision-Based Autonomous Landing for Unmanned Aerial and Ground Vehicles Cooperative Systems,G. Niu; Q. Yang; Y. Gao; M. -O. Pun,"School of Science and Engineering, Chinese University of Hong Kong, Shenzhen, China; School of Automation, Beijing Institute of Technology, Beijing, China; School of Science and Engineering, Chinese University of Hong Kong, Shenzhen, China; School of Science and Engineering, Chinese University of Hong Kong, Shenzhen, China",IEEE Robotics and Automation Letters,29 Apr 2022,2022,7,3,6234,6241,"In this work, we consider a cooperative system in which UAVs perform long-distance missions with assistance of unmanned ground vehicles (UGVs) for battery charging. We propose an autonomous landing scheme for the UAV to land on a mobile UGV with high precision by leveraging multiple-scale Quick Response (QR)-codes for different altitudes. These QR-codes support the acquisition of the relative distance and direction between the UGV and UAV. As a result, the UGV is not required to report its accurate state to the UAV. In contrast to the conventional landing algorithms based on the global positioning system (GPS), the proposed vision-based autonomous landing algorithm is available for both outdoor and GPS-denied scenarios. To cope with the challenge on the moving platform landing, a quadratic programming (QP) problem is formulated to design the velocity controller by combining a control barrier function (CBF) and a control Lyapunov function (CLF). Finally, both extensive computer simulation and a prototype of the proposed system are shown to confirm the feasibility of the proposed system and landing scheme.",2377-3766,,10.1109/LRA.2021.3101882,"Shenzhen Science and Technology Innovation Committee(grant numbers:ZDSYS20170725140921348); Shenzhen Institute of Artificial Intelligence and Robotics for Society (AIRS)(grant numbers:AC01202005001); China Postdoctoral Science Foundation(grant numbers:2020M672747); National Natural Science Foundation of China(grant numbers:61731018,61903035); ",https://ieeexplore.ieee.org/stamp/stamp.jsp?arnumber=9507289,Cooperative system;autonomous landing;control lyapunov/barrier function;quadratic programming,Unmanned aerial vehicles;Cooperative systems;Task analysis;Batteries;Meteorology;Global Positioning System;Quadratic programming,,74,,25,IEEE,4 Aug 2021,July 2022,,IEEE,IEEE Journals
Resilient Navigation for UAVs: GNSS Attack Detection and Seamless Transition to Visual-Inertial Localization,S. R. Akkala; H. Allaka,"Department of Mechanical and Aerospace Engineering, IIT Hyderabad, Hyderabad, India; Department of Mechanical and Aerospace Engineering, IIT Hyderabad, Hyderabad, India",2025 IEEE 22nd India Council International Conference (INDICON),20 Feb 2026,2025,,,1,5,"Modern aerial surveillance and autonomous drone operations rely heavily on Global Navigation Satellite System (GNSS) technology for precise navigation and mission execution. However, this dependency exposes critical systems to significant vulnerabilities from signal interference, including malicious spoofing and jamming attacks, which can compromise operational integrity. This paper presents a resilient navigation framework designed to ensure mission continuity in GNSS-compromised environments by integrating real-time attack detection with a seamless transition to alternative navigation methodologies. We first demonstrate these critical vulnerabilities by conducting controlled signal injection attacks on commercial navigation modules using portable software-defined radio (SDR) platforms. Addressing these risks, we propose and validate the core components of an autonomous framework that intelligently detects signal anomalies and seamlessly transitions the navigation state from GNSS-dependent to a map-aided visual-inertial or any other situational awareness-based localization mode. This system is designed to enable robust autonomous navigation in GNSS-denied or degraded environments, ensuring resilience for a wide range of mission scenarios. Experimental validation confirms the system’s ability to detect malicious interference in real-time and execute a rapid, reliable handover to sensor-based localization, ensuring operational continuity and safety even under adverse GNSS signal condition.",2325-9418,979-8-3315-9031-4,10.1109/INDICON68490.2025.11392970,,https://ieeexplore.ieee.org/stamp/stamp.jsp?arnumber=11392970,GPS spoofing;GPS Jamming;autonomous drones;Visual-Inertial Odometry (VIO);3D map-based localization;GNSS-denied environments;security resilience;UAV Security;sensor fusion;Regenerative Navigation,Location awareness;Global navigation satellite system;Radio navigation;Real-time systems;Security;Reliability;Logic;Jamming;Drones;Resilience,,,,11,IEEE,20 Feb 2026,18-20 Dec. 2025,18-20 Dec. 2025,IEEE,IEEE Conferences
Learned Inertial Odometry for Autonomous Drone Racing,G. Cioffi; L. Bauersfeld; E. Kaufmann; D. Scaramuzza,"Robotics and Perception Group, Department of Informatics, University of Zurich, and Department of Neuroinformatics, University of Zurich and ETH Zurich, Zurich, Switzerland; Robotics and Perception Group, Department of Informatics, University of Zurich, and Department of Neuroinformatics, University of Zurich and ETH Zurich, Zurich, Switzerland; Robotics and Perception Group, Department of Informatics, University of Zurich, and Department of Neuroinformatics, University of Zurich and ETH Zurich, Zurich, Switzerland; Robotics and Perception Group, Department of Informatics, University of Zurich, and Department of Neuroinformatics, University of Zurich and ETH Zurich, Zurich, Switzerland",IEEE Robotics and Automation Letters,27 Mar 2023,2023,8,5,2684,2691,"Inertial odometry is an attractive solution to the problem of state estimation for agile quadrotor flight. It is inexpensive, lightweight, and it is not affected by perceptual degradation. However, only relying on the integration of the inertial measurements for state estimation is infeasible. The errors and time-varying biases present in such measurements cause the accumulation of large drift in the pose estimates. Recently, inertial odometry has made significant progress in estimating the motion of pedestrians. State-of-the-art algorithms rely on learning a motion prior that is typical of humans but cannot be transferred to drones. In this work, we propose a learning-based odometry algorithm that uses an inertial measurement unit (IMU) as the only sensor modality for autonomous drone racing tasks. The core idea of our system is to couple a model-based filter, driven by the inertial measurements, with a learning-based module that has access to the thrust measurements. We show that our inertial odometry algorithm is superior to the state-of-the-art filter-based and optimization-based visual-inertial odometry as well as the state-of-the-art learned-inertial odometry in estimating the pose of an autonomous racing drone. Additionally, we show that our system is comparable to a visual-inertial odometry solution that uses a camera and exploits the known gate location and appearance. We believe that the application in autonomous drone racing paves the way for novel research in inertial odometry for agile quadrotor flight.",2377-3766,,10.1109/LRA.2023.3252342,National Centre of Competence in Research Robotics; Swiss National Science Foundation; European Union's Horizon 2020 Research and Innovation Programme(grant numbers:871479); European Research Council(grant numbers:864042); ,https://ieeexplore.ieee.org/stamp/stamp.jsp?arnumber=10058169,Aerial systems: applications;aerial systems: perception and autonomy;deep learning methods,Drones;Quadrotors;State estimation;Neural networks;Gyroscopes;Logic gates;Displacement measurement,,36,,33,IEEE,3 Mar 2023,May 2023,,IEEE,IEEE Journals
Attention and Anticipation in Fast Visual-Inertial Navigation,L. Carlone; S. Karaman,"Laboratory for Information and Decision Systems, Massachusetts Institute of Technology, Cambridge, MA, USA; Laboratory for Information and Decision Systems, Massachusetts Institute of Technology, Cambridge, MA, USA",IEEE Transactions on Robotics,5 Feb 2019,2019,35,1,1,20,"We study a visual-inertial navigation (VIN) problem in which a robot needs to estimate its state using an on-board camera and an inertial sensor, without any prior knowledge of the external environment. We consider the case in which the robot can allocate limited resources to VIN, due to tight computational constraints. Therefore, we answer the following question: under limited resources, what are the most relevant visual cues to maximize the performance of VIN? Our approach has four key ingredients. First, it is task-driven, in that the selection of the visual cues is guided by a metric quantifying the VIN performance. Second, it exploits the notion of anticipation, since it uses a simplified model for forward-simulation of robot dynamics, predicting the utility of a set of visual cues over a future time horizon. Third, it is efficient and easy to implement, since it leads to a greedy algorithm for the selection of the most relevant visual cues. Fourth, it provides formal performance guarantees: we leverage submodularity to prove that the greedy selection cannot be far from the optimal (combinatorial) selection. Simulations and real experiments on agile drones show that our approach ensures state-of-the-art VIN performance while maintaining a lean processing time. In the easy scenarios, our approach outperforms appearance-based feature selection in terms of localization errors. In the most challenging scenarios, it enables accurate VIN while appearance-based feature selection fails to track robot's motion during aggressive maneuvers.",1941-0468,,10.1109/TRO.2018.2872402,Association of Research Libraries; DCIST; Computing Research Association(grant numbers:W911NF-17-2-0181); ,https://ieeexplore.ieee.org/stamp/stamp.jsp?arnumber=8526341,Aerial robotics;computer vision;sensor fusion;simultaneous localization and mapping (SLAM),Visualization;Task analysis;Feature extraction;Robot sensing systems;Navigation;Hardware,,56,,81,IEEE,7 Nov 2018,Feb. 2019,,IEEE,IEEE Journals
Search Planning of a UAV/UGV Team With Localization Uncertainty in a Subterranean Environment,M. De Petrillo; J. Beard; Y. Gu; J. N. Gross,"West Virginia University, Morgantown, WV, USA; West Virginia University, Morgantown, WV, USA; West Virginia University, Morgantown, WV, USA; West Virginia University, Morgantown, WV, USA",IEEE Aerospace and Electronic Systems Magazine,8 Jun 2021,2021,36,6,6,16,"A waypoint planning algorithm for an unmanned aerial vehicle (UAV) is presented that is teamed with an unmanned ground vehicle (UGV) for the task of search and rescue in a subterranean environment. The UAV and UGV are teamed such that the localization of the UAV is conducted on the UGV via the multisensor fusion of a fisheye camera, 3-D light detection and ranging, ranging radio, and a laser altimeter. Likewise, the trajectory planning of the UAV is conducted on the UGV, which is assumed to have a 3-D map of the environment (e.g., from simultaneous localization and mapping). The goal of the planning algorithm is to satisfy the mission's exploration criteria while reducing the localization error of the UAV by evaluating the belief space for potential exploration routes. The presented algorithm is evaluated in a relevant simulation environment where the planning algorithm is shown to be effective at reducing the localization errors of the UAV.",1557-959X,,10.1109/MAES.2021.3065041,,https://ieeexplore.ieee.org/stamp/stamp.jsp?arnumber=9448603,,Location awareness;Uncertainty;Atmospheric measurements;Trajectory planning;Space missions;Particle measurements;Unmanned aerial vehicles,,27,,32,IEEE,8 Jun 2021,1 June 2021,,IEEE,IEEE Magazines
Autonomous Navigation Algorithm of Monocular UAV Based on Depth Estimation and Robust VIO,X. Zhen; Z. Deng; B. Lou; L. Hou; L. Wei,"Beijing University of Posts and Telecommunications, Beijing, China; Beijing University of Posts and Telecommunications, Beijing, China; Beijing University of Posts and Telecommunications, Beijing, China; Beijing University of Posts and Telecommunications, Beijing, China; Beijing University of Posts and Telecommunications, Beijing, China",2024 11th International Forum on Electrical Engineering and Automation (IFEEA),18 Feb 2025,2024,,,1167,1172,"The autonomous navigation of micro-monocular UAVs has emerged as a research focus, leveraging their compact size, lightweight design, and energy efficiency. However, the inherent scale ambiguity of monocular systems hinders the direct acquisition of dense, true-scale depth observations, posing collision risks. This paper introduces an innovative monocular UAV navigation system that integrates Visual Inertial Odometry (VIO) with a depth estimation network. The system leverages VIO for precise UAV positioning and employs the sparse, true-scale point cloud from VIO to calibrate the scale of monocular depth estimations, yielding a depth map with consistent scale continuity for downstream planning tasks. Furthermore, the depth estimations are utilized to refine VIO initialization, enhancing the algorithm's initialization speed and robustness. Experimental results demonstrate a 27.7% increase in VIO initialization velocity and a modest improvement in positioning accuracy. Additionally, our approach achieves a significant reduction in obstacle collision rates (34.9% decrease) and an enhanced flight mission completion rate (21.4% increase), outperforming current state-of-the-art end-to-end autonomous UAV navigation algorithms.",,979-8-3315-1661-1,10.1109/IFEEA64237.2024.10878697,,https://ieeexplore.ieee.org/stamp/stamp.jsp?arnumber=10878697,UAV;Depth estimation;autonomous navigation,Point cloud compression;Visualization;Navigation;Depth measurement;Autonomous aerial vehicles;Robustness;Safety;Planning;Odometry;Autonomous robots,,,,10,IEEE,18 Feb 2025,22-24 Nov. 2024,22-24 Nov. 2024,IEEE,IEEE Conferences
"AIVIO: Closed-Loop, Object-Relative Navigation of UAVs With AI-Aided Visual Inertial Odometry",T. Jantos; M. Scheiber; C. Brommer; E. Allak; S. Weiss; J. Steinbrener,"Control of Networked Systems Group, University of Klagenfurt, Klagenfurt, Austria; Control of Networked Systems Group, University of Klagenfurt, Klagenfurt, Austria; Control of Networked Systems Group, University of Klagenfurt, Klagenfurt, Austria; Control of Networked Systems Group, University of Klagenfurt, Klagenfurt, Austria; Control of Networked Systems Group, University of Klagenfurt, Klagenfurt, Austria; Control of Networked Systems Group, University of Klagenfurt, Klagenfurt, Austria",IEEE Robotics and Automation Letters,21 Oct 2024,2024,9,12,10764,10771,"Object-relative mobile robot navigation is essential for a variety of tasks, e.g. autonomous critical infrastructure inspection, but requires the capability to extract semantic information about the objects of interest from raw sensory data. While deep learning-based (DL) methods excel at inferring semantic object information from images, such as class and relative 6$^{\circ }$ of freedom (6-DoF) pose, they are computationally demanding and thus often not suitable for payload constrained mobile robots. In this letter we present a real-time capable unmanned aerial vehicle (UAV) system for object-relative, closed-loop navigation with a minimal sensor configuration consisting of an inertial measurement unit (IMU) and RGB camera. Utilizing a DL-based object pose estimator, solely trained on synthetic data and optimized for companion board deployment, the object-relative pose measurements are fused with the IMU data to perform object-relative localization. We conduct multiple real-world experiments to validate the performance of our system for the challenging use case of power pole inspection. An example closed-loop flight is presented in the supplementary video.",2377-3766,,10.1109/LRA.2024.3479713,"Bundesministerium für Klimaschutz, Umwelt, Energie, Mobilität, Innovation und Technologie(grant numbers:881082); MUKISANO; Austrian Science Fund(grant numbers:TAI 183); ",https://ieeexplore.ieee.org/stamp/stamp.jsp?arnumber=10715655,AI-based methods;autonomous vehicle navigation;object-relative localization;vision-based navigation,Navigation;6-DOF;Autonomous aerial vehicles;Robot localization;Inspection;Cameras;Semantics;Accuracy;Robot vision systems;Global navigation satellite system,,7,,23,CCBY,14 Oct 2024,Dec. 2024,,IEEE,IEEE Journals
"LIDAR-based Stabilization, Navigation and Localization for UAVs Operating in Dark Indoor Environments",M. Petrlík; T. Krajník; M. Saska,"Faculty of Electrical Engineering, Czech Technical University in Prague, Prague 6; Faculty of Electrical Engineering, Czech Technical University in Prague, Prague 6; Faculty of Electrical Engineering, Czech Technical University in Prague, Prague 6",2021 International Conference on Unmanned Aircraft Systems (ICUAS),19 Jul 2021,2021,,,243,251,"Autonomous operation of UAVs in a closed environment requires precise and reliable pose estimate that can stabilize the UAV without using external localization systems such as GNSS. In this work, we are concerned with estimating the pose from laser scans generated by an inexpensive and lightweight LIDAR. We propose a localization system for lightweight (under 200 g) LIDAR sensors with high reliability in arbitrary environments, where other methods fail. The general nature of the proposed method allows deployment in wide array of applications. Moreover, seamless transitioning between different kinds of environments is possible. The advantage of LIDAR localization is that it is robust to poor illumination, which is often challenging for camera-based solutions in dark indoor environments and in the case of the transition between indoor and outdoor environment. Our approach allows executing tasks in poorly-illuminated indoor locations such as historic buildings and warehouses, as well as in the tight outdoor environment, such as forest, where vision-based approaches fail due to large contrast of the scene, and where large well-equipped UAVs cannot be deployed due to the constrained space.",2575-7296,978-1-6654-1535-4,10.1109/ICUAS51884.2021.9476837,Czech Science Foundation (GACR)(grant numbers:20-29531S); CTU(grant numbers:SGS20/174/OHK3/3T/13); ,https://ieeexplore.ieee.org/stamp/stamp.jsp?arnumber=9476837,,Location awareness;Laser radar;Three-dimensional displays;Lighting;Laser stability;Unmanned aerial vehicles;Sensor systems,,36,,26,IEEE,19 Jul 2021,15-18 June 2021,15-18 June 2021,IEEE,IEEE Conferences
Real-Time Onboard UAV Target Detection and Localization for Swarms in Denied Environments,S. Zhang; H. Yi; Z. Yang; Y. Zhao,"College of Weapons Science and Technology, Xi ‘an Technological University, Xi’an, China; College of Weapons Science and Technology, Xi ‘an Technological University, Xi’an, China; College of Weapons Science and Technology, Xi ‘an Technological University, Xi’an, China; College of Weapons Science and Technology, Xi ‘an Technological University, Xi’an, China",2025 Low-Altitude Economy Forum & International Conference on Low-Altitude Flight Technology and Unmanned Aerial Vehicle Application (LEF & ICLU),19 Dec 2025,2025,,,81,85,"This paper presents a real-time onboard UAV detection and localization system designed for swarm operations in GNSS- and communication-denied environments. The system integrates a lightweight YOLOv5-Ghost detector with an RGB-D camera to achieve accurate 3D position estimation of neighboring UAVs without external infrastructure. Extensive indoor experiments with two UAV types demonstrate that the system provides reliable localization and real-time performance in close-range scenarios. The method enables practical swarm collision avoidance and formation control. However, when targets are farther from the camera, distance estimation becomes less reliable and missed detections are more likely. This limitation, along with challenges from adverse lighting and occlusion, constrains the effective operating range of the system. The approach supports robust multi-UAV operations under denied environments, and future work will address autonomous navigation, large-scale field deployment, and adaptation to more diverse scenarios.",,978-1-6654-5748-4,10.1109/LEFICLU65987.2025.11297347,,https://ieeexplore.ieee.org/stamp/stamp.jsp?arnumber=11297347,detection;localization;swarm;denied environment,Location awareness;Three-dimensional displays;Estimation;Lighting;Object detection;Autonomous aerial vehicles;Cameras;Real-time systems;Formation control;Reliability,,,,12,IEEE,19 Dec 2025,26-28 Sept. 2025,26-28 Sept. 2025,IEEE,IEEE Conferences
Visual Heading Estimation for UAVs in Indoor Environments,A. Salib; A. Moussa; M. Moussa; N. El-Sheimy,"Department of Geomatics, University of Calgary, Calgary, Canada; Elec. and Comp.Dept. Part-Said University, Egypt University of Calgary, Calgary, Canada; Department of Geomatics, University of Calgary, Calgary, Canada; Department of Geomatics, University of Calgary, Calgary, Canada","2020 International Conference on Communications, Signal Processing, and their Applications (ICCSPA)",2 Apr 2021,2021,,,1,5,"Recently, The UAV (Unmanned Aerial Vehicle) industry is getting a lot of attention, especially for very small drones that could fly indoors. Such a small drone can help perform rescue tasks such as investigating gas leaks or emergency situation that imposes risk on human intervention. Additionally, the UAVs can be utilized for indoor inspection and 3D mapping. The indoor environment is very challenging for the UAVs since the Global Navigation Satellite System (GNSS) cannot be reliably accessed to help UAV to locate itself. Various sensors could be mounted on UAVs to help the surveillance and navigation aspects of the operation. Range sensors such as 2D Lasers and LIDAR are very useful for providing valuable measurements towards reliable localization algorithms. Including such sensors will typically raise the system cost and limit the flight time due to increased power consumption. This research aims to assess the potential of using the typically installed UAV main camera to help estimate the UAV heading. The typical indoor environment includes many challenging situations such as monochrome surfaces and identical repeated patterns, especially in the ground surface. The research investigates the performance of different heading estimation approaches using a minimum cost configuration (without laser scanners). The proposed integration between the drone forward camera and the downward camera enhanced the navigation result compared to the other individual solutions using the downward camera only, forward camera only, or magnetometer. The performance of the investigated approaches in a real indoor flight is presented and discussed.",,978-1-7281-6535-6,10.1109/ICCSPA49915.2021.9385709,,https://ieeexplore.ieee.org/stamp/stamp.jsp?arnumber=9385709,UAV;visual odometry;monocular camera;heading;magnetometer,Magnetic sensors;Estimation;Vision sensors;Cameras;Indoor environment;Reliability;Drones,,1,,18,IEEE,2 Apr 2021,16-18 March 2021,16-18 March 2021,IEEE,IEEE Conferences
Optimization of Aerial Drone Visual Front-End and Multi-Sensor Fusion Localization Method,Z. Zhu; Z. Yang; T. Li; H. Zhuo,"College of Automation, Nanjing University of Aeronautics and Astronautics, Nanjing, Jiangsu, China; College of Automation, Nanjing University of Aeronautics and Astronautics, Nanjing, Jiangsu, China; Guangxi Key Laboratory of Intelligent Control and Maintenance of Power Equipment, Electric Power Research Institute of Guangxi Power Grid Co., Ltd, Nanning, Guangxi, China; Guangxi Key Laboratory of Intelligent Control and Maintenance of Power Equipment, Electric Power Research Institute of Guangxi Power Grid Co., Ltd, Nanning, Guangxi, China",2024 5th International Conference on Artificial Intelligence and Electromechanical Automation (AIEA),1 Oct 2024,2024,,,960,964,"Due to the complex environments characterized by dense equipment and strong electromagnetic interference faced by aerial electrical operations, to enhance the efficiency and safety of drone operations, this paper optimizes the front-end visual navigation system. It improves the feature extraction and matching processes by employing optical flow to track feature points during motion based on traditional ORB features, ensuring reliable localization under complex lighting and dense obstacle environments. At the backend, IMU pre-integration further corrects the visual-inertial odometry. Experimental results demonstrate that the improved visual-inertial system shows superior accuracy across multiple public datasets, and the fusion localization method enhances the aerial robot’s ability to locate in complex environments.",,979-8-3503-6617-4,10.1109/AIEA62095.2024.10692891,,https://ieeexplore.ieee.org/stamp/stamp.jsp?arnumber=10692891,Multi-Sensor Localization;Operational Drone;Visual Navigation;State Estimation;Nonlinear Optimization,Location awareness;Visualization;Navigation;Lighting;Feature extraction;Odometry;State estimation;Optimization;Optical flow;Drones,,,,15,IEEE,1 Oct 2024,14-16 June 2024,14-16 June 2024,IEEE,IEEE Conferences
GPS emulation via visual-inertial odometry for inspection drones,D. Dornellas; F. Rosa; A. Bernardino; R. Ribeiro; J. Santos-Victor,NA; NA; NA; NA; NA,2019 19th International Conference on Advanced Robotics (ICAR),6 Feb 2020,2019,,,755,760,"This work tested the applicability of a navigation system based on cameras and inertial sensors for a quadrotor UAV, motivated by the desire to expand its operational envelope to regions with low GPS signal reception. A standalone navigation module composed of a stereo camera pair, an IMU, synchronization electronics and a SoC computational board was developed and provided with OKVIS, a recent open-source VIO (Visual-Inertial Odometry) algorithm. In order to quantitatively assess its performance, an indoors dataset was recorded in a controlled environment, with precise ground-truth from a motion capture system. The system was integrated with a quadrotor UAV, functioning as an additional GPS sensor from the perspective of the onboard autopilot. For this end, the VIO trajectory data was georeferenced using information from the onboard GPS receiver, as well as from the orientation estimator embedded in the IMU. To the best of our knowledge, our system is the first to follow this integration approach, this being one of the main contributions of this work. Having validated the system with handheld testing, flight tests were performed. We show, qualitatively, that our system effectively yields improved trajectory estimates under low GPS signal reception.",,978-1-7281-2467-4,10.1109/ICAR46387.2019.8981597,,https://ieeexplore.ieee.org/stamp/stamp.jsp?arnumber=8981597,,Navigation;Receivers;Cameras;Autonomous aerial vehicles;Trajectory;Odometry;Synchronization;Global Positioning System;Quadrotors;Testing,,1,,17,IEEE,6 Feb 2020,2-6 Dec. 2019,2-6 Dec. 2019,IEEE,IEEE Conferences
Monocular Visual Autonomous Landing System for Quadcopter Drones Using Software in the Loop,M. Saavedra-Ruiz; A. M. Pinto-Vargas; V. Romero-Cano,"Universidad Autónoma de Occidente, Santiago de Cali, Colombia; Universidad Autónoma de Occidente, Santiago de Cali, Colombia; Universidad Autónoma de Occidente, Santiago de Cali, Colombia",IEEE Aerospace and Electronic Systems Magazine,6 May 2022,2022,37,5,2,16,"Autonomous landing is a capability that is essential to achieve the full potential of multirotor drones in many social and industrial applications. The implementation and testing of this capability on physical platforms is risky and resource-intensive; hence, in order to ensure both a sound design process and a safe deployment, simulations are required before implementing a physical prototype. This article presents the development of a monocular visual system, using a software-in-the-loop methodology that autonomously and efficiently lands a quadcopter drone on a predefined landing pad, thus reducing the risks of the physical testing stage. In addition to ensuring that the autonomous landing system as a whole fulfils the design requirements using a Gazebo-based simulation, our approach provides a tool for safe parameter tuning and design testing prior to physical implementation. Finally, the proposed monocular vision-only approach to landing pad tracking made it possible to effectively implement the system in an F450 quadcopter drone with the standard computational capabilities of an Odroid XU4 embedded processor.",1557-959X,,10.1109/MAES.2021.3115208,Universidad Autónoma de Occidente(grant numbers:17INTER-297); ,https://ieeexplore.ieee.org/stamp/stamp.jsp?arnumber=9656574,Autonomous landing;quadcopter;target tracking;software-in-the-loop;simulation;Sim2Rea,Feature extraction;Kalman filters;Autonomous aerial vehicles;Drones;Estimation;Detectors;Cameras;Visual systems;Tutorials,,22,,33,IEEE,20 Dec 2021,1 May 2022,,IEEE,IEEE Magazines
A 2D Georeferenced Map Aided Visual-Inertial System for Precise UAV Localization,M. Jun; Z. Lilian; H. Xiaofeng; Q. Hao; H. Xiaoping,"College of Intelligence Science and Technology, National University of Defense Technology, Changsha, China; College of Intelligence Science and Technology, National University of Defense Technology, Changsha, China; College of Intelligence Science and Technology, National University of Defense Technology, Changsha, China; College of Intelligence Science and Technology, National University of Defense Technology, Changsha, China; College of Intelligence Science and Technology, National University of Defense Technology, Changsha, China",2022 IEEE/RSJ International Conference on Intelligent Robots and Systems (IROS),26 Dec 2022,2022,,,4455,4462,"Precise geolocalization is crucial for unmanned aerial vehicles (UAVs). However, most current deployed UAVs rely on the global navigation satellite systems (GNSS) for geolocalization. In this paper, we propose to use a lightweight visual-inertial system with a 2D georeferenced map to obtain accurate geodetic positions for UAVs. The proposed system firstly integrates a micro inertial measurement unit (MIMU) and a monocular camera to build a visual-inertial odometry (VIO) to consecutively estimate the UAV's motion states and reconstruct the 3D position of the observed visual features in the local world frame. To obtain the geolocation, the visual features tracked by the odometry are further registered to the 2D georeferenced map. While most conventional methods perform image-level aerial image registration, we propose to align the reconstructed 3D points with the map, and then use the registered 3D points to relocalize the vehicle in the geodetic frame, which helps to improve the geolocalization accuracy. Finally, a pose graph is deployed to fuse the geolocation from the point registration and the local navigation result from the visual-inertial odometry (VIO) to obtain smooth and drift-free geolocalization results. We have validated the proposed method by installing the sensors to a UAV body rigidly and have conducted two real-world flights in different environments with unknown initials. The results show that the proposed method can achieve less than 4m position error in flight at about 100m high and less than 9m position error in flight at about 300m high.",2153-0866,978-1-6654-7927-1,10.1109/IROS47612.2022.9982254,,https://ieeexplore.ieee.org/stamp/stamp.jsp?arnumber=9982254,,Location awareness;Visualization;Global navigation satellite system;Three-dimensional displays;Measurement units;Tracking;Geology,,11,,27,IEEE,26 Dec 2022,23-27 Oct. 2022,23-27 Oct. 2022,IEEE,IEEE Conferences
Performance Analysis of Mass-Market GNSS Receivers in UAV Applications,J. Diep; D. Gómez-Casco; X. O. Villamide; R. D. Swinden; P. Crosta,"European Space Agency, Noordwijk, Netherlands; European Space Agency, Noordwijk, Netherlands; European Space Agency, HE Space Operations, Noordwijk, Netherlands; European Space Agency, Noordwijk, Netherlands; European Space Agency, Noordwijk, Netherlands",2022 10th Workshop on Satellite Navigation Technology (NAVITEC),15 Aug 2022,2022,,,1,8,"Unmanned aerial vehicles have become a crucial technology in a wide variety of fields. The availability and integrity of exact positioning feedback information are of paramount importance for the safety of many UAV applications. Global navigation satellite system receivers provide reliable and accurate positioning solutions in outdoor environments. However, they suffer strong performance degradation in harsher scenarios such as forests, urban canyons, or indoor environments. This paper addresses the performance of GNSS receivers installed on a drone. They were tested in different scenarios such as under open sky or in adverse conditions of signal reception. The solutions offered by the receivers were compared to RTK reference trajectories. Moreover, the advantage of including a stereo tracking camera in the setup to obtain a more accurate reference trajectory in some scenarios was analyzed. The results give insights on the accuracy and the quality of the measurements of current GNSS technologies in aerial applications.",2325-5455,978-1-6654-1616-0,10.1109/NAVITEC53682.2022.9847551,,https://ieeexplore.ieee.org/stamp/stamp.jsp?arnumber=9847551,UAV;GNSS receivers;RTK reference;visual-inertial navigation;SLAM,Global navigation satellite system;Satellites;Receivers;Forestry;Autonomous aerial vehicles;Trajectory;Performance analysis,,2,,26,IEEE,15 Aug 2022,5-7 April 2022,5-7 April 2022,IEEE,IEEE Conferences
UAV state and parameter estimation in wind using calibration trajectories optimized for observability,A. Shastry; D. A. Paley,"Department of Aerospace Engineering, University of Maryland, College Park, MD, USA; Department of Aerospace Engineering, Institute for Systems Research, University of Maryland, College Park, MD, USA",2021 American Control Conference (ACC),28 Jul 2021,2021,,,3981,3986,"This letter develops a framework for online state, parameter, and wind estimation for a UAV equipped with an Inertial Measurement Unit (IMU) and a ground-velocity sensor, such as visual- or lidar-based odometry. Thrust and moment control inputs are used to steer the process model and the ground-velocity and IMU measurements are assimilated by a square-root unscented Kalman filter containing 23 states, 12 of which are constant parameters. Additionally, we characterize the system's observability and design optimal calibration trajectories to maximize observability of the model parameters. Simulations show the improvements obtained in tracking performance by coupling the estimation framework with a standard model-based controller. By estimating unsteady winds, the onboard controller's gust rejection improves.",2378-5861,978-1-6654-4197-1,10.23919/ACC50511.2021.9482853,,https://ieeexplore.ieee.org/stamp/stamp.jsp?arnumber=9482853,,Visualization;Estimation;Process control;Calibration;Numerical models;Sensors;Velocity measurement,,1,,21,,28 Jul 2021,25-28 May 2021,25-28 May 2021,IEEE,IEEE Conferences
Motion State Classification for Drone Localisation in GPS-Denied Environments using TinyML on Resource-Constrained Hardware,V. Barbu; A. -M. Drăgulinescu; A. Țapu,"AIoT-Xplorer, Telecommunication Dept., POLITEHNICA University of Bucharest, Romania; AIoT-Xplorer, Telecommunication Dept., POLITEHNICA University of Bucharest, Romania; AIoT-Xplorer, Telecommunication Dept., POLITEHNICA University of Bucharest, Romania",2025 IEEE Annual Congress on Artificial Intelligence of Things (AIoT),9 Mar 2026,2025,,,804,808,"Reliable UAV localisation in GPS-denied environments remains challenging, particularly under strict size, weight, and power constraints. This work presents a fully embedded approach that combines inertial and environmental sensing with Tiny Machine Learning models for on-board motion-state inference. A compact feed-forward neural network runs on a Cortex-M4 microcontroller using windowed accelerometer data, achieving real-time classification across eleven motion classes. Experiments show high accuracy for static states (F1 > 0.92) and promising performance for dynamic manoeuvres (F1 ≈ 0.70–0.80) with an 18 ms inference latency. The system demonstrates the feasibility of low-power, GPS-independent motion understanding for future embedded sensor-fusion-based localisation.",,979-8-3315-9554-8,10.1109/AIoT66900.2025.00126,,https://ieeexplore.ieee.org/stamp/stamp.jsp?arnumber=11416262,UAV;AIoT;GPS-denied localisation;TinyML;embedded AI;motion classification;microcontroller,Adaptation models;Microcontrollers;Tiny machine learning;Computer architecture;Autonomous aerial vehicles;Real-time systems;Sensors;Internet of Things;Odometry;Artificial intelligence,,,,25,IEEE,9 Mar 2026,3-5 Dec. 2025,3-5 Dec. 2025,IEEE,IEEE Conferences
LVIO-GSMAP: Robust LiDAR-Visual-Inertial UAV System With Gaussian Mapping,S. Luo; C. Yang; F. Huang; S. Li; Y. Xiang; J. Tang,"South China University of Technology, Guangzhou, China; South China University of Technology, Guangzhou, China; South China University of Technology, Guangzhou, China; South China University of Technology, Guangzhou, China; South China University of Technology, Guangzhou, China; South China University of Technology, Guangzhou, China","2025 5th International Conference on Electronics, Circuits and Information Engineering (ECIE)",29 Jul 2025,2025,,,713,717,"This paper presents a robust SLAM framework that integrates LiDAR-Visual-Inertial Odometry (LVIO) with 3D Gaussian Splatting (3DGS) to address critical challenges in outdoor environments, including photometric degradation, weak textures, and motion blur. Traditional LiDAR-Visual-Inertial Odometry systems struggle under these conditions, while existing 3DGS-based SLAM methods are limited to indoor scenes due to their reliance on dense RGB-D inputs. Our approach introduces two key innovations: First, a state estimation pipeline that transitions entirely to LiDAR-Inertial Odometry (LIO) when photometric reliability drops, leveraging LIVO architecture to achieve millimeter-level accuracy and robustness. Second, an outdoor-capable 3DGS reconstruction system that utilizes geometrically consistent LiDAR point clouds from the LVIO frontend, overcoming the scalability limitations of neural implicit representations in large-scale environments. Our system achieves real-time performance at 25 Hz while maintaining high-fidelity mapping. This work bridges the gap between robust odometry and photorealistic reconstruction for outdoor SLAM, enabling reliable operation in complex, outdoors environments.",,979-8-3315-1401-3,10.1109/ECIE65947.2025.11087050,Research and Development; ,https://ieeexplore.ieee.org/stamp/stamp.jsp?arnumber=11087050,Multi-Sensor Fusion;LiDAR-Visual-Inertial Odometry;3D Gaussian Splatting;Outdoor SLAM,Point cloud compression;Technological innovation;Simultaneous localization and mapping;Accuracy;Three-dimensional displays;Pipelines;Robustness;Odometry;State estimation;Image reconstruction,,,,17,IEEE,29 Jul 2025,23-25 May 2025,23-25 May 2025,IEEE,IEEE Conferences
Towards UAV-Based Absolute Hierarchical Localization in Confined Spaces,R. Y. Brogaard; M. Zajaczkowski; L. Kovac; O. Ravn; E. Boukas,"FORCE Technology, Br⊘ndby, Denmark; Section of Automation and Control, Department of Electrical Engineering, Technical University of Denmark, Kongens Lyngby, Denmark; Section of Automation and Control, Department of Electrical Engineering, Technical University of Denmark, Kongens Lyngby, Denmark; Section of Automation and Control, Department of Electrical Engineering, Technical University of Denmark, Kongens Lyngby, Denmark; Section of Automation and Control, Department of Electrical Engineering, Technical University of Denmark, Kongens Lyngby, Denmark","2020 IEEE International Symposium on Safety, Security, and Rescue Robotics (SSRR)",29 Dec 2020,2020,,,182,188,"To perform safe, autonomous, visual inspections of maritime vessels, accurate and lightweight localization of UAVs in dark and confined areas is required. Such visual inspections are performed by expert surveyors, periodically, and aim at the classification of the vessel by identifying defect locations within the frames of the ship. The paper at hand presents our initial efforts in absolute localization as a solution to the aforementioned problems using a UAV. Employing a combination of Visual Inertial Odmetry and detection of existing known structural 3D landmarks, an absolute and hierarchical localization system is created. With this approach there is no need for detailed maps of the environment, but only high level information -i.e. few landmark points- from the structural drawings of the ship. The system is tested within a mock-up model of a topside water ballast tank and its localization is compared to a groundtruth, which is estimated based on ArUco markers mounted on the walls inside the model. Our initial results indicate that using geometric landmarks, extracted from vessel designs, greatly benefit the UAV localization accuracy as well as the localization of defects with regards to the vessel body frame.",2475-8426,978-1-6654-0390-0,10.1109/SSRR50563.2020.9292616,,https://ieeexplore.ieee.org/stamp/stamp.jsp?arnumber=9292616,,Electronic ballasts;Inspection;Three-dimensional displays;Cameras;Visualization;Unmanned aerial vehicles;Marine vehicles,,21,,18,IEEE,29 Dec 2020,4-6 Nov. 2020,4-6 Nov. 2020,IEEE,IEEE Conferences
A UAV-Based Machine Vision Algorithm for Industrial Gauge Detecting and Display Reading,C. Li; D. Zheng; L. Liu; X. Zheng,"ABB Future Lab, ABB (Beijing), Beijing, China; Faculty of Electronic information and Electrical Engineering, Dalian University of Technology, Dalian, China; School of Engineering, Rensselaer Polytechnic Institute, Albany, United States; Department of Civil, Environmental and Geomatic Engineering, ETH Zürich, Zürich, Switzerland",2020 5th Asia-Pacific Conference on Intelligent Robot Systems (ACIRS),10 Aug 2020,2020,,,109,115,"Unmanned Aerial Vehicle (UAV) has overwhelming superiority on the completion of difficult missions in the industrial production or implementation scenarios. Its brilliant navigation and on-board perception abilities endow the aerial platform a considerable potential in the industrial applications. Since manipulation stability and computational capacity of UAVs are crucial for industrial missions, it is challenging to develop a reliable and safe UAV platform for indoor industrial operation. Focusing on the measurement of industrial-standard gauges, we propose a vision algorithm which is capable of fast detecting the industrial-standard gauges and the readings and integrate the algorithm into a quadrotor drone platform with indoor and outdoor navigation. In our work, we demonstrate how to improve the simplicity and efficiency of the UAV-based visual recognition by implementing and adjusting a YOLO v3 framework with Darknet [1]. Moreover, our vision algorithm is combined with the image geometric correction module and the gauge detecting and reading module to overcome the detection problems caused by the harsh industrial conditions, such as an obscure image and the under-exposure condition. And the results show that accuracy of detection in the experimentation is sufficient for industrial missions.",,978-1-7281-9818-7,10.1109/ACIRS49895.2020.9162618,,https://ieeexplore.ieee.org/stamp/stamp.jsp?arnumber=9162618,UAV;Gauge Display Reading;Object Detection;Deep learning,Drones;Transforms;Image recognition;Cameras;Navigation;Visualization;Object detection,,3,,18,IEEE,10 Aug 2020,17-19 July 2020,17-19 July 2020,IEEE,IEEE Conferences
Deep IMU Bias Inference for Robust Visual-Inertial Odometry With Factor Graphs,R. Buchanan; V. Agrawal; M. Camurri; F. Dellaert; M. Fallon,"Oxford Robotics Institute, University of Oxford, Oxford, U.K.; Institute for Robotics and Intelligent Machines, College of Computing, Georgia Institute of Technology, Atlanta, GA, USA; Oxford Robotics Institute, University of Oxford, Oxford, U.K.; Institute for Robotics and Intelligent Machines, College of Computing, Georgia Institute of Technology, Atlanta, GA, USA; Oxford Robotics Institute, University of Oxford, Oxford, U.K.",IEEE Robotics and Automation Letters,24 Nov 2022,2023,8,1,41,48,"Visual Inertial Odometry (VIO) is one of the most established state estimation methods for mobile platforms. However, when visual tracking fails, VIO algorithms quickly diverge due to rapid error accumulation during inertial data integration. This error is typically modeled as a combination of additive Gaussian noise and a slowly changing bias which evolves as a random walk. In this work, we propose to train a neural network to learn the true bias evolution. We implement and compare two common sequential deep learning architectures: LSTMs and Transformers. Our approach follows from recent learning-based inertial estimators, but, instead of learning a motion model, we target IMU bias explicitly, which allows us to generalize to locomotion patterns unseen in training. We show that our proposed method improves state estimation in visually challenging situations across a wide range of motions by quadrupedal robots, walking humans, and drones. Our experiments show an average 15% reduction in drift rate, with much larger reductions when there is total vision failure. Importantly, we also demonstrate that models trained with one locomotion pattern (human walking) can be applied to another (quadruped robot trotting) without retraining.",2377-3766,,10.1109/LRA.2022.3222956,EPSRC ORCA Robotics Hub(grant numbers:EP/R026173/1); EU H2020 Project THING(grant numbers:780883); Royal Society University Research Fellowship; ,https://ieeexplore.ieee.org/stamp/stamp.jsp?arnumber=9954167,Visual-inertial SLAM;sensor fusion;deep learning methods,Visualization;Quadrupedal robots;Velocity measurement;Robots;Cameras;Legged locomotion;Drones,,50,,22,IEEE,17 Nov 2022,Jan. 2023,,IEEE,IEEE Journals
DM-VIO: Delayed Marginalization Visual-Inertial Odometry,L. v. Stumberg; D. Cremers,"Computer Vision Group, Technical University of Munich, München, Germany; Computer Vision Group, Technical University of Munich, München, Germany",IEEE Robotics and Automation Letters,11 Jan 2022,2022,7,2,1408,1415,"We present DM-VIO, a monocular visual-inertial odometry system based on two novel techniques called delayed marginalization and pose graph bundle adjustment. DM-VIO performs photometric bundle adjustment with a dynamic weight for visual residuals. We adopt marginalization, which is a popular strategy to keep the update time constrained, but it cannot easily be reversed, and linearization points of connected variables have to be fixed. To overcome this we propose delayed marginalization: The idea is to maintain a second factor graph, where marginalization is delayed. This allows us to later readvance this delayed graph, yielding an updated marginalization prior with new and consistent linearization points. In addition, delayed marginalization enables us to inject IMU information into already marginalized states. This is the foundation of the proposed pose graph bundle adjustment, which we use for IMU initialization. In contrast to prior works on IMU initialization, it is able to capture the full photometric uncertainty, improving the scale estimation. In order to cope with initially unobservable scale, we continue to optimize scale and gravity direction in the main system after IMU initialization is complete. We evaluate our system on the EuRoC, TUM-VI, and 4Seasons datasets, which comprise flying drone, large-scale handheld, and automotive scenarios. Thanks to the proposed IMU initialization, our system exceeds the state of the art in visual-inertial odometry, even outperforming stereo-inertial methods while using only a single camera and IMU. The code will be published at http://vision.in.tum.de/dm-vio.",2377-3766,,10.1109/LRA.2021.3140129,,https://ieeexplore.ieee.org/stamp/stamp.jsp?arnumber=9669044,Visual-Inertial SLAM;SLAM,Visualization;Bundle adjustment;Vehicle dynamics;Gravity;Uncertainty;Simultaneous localization and mapping;Linear systems,,175,,31,IEEE,4 Jan 2022,April 2022,,IEEE,IEEE Journals
Data-Efficient Collaborative Decentralized Thermal-Inertial Odometry,V. Polizzi; R. Hewitt; J. Hidalgo-Carrió; J. Delaune; D. Scaramuzza,"Robotics and Perception Group, University of Zurich, Zürich, Switzerland; Jet Propulsion Laboratory, California Institute of Technology, Pasadena, CA, USA; Robotics and Perception Group, University of Zurich, Zürich, Switzerland; Jet Propulsion Laboratory, California Institute of Technology, Pasadena, CA, USA; Robotics and Perception Group, University of Zurich, Zürich, Switzerland",IEEE Robotics and Automation Letters,9 Aug 2022,2022,7,4,10681,10688,"We propose a system solution to achieve data-efficient, decentralized state estimation for a team of flying robots using thermal images and inertial measurements. Each robot can fly independently, and exchange data when possible to refine its state estimate. Our system front-end applies an online photometric calibration to refine the thermal images so as to enhance feature tracking and place recognition. Our system back-end uses a covariance-intersection fusion strategy to neglect the cross-correlation between agents so as to lower memory usage and computational cost. The communication pipeline uses Vector of Locally Aggregated Descriptors (VLAD) to construct a request-response policy that requires low bandwidth usage. We test our collaborative method on both synthetic and real-world data. Our results show that the proposed method improves by up to $46 \%$ trajectory estimation with respect to an individual-agent approach, while reducing up to $89 \%$ the communication exchange. Datasets and code are released to the public, extending the already-public JPL xVIO library.",2377-3766,,10.1109/LRA.2022.3194675,"Combat Capabilities Development Command Soldier Center; Army Research Laboratory; Jet Propulsion Laboratory, California Institute of Technology; JPL Visiting Student Research Program; National Aeronautics and Space Administration(grant numbers:80NM0018D0004); ",https://ieeexplore.ieee.org/stamp/stamp.jsp?arnumber=9844233,Collaborative localization;drones;space robotics;thermal-inertial odometry,Simultaneous localization and mapping;Collaboration;Cameras;Feature extraction;Robots;Mars;Visualization,,14,,36,IEEE,28 Jul 2022,Oct. 2022,,IEEE,IEEE Journals
GOMSF: Graph-Optimization Based Multi-Sensor Fusion for robust UAV Pose estimation,R. Mascaro; L. Teixeira; T. Hinzmann; R. Siegwart; M. Chli,"Vision for Robotics Lab, ETH Zurich, Switzerland; Vision for Robotics Lab, ETH Zurich, Switzerland; Autonomous Systems Lab, ETH Zurich, Switzerland; Autonomous Systems Lab, ETH Zurich, Switzerland; Vision for Robotics Lab, ETH Zurich, Switzerland",2018 IEEE International Conference on Robotics and Automation (ICRA),13 Sep 2018,2018,,,1421,1428,"Achieving accurate, high-rate pose estimates from proprioceptive and/or exteroceptive measurements is the first step in the development of navigation algorithms for agile mobile robots such as Unmanned Aerial Vehicles (UAVs). In this paper, we propose a decoupled Graph-Optimization based Multi-Sensor Fusion approach (GOMSF) that combines generic 6 Degree-of-Freedom (DoF) visual-inertial odometry poses and 3 DoF globally referenced positions to infer the global 6 DoF pose of the robot in real-time. Our approach casts the fusion as a real-time alignment problem between the local base frame of the visual-inertial odometry and the global base frame. The alignment transformation that relates these coordinate systems is continuously updated by optimizing a sliding window pose graph containing the most recent robot's states. We evaluate the presented pose estimation method on both simulated data and large outdoor experiments using a small UAV that is capable to run our system onboard. Results are compared against different state-of-the-art sensor fusion frameworks, revealing that the proposed approach is substantially more accurate than other decoupled fusion strategies. We also demonstrate comparable results in relation with a finely tuned Extended Kalman Filter that fuses visual, inertial and GPS measurements in a coupled way and show that our approach is generic enough to deal with different input sources in a straightforward manner. Video - https//youtu.be/GIZNSZ2soL8.",2577-087X,978-1-5386-3081-5,10.1109/ICRA.2018.8460193,,https://ieeexplore.ieee.org/stamp/stamp.jsp?arnumber=8460193,,Robot sensing systems;Robot kinematics;Optimization;Pose estimation;Global Positioning System;Time measurement,,120,,16,IEEE,13 Sep 2018,21-25 May 2018,21-25 May 2018,IEEE,IEEE Conferences
Visual-Inertial State-Estimation Using Ground Station for UAV,A. Khan; H. Ullah; U. Faisal; N. Mazhar; M. Y. Khan,"Department of Electrical Engineering CEME, NUST, Islamabad, Pakistan; Department of Information Technology and Electrical Engineering, University of Naple Federico II, Itlay; Department of Electrical Engineering CEME, NUST, Islamabad, Pakistan; Department of Electrical Engineering CEME, NUST, Islamabad, Pakistan; Department of Electrical Engineering CEME, NUST, Islamabad, Pakistan","2023 4th International Conference on Computing, Mathematics and Engineering Technologies (iCoMET)",20 Apr 2023,2023,,,1,6,"This paper presents the controller design and visual-inertial state estimation using IMU and camera for the quadrotor's flight. To accomplish this, first, the mathematical modeling of the quadrotor is presented based on Newtonian mechanics. Then a controller is designed that ensures the autonomous flight of the quadrotor. To achieve a high-level practical autonomy, state estimation is the first step. In this regard, vision-only estimation topologies are conventionally used. However, in a few very recent studies visual-inertial combined state estimation methodologies are introduced. In this research, the monocular visual-inertial system (VINS-mono) is utilized to achieve the autonomy of the quadrotor. The approach to employ this algorithm is different from existing work as the authors used offline ground computations that simplify the implementation. The results are presented to solidify the utility of the proposed method.",,979-8-3503-3531-6,10.1109/iCoMET57998.2023.10099145,,https://ieeexplore.ieee.org/stamp/stamp.jsp?arnumber=10099145,Flight controller;monocular visual-inertial systems (VINS-mono);Unmanned Aerial Vehicles;state estimation;IMU,Control systems;Cameras;Autonomous aerial vehicles;Mathematical models;Topology;State estimation;Quadrotors,,,,27,IEEE,20 Apr 2023,17-18 March 2023,17-18 March 2023,IEEE,IEEE Conferences
Odometry with Real-Time Depth Completion for UAV Location in Denied Environment,J. Xiao; Z. Liu; X. Hu; Z. Jia; W. Wang,"State Key Laboratory of Virtual Reality Technology and Systems, Beihang University, Beijing, China; State Key Laboratory of Virtual Reality Technology and Systems, Beihang University, Beijing, China; State Key Laboratory of Virtual Reality Technology and Systems, Beihang University, Beijing, China; State Key Laboratory of Virtual Reality Technology and Systems, Beihang University, Beijing, China; Beihang University, Beijing, China",2024 IEEE 19th Conference on Industrial Electronics and Applications (ICIEA),18 Sep 2024,2024,,,1,6,"With the advent of the information age, the application of unmanned aerial vehicles (UAVs) has become increasingly frequent, and the combat scenarios have become more diverse. How to enable UAVs to achieve precise localization in a denial environment has become a focal point of interest. Consequently, Simultaneous Localization and Mapping (SLAM) technology is widely used on UAVs. Within SLAM technology, depth information provides a critical guarantee for precise localization. Depth completion, as an important issue in computer vision, leverages sparse depth data obtained from sensors and combines it with semantic information provided by color images to acquire dense depth information of the scene. Following this idea, this paper improves a multimodal fusion SLAM algorithm and integrating an improved depth completion algorithm to enhance the localization accuracy of the SLAM system and expand its mapping ability.",2158-2297,979-8-3503-6086-8,10.1109/ICIEA61579.2024.10664784,,https://ieeexplore.ieee.org/stamp/stamp.jsp?arnumber=10664784,depth completion;slam;multimodal;uav,Location awareness;Point cloud compression;Simultaneous localization and mapping;Laser radar;Semantics;Autonomous aerial vehicles;Information age,,,,14,IEEE,18 Sep 2024,5-8 Aug. 2024,5-8 Aug. 2024,IEEE,IEEE Conferences
Towards Automated 3D reconstruction in SME factories and Digital Twin Model generation,M. Minos-Stensrud; O. H. Haakstad; O. Sakseid; B. Westby; A. Alcocer,"Department of Mechanical, Electrical, and Chemical Engineering, Oslo Metropolitan University, Pilestredet 35, Oslo, Norway; Department of Mechanical, Electrical, and Chemical Engineering, Oslo Metropolitan University, Pilestredet 35, Oslo, Norway; Department of Mechanical, Electrical, and Chemical Engineering, Oslo Metropolitan University, Pilestredet 35, Oslo, Norway; Department of Mechanical, Electrical, and Chemical Engineering, Oslo Metropolitan University, Pilestredet 35, Oslo, Norway; Department of Mechanical, Electrical, and Chemical Engineering, Oslo Metropolitan University, Pilestredet 35, Oslo, Norway","2018 18th International Conference on Control, Automation and Systems (ICCAS)",13 Dec 2018,2018,,,1777,1781,"This paper presents preliminary results towards the development of digital twin models for Small to Medium Enterprise (SME) factories in a partially automated and cost-effective manner. In many cases it is desirable to obtain a 3D model of a factory floor and machinery, that can be used for visualization of Digital Twin models. Current commercial 3D reconstruction solutions involve the use of high-end LiDAR sensors which increase the cost of the 3D scanning process and suppose a barrier for SME factories on their path towards Industry 4.0. The paper presents a comparison of 3D reconstruction results using low-cost sensors including a Zenfone AR mobile phone, an Intel RealSense ZR300 and a Kinect v2. The small size and weight of the sensors make it possible to be mounted on small unmanned aerial vehicles and enable future 3D reconstruction in an autonomous manner. The data was processed using an open source Simultaneous Localization and Mapping (SLAM) library RTAB-Map. The results were compared with a professional 3D scan using a GeoSLAM LiDAR. Experimental results from a scanning of a university research lab with a small simulated production line and two UR3 industrial manipulators is presented. The obtained 3D model was used to generate a simple Digital Twin model that can be visualized using a VR headset.",,978-89-93215-16-8,,,https://ieeexplore.ieee.org/stamp/stamp.jsp?arnumber=8571914,Digital Twin;SLAM;Autonomous Systems;Industry 4.0;3D reconstruction;Unmanned Aerial Vehicles;RGB-D cameras,Three-dimensional displays;Solid modeling;Drones;Production facilities;Simultaneous localization and mapping;Laser radar,,6,,22,,13 Dec 2018,17-20 Oct. 2018,17-20 Oct. 2018,IEEE,IEEE Conferences
A Low-Cost UAV Swarm Relative Positioning Architecture Based on BDS/Barometer/UWB,S. Zhang; E. Wang; Y. Wang; T. Yu; S. Jia; S. Xu; P. Qu,"College of Aeronautics and Astronautics, Shenyang Aerospace University, Shenyang, China; College of Electronic Information Engineering and the College of Civil Aviation, Shenyang Aerospace University, Shenyang, China; College of Electronic Information Engineering, Shenyang Aerospace University, Shenyang, China; College of Aeronautics and Astronautics, Shenyang Aerospace University, Shenyang, China; 54th Research Institute of China Electronics Technology Group Corporation, Shijiazhuang, China; College of Electronic Information Engineering, Shenyang Aerospace University, Shenyang, China; College of Electronic Information Engineering, Shenyang Aerospace University, Shenyang, China",IEEE Sensors Journal,27 Nov 2024,2024,24,23,39659,39668,"The issue of relative positioning in unmanned aerial vehicle (UAV) swarms is critical for effective cooperative management and network construction. However, the current low-cost BeiDou system (BDS) exhibits poor accuracy, typically ranging from several meters to tens of meters, which fails to meet the basic requirements for cooperative positioning. To address this challenge, a combined positioning architecture based on BDS, barometer, and ultrawideband (UWB), alongside an accuracy optimization algorithm using gradient descent, is proposed. First, existing UAV swarm positioning technologies and algorithms are analyzed. By combining data from BDS, barometer, and UWB sensors, the accuracy problem of the combined system was transformed into an optimization problem. Then, models such as data credibility evaluation, information difference calculation, and gradient descent optimization were used to solve the optimization problem. Finally, a precision-optimized BDS/barometer/UWB-combined positioning architecture is proposed. Simulations and real-world experiments demonstrate that the fusion positioning architecture achieves higher cooperative positioning accuracy compared to mainstream systems, such as inertial navigation systems (INSs) and BDS. The final distance root mean square error (RMSE) is reduced to 1.313 m, a 69.0% improvement over the 4.231 m observed with standalone BDS.",1558-1748,,10.1109/JSEN.2024.3476286,"National Natural Science Foundation of China(grant numbers:62173237); Songshan Laboratory Foundation(grant numbers:YYJC062022017); Foundation of State Key Laboratory of Dynamic Measurement Technology, North University of China(grant numbers:2023-SYSJJ-04); Open Fund of State Key Laboratory of Satellite Navigation System and Equipment Technology(grant numbers:CEPNT2022B04,CEPNT2022A01,CEPNT2023A01); Yunnan Key Laboratory of Unmanned Autonomous Systems(grant numbers:202408ZD02); Open Fund of Key Laboratory of Flight Techniques and Flight Safety Civil Aviation Administration of China (CAAC)(grant numbers:FZ2021KF15,FZ2021ZZ06,FZ2020KF09); ",https://ieeexplore.ieee.org/stamp/stamp.jsp?arnumber=10716450,BeiDou system (BDS);cooperative positioning;gradient descent algorithm;integrated navigation;ultrawideband (UWB);unmanned aerial vehicle (UAV) swarm,Autonomous aerial vehicles;Accuracy;Sensors;Optimization;Clustering algorithms;Barometers;Data models;Laser radar;Bayes methods;Ultra wideband technology,,7,,46,IEEE,14 Oct 2024,"1 Dec.1, 2024",,IEEE,IEEE Journals
Development of UAV Localization and Navigation Techniques for Warehouse Inventory Inspection,Y. -H. Li; H. -Y. Lin,"Department of Electrical Engineering, National Chung Cheng University, Taiwan, HueiYung; Department of Computer Science and Information Engineering, National Taipei University of Technology, Taipei, Taiwan",2023 IEEE International Conference on Industrial Technology (ICIT),9 Jun 2023,2023,,,1,6,"The popularity and availability of UAV technologies have made industrial automation more flexible and easy to adopt. In this paper we develop a UAV navigation system for warehouse inventory inspection application. Based on the SLAM framework, a fusion scheme by integrating UWB positioning is proposed to achieve accurate and robust localization. In addition to the global planning, an obstacle avoidance algorithm based on fuzzy control and VFH is developed to generate locally smooth trajectories. The proposed techniques are verified with simulation and experiments in real-world environments. Using a commercially available drone modified with depth sensor and single-board computer, the results have demonstrated the feasibility and effectiveness of our method for collision-free path planning and obstacle avoidance in various application scenarios.",2643-2978,979-8-3503-3650-4,10.1109/ICIT58465.2023.10143122,Ministry of Science and Technology of Taiwan(grant numbers:106-2221-E-194-004); ,https://ieeexplore.ieee.org/stamp/stamp.jsp?arnumber=10143122,,Location awareness;Fuzzy control;Simultaneous localization and mapping;Navigation;Inspection;Trajectory;Planning,,2,,20,IEEE,9 Jun 2023,4-6 April 2023,4-6 April 2023,IEEE,IEEE Conferences
Learning Pose Estimation for UAV Autonomous Navigation and Landing Using Visual-Inertial Sensor Data,F. Baldini; A. Anandkumar; R. M. Murray,"California Institute of Technology, Pasadena, CA, USA; California Institute of Technology, Pasadena, CA, USA; California Institute of Technology, Pasadena, CA, USA",2020 American Control Conference (ACC),27 Jul 2020,2020,,,2961,2966,"In this work, we propose a robust network-in-the-loop control system for autonomous navigation and landing of an Unmanned-Aerial-Vehicle (UAV). To estimate the UAV's absolute pose, we develop a deep neural network (DNN) architecture for visual-inertial odometry, which provides a robust alternative to traditional methods. We first evaluate the accuracy of the estimation by comparing the prediction of our model to traditional visual-inertial approaches on the publicly available EuRoC MAV dataset. The results indicate a clear improvement in the accuracy of the pose estimation up to 25% over the baseline. Finally, we integrate the data-driven estimator in the closed-loop flight control system of Airsim, a simulator available as a plugin for Unreal Engine, and we provide simulation results for autonomous navigation and landing.",2378-5861,978-1-5386-8266-1,10.23919/ACC45564.2020.9147400,,https://ieeexplore.ieee.org/stamp/stamp.jsp?arnumber=9147400,,Estimation;Cameras;Robot vision systems;Feature extraction;Autonomous robots;Robustness,,19,,31,,27 Jul 2020,1-3 July 2020,1-3 July 2020,IEEE,IEEE Conferences
GNSS-denied geolocalization of UAVs by visual matching of onboard camera images with orthophotos,J. Kinnari; F. Verdoja; V. Kyrki,"Saab Finland Oy, Helsinki, Finland; School of Electrical Engineering, Aalto University, Finland; School of Electrical Engineering, Aalto University, Finland",2021 20th International Conference on Advanced Robotics (ICAR),5 Jan 2022,2021,,,555,562,"Localization of low-cost unmanned aerial vehicles (UAVs) often relies on Global Navigation Satellite Systems (GNSS). GNSS are susceptible to both natural disruptions to radio signal and intentional jamming and spoofing by an adversary. A typical way to provide georeferenced localization without GNSS for small UAVs is to have a downward-facing camera and match camera images to a map. The downward-facing camera adds cost, size, and weight to the UAV platform and the orientation limits its usability for other purposes. In this work, we propose a Monte-Carlo localization method for georeferenced localization of an UAV requiring no infrastructure using only inertial measurements, a camera facing an arbitrary direction, and an orthoimage map. We perform orthorectification of the UAV image, relying on a local planarity assumption of the environment, relaxing the requirement of downward-pointing camera. We propose a measure of goodness for the matching score of an orthorectified UAV image and a map. We demonstrate that the system is able to localize globally an UAV with modest requirements for initialization and map resolution.",,978-1-6654-3684-7,10.1109/ICAR53236.2021.9659333,,https://ieeexplore.ieee.org/stamp/stamp.jsp?arnumber=9659333,,Location awareness;Global navigation satellite system;Visualization;Satellites;Autonomous aerial vehicles;Cameras;Sensors,,25,,28,IEEE,5 Jan 2022,6-10 Dec. 2021,6-10 Dec. 2021,IEEE,IEEE Conferences
Spatio-temporal Voxel Motion Estimation in Dynamic Environment for Visual-Inertial Odometry for Low-altitude Internet of Things,J. Ye; W. Cai; T. Zhang; M. Zhang,"Honors College, Hangzhou Dianzi University, Hangzhou, China; Honors College, Hangzhou Dianzi University, Hangzhou, China; Honors College, Hangzhou Dianzi University, Hangzhou, China; College of Electrical Engineering, Zhejiang University of Water Resources and Electric Power, Hangzhou, China",IEEE Internet of Things Journal,,2026,PP,99,1,1,"In low-altitude Internet of Things (IoT) systems, Visual-Inertial Odometry (VIO) provides high-precision positioning for Unmanned Aerial Vehicles (UAVs) in GPS-denied environment. Reliable localization is a prerequisite for down-stream IoT services. However, in real-world scenarios, a large number of moving objects (such as vehicles and pedestrians) create complex dynamic disturbances that are difficult to mitigate using point-level or semantic-dependent approaches, which leads to significant degradation in positioning accuracy. To address these issues, this paper proposes a robust VIO method based on spatio-temporal voxels. The proposed method integrates dynamic probability inference into a unified framework. At the feature level, Temporal Residual Test (TRT) computes the dynamic probability of each feature point. At the voxel level, Spatial Probabilistic Regularization Module (SPRM) enforces spatial regularity to preserve object boundaries. At the temporal level, Bayesian Temporal Smoother (BTS) stabilizes voxel states over time. Then, the inferred voxel dynamic probability is incorporated into the measurement noise covariance of state estimator. Compared with the Voxel-SVIO baseline, the proposed method reduces the absolute trajectory error across the VIODE dataset by 12.0%–62.7%, with an average improvement of 45.8%. The code is available online at: Emiya-29/Voxel-Dynamic-Processor.",2327-4662,,10.1109/JIOT.2026.3732485,Innovation and Entrepreneurship Training Program for College Students(grant numbers:202510336043); Zhejiang Provincial Major Science and Technology Project(grant numbers:2026LDC01033); National Natural Science Foundation of China(grant numbers:62271179); ,https://ieeexplore.ieee.org/stamp/stamp.jsp?arnumber=11685974,Dynamic environment;Visual-inertial SLAM;UAV Navigation;Localization;Sensor fusion,Probability;Modeling;Sequences;Sequential analysis;Timing;Labeling;Simultaneous localization and mapping;Optimization;Urban areas;Visualization,,,,,IEEE,10 Sep 2026,,,IEEE,IEEE Early Access Articles
Localization Matters Too: How Localization Error Affects UAV Flight: “All Models are Wrong but Some are Useful.” - George Box,S. Zhang; Y. Xu; S. Dai; S. Yu; Q. Liao; J. Yu; Y. Wang,"Department of Electronic Engineering, Tsinghua University, Beijing, China; Department of Electronic Engineering, Tsinghua University, Beijing, China; Shenzhen International Graduate School, Tsinghua University, Beijing, China; Department of Electronic Engineering, Tsinghua University, Beijing, China; Shenzhen International Graduate School, Tsinghua University, Beijing, China; Department of Electronic Engineering, Tsinghua University, Beijing, China; Department of Electronic Engineering, Tsinghua University, Beijing, China",2025 IEEE International Conference on Robotics and Biomimetics (ROBIO),23 Feb 2026,2025,,,2346,2353,"The maximum safe flight speed of a Unmanned Aerial Vehicle (UAV) is an important metric for evaluating the efficiency in completing various tasks. For robot designers, it would be helpful to know how different design parameters quantitatively affect the performance before selecting specific sensors and algorithms. Previous work only studies the impact of depth estimation on flight speed, neglecting localization, which is also the indispensable component in a robotic perception system. In this work, we introduce an early-phase quantitative model for describing the relationship between more comprehensive factors and maximum flight speed, including localization. We consider a scenario similar to navigating through dense forests, where the UAV needs to quickly avoid obstacles and swiftly reorient after avoidance to evade the next obstacle. Based on this scenario, we study how parameters such as localization error, sensing range, processing latency, physical and environmental parameters, affect the maximum safe speed during UAV flight. We validate our model in a simulation environment and find that it can accurately predict outcomes with the error below 10% in most cases. We also conduct dozens of flight experiments using real UAVs, further validating the considerable accuracy of our model. The error mainly stems from the gap between actual and theoretical control.",2994-3574,979-8-3315-5747-8,10.1109/ROBIO66223.2025.11376353,"National Natural Science Foundation of China(grant numbers:62203257,62325405,62031017,62406159); ",https://ieeexplore.ieee.org/stamp/stamp.jsp?arnumber=11376353,,Location awareness;Forests;Navigation;Biological system modeling;Depth measurement;Predictive models;Autonomous aerial vehicles;Robot sensing systems;Sensors;Drones,,,,27,IEEE,23 Feb 2026,3-7 Dec. 2025,3-7 Dec. 2025,IEEE,IEEE Conferences
UAV Navigation and Mission Execution in GPS-Denied Environment,J. -T. Zou; Y. -J. Cheng,"Graduate Institute of Aeronautical and Electronic Engineering, National Formosa University, Yunlin, Taiwan; Graduate Institute of Aeronautical and Electronic Engineering, National Formosa University, Yunlin, Taiwan",2025 IEEE International Conference on Consumer Electronics - Taiwan (ICCE-Taiwan),27 Oct 2025,2025,,,319,320,"Precise drone navigation in GNSS-denied environments remains challenging. GPS fails in obstructed areas like cities and forests, limiting applications. Alternatives such as SLAM, INS, and radio-based localization (Wi-Fi, 5G, UWB) improve accuracy and stability. Integrating these technologies enables drones for agriculture, logistics, surveillance, and rescue missions. AI advancements will further enhance adaptability and intelligence.",2575-8284,979-8-3315-8741-3,10.1109/ICCE-Taiwan66881.2025.11207940,,https://ieeexplore.ieee.org/stamp/stamp.jsp?arnumber=11207940,GNSS-deny;outdoor positioning;autonomous flight;visual positioning;inertial navigation,Visualization;Accuracy;Simultaneous localization and mapping;Surveillance;Urban areas;Radio navigation;Odometry;Wireless fidelity;Drones;Videos,,1,,5,IEEE,27 Oct 2025,16-18 July 2025,16-18 July 2025,IEEE,IEEE Conferences
QVIO2: Quantized Map-Based Visual-Inertial Odometry,Y. Peng; C. Chen; G. Huang,"Robot Perception and Navigation Group (RPNG), University of Delaware, Newark, DE, USA; Robot Perception and Navigation Group (RPNG), University of Delaware, Newark, DE, USA; Robot Perception and Navigation Group (RPNG), University of Delaware, Newark, DE, USA",2025 IEEE International Conference on Robotics and Automation (ICRA),2 Sep 2025,2025,,,1053,1059,"Energy-efficient visual-inertial motion tracking on SWAP-constrained edge devices (e.g., drones and AR glasses) is essential but challenging. Our previous work [1] introduced the first-of-its-kind quantized visual-inertial odometry (QVIO), utilizing either raw measurement quantization (zQVIO) or single-bit residual quantization (rQVIO). While QVIO has demonstrated significant data transfer reduction with competitive performance, it has limitations. Specifically, zQVIO directly quantizes raw measurements into multi-bit values, while requiring the ad-hoc inflation of measurement noise to account for quantization errors. On the other hand, rQVIO is limited to single-bit measurement with certain accuracy loss. This work introduces QVIO2 to address these issues. The proposed QVIO2 improves data quantization strategies and derives a Maximum A Posteriori (MAP) quantized estimator that rigorously handles both multi-bit and single-bit, raw and residual quantized measurements in a unified manner. These improvements lead to more communication-efficient and accurate systems. Additionally, we optimize the communication protocol to further reduce data transfer by eliminating unnecessary transmissions. Extensive numerical and experimental results demonstrate reduced communication requirements and improved accuracy. Compared to the previous QVIO system, zQVIO2 achieves the same accuracy with a 30 % reduction in data transfer, while rQVIO2 improves accuracy without increasing data communication. In real-world scenarios, our new zQVIO2 and rQVIO2 have demonstrated nearly no accuracy loss with only 4.6 bits and 3.5 bits of data communication, achieving compression rates of $7 \times$ and $9.1 \times$.",,979-8-3315-4139-2,10.1109/ICRA55743.2025.11127636,,https://ieeexplore.ieee.org/stamp/stamp.jsp?arnumber=11127636,,Accuracy;Quantization (signal);Protocols;Tracking;Measurement uncertainty;Data transfer;Loss measurement;Odometry;Noise measurement;Robotics and automation,,,,35,IEEE,2 Sep 2025,19-23 May 2025,19-23 May 2025,IEEE,IEEE Conferences
SLOAM: Semantic Lidar Odometry and Mapping for Forest Inventory,S. W. Chen; G. V. Nardari; E. S. Lee; C. Qu; X. Liu; R. A. F. Romero; V. Kumar,"GRASP Laboratory, University of Pennsylvania, Philadelphia, United States; Robot learning laboratory, ICMC - University of Sao Paulo, São Carlos, Brazil; GRASP Laboratory, University of Pennsylvania, Philadelphia, United States; GRASP Laboratory, University of Pennsylvania, Philadelphia, United States; GRASP Laboratory, University of Pennsylvania, Philadelphia, United States; Robot learning laboratory, ICMC - University of Sao Paulo, São Carlos, Brazil; GRASP Laboratory, University of Pennsylvania, Philadelphia, United States",IEEE Robotics and Automation Letters,20 Jan 2020,2020,5,2,612,619,"This letter describes an end-to-end pipeline for tree diameter estimation based on semantic segmentation and lidar odometry and mapping. Accurate mapping of this type of environment is challenging since the ground and the trees are surrounded by leaves, thorns and vines, and the sensor typically experiences extreme motion. We propose a semantic feature based pose optimization that simultaneously refines the tree models while estimating the robot pose. The pipeline utilizes a custom virtual reality tool for labeling 3D scans that is used to train a semantic segmentation network. The masked point cloud is used to compute a trellis graph that identifies individual instances and extracts relevant features that are used by the SLAM module. We show that traditional lidar and image based methods fail in the forest environment on both Unmanned Aerial Vehicle (UAV) and hand-carry systems, while our method is more robust, scalable, and automatically generates tree diameter estimations.",2377-3766,,10.1109/LRA.2019.2963823,"Trefo LLC under NSF SBIR(grant numbers:193856); ARL Grant ARL DCIST(grant numbers:2911NF-17-2-0181); ONR(grant numbers:N00014-07-1-0829); ARO(grant numbers:W911NF-13-1-0350); INCT-INSac(grant numbers:465755/2014-3,2014/50851-0,2018/24526-5); Semiconductor Research Corporation; Defense Advanced Research Projects Agency; NVIDIA; ",https://ieeexplore.ieee.org/stamp/stamp.jsp?arnumber=8949363,Robotics in agriculture and forestry;SLAM;deep learning in robotics and automation;virtual reality and interfaces,Laser radar;Vegetation;Forestry;Semantics;Three-dimensional displays;Estimation;Unmanned aerial vehicles,,178,,28,IEEE,3 Jan 2020,April 2020,,IEEE,IEEE Journals
Vision-Based Visual Navigation and Control Fusion System for Water Rescue UAV,Y. Yang; C. Wang; W. Dai; S. Zhu; M. Zhong,"School of Intelligent Manufacturing and Smart Transportation), Suzhou City University, Suzhou, China; School of Intelligent Manufacturing and Smart Transportation), Suzhou City University, Suzhou, China; School of Mechanical and Electrical Engineering, Soochow University, Suzhou, China; School of Intelligent Manufacturing and Smart Transportation), Suzhou City University, Suzhou, China; School of Intelligent Manufacturing and Smart Transportation), Suzhou City University, Suzhou, China","2026 12th International Conference on Electrical Engineering, Control and Robotics (EECR)",12 Jun 2026,2026,,,373,377,"This paper presents a vision-based quadcopter unmanned aerial vehicle (UAV) system designed for autonomous water rescue missions. The system is built around the PX4 flight controller, with MAVROS enabling communication between the Robot Operating System (ROS) and the autopilot. Following a bottom-up development framework, we sequentially achieve: (1) construction of a PX4-based quadcopter platform, (2) implementation of autonomous flight logic via MAVROS, and (3) integration of laser SLAM (Cartographer) with the Ego Planner for autonomous path planning and obstacle avoidance. To enhance visual perception capabilities, the UAV is equipped with an Orbbec Astra Pro Plus depth camera and an Orange Pi 5 Plus onboard computer. The original human detection functionality is improved by integrating OpenCV for real-time image processing, thereby forming a complete “perception-planning-control” closed loop. Experimental results in simulated water rescue scenarios demonstrate that the system achieves stable autonomous flight and accurate target recognition, offering a viable technical solution for future water rescue operations.",,979-8-3195-2932-9,10.1109/EECR69522.2026.11548943,,https://ieeexplore.ieee.org/stamp/stamp.jsp?arnumber=11548943,PX4 flight controller;visual navigation;SLAM;path planning;target detection;water rescue,Autonomous aerial vehicles;Visualization;Water;Simultaneous localization and mapping;Optimization;Timing;Path planning;Printing;Real-time systems;Navigation,,,,13,IEEE,12 Jun 2026,6-8 April 2026,6-8 April 2026,IEEE,IEEE Conferences
Visual-Inertial Odometry Robustness to Adverse Conditions in Proximity Flight,A. P. Teacu; D. A. Paley,"Dept. of Aerospace Engineering, University of Maryland, College Park, MD, USA; Dept. of Aerospace Engineering and Institute for Systems Research, University of Maryland, College Park, MD, USA",2026 International Conference on Unmanned Aircraft Systems (ICUAS),14 Jul 2026,2026,,,1473,1480,"This paper tests and evaluates the performance of visual-inertial odometry (VIO) under adverse visual factors within the context of autonomous proximity flight. VIO is widely used in UAV autonomy for micro air vehicles (MAVs) due to its cost-effectiveness and the small size of required sensors. Since VIO relies on a camera, visual factors can significantly impact its performance; however, there is a general lack of public VIO flight datasets that contain adverse visual factors. Here we describe the use of a MAV platform to collect real-world visual-inertial datasets that contain feature-rich environments, featuresparse environments, reflections, and repeating features, along with the ground-truth pose of the MAV. However, visual factors, such as fire, dust, and smoke are challenging or hazardous to reproduce in a controlled environment. To produce datasets containing these visual factors, we augment the real-world images in a computational simulation environment. The real and augmented datasets along with ground-truth data are used to evaluate VIO robustness through a combination of practical performance metrics.",2575-7296,979-8-3315-9316-2,10.1109/ICUAS69441.2026.11598645,,https://ieeexplore.ieee.org/stamp/stamp.jsp?arnumber=11598645,,Visualization;Sequences;Sequential analysis;Printing;Trajectory;Cameras;Grounding;Timing;Conferences;Autonomous aerial vehicles,,,,29,IEEE,14 Jul 2026,15-18 June 2026,15-18 June 2026,IEEE,IEEE Conferences
Yaw aided Radar Inertial Odometry using Manhattan World Assumptions,C. Doer; G. F. Trommer,"Institute of Control Systems (IRS), Karlsruhe Institute of Technology (KIT), Karlsruhe, Germany; Institute of Control Systems (IRS) Karlsruhe Institute of Technology (KIT) Karlsruhe, Germany ITMO University, Russia",2021 28th Saint Petersburg International Conference on Integrated Navigation Systems (ICINS),9 Jul 2021,2021,,,1,9,"Accurate localization is a key component for autonomous robotics and various navigation tasks. Navigation in GNSS denied and visually degraded environments is still very challenging. Approaches based on visual sensors tend to fail in poor visual conditions such as darkness, fog or smoke. Therefore, our approach fuses inertial data with FMCW radar scans which are not affected by such conditions. We extend a filter based approach to 3D Radar Inertial Odometry with yaw aiding using Manhattan world assumptions for indoor environments. Once initialized, our approach enables instantaneous yaw aiding using only a single radar scan. The proposed system is evaluated in various indoor datasets with carried and drone datasets. Our approach achieves similar accuracies as state of the art Visual Inertial Odometry (VIO) while being able to cope with degraded visual conditions and requiring only very little computational resources. We achieve run-times many times faster than real-time even on a small embedded computer. This approach is well suited for online navigation of drones as demonstrated in indoor flight experiments.",,978-5-91995-080-6,10.23919/ICINS43216.2021.9470842,,https://ieeexplore.ieee.org/stamp/stamp.jsp?arnumber=9470842,Radar Inertial Odometry;Manhattan World,Visualization;Three-dimensional displays;Navigation;Radar;Real-time systems;Indoor environment;Sensors,,31,,33,,9 Jul 2021,31 May-2 June 2021,31 May-2 June 2021,IEEE,IEEE Conferences
LiDAR-Visual-Inertial Fusion Architectures for GNSS-Resilient Aerial Navigation: Performance Assessment,L. Turci; F. Causa; R. Opromolla; G. Fasano,"University of Naples Federico II, Naples, Italy; University of Naples Federico II, Naples, Italy; University of Naples Federico II, Naples, Italy; University of Naples Federico II, Naples, Italy",2025 AIAA DATC/IEEE 44th Digital Avionics Systems Conference (DASC),2 Dec 2025,2025,,,1,9,"This work proposes a performance assessment of LiDAR-Visual-Inertial navigation approaches specifically tailored for GNSS-denied or challenged circumstances. A data fusion scheme, based on Extended Kalman Filter, has been designed to face various environmental and flight conditions that occur depending on topology and morphological characteristics of the environment and UAV dynamic. It loosely integrates camera and LiDAR measurements. Their measurements are combined altogether exploiting LiDAR measurements to associate depth information with image features. Conversely, when camera measurements cannot be used, LiDAR odometry is performed to incrementally estimate the pose of the UAV by defining the pose transformation between one LiDAR point cloud and the following one, integrating the solution with the filter propagated state in order to bound the otherwise unbounded drift of IMU-only navigation solution. Sensors measurements are fed into the filter weighted by their own covariance, which indicates the level of confidence associated with the measurement. A set of gating criteria is introduced to assess the validity of each measurement to be used within the filter and thus to improve its resiliency against anomalous pose estimates. In general, particular attention is paid to the integrity of the multi-sensor-based solution. The strategy is assessed through numerical simulations conducted within the Unreal Engine 4 environment integrated with MATLAB and Simulink, which allows retrieving realistic sensors data by simulating aircraft trajectory, rich texture 3D geometry, and world-like scene. Results show percentage errors on the position estimates, computed with respect to the UAV traveled distance, below 0.9%, and errors on attitude angles estimate under 0.8°.",2155-7209,979-8-3315-2519-4,10.1109/DASC66011.2025.11257343,,https://ieeexplore.ieee.org/stamp/stamp.jsp?arnumber=11257343,LiDAR;camera;LiDAR-Visual-Inertial Odometry (LVIO);navigation system;Extended Kalman Filter (EKF);GNSS-denied/challenged scenario,Weight measurement;Laser radar;Aerospace electronics;Cameras;Autonomous aerial vehicles;Aircraft navigation;Sensors;Trajectory;Odometry;Kalman filters,,,,31,IEEE,2 Dec 2025,14-18 Sept. 2025,14-18 Sept. 2025,IEEE,IEEE Conferences
Efficient Visual-Inertial Navigation with Point-Plane Map,J. Hu; K. Ren; X. Xu; L. Zhou; X. Lang; Y. Mao; G. Huang,"Meituan UAV, Beijing, China; Meituan UAV, Beijing, China; Meituan UAV, Beijing, China; Meituan UAV, Beijing, China; Meituan UAV, Beijing, China; Meituan UAV, Beijing, China; Meituan UAV, Beijing, China",2023 IEEE International Conference on Robotics and Automation (ICRA),4 Jul 2023,2023,,,10659,10665,"Accurate and real-time global pose estimation relative to a global prior map is indispensable in many applications, such as logistics with micro aerial vehicles and Augmented Reality. Supposed that a pure sparse 3D point map can provide a structureless representation of the environment, then generating a point-plane prior map can further model the environment topology and offer global constraints for an accurate localization. To implement this, we propose a filter-based, large-scale visual-inertial odometry system, termed PPM-VIO, which utilizes a point-plane map to correct the cumulative drift. Our system, detecting coplanar information from sparse point clouds with semantic information, achieves accurate online plane matching via geometric constraints, semantic constraints, and descriptor constraints. To improve the localization performance, we effectively integrate and formulate the global planar measurements and points measurements in a filter-based estimator. The effectiveness of the proposed method is extensively validated on real-world datasets collected in different scenarios. Experimental results demonstrate that, rather than using the point map alone, leveraging the plane information in the prior map can yield better trajectory estimates and broaden the effective scope of the prior map in different scenes.",,979-8-3503-2365-8,10.1109/ICRA48891.2023.10160393,,https://ieeexplore.ieee.org/stamp/stamp.jsp?arnumber=10160393,,Location awareness;Matched filters;Solid modeling;Three-dimensional displays;Semantics;Information filters;Real-time systems,,2,,19,IEEE,4 Jul 2023,29 May-2 June 2023,29 May-2 June 2023,IEEE,IEEE Conferences
UVIO: An UWB-Aided Visual-Inertial Odometry Framework with Bias-Compensated Anchors Initialization,G. Delama; F. Shamsfakhr; S. Weiss; D. Fontanelli; A. Fomasier,"Control of Networked Systems Group, University of Klagenfurt, Austria; Department of Industrial Engineering, University of Trento, Italy; Control of Networked Systems Group, University of Klagenfurt, Austria; Department of Industrial Engineering, University of Trento, Italy; Control of Networked Systems Group, University of Klagenfurt, Austria",2023 IEEE/RSJ International Conference on Intelligent Robots and Systems (IROS),13 Dec 2023,2023,,,7111,7118,"This paper introduces UVIO, a multi-sensor framework that leverages Ultra Wide Band (UWB) technology and Visual-Inertial Odometry (VIO) to provide robust and low-drift localization. In order to include range measurements in state estimation, the position of the UWB anchors must be known. This study proposes a multi-step initialization procedure to map multiple unknown anchors by an Unmanned Aerial Vehicle (UAV), in a fully autonomous fashion. To address the limitations of initializing UWB anchors via a random trajectory, this paper uses the Geometric Dilution of Precision (GDOP) as a measure of optimality in anchor position estimation, to compute a set of optimal waypoints and synthesize a trajectory that minimizes the mapping uncertainty. After the initialization is complete, the range measurements from multiple anchors, including measurement biases, are tightly integrated into the VIO system. While in range of the initialized anchors, the VIO drift in position and heading is eliminated. The effectiveness of UVIO and our initialization procedure has been validated through a series of simulations and real-world experiments.",2153-0866,978-1-6654-9190-7,10.1109/IROS55552.2023.10342012,,https://ieeexplore.ieee.org/stamp/stamp.jsp?arnumber=10342012,,Location awareness;Uncertainty;Autonomous aerial vehicles;Real-time systems;Trajectory;Odometry;Reliability,,21,,25,IEEE,13 Dec 2023,1-5 Oct. 2023,1-5 Oct. 2023,IEEE,IEEE Conferences
A Controlled Indoor Validation Framework for Visual–Inertial Odometry,S. H. M. Swe; L. Huang; A. Perera,"School of Engineering, Computer and Mathematical Sciences, Auckland University of Technology, Auckland, New Zealand; School of Engineering, Computer and Mathematical Sciences, Auckland University of Technology, Auckland, New Zealand; Defence Science and Technology, Auckland, New Zealand",2026 IEEE International Conference on Automatic Control and Intelligent Systems (I2CACIS),16 Jul 2026,2026,,,59,64,"Reliable evaluation of Visual–Inertial Odometry (VIO) systems remains challenging, particularly for unmanned aerial vehicle (UAV) applications operating in uncontrolled outdoor environments where accurate ground-truth state measurements are difficult to obtain. The strong influence of motion dynamics and environmental conditions further complicates performance assessment. To address this issue, this paper presents a controlled indoor validation framework that uses a commercial robotic manipulator to generate precise and repeatable motion while providing accurate ground-truth pose measurements. The proposed framework provides systematic variation of key factors affecting VIO performance, including motion speed, scene texture, and illumination conditions, while maintaining identical spatial trajectories. This controlled setup allows reproducible and discriminative evaluation under various controlled conditions. To demonstrate the capability of the framework, representative filter-based and optimization-based VIO systems are evaluated. Experimental results show that the framework produces measurable and consistent performance variations, confirming its suitability as a practical and reliable validation environment for VIO.",2995-2859,979-8-3315-6170-3,10.1109/I2CACIS69435.2026.11600092,,https://ieeexplore.ieee.org/stamp/stamp.jsp?arnumber=11600092,indoor validation framework;VIO;robotic manipulator,Trajectory;Lighting;Robots;Visualization;Image sensors;Measurement;Cameras;Optimization;Equations;Grounding,,,,18,IEEE,16 Jul 2026,26-27 June 2026,26-27 June 2026,IEEE,IEEE Conferences
GO-SLAM: GPS-Aided Visual-Inertial SLAM for Adaptive UAV Navigation in Outdoor-Indoor Environments,M. Wicaksono; S. Y. Shin,"Department of IT Convergence Engineering, Kumoh National Institute of Technology, Gumi, Gyeongbuk, South Korea; Department of IT Convergence Engineering, Kumoh National Institute of Technology, Gumi, Gyeongbuk, South Korea",IEEE Transactions on Instrumentation and Measurement,19 Mar 2025,2025,74,,1,8,"This article introduces a GPS-aided visual-inertial simultaneous localization and mapping (SLAM) system named GO-SLAM. This proposed system optimizes uncrewed aerial vehicles (UAVs)-based search and rescue (SAR) operations by enabling efficient navigation in transition areas between indoor and outdoor environments. Therefore, the UAV addresses challenges posed by intermittent GPS signals and limited features for visual odometry (VO). GO-SLAM optimizes local pose estimation by leveraging available GPS signals and inertial data from visual-inertial odometry (VIO). The system incorporates kinodynamic path search, which employs a hierarchical, time-optimal trajectory planning method to ensure comprehensive coverage. The efficacy of GO-SLAM is evaluated through scenarios involving transition areas with unreliable or absent GPS signals, followed by simulations and real-world experiments to validate its adaptive navigation capabilities.",1557-9662,,10.1109/TIM.2025.3538081,"Innovative Human Resource Development for Local Intellectualization Program through the Institute of Information and Communications Technology Planning and Evaluation (IITP) funded by Korean Government (MSIT)(grant numbers:IITP-2024-RS-2020-II201612, 50%); Ministry of Science and ICT (MSIT), South Korea through the Information Technology Research Center (ITRC) Support Program, supervised by the Institute for Information and Communications Technology Planning and Evaluation (IITP)(grant numbers:IITP-2024-RS-2024-00437190, 50%); ",https://ieeexplore.ieee.org/stamp/stamp.jsp?arnumber=10887018,Adaptive navigation;GPS signal;search and rescue;uncrewed aerial vehicle (UAV);visual-inertial odometry (VIO);visual simultaneous localization and mapping (SLAM),Autonomous aerial vehicles;Global Positioning System;Navigation;Visualization;Location awareness;Simultaneous localization and mapping;Sensors;Cameras;Planning;Adaptive systems,,13,,33,IEEE,13 Feb 2025,2025,,IEEE,IEEE Journals
UAV human teleoperation using event-based and frame-based cameras,J. P. Rodríguez-Gómez; R. Tapia; A. G. Eguíluz; J. R. Martínez-de Dios; A. Ollero,"GRVC Robotics Laboratory, University of Seville, Seville, Spain; GRVC Robotics Laboratory, University of Seville, Seville, Spain; GRVC Robotics Laboratory, University of Seville, Seville, Spain; GRVC Robotics Laboratory, University of Seville, Seville, Spain; GRVC Robotics Laboratory, University of Seville, Seville, Spain",2021 Aerial Robotic Systems Physically Interacting with the Environment (AIRPHARO),26 Oct 2021,2021,,,1,5,"Teleoperation is a crucial aspect for human-robot interaction with unmanned aerial vehicles (UAV s) applications. Fast perception processing is required to ensure robustness, precision, and safety. Event cameras are neuromorphic sensors that provide low latency response, high dynamic range and low power consumption. Although classical image-based methods have been extensively used for human-robot interaction tasks, responsiveness is limited by their processing rates. This paper presents a human-robot teleoperation scheme for UAVs that exploits the advantages of both traditional and event cameras. The proposed scheme was tested in teleoperation missions where the pose of a multi rotor robot is controlled in real time using human gestures detected from events.",,978-1-6654-3389-1,10.1109/AIRPHARO52252.2021.9571049,European Research Council(grant numbers:788247); European Commission(grant numbers:H2020-2019-87147); ,https://ieeexplore.ieee.org/stamp/stamp.jsp?arnumber=9571049,Robotic perception;teleoperation;UAS;UAV;event-based vision;human detection,Robot vision systems;Human-robot interaction;Rotors;Cameras;Unmanned aerial vehicles;Robustness;Sensors,,6,,29,IEEE,26 Oct 2021,4-5 Oct. 2021,4-5 Oct. 2021,IEEE,IEEE Conferences
LUNA: Light-based Urban Navigation and Anchor via Geometric Structural Constraints,X. Li; B. Hang; W. Li; F. Shen; T. Guo,"School of Instrumentation Science and Engineering, Harbin Institute of Technology, Harbin, China; School of Instrumentation Science and Engineering, Harbin Institute of Technology, Harbin, China; School of Instrumentation Science and Engineering, Harbin Institute of Technology, Harbin, China; School of Instrumentation Science and Engineering, Harbin Institute of Technology, Harbin, China; School of Instrumentation Science and Engineering, Harbin Institute of Technology, Harbin, China",IEEE Sensors Journal,,2026,PP,99,1,1,"Robust visual localization for Unmanned Aerial Vehicles (UAVs) in urban environments is a critical capability, yet it remains challenging in low-light conditions where texture degradation compromises standard feature extraction. Existing solutions often rely on computationally intensive image enhancement or heavy multi-modal sensors, which are unsuitable for resource-constrained platforms. Furthermore, traditional visual odometry methods struggle to maintain tracking consistency due to the low signal-to-noise ratio and motion blur inherent in nighttime imagery. To address this, we propose LUNA (Light-based Urban Navigation and Anchor), a framework that exploits the high-contrast, repetitive window patterns of high-rise buildings as stable geometric anchors. Specifically, we introduce a hierarchical pipeline that extracts window primitives using Multi-scale Maximally Stable Extremal Regions (MSER) and reconstructs the underlying facade lattice via a Simulated Annealing-based global consensus algorithm. These structural features are temporally tracked and integrated into a Multi-State Constraint Kalman Filter (MSCKF) to provide rigorous geometric constraints for attitude correction. Extensive real-world flight experiments demonstrate that LUNA achieves an Absolute Trajectory Error (ATE) of 2.797m, significantly outperforming methods such as ORB (10.773m), xFeats (8.197m) and IRIH-VIO (8.918m). This work enables precise 6-DoF estimation in texture-less environments by shifting reliance from unstable photometric textures to robust geometric structures.",1558-1748,,10.1109/JSEN.2026.3724706,"National Natural Science Foundation of China(grant numbers:52371351,61573117,41627801,61673128); ",https://ieeexplore.ieee.org/stamp/stamp.jsp?arnumber=11664277,Visual-Inertial Odometry (VIO);UAV Navigation;Low-light Localization;Window Detection;Geometric Constraints;Urban Canyon,Windows;Lattices;Lighting;Visualization;Optimization;Tracking;Image sensors;Distance measurement;Buildings;Location awareness,,,,,IEEE,24 Aug 2026,,,IEEE,IEEE Early Access Articles
Invited: Automatic Hardware/Software Design for High-Speed Autonomous Unmanned Aerial Vehicles Guided by a Flight Model,Y. Xu; J. Yu; S. Zhang; Y. Xiang; H. Jia; Y. Wang,Tsinghua University; Tsinghua University; Tsinghua University; Tsinghua University; Tsinghua University; Tsinghua University,2024 61st ACM/IEEE Design Automation Conference (DAC),1 Jan 2026,2024,,,1,4,"Autonomous Unmanned Aerial Vehicles (UAVs) are on the rise in the industrial and academic communities. Since most UAVs are severely size, weight, and power (SWaP) constrained, building computing system for high-speed UAVs is challenging. Current domain-specific hardware-software (HW-SW) designs for UAVs are mainly bottom-up, focusing on optimizing a single module in the whole system, such as visual-inertial odometry (VIO), depth estimation, or planning. But this leads to underdesign for flight speed as agile navigation depends on a tight combination of multiple modules. To find the optimal HW-SW design for systematic flight performance, we propose a top-down automatic design framework. A flight model is introduced to guide the inter-module and the intra-module HW-SW optimization towards the system-level goal. For the perception algorithms, we define the representative design space. And some critical non-AI operators are accelerated and profiled on embedded GPU to achieve better hardware performance. The design framework is evaluated on a micro UAV equipped with a Nvidia Jetson Orin NX. In a specific navigation scenario, the design found by our framework achieve 40% and 65% increase on flight speed than two manual design methods respectively.CCS CONCEPTS• Computer systems organization → Robotics; • Hardware → Hardware-software codesign.",,979-8-3503-4948-1,,National Natural Science Foundation of China; Tsinghua University; Beijing Innovation Center for Future Chip; ,https://ieeexplore.ieee.org/stamp/stamp.jsp?arnumber=11294984,Robotics;Hardware-Software Co-Design;Design Automation,Design automation;Systematics;Navigation;Organizations;Autonomous aerial vehicles;Hardware;Planning;Odometry;Robots;Optimization,,1,,14,,1 Jan 2026,23-27 June 2024,23-27 June 2024,IEEE,IEEE Conferences
Vision-Based Estimation and Tracking on Fixed-Wing Multi-UAV Systems,P. Yang; Y. Fan; J. Zhou; S. Zheng; L. Han,"Sino-French Engineer School Beihang University, Beijing, China; Systems Engineering Research Institute CSSC, Beijing, China; Systems Engineering Research Institute CSSC, Beijing, China; Systems Engineering Research Institute CSSC, Beijing, China; Sino-French Engineer School Beihang University, Beijing, China",2025 44th Chinese Control Conference (CCC),10 Oct 2025,2025,,,4366,4371,"Accurate tracking of multiple fixed-wing UAVs is a crucial challenge in autonomous aerial systems, particularly in GPS-denied environments where traditional sensors struggle. The bearing-angle estimator extracts target position and velocity purely from onboard visual data, eliminating the need for external positioning systems. This article presents a vision-based estimation and tracking framework for multi-UAV systems that integrates a YOLOv8 and ByteTrack-based tracker based on the bearing-angle state estimation method. ROS2 and Gazebo-based simulation validates the approach, demonstrating successful onboard real-time tracking of three UAVs in formation flight, making it a solution for vision-based multi-UAV coordination.",1934-1768,978-988-75816-1-1,10.23919/CCC64809.2025.11179822,National Natural Science Foundation of China(grant numbers:62373024); ,https://ieeexplore.ieee.org/stamp/stamp.jsp?arnumber=11179822,fixed-wing UAV;multi-UAV systems;visual tracking;YOLO;ROS2,YOLO;Visualization;Target tracking;Accuracy;Autonomous aerial vehicles;Sensor systems;Robustness;Real-time systems;Sensors;State estimation,,1,,11,,10 Oct 2025,28-30 July 2025,28-30 July 2025,IEEE,IEEE Conferences
Kalman Filter-Based Drift Detection and Mitigation of Visual-Inertial Odometry in UAVs,R. Ibrahimov; T. Yang; M. W. Mueller,"Department of Mechanical Engineering, High Performance Robotics Lab, University of California, Berkeley, CA, USA; Department of Mechanical Engineering, High Performance Robotics Lab, University of California, Berkeley, CA, USA; Department of Mechanical Engineering, High Performance Robotics Lab, University of California, Berkeley, CA, USA",2025 American Control Conference (ACC),21 Aug 2025,2025,,,457,462,"We present a conceptual framework for an autonomous safety mechanism designed to enhance the reliability of Unmanned Aerial Vehicles (UAVs) that use Visual-Inertial Odometry (VIO) for state estimation. As UAVs increasingly interact with the public, such safety mechanisms are crucial to reducing the likelihood and severity of accidents. VIO drift, which occurs when accumulated estimation errors cause discrepancies between the UAV’s perceived and actual position, poses a significant risk to safe operation. To address this challenge, we propose a Kalman filter-based approach for detecting VIO drift events. Upon detection, the envisioned safety mechanism is designed to adjust state estimation by integrating onboard gyroscope measurements and thrust commands for short durations, aiming to enhance stability and prevent potential crashes before initiating a controlled landing. While this framework provides the foundation for a real-time safety mechanism, the implementation and experiment focus on validating the drift detection component in an offline setting using real UAV flight data. The results demonstrate the effectiveness of the detection method in identifying VIO drift scenarios, highlighting its potential for future real-time applications.",2378-5861,979-8-3315-6937-2,10.23919/ACC63710.2025.11107817,California Department of Transportation; ,https://ieeexplore.ieee.org/stamp/stamp.jsp?arnumber=11107817,,Prevention and mitigation;Autonomous aerial vehicles;Reliability engineering;Real-time systems;Safety;Gyroscopes;Odometry;Kalman filters;State estimation;Accidents,,,,22,,21 Aug 2025,8-10 July 2025,8-10 July 2025,IEEE,IEEE Conferences
BRM Localization: UAV Localization in GNSS-Denied Environments Based on Matching of Numerical Map and UAV Images,J. Choi; H. Myung,"Urban Robotics Laboratory, Korea Advanced Institute of Science and Technology(KAIST), Daejeon, South Korea; Urban Robotics Laboratory, Korea Advanced Institute of Science and Technology(KAIST), Daejeon, South Korea",2020 IEEE/RSJ International Conference on Intelligent Robots and Systems (IROS),10 Feb 2021,2020,,,4537,4544,"Localization is one of the most important technologies needed to use Unmanned Aerial Vehicles (UAVs) in actual fields. Currently, most UAVs use GNSS to estimate their position. Recently, there have been attacks that target the weaknesses of UAVs that use GNSS, such as interrupting GNSS signal to crash the UAVs or sending fake GNSS signals to hijack the UAVs. To avoid this kind of situation, this paper proposes an algorithm that deals with the localization problem of the UAV in GNSS-denied environments. We propose a localization method, named as BRM (Building Ratio Map based) localization, for a UAV by matching an existing numerical map with UAV images. The building area is extracted from the UAV images. The ratio of buildings that occupy in the corresponding image frame is calculated and matched with the building information on the numerical map. The position estimation is started in the range of several km2 area, so that the position estimation can be performed without knowing the exact initial coordinate. Only freely available maps are used for training data set and matching the ground truth. Finally, we get real UAV images, IMU data, and GNSS data from UAV flight to show that the proposed method can achieve better performance than the conventional methods.",2153-0866,978-1-7281-6212-6,10.1109/IROS45743.2020.9341682,,https://ieeexplore.ieee.org/stamp/stamp.jsp?arnumber=9341682,,Location awareness;Global navigation satellite system;Indoor navigation;Buildings;Estimation;Unmanned aerial vehicles;Global Positioning System,,45,,27,IEEE,10 Feb 2021,24 Oct.-24 Jan. 2021,24 Oct.-24 Jan. 2021,IEEE,IEEE Conferences
VINS-Mask: A ROI-mask Feature Tracker for Monocular Visual-inertial System,J. Sun; F. Song; L. Ji,"School of Computer Science and Engineering, University of Electronic Science and Technology of China, Chengdu, China; School of Computer Science and Engineering, University of Electronic Science and Technology of China, Chengdu, China; School of Computer Science and Engineering, University of Electronic Science and Technology of China, Chengdu, China","2022 International Conference on Automation, Robotics and Computer Engineering (ICARCE)",22 Feb 2023,2022,,,1,5,"Feature tracker is usually believed to be one of the most important components to the performance influence on a Visual-inertial System (VINS). This paper proposes the VINS-Mask scheme, a more robust feature tracker for monocular VINS through Region of Interest (ROI) masks. It could achieve real-time feature tracking with high accuracy and robustness. Firstly, we propose an edge mask to generate the edge-sensitive feature candidate regions from the incoming image frame. Next, we design an interest point sensitive SuperPoint mask with deep learning framework to obtain repeatable and reliable feature candidate regions. We also dynamically adjust the inflation radius by monitoring the initial status from VINS Initialization module to obtain more accurate ROI masks. Notably, compared with the best baseline approach (i.e., VINS-Mono), our VINS-Mask scheme achieves an average improvement accuracy of 0.068m on the dataset of EuRoc drone. After paper publication, our source codes will be available at https://github.com/sunjia-yuanro/VINS-Mask.git.",,978-1-6654-7548-8,10.1109/ICARCE55724.2022.10046501,National Natural Science Foundation of China; ,https://ieeexplore.ieee.org/stamp/stamp.jsp?arnumber=10046501,feature tracking;ROI mask;interest points;Canny edge detection;visual-inertial system,Deep learning;Image edge detection;Source coding;Reliability engineering;Feature extraction;Robustness;Real-time systems,,2,,24,IEEE,22 Feb 2023,16-17 Dec. 2022,16-17 Dec. 2022,IEEE,IEEE Conferences
Super Odometry: IMU-centric LiDAR-Visual-Inertial Estimator for Challenging Environments,S. Zhao; H. Zhang; P. Wang; L. Nogueira; S. Scherer,"Robotics Institute, Carnegie Mellon University, USA; Robotics Institute, Carnegie Mellon University, USA; Faculty of Robot Science and Engineering, Northeastern University, China; Robotics Institute, Carnegie Mellon University, USA; Robotics Institute, Carnegie Mellon University, USA",2021 IEEE/RSJ International Conference on Intelligent Robots and Systems (IROS),16 Dec 2021,2021,,,8729,8736,"We propose Super Odometry, a high-precision multi-modal sensor fusion framework, providing a simple but effective way to fuse multiple sensors such as LiDAR, camera, and IMU sensors and achieve robust state estimation in perceptually-degraded environments. Different from traditional sensor-fusion methods, Super Odometry employs an IMU-centric data processing pipeline, which combines the advantages of loosely coupled methods with tightly coupled methods and recovers motion in a coarse-to-fine manner. The proposed framework is composed of three parts: IMU odometry, Visual-inertial odometry, and LiDAR-inertial odometry. The Visual-inertial odometry and LiDAR-inertial odometry provide the pose prior to constrain the IMU bias and receive the motion prediction from IMU odometry. To ensure high performance in real-time, we apply a dynamic octree that only consumes 10% of the running time compared with a static KD-tree. The proposed system was deployed on drones and ground robots, as part of Team Explorer’s effort to the DARPA Subterranean Challenge where the team won 1st and 2nd place in the Tunnel and Urban Circuits 1, respectively.",2153-0866,978-1-6654-1714-3,10.1109/IROS51168.2021.9635862,,https://ieeexplore.ieee.org/stamp/stamp.jsp?arnumber=9635862,,Multimodal sensors;Pipelines;Octrees;Dynamics;Sensor fusion;Data processing;Robot sensing systems,,190,,20,IEEE,16 Dec 2021,27 Sept.-1 Oct. 2021,27 Sept.-1 Oct. 2021,IEEE,IEEE Conferences
Visual SLAM for Autonomous Drone Landing on a Maritime Platform,T. Dutrannois; T. -T. Nguyen; C. Hamesse; G. De Cubber; B. Janssens,"Department of Mechanics, Royal Military Academy, Brussels, Belgium; Department of Mechanics, Royal Military Academy, Brussels, Belgium; Department of Mechanics, Royal Military Academy, Brussels, Belgium; Department of Mechanics, Royal Military Academy, Brussels, Belgium; Department of Mechanics, Royal Military Academy, Brussels, Belgium",2022 International Symposium on Measurement and Control in Robotics (ISMCR),24 Nov 2022,2022,,,1,7,"Ship deck landing of Unmanned Aerial Vehicles (UAVs/drones) in different kinds of environmental conditions remains a bottleneck for the widespread deployment of UAVs for maritime operations. For safe operation, the relative motion between the UAV and the pitching and rolling deck of a moving ship must be estimated accurately and in real-time. This paper presents a visual Simultaneous Localization and Mapping (SLAM) method for real-time motion estimation of the UAV with respect to its confined landing area on a maritime platform during landing phase. The visual SLAM algorithm ORBSLAM3 [1] was selected after benchmarking with multiple state-of-the-art visual SLAM and Visual Odometry (VO) algorithms with the EuRoC dataset [2]. It was evaluated for a simulated landing scenario of a UAV at 16m height with a downward camera in multiple configurations with sufficient results in both speed and accuracy for the landing task.",,978-1-6654-5496-4,10.1109/ISMCR56534.2022.9950582,,https://ieeexplore.ieee.org/stamp/stamp.jsp?arnumber=9950582,visual SLAM;UAV;maritime;synthetic data,Visualization;Simultaneous localization and mapping;Benchmark testing;Autonomous aerial vehicles;Cameras;Real-time systems;Hardware,,3,,20,IEEE,24 Nov 2022,28-30 Sept. 2022,28-30 Sept. 2022,IEEE,IEEE Conferences
Autonomous UAV Implementation for Facial Recognition and Tracking in GPS-Denied Environments,D. A. H. Ollachica; B. K. A. Asante; H. Imamura,"Department of Information System Science, SOKA University of Japan, Hachioji, Tokyo, Japan; Department of Information System Science, SOKA University of Japan, Hachioji, Tokyo, Japan; Department of Information System Science, SOKA University of Japan, Hachioji, Tokyo, Japan",IEEE Access,2 Sep 2024,2024,12,,119464,119487,"Surveillance with facial recognition holds immense potential as a technological tool for combating crime in Latin American countries. However, the limitations of fixed cameras in covering wide areas and tracking suspects as the evaded recognitions systems pose significant challenges. To address these limitations, we propose a facial recognition system designed to recognize faces of suspected individuals with criminal backgrounds and missing persons. Our solution combines facial recognition technology with a custom-built unmanned aerial vehicle (UAV) for the identification and tracking of targeted persons listed in a database for crimes. We utilize the inception v2 model to deploy a Siamese network on the Jetson TX2 platform for facial recognition. Additionally, we introduce a novel tracking algorithm to track suspected individuals in the event of evasion. During field test experiments, our system demonstrated strong performance in facial recognition across three different environments: stationary, indoor flight, and outdoor flight. The accuracy of our system was 94.45% for recognizing along with our tracking algorithms. An improvement of 1.5% in recognition and better tracking approach for surveillance. This indicates the versatility and effectiveness of our solution in various operational scenarios, enhancing its potential for crime prevention and law enforcement efforts in Latin American countries.",2169-3536,,10.1109/ACCESS.2024.3447899,"Science and Technology Research Partnership for Sustainable Development (SATREPS; Grant Number JPMJSA2005) funded by the Japan Science and Technology Agency (JST) and the Japan International Cooperation Agency (JICA). The project’s website is: https://www.soka.ac.jp/en/satreps-earth/project/. As a PhD student, I worked as a research assistant for this project, and the drones developed for this paper will be used for research purposes in the SATREPS-EARTh project; ",https://ieeexplore.ieee.org/stamp/stamp.jsp?arnumber=10643451,Unmanned autonomous vehicles (UAV);facial recognition;object tracking;deep learning;autonomous flight;embedded systems,Drones;Face recognition;Autonomous aerial vehicles;Cameras;Face detection;Object tracking;Embedded systems,,12,,73,CCBY,22 Aug 2024,2024,,IEEE,IEEE Journals
PL-EVIO: Robust Monocular Event-Based Visual Inertial Odometry With Point and Line Features,W. Guan; P. Chen; Y. Xie; P. Lu,"Department of Mechanical Engineering, Faculty of Engineering, Adaptive Robotic Controls Laboratory (ArcLab), The University of Hong Kong, Hong Kong, SAR, China; Department of Mechanical Engineering, Faculty of Engineering, Adaptive Robotic Controls Laboratory (ArcLab), The University of Hong Kong, Hong Kong, SAR, China; Department of Mechanical Engineering, Faculty of Engineering, Adaptive Robotic Controls Laboratory (ArcLab), The University of Hong Kong, Hong Kong, SAR, China; Department of Mechanical Engineering, Faculty of Engineering, Adaptive Robotic Controls Laboratory (ArcLab), The University of Hong Kong, Hong Kong, SAR, China",IEEE Transactions on Automation Science and Engineering,15 Oct 2024,2024,21,4,6277,6293,"Robust state estimation in challenge situations is still an unsolved problem, especially achieving onboard pose feedback control for aggressive motion. In this paper, we propose robust and real-time event-based visual-inertial odometry (VIO) that incorporates event, image, and inertial measurements. Our approach utilizes line-based event features to provide additional structure and constraint information in human-made scenes, while point-based event and image features complement each other through well-designed feature management. To achieve reliable state estimation, we tightly couple the point-based and line-based visual residuals from the event camera, the point-based visual residual from the standard camera, and the residual from IMU pre-integration using a keyframe-based graph optimization framework. Experiments in the public benchmark datasets show that our method can achieve superior performance compared with the state-of-the-art image-based or event-based VIO. Furthermore, we demonstrate the effectiveness of our pipeline through onboard closed-loop quadrotor aggressive flight and large-scale outdoor experiments. Videos of the evaluations can be found on our website: https://youtu.be/KnWZ4anBMK4. Note to Practitioners—Driven by the need for real-time closed-loop control for drones under aggressive motion and broad illumination environments, many existing VIO systems fail to meet these requirements due to the inherent limitations of standard cameras. Event cameras are bio-inspired sensors that capture pixel-level illumination changes instead of the intensity image with a fixed frame rate, which can provide reliable visual perception during high-speed motions and in high dynamic range scenarios. Therefore, developing state estimation algorithms based on event cameras offers exciting opportunities for robotics. However, adopting event cameras is challenging due to the event streams being composed of asynchronous events which are fundamentally different from the synchronous intensity images. Moreover, event cameras output minimal information or even noise when the relative motion between the camera and the scene is limited, such as in a still state, while standard cameras can provide rich perception information in most scenarios. In this paper, we propose a robust, high-accurate, and real-time optimization-based monocular event-based VIO framework that tightly fuses the event, image, and IMU measurement together. Owing to the well-designed framework and good feature management, our system can provide robust and reliable state estimation in challenging environments. The efficiency of our system is adequate to achieve real-time operation on platforms with limited resources, such as providing onboard pose feedback for quadrotor flights.",1558-3783,,10.1109/TASE.2023.3324365,General Research Fund(grant numbers:17204222); Seed Fund for Collaborative Research and General Funding Scheme-The University of Hong Kong - TCL technology (HKU-TCL) Joint Research Center for Artificial Intelligence; ,https://ieeexplore.ieee.org/stamp/stamp.jsp?arnumber=10287884,Event cameras;event-based VIO;aggressive quadrotor;sensor fusion;robotics;SLAM,Cameras;Feature extraction;Tracking;Standards;State estimation;Real-time systems;Sensor fusion;Robots;Simultaneous localization and mapping,,59,,49,IEEE,19 Oct 2023,Oct. 2024,,IEEE,IEEE Journals
Low Latency Visual Inertial Odometry With On-Sensor Accelerated Optical Flow for Resource-Constrained UAVs,J. Kühne; M. Magno; L. Benini,"Integrated Systems Laboratory and the Center for Project-Based Learning, ETH Zurich, Zurich, Switzerland; Center for Project-Based Learning, ETH Zurich, Zurich, Switzerland; Department of Electrical, Electronic and Information Engineering, University of Bologna, Bologna, Italy",IEEE Sensors Journal,5 Mar 2025,2025,25,5,7838,7847,"Visual inertial odometry (VIO) is the task of estimating the movement trajectory of an agent from an onboard camera stream fused with additional inertial measurement unit (IMU) measurements. A crucial subtask within VIO is the tracking of features, which can be achieved through optical flow (OF). As the calculation of OF is a resource-demanding task in terms of computational load and memory footprint, which needs to be executed at low latency, especially in robotic applications, OF estimation is today performed on powerful CPUs or GPUs. This restricts its use in a broad spectrum of applications where the deployment of such powerful, power-hungry processors is unfeasible due to constraints related to cost, size, and power consumption. On-sensor hardware acceleration is a promising approach to enable low latency VIO even on resource-constrained devices such as nano drones. This article assesses the speed-up in a VIO sensor system exploiting a compact OF sensor consisting of a global shutter camera and an application-specific integrated circuit (ASIC). By replacing the feature tracking logic of the VINS-Mono pipeline with data from this OF camera, we demonstrate a 49.4% reduction in latency and a 53.7% reduction of compute load of the VIO pipeline over the original VINS-Mono implementation, allowing VINS-Mono operation up to 50 FPS instead of 20 FPS on the quad-core ARM Cortex-A72 processor of a Raspberry Pi Compute Module 4.",1558-1748,,10.1109/JSEN.2024.3406948,European Union’s European Research Area Network CHIST-ERA 2018 Research and Innovation Program Analog PROcessing of bioinspired Vision Sensors for 3-D reconstruction (APROVIS3D)(grant numbers:SNF-19 20CH21_186991); ,https://ieeexplore.ieee.org/stamp/stamp.jsp?arnumber=10547672,Hardware acceleration;optical flow (OF);visual odometry,Optical flow;Sensors;Pipelines;Cameras;Program processors;Optical sensors;Odometry,,18,,41,IEEE,4 Jun 2024,"1 March1, 2025",,IEEE,IEEE Journals
VIODE: A Simulated Dataset to Address the Challenges of Visual-Inertial Odometry in Dynamic Environments,K. Minoda; F. Schilling; V. Wüest; D. Floreano; T. Yairi,"Artificial Intelligence Laboratory, Department of Aeronautics and Astronautics, University of Tokyo, Tokyo, Japan; Laboratory of Intelligent Systems, École Polytechnique Fédérale de Lausanne, Lausanne, Switzerland; Laboratory of Intelligent Systems, École Polytechnique Fédérale de Lausanne, Lausanne, Switzerland; Laboratory of Intelligent Systems, École Polytechnique Fédérale de Lausanne, Lausanne, Switzerland; Artificial Intelligence Laboratory, Department of Aeronautics and Astronautics, University of Tokyo, Tokyo, Japan",IEEE Robotics and Automation Letters,23 Feb 2021,2021,6,2,1343,1350,"Dynamic environments such as urban areas are still challenging for popular visual-inertial odometry (VIO) algorithms. Existing datasets typically fail to capture the dynamic nature of these environments, therefore making it difficult to quantitatively evaluate the robustness of existing VIO methods. To address this issue, we propose three contributions: firstly, we provide the VIODE benchmark, a novel dataset recorded from a simulated UAV that navigates in challenging dynamic environments. The unique feature of the VIODE dataset is the systematic introduction of moving objects into the scenes. It includes three environments, each of which is available in four dynamic levels that progressively add moving objects. The dataset contains synchronized stereo images and IMU data, as well as ground-truth trajectories and instance segmentation masks. Secondly, we compare state-of-the-art VIO algorithms on the VIODE dataset and show that they display substantial performance degradation in highly dynamic scenes. Thirdly, we propose a simple extension for visual localization algorithms that relies on semantic information. Our results show that scene semantics are an effective way to mitigate the adverse effects of dynamic objects on VIO algorithms. Finally, we make the VIODE dataset publicly available at https://github.com/kminoda/VIODE.",2377-3766,,10.1109/LRA.2021.3058073,Schweizerischer Nationalfonds zur Förderung der Wissenschaftlichen Forschung(grant numbers:200021-155907); Swiss National Center of Competence in Research; ,https://ieeexplore.ieee.org/stamp/stamp.jsp?arnumber=9351597,Data sets for SLAM;visual-inertial SLAM;aerial systems: perception and autonomy,Heuristic algorithms;Vehicle dynamics;Benchmark testing;Robustness;Semantics;Aerodynamics;Location awareness,,63,,35,IEEE,9 Feb 2021,April 2021,,IEEE,IEEE Journals
Error-State Kalman Filter based Visual-Inertial Odometry Using Orientation Measurement on Unit Quaternion Group,C. -W. Chang; F. -L. Lian,NA; NA,2024 IEEE/RSJ International Conference on Intelligent Robots and Systems (IROS),25 Dec 2024,2024,,,12559,12564,"The inaccessibility of data from standard sensor suites on closed-platform unmanned aerial vehicles (UAVs) has been a hindrance to developing a compatible visual-inertial odometry (VIO). Despite the advance of recent VIO research, these works often emphasize fusing detailed sensor models with available sensor data at relatively high frequencies. To address this issue, in this paper, we derive an innovation signal for an orientation measurement model on the unit quaternion group ${\mathbb{S}^3}$ based on the error-state Kalman filter (ESKF) framework. Leveraging the error-state formulation, the innovation signal directly exploits the geometric error representation on ${\mathbb{S}^3}$ instead of treating unit quaternions as ℝ4 vectors. Flight experiments on a small commercial UAV (Fig. 1) have been carried out to compare the performance of the proposed ESKF with quaternion measurements on ${\mathbb{S}^3}$ (ESKF-Q) against the original ESKF framework. Experimental results demonstrate that while both representations of unit quaternion measurements in ESKF framework improve orientation estimates with unperturbed orientation measurement model, only the proposed ESKF-Q exhibits convergent state estimates in the presence of uncertainties in the orientation measurement model.",2153-0866,979-8-3503-7770-5,10.1109/IROS58592.2024.10801565,,https://ieeexplore.ieee.org/stamp/stamp.jsp?arnumber=10801565,,Technological innovation;Uncertainty;Quaternions;Perturbation methods;Autonomous aerial vehicles;Robot sensing systems;Vectors;Odometry;Kalman filters;State estimation,,1,,20,IEEE,25 Dec 2024,14-18 Oct. 2024,14-18 Oct. 2024,IEEE,IEEE Conferences
An Integrated Delta Manipulator for Aerial Repair: A New Aerial Robotic System,P. Chermprayong; K. Zhang; F. Xiao; M. Kovac,"Department of Aeronautics, Imperial College London, United Kingdom; Department of Aeronautics, Imperial College London, United Kingdom; Department of Aeronautics, Imperial College London, United Kingdom; Department of Aeronautics, Imperial College London, United Kingdom",IEEE Robotics & Automation Magazine,10 Mar 2019,2019,26,1,54,66,"Unmanned aerial vehicles (UAVs) are capable of entering hazardous areas and accessing hardto-reach locations at high altitudes. However, small-scale UAVs are inherently unstable when exposed to challenging environments. Additionally, their ability to accurately interact with infrastructure is limited by the need to stabilize the vehicle precisely in flight.",1558-223X,,10.1109/MRA.2018.2888911,Engineering and Physical Sciences Research Council(grant numbers:EP/N018494/1; EP/R026173/1); Royal Society Wolfson Fellowship(grant numbers:RSWFR1180003); ,https://ieeexplore.ieee.org/stamp/stamp.jsp?arnumber=8641488,,Maintenance engineering;End effectors;Kinematics;Fluctuations;Unmanned aerial vehicles,,114,,31,IEEE,13 Feb 2019,March 2019,,IEEE,IEEE Magazines
Build Your Own Visual-Inertial Drone: A Cost-Effective and Open-Source Autonomous Drone,I. Sa; M. Kamel; M. Burri; M. Bloesch; R. Khanna; M. Popović; J. Nieto; R. Siegwart,"Autonomous Systems Lab, Swiss Federal Institute of Technology, Zurich, Switzerland; Autonomous Systems Lab, Swiss Federal Institute of Technology, Zurich, Switzerland; Autonomous Systems Lab, Swiss Federal Institute of Technology, Zurich, Switzerland; Dyson Research Fellow, Imperial College, London; Autonomous Systems Lab, Swiss Federal Institute of Technology, Zurich, Switzerland; Autonomous Systems Lab, Swiss Federal Institute of Technology, Zurich, Switzerland; Autonomous Systems Lab, Swiss Federal Institute of Technology, Zurich, Switzerland; Autonomous Systems Lab, Swiss Federal Institute of Technology, Zurich, Switzerland",IEEE Robotics & Automation Magazine,12 Mar 2018,2018,25,1,89,103,"This article describes an approach to building a cost-effective and research-grade visual-inertial (VI) odometry-aided vertical takeoff and landing (VTOL) platform. We utilize an off-the-shelf VI sensor, an onboard computer, and a quadrotor platform, all of which are factory calibrated and mass produced, thereby sharing similar hardware and sensor specifications [e.g., mass, dimensions, intrinsic and extrinsic of camera-inertial measurement unit (IMU) systems, and signal-to-noise ratio]. We then perform system calibration and identification, enabling the use of our VI odometry, multisensor fusion (MSF), and model predictive control (MPC) frameworks with off-the-shelf products. This approach partially circumvents the tedious parameter-tuning procedures required to build a full system. The complete system is extensively evaluated both indoors using a motioncapture system and outdoors using a laser tracker while performing hover and step responses and trajectory-following tasks in the presence of external wind disturbances. We achieve root-mean-square (rms) pose errors of 0.036 m with respect to reference hover trajectories. We also conduct relatively long distance (.180 m) experiments on a farm site, demonstrating a 0.82% drift error of the total flight distance. This article conveys the insights we acquired about the platform and sensor module and offers open-source code with tutorial documentation to the community.",1558-223X,,10.1109/MRA.2017.2771326,,https://ieeexplore.ieee.org/stamp/stamp.jsp?arnumber=8233182,,Robot sensing systems;Cameras;Vehicle dynamics;Aerodynamics;Calibration,,36,,39,IEEE,21 Dec 2017,March 2018,,IEEE,IEEE Magazines
Square-Root Inverse Filter-based GNSS-Visual-Inertial Navigation,J. Hu; X. Lang; F. Zhang; Y. Mao; G. Huang,"Meituan UAV, Beijing, China; Meituan UAV, Beijing, China; Meituan UAV, Beijing, China; Meituan UAV, Beijing, China; Meituan UAV, Beijing, China",2024 IEEE International Conference on Robotics and Automation (ICRA),8 Aug 2024,2024,,,1646,1652,"While Global Navigation Satellite System (GNSS) is often used to provide global positioning if available, its intermittency and/or inaccuracy calls for fusion with other sensors. In this paper, we develop a novel GNSS-Visual-Inertial Navigation System (GVINS) that fuses visual, inertial, and raw GNSS measurements within the square-root inverse sliding window filtering (SRI-SWF) framework in a tightly coupled fashion, which thus is termed SRI-GVINS. In particular, for the first time, we deeply fuse the GNSS pseudorange, Doppler shift, single-differenced pseudorange, and double-differenced carrier phase measurements, along with the visual-inertial measurements. Inherited from the SRI-SWF, the proposed SRI-GVINS gains significant numerical stability and computational efficiency over the start-of-the-art methods. Additionally, we propose to use a filter to sequentially initialize the reference frame transformation till converges, rather than collecting measurements for batch optimization. We also perform online calibration of GNSS-IMU extrinsic parameters to mitigate the possible extrinsic parameter degradation. The proposed SRI-GVINS is extensively evaluated on our own collected UAV datasets and the results demonstrate that the proposed method is able to suppress VIO drift in real-time and also show the effectiveness of online GNSS-IMU extrinsic calibration. The experimental validation on the public datasets further reveals that the proposed SRI-GVINS outperforms the state-of-the-art methods in terms of both accuracy and efficiency.",,979-8-3503-8457-4,10.1109/ICRA57147.2024.10611666,,https://ieeexplore.ieee.org/stamp/stamp.jsp?arnumber=10611666,,Global navigation satellite system;Visualization;Phase measurement;Fuses;Atmospheric measurements;Particle measurements;Time measurement,,3,,38,IEEE,8 Aug 2024,13-17 May 2024,13-17 May 2024,IEEE,IEEE Conferences
A High-Fidelity Digital Twin Framework for Multi-Modal Sim-to-Real Transfer for Robust UAV Autonomy,R. Priyanshu; M. Agarwal; P. Kumar,"SCSET, Bennett University, Greater Noida, UP, India; SCSET, Bennett University, Greater Noida, UP, India; SCSET, Bennett University, Greater Noida, UP, India","2026 International Conference on Computing, Communication, Control and Cyber-Physical Systems (I5CPS)",30 Mar 2026,2026,,,1,5,"Autonomous Unmanned Aerial Vehicle (UAV) navigation remains an important challenge under GNSS-denied and communication-jammed conditions. Visual-Inertial Odometry (VIO) systems experience compounding biases, while traditional simulators cannot properly model real-world visual and wireless phenomena with sufficient fidelity, leading to ""the reality gap."" In this paper, we introduce a new dual-fidelity DT paradigm that jointly leverages Unreal Engine 5 (UE5) for real-time visual and dynamic simulations and the high-fidelity robotics simulator, Colosseum-AirSim. We describe how this DT infrastructure can enable high-quality S2R learning by creating synthetic images with DR and using efficient AI models like ResNet-18 for real-time semantic image segmentation, achieving mIoU of 87.0% or higher. This significantly surpasses state-of-the-art performance reported with pure simulation learning or real-image learning alone. These high-fidelity DT-infrastructure capabilities enable high-quality communication-aware, context-aware, autonomous functioning with localization under HITL control for real-world applications such as smart urban networks or disaster response operations.",,979-8-3315-6154-3,10.1109/I5CPS67958.2026.11452535,,https://ieeexplore.ieee.org/stamp/stamp.jsp?arnumber=11452535,Digital Twin;UAV Autonomy;Sim-to-Real;Un-real Engine 5;Colosseum;Semantic Segmentation;GPS-Denied Navigation,Wireless communication;Visualization;Navigation;Computational modeling;Semantics;Autonomous aerial vehicles;Real-time systems;Digital twins;Vehicle dynamics;Engines,,,,13,IEEE,30 Mar 2026,26-27 Feb. 2026,26-27 Feb. 2026,IEEE,IEEE Conferences
UAV Swarm Autonomy through Cooperative Positioning: A Unified Approach with Distributed Graph Optimization and Decentralized MPC,C. Xiong; Z. You,"Department of Precision Instrument, Tsinghua University, Beijing, China; Department of Precision Instrument, Tsinghua University, Beijing, China",2025 IEEE International Conference on Mechatronics and Automation (ICMA),22 Aug 2025,2025,,,273,279,"Autonomous flight of unmanned aerial vehicle (UAV) swarm faces challenges in relative positioning and cooperative control. Existing methods suffer from ground reliance, high computation, and communication costs. To overcome these constraints, this study proposes a relative positioning framework based on distributed graph optimization (DGO) that integrates onboard sensor measurements of relative distance, relative angle, and inertial-based state estimations. The distributed architecture enables each drone to solve localized optimization subproblems in parallel, effectively mitigating communication congestion and computational bottlenecks. Building upon the positioning results, we develop a decentralized model predictive control (DMPC) scheme with real-time capability for simultaneous swarm formation maintenance and dynamic trajectory tracking. Results demonstrate that the integrated system achieves sub-meter relative positioning accuracy while sustaining formation stability. This work provides methodological foundations for subsequent research in swarm intelligence.",2152-744X,979-8-3315-1426-6,10.1109/ICMA65362.2025.11120831,,https://ieeexplore.ieee.org/stamp/stamp.jsp?arnumber=11120831,UAV swarm;DGO;DMPC,Accuracy;Target tracking;Trajectory tracking;Computer architecture;Position measurement;Autonomous aerial vehicles;Vehicle dynamics;State estimation;Optimization;Drones,,1,,18,IEEE,22 Aug 2025,3-6 Aug. 2025,3-6 Aug. 2025,IEEE,IEEE Conferences
Radar-Inertial State-Estimation for UAV Motion in Highly Agile Manoeuvres,J. Michalczyk; C. Schöffmann; A. Fornasier; J. Steinbrener; S. Weiss,"Institute of Smart Systems Technologies, University of Klagenfurt, Austria; Institute of Smart Systems Technologies, University of Klagenfurt, Austria; Institute of Smart Systems Technologies, University of Klagenfurt, Austria; Institute of Smart Systems Technologies, University of Klagenfurt, Austria; Institute of Smart Systems Technologies, University of Klagenfurt, Austria",2022 International Conference on Unmanned Aircraft Systems (ICUAS),26 Jul 2022,2022,,,583,589,"Multicopter Unmanned Aerial Vehicles (UAV) are known for their high agility and aggressive manoeuvres. Despite significant advances in state estimation for such vehicles with multiple sensors, their accurate state estimation in highly agile manoeuvres is still a challenge in the research community. In this paper, we present a radar-inertial based method for estimating the full 6D pose and 3D velocity of a UAV including sensor extrinsics and Inertial Measurement Unit (IMU) intrinsics. In an Extended Kalman Filter (EKF) framework, we fuse range measurements of corner reflectors detected by a Frequency Modulated Continuous Wave (FMCW) radar sensor together with IMU readings. Our tightly coupled fusion approach and the high-frequency state correction together with the inherent benefits of radar sensors (e.g. resilience to aerosols, light changes, etc) enables tracking of highly aggressive trajectories in real experiments which are shown to be particularly challenging for a state of the art Visual-Inertial Odometry (VIO) approach we compare against.",2575-7296,978-1-6654-0593-5,10.1109/ICUAS54217.2022.9836130,,https://ieeexplore.ieee.org/stamp/stamp.jsp?arnumber=9836130,,Estimation error;Radar measurements;Green products;Radar;Sensor fusion;Autonomous aerial vehicles;Radar tracking,,7,,26,IEEE,26 Jul 2022,21-24 June 2022,21-24 June 2022,IEEE,IEEE Conferences
Autonomous Localization and Navigation for Drones Over Rivers,P. -C. Wu; Y. -Y. Chen; C. -L. Lin; H. Wang,"Department of Electrical Engineering, National Chung Hsing University, Taichung, Taiwan; Department of Electrical Engineering, National Chung Hsing University, Taichung, Taiwan; Department of Electrical Engineering, National Chung Hsing University, Taichung, Taiwan; Department of Electrical Engineering, National Chung Hsing University, Taichung, Taiwan",IEEE Access,13 Jan 2026,2026,14,,5236,5254,"Uncrewed aerial vehicles (UAVs) are increasingly used for environmental monitoring and riverine studies; however, their dependence on Global Positioning System (GPS) localization is often compromised in forested areas, under bridges, or above highly dynamic water surfaces. Conventional vision-based navigation methods struggle with sparse textures and transient disturbances, leading to unstable positioning and drift. This paper presents a robust real-time visual–inertial navigation framework that integrates neural network–based optical flow estimation (NeuFlow v2), the Dynamic Divided Method (DDM), and inertial measurement unit (IMU) data through a Kalman Filter (KF). The DDM adaptively segments the optical-flow field according to water-surface dynamics and local texture stability, suppressing transient artifacts such as ripples and reflections, while the KF stabilizes state estimation by compensating for outliers and short-term measurement loss. Field experiments at Kangqiao, Green River, and Wu River sites demonstrate that DDM-enhanced visual odometry (VO) significantly improves robustness in low-texture and dynamic conditions. The fused framework combining NeuFlow v2, DDM, and KF achieves high trajectory similarity with GPS benchmarks, reduced drift, and enhanced spatial consistency. These findings validate a practical and effective solution for accurate UAV localization and autonomous environmental monitoring in GPS-degraded riverine environments.",2169-3536,,10.1109/ACCESS.2025.3650454,"National Science and Technology Council, Taiwan(grant numbers:NSTC 112-2221-E-005-068-MY2); ",https://ieeexplore.ieee.org/stamp/stamp.jsp?arnumber=11328057,Visual-inertial odometry;dynamic disturbance mitigation;self-positioning without GPS;uncrewed aerial vehicle (UAV);NeuFlow v2,Navigation;Accuracy;Autonomous aerial vehicles;Optical flow;Estimation;Location awareness;Global Positioning System;Real-time systems;Rivers;Vehicle dynamics,,1,,30,CCBY,5 Jan 2026,2026,,IEEE,IEEE Journals
A Distributed SLAM with UWB-VIO Fusion Framework for Enhanced Relative Localization of Multi-UAVs System,Q. Cai; B. Jiang; Y. Wu; H. Xu,"The 32nd Research Institute of China, Electronics Technology Group Corporation, Shanghai, China; The 32nd Research Institute of China, Electronics Technology Group Corporation, Shanghai, China; The 32nd Research Institute of China, Electronics Technology Group Corporation, Shanghai, China; The 32nd Research Institute of China, Electronics Technology Group Corporation, Shanghai, China","2023 4th International Conference on Computer Vision, Image and Deep Learning (CVIDL)",10 Jul 2023,2023,,,284,290,"The most critical challenge of multi-UAV (unmanned aerial vehicles) systems accomplishing a common mission is to maintain relative localization among UAVs. However, it remains an open and challenging research topic in infrastructure-less environments. In this paper, we propose a novel distributed visual-inertial ultra-wideband (UWB) fusion framework for global localization that overcomes the problem of state estimation in GPS-denied areas, which reduces computational issues confronted by centralized Simultaneous Localization and Mapping (SLAM). Firstly, our solution integrates a UWB ranging front-end on each UAV for ranging and uses Visual-Inertial Odometry (VIO) to estimate the self-motion of each UAV. Using a front-end that fuses UWB measurements with VIO, we correct potential drift issues caused by VIO and perform distributed loop closure detection among multiple UAV s to achieve relative pose estimation. Additionally, we propose a consistency measurement filtering method with the adaptive threshold in three-dimensional space to improve the accuracy of state estimation under continuous non-line-of-sight (NLOS) conditions. Lastly, by using distributed outlier rejection to remove erroneous estimates and fusing measurements from both front-end and back-end pose graph optimization modules, we employ a sliding window method to recover the complete trajectory and guarantee global consistency of pose estimates. We believe our method provides a comprehensive solution for the global localization in multi-UAV systems, eliminating the environmental constraints of previous positioning methods and providing opportunities for other researchers to apply UAV cluster motion planning techniques in complex environments.",,979-8-3503-2644-4,10.1109/CVIDL58838.2023.10166845,,https://ieeexplore.ieee.org/stamp/stamp.jsp?arnumber=10166845,multi-UAV systems;relative localization;UWB-VIO fusion;SLAM,Location awareness;Simultaneous localization and mapping;Pose estimation;Semantics;Autonomous aerial vehicles;Distance measurement;Planning,,7,,18,IEEE,10 Jul 2023,12-14 May 2023,12-14 May 2023,IEEE,IEEE Conferences
Localization through RGB-D Camera for the Quad-rotor,V. D. Prabhakar; V. K. Pandey; A. K. Sharma; T. Sandhan,"Department of Mechatronics, Centre for Advanced Studies AKTU, Lucknow, India; Department of Electrical Engineering, Indian Institute of Technology, Kanpur, India; Department of Mechatronics, Centre for Advanced Studies AKTU, Lucknow, India; Department of Electrical Engineering, Indian Institute of Technology, Kanpur, India",2024 15th International Conference on Computing Communication and Networking Technologies (ICCCNT),4 Nov 2024,2024,,,1,7,"This paper presents a thorough investigation into the implementation of a localization system using a RGB-D camera that prioritizes computational efficiency. The study focuses on utilizing the Oak D Pro depth camera, which includes an in-built Inertial Measurement Unit. Visual Odometry is used to estimate the camera pose which is lighter in computation than other algorithms like Simultaneous Localization and Mapping. The IMU is used to obtain the camera pose due to the presence of drift during the camera’s fast motion. The readings are fused together to get the correct camera pose by employing the Extended Kalman Filter for sensor fusion, achieving seamless integration of VO and IMU. This research explores the adaptation of Visual Inertial Odometry system for an autonomous Unmanned Aerial Vehicles applications, specifically for a quad-rotor/drone.",2473-7674,979-8-3503-7024-9,10.1109/ICCCNT61001.2024.10725903,,https://ieeexplore.ieee.org/stamp/stamp.jsp?arnumber=10725903,RGB-D camera;Localization;Visual Inertial Odometry;Extended Kalman Filter;Sensor Fusion;Inertial Measurement Unit;Quad-rotor;Unmanned Aerial Vehicle,Location awareness;Visualization;Measurement units;Simultaneous localization and mapping;Inertial navigation;Sensor fusion;Cameras;Kalman filters;Odometry;Visual odometry,,1,,26,IEEE,4 Nov 2024,24-28 June 2024,24-28 June 2024,IEEE,IEEE Conferences
A Look at Improving Robustness in Visual- inertial SLAM by Moment Matching,A. Solin; R. Li; A. Pilzer,"Spectacular AI, Aalto University, Espoo, Finland; Aalto University, Espoo, Finland; FCAI, Aalto University, Espoo, Finland",2022 25th International Conference on Information Fusion (FUSION),9 Aug 2022,2022,,,1,8,"The fusion of camera sensor and inertial data is a leading method for ego-motion tracking in autonomous and smart devices. State estimation techniques that rely on nonlinear filtering are a strong paradigm for solving the associated information fusion task. The de facto inference method in this space is the celebrated extended Kalman filter (EKF), which relies on first-order linearizations of both the dynamical and measurement model. This paper takes a critical look at the practical implications and limitations posed by the EKF, especially under faulty visual feature associations and the presence of strong confounding noise. As an alternative, we revisit the assumed density formulation of Bayesian filtering and employ a moment matching (unscented Kalman filtering) approach to both visual-inertial odometry and visual SLAM. Our results highlight important aspects in robustness both in dynamics propagation and visual measurement updates, and we show state-of-the-art results on EuRoC MAV drone data benchmark.",,978-1-7377497-2-1,10.23919/FUSION49751.2022.9841259,"Academy of Finland(grant numbers:339730,324345); ",https://ieeexplore.ieee.org/stamp/stamp.jsp?arnumber=9841259,,Visualization;Simultaneous localization and mapping;Filtering;Cameras;Robustness;Kalman filters;Task analysis,,1,,38,,9 Aug 2022,4-7 July 2022,4-7 July 2022,IEEE,IEEE Conferences
Self-Supervised Monocular Visual Drone Model Identification through Improved Occlusion Handling,S. A. Bahnam; C. De Wagter; G. C. H. E. De Croon,"Micro Air Vehicle Lab of the Faculty of Aerospace Engineering, Delft University of Technology, Delft, The Netherlands; Micro Air Vehicle Lab of the Faculty of Aerospace Engineering, Delft University of Technology, Delft, The Netherlands; Micro Air Vehicle Lab of the Faculty of Aerospace Engineering, Delft University of Technology, Delft, The Netherlands",2025 IEEE/RSJ International Conference on Intelligent Robots and Systems (IROS),27 Nov 2025,2025,,,18977,18984,"Ego-Motion estimation is vital for drones when flying in GPS-denied environments. Vision-Based methods struggle when flight speed increases and close-by objects lead to difficult visual conditions with considerable motion blur and large occlusions. To tackle this, vision is typically complemented by state estimation filters that combine a drone model with inertial measurements. However, these drone models are currently learned in a supervised manner with ground-truth data from external motion capture systems, limiting scalability to different environments and drones. In this work, we propose a self-supervised learning scheme to train a neural-network-based drone model using only onboard monocular video and flight controller data (IMU and motor feedback). We achieve this by first training a self-supervised relative pose estimation model, which then serves as a teacher for the drone model. To allow this to work at high speed close to obstacles, we propose an improved occlusion handling method for training self-supervised pose estimation models. Due to this method, the root mean squared error of resulting odometry estimates is reduced by an average of 15%. Moreover, the student neural drone model can be successfully obtained from the onboard data. It even becomes more accurate at higher speeds compared to its teacher, the self-supervised vision-based model. We demonstrate the value of the neural drone model by integrating it into a traditional filter-based VIO system (ROVIO), resulting in superior odometry accuracy on aggressive 3D racing trajectories near obstacles. Self-Supervised learning of ego-motion estimation represents a significant step toward bridging the gap between flying in controlled, expensive lab environments and real-world drone applications. The fusion of vision and drone models will enable higher-speed flight and improve state estimation, on any drone in any environment.",2153-0866,979-8-3315-4393-8,10.1109/IROS60139.2025.11247627,,https://ieeexplore.ieee.org/stamp/stamp.jsp?arnumber=11247627,,Training;Visualization;Solid modeling;Accuracy;Three-dimensional displays;Self-supervised learning;Data models;Trajectory;State estimation;Drones,,1,,23,IEEE,27 Nov 2025,19-25 Oct. 2025,19-25 Oct. 2025,IEEE,IEEE Conferences
Robust Sensor Fusion for Autonomous UAV Navigation in GPS denied Forest Environment,S. M. Shithil; A. A. M. Faudzi; A. Abdullah; N. Islam; S. M. Saad,"School of Mechanical Engineering, Faculty of Engineering, UTM Johor Bahru, Johor, Malaysia; Centre for Artificial Intelligence and Robotics (CAIRO), UTM Kuala Lumpur, Kuala Lumpur, Malaysia; Synapse Innovation Sdn. Bhd., Medini Johor Bahru, Johor, Malaysia; School of Mechanical Engineering, Faculty of Engineering, UTM Johor Bahru, Johor, Malaysia; School of Mechanical Engineering, Faculty of Engineering, UTM Johor Bahru, Johor, Malaysia",2022 IEEE 5th International Symposium in Robotics and Manufacturing Automation (ROMA),14 Oct 2022,2022,,,1,6,"Forestry and precision biodiversity data collection using UAVs can be cost-effective and time efficient solution. However, navigating in the forest canopy autonomously can be quite challenging because of its GPS denied environment, cluttered, dynamic, and large scale. Most of the commercial UAVs used in forest applications apply GPS-based navigation which is not suitable for navigating under the canopy. In this paper, an autonomous UAV flight mission in a cluttered forest-like canopy environment is presented. A robust multi-sensor fusion-based robust navigation method which has failure detection features is proposed to enable safe and reliable autonomous navigation. The autonomy architecture utilizes the navigation, planning, and control capabilities of the UAV in a simultaneous manner. To achieve autonomous missions in forest environment, the proposed system has been tested rigorously in a simulated environment and the result shows the capability of autonomous flights in such a challenging environment. The performance of the autonomous flight was evaluated based on mean velocity and path length with respect to the increasing number of trees in the forest.",,978-1-6654-5932-7,10.1109/ROMA55875.2022.9915682,BP; Universiti Teknologi Malaysia; ,https://ieeexplore.ieee.org/stamp/stamp.jsp?arnumber=9915682,Autonomous UAV;GPS denied;sensor fusion;precision biodiversity,Navigation;Forestry;Vegetation;Sensor fusion;Autonomous aerial vehicles;Robot sensing systems;Biodiversity,,5,,11,IEEE,14 Oct 2022,6-8 Aug. 2022,6-8 Aug. 2022,IEEE,IEEE Conferences
Uncertainty-Aware 3D Position Refinement for Multi-UAV Systems,H. Alamleh; D. Pulatov,"Computer Science, University of North Carolina Wilmington, Wilmington, North Carolina, USA; Computer Science, University of North Carolina Wilmington, Wilmington, North Carolina, USA",2026 11th International Conference on Smart and Sustainable Technologies (SpliTech),16 Sep 2026,2026,,,1,6,"Reliable real-time 3D localization is essential for multi-UAV navigation, collision avoidance, and coordinated flight, yet onboard estimates can degrade under GNSS multipath, nonline-of-sight reception, vertical drift, and intentional interference. This paper presents a decentralized, lightweight 3D positionrefinement layer that improves robustness by fusing each Unmanned Aerial Vehicle (UAV)'s local estimate with neighborshared state summaries and inter-UAV range or proximity constraints. The method performs uncertainty-aware neighborhood fusion by weighting each UAV's prior according to its reported covariance and weighting neighbor constraints according to link quality, ranging uncertainty, and a learned trust score. To support practical deployment, the framework explicitly handles cold start and temporary localization loss by inflating or substituting weak priors, allowing trusted neighborhood constraints to bootstrap and stabilize estimates until absolute sensing recovers. To mitigate the impact of faulty or malicious participants, each UAV applies a local range-consistency check, smoothed over time, to down-weight or exclude neighbors whose reported positions are incompatible with observed inter-UAV distances. Simulation experiments with 10 UAVs in a 3D volume show that the proposed refinement substantially reduces mean localization error during cold start, remains competitive after local estimators stabilize, and maintains lower error as the fraction of malicious nodes increases compared with fusion without trust. These results suggest that the approach can serve as a practical resilience layer for swarm operation in challenging environments.",,978-953-290-147-4,10.23919/SpliTech70133.2026.11685534,,https://ieeexplore.ieee.org/stamp/stamp.jsp?arnumber=11685534,UAV;swarm;positioning;GPS;refinement,Autonomous aerial vehicles;Location awareness;Distance measurement;Refining;Uncertainty;Algorithms;Printing;Timing;Global navigation satellite system;Modeling,,,,22,,16 Sep 2026,23-26 June 2026,23-26 June 2026,IEEE,IEEE Conferences
"A Real-time Framework for UAV Indoor Self-Positioning and 3D Mapping Base on 2D Lidar, Stereo Camera and IMU",L. Liang; H. Rao; G. Shen; C. Wang; X. Wu,"Guangdong Provincial Key Lab of Robotics and Intelligent System, Shenzhen Institute of Advanced Technology, Chinese Academy of Sciences, Shenzhen, China; Guangdong Provincial Key Lab of Robotics and Intelligent System, Shenzhen Institute of Advanced Technology, Chinese Academy of Sciences, Shenzhen, China; College of Electronic Engineering (College of Artificial Intelligence), South China Agricultural University, Guangzhou, China; Guangdong Provincial Key Lab of Robotics and Intelligent System, Shenzhen Institute of Advanced Technology, Chinese Academy of Sciences, Shenzhen, China; Guangdong Provincial Key Lab of Robotics and Intelligent System, Shenzhen Institute of Advanced Technology, Chinese Academy of Sciences, Shenzhen, China",2023 IEEE International Conference on Real-time Computing and Robotics (RCAR),20 Sep 2023,2023,,,280,285,"This paper proposed a real-time Unmanned Aerial Vehicle (UAV) autonomous localization framework based on onboard sensors, including 2D Lidar, Stereo Camera and Inertial Measurement Unit (IMU), built on the open-source VINS-Fusion software to achieve real-time and drift-free UAV pose estimation. The proposed framework eliminates the motion distortion of Lidar during UAV motion by combining Visual-Inertial Odometry (VIO). It obtains global localization information of Lidar by PL-ICP algorithm based on a global point cloud map. Graph optimization method is used to fuse the local positional estimation and the global information from the Lidar, which eliminate the cumulative error caused by VIO. The feasibility of the method is verified by experiments and compared with the method of only running Visual-Inertial Navigation Systems (VINS), the framework improves the accuracy of localization. In addition, we have implemented the construction of octree maps of 3D environments through the framework of this system.",,979-8-3503-2718-2,10.1109/RCAR58764.2023.10249971,Research and Development; ,https://ieeexplore.ieee.org/stamp/stamp.jsp?arnumber=10249971,,Location awareness;Laser radar;Three-dimensional displays;Software algorithms;Autonomous aerial vehicles;Cameras;Real-time systems,,1,,17,IEEE,20 Sep 2023,17-20 July 2023,17-20 July 2023,IEEE,IEEE Conferences
Tightly Coupled Multifactor Optimization-Based Hybrid Visual Localization for UAV,L. Chen; Z. Guo; N. Wang; W. Chen; J. He; X. Zhang; H. Sun,"State Key Laboratory of Human-Machine Hybrid Augmented Intelligence, Institute of Artificial Intelligence and Robotics, Xi’an Jiaotong University, Xi’an, China; State Key Laboratory of Human-Machine Hybrid Augmented Intelligence, Institute of Artificial Intelligence and Robotics, Xi’an Jiaotong University, Xi’an, China; State Key Laboratory of Human-Machine Hybrid Augmented Intelligence, Institute of Artificial Intelligence and Robotics, Xi’an Jiaotong University, Xi’an, China; State Key Laboratory of Human-Machine Hybrid Augmented Intelligence, Institute of Artificial Intelligence and Robotics, Xi’an Jiaotong University, Xi’an, China; State Key Laboratory of Human-Machine Hybrid Augmented Intelligence, Institute of Artificial Intelligence and Robotics, Xi’an Jiaotong University, Xi’an, China; State Key Laboratory of Human-Machine Hybrid Augmented Intelligence, Institute of Artificial Intelligence and Robotics, Xi’an Jiaotong University, Xi’an, China; State Key Laboratory of Human-Machine Hybrid Augmented Intelligence, Institute of Artificial Intelligence and Robotics, Xi’an Jiaotong University, Xi’an, China",IEEE Transactions on Instrumentation and Measurement,18 Aug 2025,2025,74,,1,12,"The localization method based on aerial images and satellite maps is an effective solution for unmanned aerial vehicles (UAVs) in Global Navigation Satellite Systems (GNSS) denied conditions. However, in addition to differences in scale and perspective, the difficulty of matching increases due to changes in lighting and terrain. At the same time, the search area of the satellite map relies on previous matching results, so previous errors can easily cause cascading effects, significantly reducing the accuracy of localization. To overcome these challenges, a multifactor tightly coupled visual localization method is proposed in this article, which avoids the interference of single-modal outliers by introducing multifactor joint optimization. Second, a search strategy on the satellite map is proposed, which continuously updates the candidate area based on the status of the UAV to improve the efficiency of the search and the accuracy of matching. Finally, an updated method of satellite map is designed to avoid matching failures caused by lagging satellite map updates. Multiple times of experiments are conducted using two different types of UAVs in different conditions, ranges, altitudes, and speeds to verify the effectiveness of the proposed method. Comparison with the state-of-the-art visual localization method shows that the proposed method improves the accuracy of localization by 27.1% and the efficiency of processing by 30.6%.",1557-9662,,10.1109/TIM.2025.3597617,"National Natural Science Foundation of China(grant numbers:62088102,U24A20291); National Key Research and Development Program of China(grant numbers:2024YFB4405504); Fundamental Research Funds for the Central Universities(grant numbers:xtr072022001); Opening Foundation of Key Laboratory of CTCIE, Ministry of Education(grant numbers:CTCIE20240101); ",https://ieeexplore.ieee.org/stamp/stamp.jsp?arnumber=11122473,Image matching;sensor fusion;unmanned aerial vehicle (UAV);visual localization,Location awareness;Feature extraction;Autonomous aerial vehicles;Visualization;Satellites;Accuracy;Cameras;Simultaneous localization and mapping;Pose estimation;Optimization,,2,,45,IEEE,11 Aug 2025,2025,,IEEE,IEEE Journals
Launching a Micro–Scout UAV from a Mobile Robotic Manipulator Arm,P. Arora; C. Papachristos,"Robotic Workers Lab, University of Nevada, Reno; Robotic Workers Lab, University of Nevada, Reno",2021 IEEE Aerospace Conference (50100),7 Jun 2021,2021,,,1,8,"This paper addresses the problem of autonomously deploying an unmanned aerial vehicle in non-trivial settings, by leveraging a manipulator arm mounted on a ground robot, acting as a versatile mobile launch platform. As real-world deployment scenarios for micro aerial vehicles such as search-and-rescue operations often entail exploration and navigation of challenging environments including uneven terrain, cluttered spaces, or even constrained openings and passageways, an often arising problem is that of ensuring a safe take-off location, or safely fitting through narrow openings while in flight. By facilitating launching from the manipulator end-effector, a 6-DoF controllable take-off pose within the arm workspace can be achieved, which allows to properly position and orient the aerial vehicle to initialize the autonomous flight portion of a mission. To accomplish this, we propose a sampling-based planner that respects a) the kinematic constraints of the ground robot / manipulator / aerial robot combination, b) the geometry of the environment as autonomously mapped by the ground robots perception systems, and c) accounts for the aerial robot expected dynamic motion during takeoff. The goal of the proposed planner is to ensure autonomous collision-free initialization of an aerial robotic exploration mission, even within a cluttered constrained environment. At the same time, the ground robot with the mounted manipulator can be used to appropriately position the take-off workspace into areas of interest, effectively acting as a carrier launch platform. We experimentally demonstrate this novel robotic capability through a sequence of experiments that encompass a micro aerial vehicle platform carried and launched from a 6-DoF manipulator arm mounted on a four-wheel robot base.",1095-323X,978-1-7281-7436-5,10.1109/AERO50100.2021.9438326,,https://ieeexplore.ieee.org/stamp/stamp.jsp?arnumber=9438326,,Space vehicles;Navigation;Pipelines;Manipulators;Search problems;Unmanned aerial vehicles;Multi-robot systems,,4,,24,IEEE,7 Jun 2021,6-13 March 2021,6-13 March 2021,IEEE,IEEE Conferences
ROLAND: Robust Landing of UAV on Moving Platform using Object Detection and UWB based Extended Kalman Filter,C. Kim; E. M. Lee; J. Choi; J. Jeon; S. Kim; H. Myung,"School of Electrical Engineering, KI-AI, KI-R, KAIST, Daejeon, South Korea; School of Electrical Engineering, KI-AI, KI-R, KAIST, Daejeon, South Korea; School of Electrical Engineering, KI-AI, KI-R, KAIST, Daejeon, South Korea; School of Electrical Engineering, KI-AI, KI-R, KAIST, Daejeon, South Korea; KEPCO RI, Korea Electric Power Corporation, Daejeon, South Korea; School of Electrical Engineering, KI-AI, KI-R, KAIST, Daejeon, South Korea","2021 21st International Conference on Control, Automation and Systems (ICCAS)",28 Dec 2021,2021,,,249,254,"Unmanned Aerial Vehicles (UAVs) have been intensively used in various fields thanks to their excellent maneuverability. However, the short operation time of the UAV is limiting the further utilization of the UAV. The limitation of the UAV can be overcome by landing on ground vehicles and charging the battery on them. Therefore, diverse researches have been done on robust landing on ground platforms. Unfortunately, the existing autonomous landing methods have such limitations that a) special tag or marker should be attached on the landing site; b) visibility of the landing site must be secured; c) platform should be static; In this paper, to robustly estimate the relative pose of the moving platform and successfully land on it, we propose a novel robust landing system of the UAV. A neural network based object detection is used to recognize the landing site without a special tag or marker, and an Ultra-wideband (UWB) sensor is adopted to compensate for the limited field of view of the camera. The Extended Kalman Filter (EKF) for estimating the relative position of the moving platform by fusing the information obtained from various sensors is developed. Additionally, a robust autonomous landing controller is also designed. The performance of the proposed method is verified by the simulation of the UAV and the moving platform.",2642-3901,978-89-93215-21-2,10.23919/ICCAS52745.2021.9649920,Korea Electric Power Corporation(grant numbers:BK21 FOUR); ,https://ieeexplore.ieee.org/stamp/stamp.jsp?arnumber=9649920,Unmanned Aerial Vehicles;Autonomous Landing;Relative Pose Estimation;Extended Kalman Filter;Object Detection;Ultra-wideband,Limiting;Neural networks;Object detection;Autonomous aerial vehicles;Control systems;Cameras;Land vehicles,,6,,18,,28 Dec 2021,12-15 Oct. 2021,12-15 Oct. 2021,IEEE,IEEE Conferences
Automated Scanning of Concrete Structures for Crack Detection and Assessment Using a Drone,A. Smaoui; Y. Yaddaden; R. Cherif; D. Lamouchi,"Départernent de mathématiques, informatique et génie, Université du Québec à Rimouski (UQAR), Rimouski, Québec, Canada; Départernent de mathématiques, informatique et génie, Université du Québec à Rimouski (UQAR), Rimouski, Québec, Canada; Départernent de mathématiques, informatique et génie, Université du Québec à Rimouski (UQAR), Rimouski, Québec, Canada; Départernent de mathématiques, informatique et génie, Université du Québec à Rimouski (UQAR), Rimouski, Québec, Canada",2022 IEEE 21st international Ccnference on Sciences and Techniques of Automatic Control and Computer Engineering (STA),25 Jan 2023,2022,,,56,61,"Unmanned Aerial Vehicles are becoming more accessible, opening the way to monitoring and inspecting civil infrastructure, even in challenging and dynamic environments. Indeed, using UAV s contributes to safer, faster and more accurate inspections, often beyond what the human being can detect. This paper proposes a path-planning method for an autonomous scan mission using a UAV with an onboard camera for concrete structure inspection. The main objectives are ensuring maximum coverage of the structure and collecting and transmitting images to estimate the extent of damage caused by cracks. The proposed solution is integrated and evaluated using the Software-In-the-Loop Simulation. The results show that the proposed algorithm allows robust scanning with the least energy dissipated by batteries during the mission.",2573-539X,978-1-6654-8261-5,10.1109/STA56120.2022.10019224,Université du Québec a Rimouski (UQAR); ,https://ieeexplore.ieee.org/stamp/stamp.jsp?arnumber=10019224,Unmanned Aerial Vehicles;Path Planning;Au-tonomous Mission;SITL;Concrete Structure Inspection,Computational modeling;Inspection;Autonomous aerial vehicles;Cameras;Batteries;Vehicle dynamics;Monitoring,,6,,20,IEEE,25 Jan 2023,19-21 Dec. 2022,19-21 Dec. 2022,IEEE,IEEE Conferences
UAV Localization in GPS-Denied Environments: A Review,Y. Wu; D. Liu; J. Ma; X. He,"Academy of AI and Advanced Technology, Xi’an Jiaotong–Liverpool University, Suzhou, China; Academy of AI and Advanced Technology, Xi’an Jiaotong–Liverpool University, Suzhou, China; Academy of AI and Advanced Technology, Xi’an Jiaotong–Liverpool University, Suzhou, China; College of Computer Science and Electronic Engineering, Hunan University, Changsha, China","IEEE Transactions on Systems, Man, and Cybernetics: Systems",,2026,PP,99,1,17,"With the increasingly wide application of unmanned aerial vehicles (UAVs) in various scenarios, accurate UAV localization in indoor and urban environments has been a critical issue to address. However, in these signal-degraded environments, global positioning system (GPS) localization becomes unreliable; thus, alternative localization methods are essential. This article surveys localization methods for UAV systems in such environments. We classify these methods into two groups: 1) onboard-only methods, which rely exclusively on onboard sensors and 2)hybrid methods, which incorporate external anchors. To evaluate their performance in UAV localization systems, we first analyze the hardware requirements, the data preprocessing strategies, and the localization algorithms of the two groups, and then compare their experimental settings and localization accuracy. Finally, we summarize the strengths and limitations of these two groups and outline several research directions on GPS-denied UAV localization.",2168-2232,,10.1109/TSMC.2026.3708505,National Natural Science Foundation of China(grant numbers:92473115); ,https://ieeexplore.ieee.org/stamp/stamp.jsp?arnumber=11610651,Autonomous navigation;global positioning system (GPS)-denied localization;indoor navigation;sensor fusion;unmanned aerial vehicles (UAVs),Autonomous aerial vehicles;Location awareness;Image sensors;Global Positioning System;Optimization;Distance measurement;Timing;Measurement;Lighting;Algorithms,,,,,IEEE,15 Jul 2026,,,IEEE,IEEE Early Access Articles
VPS-SLAM: Visual Planar Semantic SLAM for Aerial Robotic Systems,H. Bavle; P. De La Puente; J. P. How; P. Campoy,"Centre for Automation and Robotics, Computer Vision and Aerial Robotics Group, Universidad Politécnica de Madrid (UPM-CSIC), Madrid, Spain; Centre for Automation and Robotics, Computer Vision and Aerial Robotics Group, Universidad Politécnica de Madrid (UPM-CSIC), Madrid, Spain; Aerospace Controls Laboratory, Massachusetts Institute of Technology (MIT), Cambridge, USA; Centre for Automation and Robotics, Computer Vision and Aerial Robotics Group, Universidad Politécnica de Madrid (UPM-CSIC), Madrid, Spain",IEEE Access,7 Apr 2020,2020,8,,60704,60718,"Indoor environments have abundant presence of high-level semantic information which can provide a better understanding of the environment for robots to improve the uncertainty in their pose estimate. Although semantic information has proved to be useful, there are several challenges faced by the research community to accurately perceive, extract and utilize such semantic information from the environment. In order to address these challenges, in this paper we present a lightweight and real-time visual semantic SLAM framework running on board aerial robotic platforms. This novel method combines low-level visual/visual-inertial odometry (VO/VIO) along with geometrical information corresponding to planar surfaces extracted from detected semantic objects. Extracting the planar surfaces from selected semantic objects provides enhanced robustness and makes it possible to precisely improve the metric estimates rapidly, simultaneously generalizing to several object instances irrespective of their shape and size. Our graph-based approach can integrate several state of the art VO/VIO algorithms along with the state of the art object detectors in order to estimate the complete 6DoF pose of the robot while simultaneously creating a sparse semantic map of the environment. No prior knowledge of the objects is required, which is a significant advantage over other works. We test our approach on a standard RGB-D dataset comparing its performance with the state of the art SLAM algorithms. We also perform several challenging indoor experiments validating our approach in presence of distinct environmental conditions and furthermore test it on board an aerial robot. Video:https://vimeo.com/368217703Released Code:https://bitbucket.org/hridaybavle/semantic_slam.git.",2169-3536,,10.1109/ACCESS.2020.2983121,MISTI-Spain for the financial support in the project entitled Drone Autonomy and the Spanish Ministry of Economy and Competitivity for its funding Project (Complex Coordinated Inspection and Security missions by UAVs in cooperation with UGV)(grant numbers:RTI2018-100847-B-C21); Spanish Ministry of Economics and Competitivity(grant numbers:DPI2017-86915-C3-3-R COGDRIVE); ,https://ieeexplore.ieee.org/stamp/stamp.jsp?arnumber=9045978,SLAM;visual SLAM;visual semantic SLAM;autonomous aerial robots;UAVs,Semantics;Simultaneous localization and mapping;Three-dimensional displays;Detectors;Visualization;Data mining,,87,,35,CCBY,24 Mar 2020,2020,,IEEE,IEEE Journals
Towards Online System Identification: Benchmark of Model Identification Techniques for Variable Dynamics UAV Applications,J. Song; P. J. Sanchez-Cuevas; M. Olivares-Mendez,"SpaceR Research Group, SnT - University of Luxembourg, Luxembourg, Luxembourg; Advance Centre for Aerospace Technologies (CATEC), Seville; SpaceR Research Group, SnT - University of Luxembourg, Luxembourg, Luxembourg",2022 International Conference on Unmanned Aircraft Systems (ICUAS),26 Jul 2022,2022,,,590,598,"Providing self-modelling capabilities to robotic systems that could change their dynamics variables during their natural operation, like aerial manipulators, can significantly increase model-based algorithm’s resilience and performance. Some samples of those techniques are model predictive control or model-based trajectory planning techniques. This paper aims to benchmark how classical model identification techniques perform when adapted to be used at run-time. This self-awareness capability will improve transparency giving the robot the capability to understand what it can do and how to perform optimally. To do so, this paper compares four different model identification techniques and how they perform online in terms of accuracy and computational cost. The online adaptation of the model identification methods has been developed generically to apply to any dynamic system. The methods are numerically evaluated simulating an Unmanned Aerial Vehicle (UAV) with time-varying mass. The system has been evaluated in 5 different manoeuvres with 5 different mass-behaviour. This creates 25 experiments for each of the four model identification algorithms. In total, this paper presents the result of 100 studied cases.",2575-7296,978-1-6654-0593-5,10.1109/ICUAS54217.2022.9836134,,https://ieeexplore.ieee.org/stamp/stamp.jsp?arnumber=9836134,Reliability of UAS;UAS modelling;System identification,Adaptation models;Computational modeling;Heuristic algorithms;Atmospheric modeling;Benchmark testing;Autonomous aerial vehicles;Real-time systems,,2,,25,IEEE,26 Jul 2022,21-24 June 2022,21-24 June 2022,IEEE,IEEE Conferences
Drones Guiding Drones: Cooperative Navigation of a Less-Equipped Micro Aerial Vehicle in Cluttered Environments,V. Pritzl; M. Vrba; Y. Stasinchuk; V. Krátký; J. Horyna; P. Štěpán; M. Saska,"Department of Cybernetics, Faculty of Electrical Engineering, Multi-Robot Systems Group, Czech Technical University in Prague, Czech Republic; Department of Cybernetics, Faculty of Electrical Engineering, Multi-Robot Systems Group, Czech Technical University in Prague, Czech Republic; Department of Cybernetics, Faculty of Electrical Engineering, Multi-Robot Systems Group, Czech Technical University in Prague, Czech Republic; Department of Cybernetics, Faculty of Electrical Engineering, Multi-Robot Systems Group, Czech Technical University in Prague, Czech Republic; Department of Cybernetics, Faculty of Electrical Engineering, Multi-Robot Systems Group, Czech Technical University in Prague, Czech Republic; Department of Cybernetics, Faculty of Electrical Engineering, Multi-Robot Systems Group, Czech Technical University in Prague, Czech Republic; Department of Cybernetics, Faculty of Electrical Engineering, Multi-Robot Systems Group, Czech Technical University in Prague, Czech Republic",2024 IEEE/RSJ International Conference on Intelligent Robots and Systems (IROS),25 Dec 2024,2024,,,10597,10604,Reliable deployment of Unmanned Aerial Vehicles (UAVs) in cluttered unknown environments requires accurate sensors for Global Navigation Satellite System (GNSS)-denied localization and obstacle avoidance. Such a requirement limits the usage of cheap and micro-scale vehicles with constrained payload capacity if industrial-grade reliability and precision are required. This paper investigates the possibility of offloading the necessity to carry heavy sensors to another member of the UAV team while preserving the desired capability of the smaller robot intended for exploring narrow passages. A novel cooperative guidance framework offloading the sensing requirements from a minimalistic secondary UAV to a superior primary UAV is proposed. The primary UAV constructs a dense occupancy map of the environment and plans collision-free paths for both UAVs to ensure reaching the desired secondary UAV’s goals even in areas not accessible by the bigger robot. The primary UAV guides the secondary UAV to follow the planned path while tracking the UAV using Light Detection and Ranging (LiDAR)-based relative localization. The proposed approach was verified in real-world experiments with a heterogeneous team of a 3D LiDAR-equipped primary UAV and a micro-scale camera-equipped secondary UAV moving autonomously through unknown cluttered GNSS-denied environments with the proposed framework running fully on board the UAVs.,2153-0866,979-8-3503-7770-5,10.1109/IROS58592.2024.10802770,,https://ieeexplore.ieee.org/stamp/stamp.jsp?arnumber=10802770,,Location awareness;Accuracy;Three-dimensional displays;Navigation;Service robots;Autonomous aerial vehicles;Robot sensing systems;Sensors;Reliability;Collision avoidance,,9,,37,IEEE,25 Dec 2024,14-18 Oct. 2024,14-18 Oct. 2024,IEEE,IEEE Conferences
Impact of the Trajectory on the Performance of RGB-D SLAM Executed by a UAV in a Subterranean Environment,K. Y. Samarakoon; G. A. S. Pereira; J. N. Gross,"Department of Mechanical and Aerospace Engineering, West Virginia University, Morgantown, WV, USA; Department of Mechanical and Aerospace Engineering, West Virginia University, Morgantown, WV, USA; Department of Mechanical and Aerospace Engineering, West Virginia University, Morgantown, WV, USA",2022 International Conference on Unmanned Aircraft Systems (ICUAS),26 Jul 2022,2022,,,812,820,"This paper empirically investigates the influence of trajectory design for autonomous Unmanned Aerial Vehicles (UAV) on the performance of Simultaneous Localization and Mapping (SLAM) in a subterranean environment that exhibits visual features similar to man-made and natural rock caverns. This was investigated by flying an autonomous UAV in a simulated cave environment, and also by deploying an actual UAV equipped with a RealSense L515-LiDAR to map a pillar inside a limestone mine. A popular open source SLAM software package – Real-Time-Appearance-Based Mapping (RTAB-Map) – was used. RTAB-Map has the ability to detect loop closures and has its approach to estimate an odometry solution. It was found that as the image overlap percentage increased, so did the number of loop closures. In average, we observed a 4.84% loop closure acceptance at 50% overlap and 49.57% loop closure acceptance rate at 90% overlap. Not only did the loop closure acceptance rate improve, there was evidence that lower overlap tended to lead to incorrect SLAM maps.",2575-7296,978-1-6654-0593-5,10.1109/ICUAS54217.2022.9836199,Alpha Foundation for the Improvement of Mine Safety and Health; ,https://ieeexplore.ieee.org/stamp/stamp.jsp?arnumber=9836199,,Visualization;Simultaneous localization and mapping;Software packages;Buildings;Autonomous aerial vehicles;Rocks;Market research,,6,,34,IEEE,26 Jul 2022,21-24 June 2022,21-24 June 2022,IEEE,IEEE Conferences
Localization - guaranteed navigation in GPS-denied environment via multi-UAV closed-loop coordination,S. Jiang; M. Shen,"School of Engineering and Applied Sciences, Harvard University, Cambridge, MA; Department of Mechanical Engineering, Massachusetts Institute of Technology, Cambridge, MA",2020 IEEE Aerospace Conference,21 Aug 2020,2020,,,1,9,"Consider a scenario where multiple Unmanned Aerial Vehicles (UAVs) autonomously collaborate with each other to explore an unknown environment where GPS is not available. A visual fiducial marker with known geometry is fixed on each UAV to provide relative localization between any pair of UAVs. Nevertheless, the UAV s need to plan their motion to ensure that the marker always appears in camera's field-of-view so that they can be localized. Such requirement limits the trajectory space of UAVs when they are exploring the environment. To solve this issue, our first technical contribution is an innovative multi-UAV spatial closed-loop coordination mechanism, which provides guaranteed relative localization wherever they are in the unknown and texture-less environment. The coordination, however, requires that the environment satisfy line-of-sight (LOS) constraints, and therefore necessities the division of the global environment into different subareas such that LOS constraints are met within each subarea. Our second contribution is a novel temporal-spatial pose graph to register different subareas into one global environment accurately. Finally, we present an iterative strategy to simultaneously maximize the volume of exploration space and minimize the localization error under the line-of-sight (LOS) constraints. Comparison with STOA visual localization techniques in simulated unknown environment demonstrates that our method is robust, accurate and independent of the environment.",1095-323X,978-1-7281-2734-7,10.1109/AERO47225.2020.9172535,,https://ieeexplore.ieee.org/stamp/stamp.jsp?arnumber=9172535,,Location awareness;Visualization;Navigation;Pipelines;Autonomous aerial vehicles;Space exploration;Registers,,,,14,IEEE,21 Aug 2020,7-14 March 2020,7-14 March 2020,IEEE,IEEE Conferences
Radar Inertial Odometry With Online Calibration,C. Doer; G. F. Trommer,"Institute of Control Systems, Karlsruhe Institute of Technology (KIT), Germany; Institute of Control Systems, Karlsruhe Institute of Technology (KIT), Germany",2020 European Navigation Conference (ENC),18 Jan 2021,2020,,,1,10,"Accurate localization in visually degraded and GNSS denied environments is key for autonomous robotics. Vision based approaches usually fail in challenging conditions like smoke, dusk, direct sunlight or darkness. Our approach uses an Inertial Measurement Unit (IMU) and a millimeter wave FMCW radar sensor as both sensors are not affected by such conditions. A filter based 3D Radar Inertial Odometry (RIO) approach is presented which enables the online estimation of the extrinsic calibration of the radar sensor. Consequently, tedious calibration is not required any more. The application of stochastic cloning enables to process delayed radar measurements properly which enables to apply the navigation filter for online navigation. The proposed system is evaluated in simulation which proves a consistent estimation. Real world experiments with carried datasets and UAV flights prove the improvement by online calibration resulting in reduced position errors.",,978-3-944976-27-3,10.23919/ENC48637.2020.9317343,,https://ieeexplore.ieee.org/stamp/stamp.jsp?arnumber=9317343,,Radar;Radar measurements;Navigation;Doppler radar;Spaceborne radar;Three-dimensional displays;Estimation,,44,,22,,18 Jan 2021,23-24 Nov. 2020,23-24 Nov. 2020,IEEE,IEEE Conferences
A monocular inertial UAV SLAM algorithm leveraging feature clustering,Y. Xia; H. Li; G. Pan; W. Xue; Z. Fan; N. Qi; M. Huo,"School of Astronautics, Harbin Institute of Technology, Harbin, China; School of Astronautics, Harbin Institute of Technology, Harbin, China; School of Astronautics, Harbin Institute of Technology, Harbin, China; School of Astronautics, Harbin Institute of Technology, Harbin, China; School of Astronautics, Harbin Institute of Technology, Harbin, China; School of Astronautics, Harbin Institute of Technology, Harbin, China; School of Astronautics, Harbin Institute of Technology, Harbin, China",2024 16th International Conference on Intelligent Human-Machine Systems and Cybernetics (IHMSC),29 Oct 2024,2024,,,56,60,"Generally, the power grid covers a vast area, making transportation inconvenient. Patrolling the lines requires a significant amount of manpower and time. Manual ground patrols are limited in terms of viewing angles, leading to high workloads and risks for inspectors, while the traditional inspection methods struggle to provide structured and standardized data. On the contrary, unmanned aerial vehicle (UAV) inspections are not constrained by geographical obstacles, operate at high speeds, and when integrated with SLAM algorithms, they can efficiently accomplish inspection tasks. This article aims to enhance UAV inspection in complex environments by optimizing SLAM. To address the scale information deficiency in the original single-sensor SLAM, Visual-Inertial Odometry (VIO) was employed in this study. However, in environments with weak textures and low lighting, like during rain and snow, VIO exhibits subpar mapping performance and consumes excessive computing power. To address this issue, the system introduces an enhanced bag-of-words loopback module that iteratively optimizes front-end feature recognition screening rules to conserve computing power. It also enhances the visual feature extraction and maintenance scheme and develops a robust VIO algorithm based on the clustered feature point set of each frame. Ultimately, the system effectively utilizes the EuRoc UAV sensing sequence as input to achieve a smaller absolute trajectory error compared to the OKVIS algorithm. The results of this study have important reference value for the inspection UAV to perceive the real physical environment and build a digital model in a complex environment.",2157-8982,979-8-3315-4024-1,10.1109/IHMSC62065.2024.00020,,https://ieeexplore.ieee.org/stamp/stamp.jsp?arnumber=10731526,visual-inertial SLAM;UAV;feature clustering,Visualization;Simultaneous localization and mapping;Snow;Clustering algorithms;Transportation;Inspection;Autonomous aerial vehicles;Feature extraction;Trajectory;Sensors,,1,,7,IEEE,29 Oct 2024,24-25 Aug. 2024,24-25 Aug. 2024,IEEE,IEEE Conferences
Design and Autonomous Stabilization of a Ballistically-Launched Multirotor,A. Bouman; P. Nadan; M. Anderson; D. Pastor; J. Izraelevitz; J. Burdick; B. Kennedy,"Department of Mechanical and Civil Engineering, California Institute of Technology, Pasadena, CA, USA; Olin College of Engineering, Needham, MA; Jet Propulsion Laboratory, California Institute of Technology, Pasadena, CA; Department of Mechanical and Civil Engineering, California Institute of Technology, Pasadena, CA, USA; Jet Propulsion Laboratory, California Institute of Technology, Pasadena, CA; Department of Mechanical and Civil Engineering, California Institute of Technology, Pasadena, CA, USA; Jet Propulsion Laboratory, California Institute of Technology, Pasadena, CA",2020 IEEE International Conference on Robotics and Automation (ICRA),15 Sep 2020,2020,,,8511,8517,"Aircraft that can launch ballistically and convert to autonomous, free-flying drones have applications in many areas such as emergency response, defense, and space exploration, where they can gather critical situational data using onboard sensors. This paper presents a ballistically-launched, autonomously-stabilizing multirotor prototype (SQUID - Streamlined Quick Unfolding Investigation Drone) with an onboard sensor suite, autonomy pipeline, and passive aerodynamic stability. We demonstrate autonomous transition from passive to vision-based, active stabilization, confirming the multirotor's ability to autonomously stabilize after a ballistic launch in a GPS-denied environment.",2577-087X,978-1-7281-7395-5,10.1109/ICRA40945.2020.9197542,,https://ieeexplore.ieee.org/stamp/stamp.jsp?arnumber=9197542,,SQUIDs;Electron tubes;Aerodynamics;Drones;Prototypes;Thermal stability;Aircraft,,28,,20,IEEE,15 Sep 2020,31 May-31 Aug. 2020,31 May-31 Aug. 2020,IEEE,IEEE Conferences
"Adaptive Sensor Fusion of Camera, GNSS and IMU for Autonomous Driving Navigation",W. Ren; K. Jiang; X. Chen; T. Wen; D. Yang,"School of Vehicle and Mobility, Tsinghua University, Beijing, China; School of Vehicle and Mobility, Tsinghua University, Beijing, China; School of Vehicle and Mobility, Tsinghua University, Beijing, China; School of Vehicle and Mobility, Tsinghua University, Beijing, China; School of Vehicle and Mobility, Tsinghua University, Beijing, China",2020 4th CAA International Conference on Vehicular Control and Intelligence (CVCI),9 Feb 2021,2020,,,113,118,"The Visual-Inertial navigation system(VINS) has become a popular navigation approach in the field of unmanned aerial vehicles(UAV) or robotics. While its performance under autonomous driving scenario is not satisfactory due to the fact that autonomous driving scenario is more challenging and dynamic than the UAV scenario. Thus, the Visual-Inertial navigation system will collapse occasionally and thus undermine the navigation result. In this work, we propose a adaptive mechanism that could switch between three modes, only VINs, only GNSS and VINS&GNSS fusion. When Visual-Inertial component breaks down, our algorithm could only rely on the GNSS signal until VINS recovers. Similarly, when GNSS signal is not very accurate, our system could only rely on the VINS-Mono. We demonstrate our algorithm under challenging scenarios such as night sight and high speed road and do both qualitative analysis and quantitative analysis.",,978-1-7281-8497-5,10.1109/CVCI51460.2020.9338655,,https://ieeexplore.ieee.org/stamp/stamp.jsp?arnumber=9338655,Sensor Fusion;Adaptive Mechanism;GNSS;Visual- Inertial,Global navigation satellite system;Adaptive systems;Navigation;Statistical analysis;Roads;Vehicle dynamics;Autonomous vehicles,,8,,23,IEEE,9 Feb 2021,18-20 Dec. 2020,18-20 Dec. 2020,IEEE,IEEE Conferences
Visual Navigation for Autonomous Vehicles: An Open-source Hands-on Robotics Course at MIT,L. Carlone; K. Khosoussi; V. Tzoumas; G. Habibi; M. Ryll; R. Talak; J. Shi; P. Antonante,Massachusetts Institute of Technology; Massachusetts Institute of Technology; Massachusetts Institute of Technology; Massachusetts Institute of Technology; Massachusetts Institute of Technology; Massachusetts Institute of Technology; Massachusetts Institute of Technology; Massachusetts Institute of Technology,2022 IEEE Integrated STEM Education Conference (ISEC),31 Jan 2023,2022,,,177,184,"This paper reports on the development, execution, and open-sourcing of a new robotics course at MIT. The course is a modern take on “Visual Navigation for Autonomous Vehicles” (VNAV) and targets first-year graduate students and senior undergraduates with prior exposure to robotics. VNAV has the goal of preparing the students to perform research in robotics and vision-based navigation, with emphasis on drones and self-driving cars. The course spans the entire autonomous navigation pipeline; as such, it covers a broad set of topics, including geometric control and trajectory optimization, 2D and 3D computer vision, visual and visual-inertial odometry, place recognition, simultaneous localization and mapping, and geometric deep learning for perception. VNAV has three key features. First, it bridges traditional computer vision and robotics courses by exposing the challenges that are specific to embodied intelligence, e.g., limited computation and need for just-in-time and robust perception to close the loop over control and decision making. Second, it strikes a balance between depth and breadth by combining rigorous technical notes (including topics that are less explored in typical robotics courses, e.g., on-manifold optimization) with slides and videos showcasing the latest research results. Third, it provides a compelling approach to hands-on robotics education by leveraging a physical drone platform (mostly suitable for small residential courses) and a photo-realistic Unity-based simulator (open-source and scalable to large online courses). VNAV has been offered at MIT in the Falls of 2018-2021 and is now publicly available on MIT OpenCourseWare (OCW) and at vnav.mit.edu/.",2330-331X,978-1-6654-8429-9,10.1109/ISEC54952.2022.10025287,,https://ieeexplore.ieee.org/stamp/stamp.jsp?arnumber=10025287,Open-source Course Material;Project-based Learning;Robotics and Computer Vision Education,Deep learning;Visualization;Computer vision;Three-dimensional displays;Simultaneous localization and mapping;Educational robots;Navigation,,8,,52,IEEE,31 Jan 2023,26-26 March 2022,26-26 March 2022,IEEE,IEEE Conferences
Visual industrial inspection using aerial robots,S. Omari; P. Gohl; M. Burri; M. Achtelik; R. Siegwart,"ETH Zurich, Skybotix AG and Autonomous Systems Lab, Zurich, Switzerland; ETH Zurich, Skybotix AG and Autonomous Systems Lab, Zurich, Switzerland; Autonomous Systems Lab ETH Zurich, Zurich, Switzerland; Autonomous Systems Lab ETH Zurich, Zurich, Switzerland; Eidgenossische Technische Hochschule Zurich, Zurich, ZH, CH",Proceedings of the 2014 3rd International Conference on Applied Robotics for the Power Industry,5 Feb 2015,2014,,,1,5,"The use of unmanned aerial vehicles (UAV) offers a unique possibility to capture visual information in areas which are hard to reach or dangerous for humans. For UAVs to become a standard tool in visual inspection, it is of utmost importance that the aerial robot can be operated efficiently by a non-expert UAV pilot and that the navigation system is robust enough to remain operational in rough, industrial conditions. To this end, we present a UAV navigation system setup that uses visual-inertial sensor cues to estimate the UAV pose as well as to create a dense 3D map of the environment in real-time onboard the UAV, completely independent of GPS. The proposed navigation system enables the operator to directly interface the UAV using high-level commands such as waypoints or velocity commands while the navigation system ensures a stable and collision-free flight.",,978-1-4799-6422-2,10.1109/CARPI.2014.7030056,,https://ieeexplore.ieee.org/stamp/stamp.jsp?arnumber=7030056,,Three-dimensional displays;Navigation;Inspection;Trajectory;Visualization;Robots;Real-time systems,,45,1,25,IEEE,5 Feb 2015,14-16 Oct. 2014,14-16 Oct. 2014,IEEE,IEEE Conferences
Autonomous Landing of a UAV on a Moving Ground Vehicle in a GPS Denied Environment,S. M. Nogar,"Army Research Laboratory, MD, USA","2020 IEEE International Symposium on Safety, Security, and Rescue Robotics (SSRR)",29 Dec 2020,2020,,,77,83,Teams of autonomous air and ground agents can enable operations in search and rescue environments that are too remote or dangerous for humans but often require extensive positioning and communication infrastructure. A straightforward approach that maximizes the use of modern robotics tools is implemented to achieve a rotary wing unmanned air vehicle (UAV) landing on a moving unmanned ground vehicle (UGV) without the aid of GPS or other external positioning systems. Landing uses positioning information from a “fractal” visual fiducial marker that embeds smaller markers within larger ones that allows the estimation of a 6 degree-of-freedom (DOF) pose at all altitudes during landing. All computations are performed onboard the vehicle using low cost sensors and computers and no communications are required between the UAV and UGV. Trials were conducted in both software-in-the-loop (SITL) simulations and outdoor experiments and demonstrated this algorithm to be effective at performing landing maneuvers. Landing was performed using a small custom-built quadrotor and a Clearpath Warthog UGV at speeds of up to 2.5 m/s.,2475-8426,978-1-6654-0390-0,10.1109/SSRR50563.2020.9292607,U.S. Army Research Laboratory; ,https://ieeexplore.ieee.org/stamp/stamp.jsp?arnumber=9292607,,Trajectory;Cameras;Land vehicles;Global Positioning System;Fractals;Unmanned aerial vehicles;Sensors,,25,,30,USGov,29 Dec 2020,4-6 Nov. 2020,4-6 Nov. 2020,IEEE,IEEE Conferences
On Your Own: Pro-Level Autonomous Drone Racing in Uninstrumented Arenas,M. Bosello; F. Pinzarrone; S. Kiade; D. Aguiari; Y. Keuter; A. AlShehhi; G. Caminati; K. L. Wong; K. S. Chou; J. Halepota; F. Alneyadi; J. Panerati; G. Pau,"Autonomous Robotics Research Center, Technology Innovation Institute, Abu Dhabi, UAE; Autonomous Robotics Research Center, Technology Innovation Institute, Abu Dhabi, UAE; Autonomous Robotics Research Center, Technology Innovation Institute, Abu Dhabi, UAE; Autonomous Robotics Research Center, Technology Innovation Institute, Abu Dhabi, UAE; Autonomous Robotics Research Center, Technology Innovation Institute, Abu Dhabi, UAE; Autonomous Robotics Research Center, Technology Innovation Institute, Abu Dhabi, UAE; Autonomous Robotics Research Center, Technology Innovation Institute, Abu Dhabi, UAE; Autonomous Robotics Research Center, Technology Innovation Institute, Abu Dhabi, UAE; Autonomous Robotics Research Center, Technology Innovation Institute, Abu Dhabi, UAE; Autonomous Robotics Research Center, Technology Innovation Institute, Abu Dhabi, UAE; Autonomous Robotics Research Center, Technology Innovation Institute, Abu Dhabi, UAE; Autonomous Robotics Research Center, Technology Innovation Institute, Abu Dhabi, UAE; Autonomous Robotics Research Center, Technology Innovation Institute, Abu Dhabi, UAE",IEEE Robotics and Automation Letters,22 Jan 2026,2026,11,3,2674,2681,"Drone technology is proliferating in many industries, including agriculture, logistics, defense, infrastructure, and environmental monitoring. Vision-based autonomy is one of its key enablers, particularly for real-world applications. This is essential for operating in novel, unstructured environments where traditional navigation methods may be unavailable. Autonomous drone racing has become the de facto benchmark for such systems. State-of-the-art research has shown that autonomous systems can surpass human-level performance in racing arenas. However, the direct applicability to commercial and field operations is still limited, as current systems are often trained and evaluated in highly controlled environments. In our contribution, the system's capabilities are analyzed within a controlled environment—where external tracking is available for ground-truth comparison—but also demonstrated in a challenging, uninstrumented environment—where ground-truth measurements were never available. We show that our approach can match the performance of professional human pilots in both scenarios.",2377-3766,,10.1109/LRA.2026.3653405,,https://ieeexplore.ieee.org/stamp/stamp.jsp?arnumber=11347474,Aerial systems: perception and autonomy;aerial systems: applications;data sets for robot learning,Drones;Logic gates;State estimation;Robot sensing systems;Instruments;Quadrotors;Cameras;Trajectory;Motors;Corner detection,,2,,15,CCBY,14 Jan 2026,March 2026,,IEEE,IEEE Journals
Quasi-Globally Optimal and Real-Time Visual Compass in Manhattan Structured Environments,P. Kim; H. Li; K. Joo,"Department of Mechanical Systems Engineering, Sookmyung Women’s University, Seoul, South Korea; Department of Mechanical and Automation Engineering, The Chinese University of Hong Kong, Hong Kong, China; Artificial Intelligence Graduate School and the Department of Computer Science and Engineering, UNIST, Ulsan, South Korea",IEEE Robotics and Automation Letters,31 Jan 2022,2022,7,2,2613,2620,"We present a drift-free visual compass for estimating the three degrees of freedom (DoF) rotational motion of a camera by recognizing structural regularities in a Manhattan world (MW), which posits that the major structures conform to three orthogonal principal directions. Existing Manhattan frame estimation approaches are based on either data sampling or a parameter search, and fail to guarantee accuracy and efficiency simultaneously. To overcome these limitations, we propose a novel approach to hybridize these two strategies, achieving quasi-global optimality and high efficiency. We first compute the two DoF of the camera orientation by detecting and tracking a vertical dominant direction from a depth camera or an IMU, and then search for the optimal third DoF with the image lines through the proposed Manhattan Mine-and-Stab (MnS) approach. Once we find the initial rotation estimate of the camera, we refine the absolute camera orientation by minimizing the average orthogonal distance from the endpoints of the lines to the MW axes. We compare the proposed algorithm with other state-of-the-art approaches on a variety of real-world datasets including data from a drone flying in an urban environment, and demonstrate that the proposed method outperforms them in terms of accuracy, efficiency, and stability. The code is available on the project page: https://github.com/PyojinKim/MWMS",2377-3766,,10.1109/LRA.2022.3141751,National Research Foundation of Korea(grant numbers:NRF-2021R1F1A1061397); Institute of Information & Communications Technology Planning & Evaluation(grant numbers:2020-0-01336); Artificial Intelligence Graduate School Program; National Research Foundation of Korea(grant numbers:NRF-2021R1C1C1005723); ,https://ieeexplore.ieee.org/stamp/stamp.jsp?arnumber=9678090,Vision-based navigation;computer vision for transportation;sensor fusion;RGB-D perception,Cameras;Visualization;Robots;Manganese;Compass;Three-dimensional displays;Gravity,,15,,31,IEEE,11 Jan 2022,April 2022,,IEEE,IEEE Journals
Enhanced Altitude Estimation for Unmanned Aerial Vehicles in a GNSS-denied Environment,A. Minervini; S. Primatesta; G. Guglieri,"Dept. of Mechanical and Aerospace Engineering, Politecnico di Torino, Torino, Italy; Dept. of Mechanical and Aerospace Engineering, Politecnico di Torino, Torino, Italy; Dept. of Mechanical and Aerospace Engineering, Politecnico di Torino, Torino, Italy",2024 International Conference on Unmanned Aircraft Systems (ICUAS),19 Jun 2024,2024,,,1177,1183,"GNSS-denied environments represent challenging environments for autonomous drones. Ensuring an accurate altitude estimate plays a crucial role in guaranteeing mission efficiency in such scenarios. The literature on autonomous drone localization in GNSS-denied environments relies on visual inertial odometry-based algorithms. However, the reliability of this technology cannot be guaranteed in poor features environments (homogeneous floor, white walls) or in high and low brightness conditions. Even applications adopting loop closure algorithms in combination with visual inertial odometry localization suffer from considerable position estimation drift in challenging environments. This paper aims to propose a methodology to address the altitude estimation problem for drones operating in GNSS-denied environments by combining a V-SLAM algorithm with altitude measurements from a range finder. To account for ground inconsistencies due to varying terrain or obstacles, we have developed an Adaptive Kalman Filter. The Mahalanobis distance evaluation accomplishes the task of detecting these inconsistencies, enabling the filter to adapt and update states properly even in the presence of inconsistent range finder measurements. Experimental results demonstrate the effectiveness of the proposed solution in mitigating the drift accumulated by a purely V-SLAM algorithm.",2575-7296,979-8-3503-5788-2,10.1109/ICUAS60882.2024.10556904,,https://ieeexplore.ieee.org/stamp/stamp.jsp?arnumber=10556904,,Location awareness;Visualization;Accuracy;Estimation;Robustness;Kalman filters;Odometry,,,,21,IEEE,19 Jun 2024,4-7 June 2024,4-7 June 2024,IEEE,IEEE Conferences
Optimal Trajectory Generation for Quadrotor Teach-and-Repeat,F. Gao; L. Wang; K. Wang; W. Wu; B. Zhou; L. Han; S. Shen,"Department of Electronic and Computer Engineering, Hong Kong University of Science and Technology, Hong Kong; Department of Electronic and Computer Engineering, Hong Kong University of Science and Technology, Hong Kong; Department of Electronic and Computer Engineering, Hong Kong University of Science and Technology, Hong Kong; Department of Electronic and Computer Engineering, Hong Kong University of Science and Technology, Hong Kong; Department of Electronic and Computer Engineering, Hong Kong University of Science and Technology, Hong Kong; Department of Electronic and Computer Engineering, Hong Kong University of Science and Technology, Hong Kong; Department of Electronic and Computer Engineering, Hong Kong University of Science and Technology, Hong Kong",IEEE Robotics and Automation Letters,20 Feb 2019,2019,4,2,1493,1500,"In this letter, we propose a novel motion planning framework for quadrotor teach-and-repeat applications. Instead of controlling the drone to precisely follow the teaching path, our method converts an arbitrary jerky human-piloted trajectory to a topologically equivalent one, which is guaranteed to be safe, smooth, and kinodynamically feasible with an expected aggressiveness. Our proposed planning framework optimizes the trajectory in both spatial and temporal aspects. In the spatial layer, a flight corridor is found to represent the free space that is topologically equivalent with the teaching path. Then, a minimum-jerk piecewise trajectory is generated within the flight corridor. In the temporal layer, the trajectory is re-parameterized to obtain a minimum-time temporal trajectory under kinodynamic constraints. The spatial and temporal optimizations are both formulated as convex programs and are done iteratively. The proposed method is integrated into a complete quadrotor system and is validated to perform aggressive flights in challenging indoor and outdoor environments.",2377-3766,,10.1109/LRA.2019.2895110,Hong Kong University of Science and Technology(grant numbers:project R9341); ,https://ieeexplore.ieee.org/stamp/stamp.jsp?arnumber=8625495,Aerial systems: applications;motion and path planning;autonomous vehicle navigation,Trajectory;Education;Optimization;Drones;Planning;Resource management;Robots,,24,,24,IEEE,24 Jan 2019,April 2019,,IEEE,IEEE Journals
A Computationally Efficient Obstacle Avoidance System for UAV Teleoperation,S. He; G. Chen,"École Polytechnique Fédérale de Lausanne, Lausanne, Switzerland; Laboratory of Cooperative Intelligence of Unmanned System (CIUS), Shanghai Jiao Tong University, Shanghai, China",2021 27th International Conference on Mechatronics and Machine Vision in Practice (M2VIP),7 Jan 2022,2021,,,582,587,"In spite of the development of autonomy in unmanned aerial vehicles (UAV), some complex missions, which typically require cognition or intuitive decision making, are still beyond the capability of fully autonomous UAVs. Human-robot interaction (HRI) are necessary in these missions. Typical examples could be inspecting machines in factory or taking an aerial shot in cluttered environment. Furthermore, the operators in the aforementioned missions are usually inexperienced in manipulating UAVs. Existing teleoperation systems are usually designed for experienced operators and are unable to preserve purposes of the users. Therefore, it is fundamental to develop a teleoperation system which could integrate human intentions and ensure safety autonomously. In this work, a computationally efficient obstacle avoidance teleoperation system is developed and tested. A sampling-based trajectory planning method is utilized to achieve real-time planning and robust performance. Human intentions are given by a remote control. Besides, different control strategies are chosen in different environments based on distance map entropy to facilitate convenient operation. The whole system is proved to work efficiently and robustly by indoor and outdoor experiments.",,978-1-6654-3153-8,10.1109/M2VIP49856.2021.9665082,Shanghai Jiao Tong University; ,https://ieeexplore.ieee.org/stamp/stamp.jsp?arnumber=9665082,Teleoperation;obstacle avoidance;motion planning,Trajectory planning;Autonomous aerial vehicles;Real-time systems;Entropy;Production facilities;Computational efficiency;Safety,,,,13,IEEE,7 Jan 2022,26-28 Nov. 2021,26-28 Nov. 2021,IEEE,IEEE Conferences
Preserving Relative Localization of FoV-Limited Drone Swarm via Active Mutual Observation,L. Guo; Z. Gongye; Z. Xu; Y. Wang; X. Zhou; J. Zhou; F. Gao,"Institute of Cyber-Systems and Control, College of Control Science and Engineering, Zhejiang University, Hangzhou, China; Institute of Cyber-Systems and Control, College of Control Science and Engineering, Zhejiang University, Hangzhou, China; Institute of Cyber-Systems and Control, College of Control Science and Engineering, Zhejiang University, Hangzhou, China; Institute of Cyber-Systems and Control, College of Control Science and Engineering, Zhejiang University, Hangzhou, China; Institute of Cyber-Systems and Control, College of Control Science and Engineering, Zhejiang University, Hangzhou, China; The Hong Kong University of Science and Technology (GZ); Institute of Cyber-Systems and Control, College of Control Science and Engineering, Zhejiang University, Hangzhou, China",2024 IEEE/RSJ International Conference on Intelligent Robots and Systems (IROS),25 Dec 2024,2024,,,10423,10430,"Relative state estimation is crucial for vision-based swarms to estimate and compensate for the unavoidable drift of visual odometry. For autonomous drones equipped with the most compact sensor setting — a stereo camera that provides a limited field of view (FoV), the demand for mutual observation for relative state estimation conflicts with the demand for environment observation. To balance the two demands for FoV-limited swarms by acquiring mutual observations with a safety guarantee, this paper proposes an active localization correction system, which plans camera orientations via a yaw planner during the flight. The yaw planner manages the contradiction by calculating suitable timing and yaw angle commands based on the evaluation of localization uncertainty estimated by the Kalman Filter. Simulation validates the scalability of our algorithm. In real-world experiments, we reduce positioning drift by up to 65% and managed to maintain a given formation in both indoor and outdoor GPS-denied flight, from which the accuracy, efficiency, and robustness of the proposed system are verified.",2153-0866,979-8-3503-7770-5,10.1109/IROS58592.2024.10801634,National Natural Science Foundation of China; ,https://ieeexplore.ieee.org/stamp/stamp.jsp?arnumber=10801634,,Location awareness;Uncertainty;Scalability;Cameras;Robustness;Timing;Safety;State estimation;Drones;Visual odometry,,4,,23,IEEE,25 Dec 2024,14-18 Oct. 2024,14-18 Oct. 2024,IEEE,IEEE Conferences
Design and Implementation of Indoor Visual Autonomous Navigation System for Quadrotor UAV Based on Binocular Camera and IMU,J. Tang; T. Guo; Liudan; J. Li; J. Sun; W. Huang; Q. Wang,"Electrical Measurement technology and Intelligent Control Institute, School of Instrumention Science and Engineering, Harbin Institute of Technology, Harbin, China; Schools of electronics and information Engineering, Harbin Institute of Technology, Harbin, China; Electrical Measurement technology and Intelligent Control Institute, School of Instrumention Science and Engineering, Harbin Institute of Technology, Harbin, China; Information Countermeasure Technique Institute, School of Computer Science and Technology Harbin Institute of Technology, Harbin, China; Electrical Measurement technology and Intelligent Control Institute, School of Instrumention Science and Engineering, Harbin Institute of Technology, Harbin, China; Schools of electronics and information Engineering, Harbin Institute of Technology, Harbin, China; Electrical Measurement technology and Intelligent Control Institute, School of Instrumention Science and Engineering, Harbin Institute of Technology, Harbin, China","2023 3rd International Conference on Computer Science, Electronic Information Engineering and Intelligent Control Technology (CEI)",15 May 2024,2023,,,784,789,"Addressing the challenge of unmanned aerial vehicles (UAVs) navigating indoors without satellite positioning, this study introduces a novel method combining binocular camera and inertial measurement unit (IMU) data. This approach overcomes the structural differences between visual and inertial information, integrating them effectively for enhanced indoor autonomous navigation. The research presents a gradient-free path planning framework, pivotal for enhancing the UAV's ability to execute efficient and stable flight in intricate indoor settings. The cornerstone of this system is an advanced path planning algorithm, adept at swiftly identifying optimal routes and adapting to environmental shifts. The system's efficacy was rigorously evaluated through simulations and real-world tests, confirming its precision in positioning and path planning without reliance on satellite data. The findings demonstrate the system's capacity for precise localization and effective route determination, utilizing an integration of visual and inertial inputs. This research significantly contributes to the autonomous flight capabilities of UAVs, offering a valuable reference for future UAV autonomous navigation systems. By delving into visual-inertial fusion navigation technology, the study paves the way for expanded indoor UAV applications.",,979-8-3503-7205-2,10.1109/CEI60616.2023.10527790,,https://ieeexplore.ieee.org/stamp/stamp.jsp?arnumber=10527790,binocular camera;localization;route determination;Indoor flying,Visualization;Satellites;Measurement units;Inertial navigation;Autonomous aerial vehicles;Satellite navigation systems;Path planning,,1,,15,IEEE,15 May 2024,15-17 Dec. 2023,15-17 Dec. 2023,IEEE,IEEE Conferences
Perception-aware Path Planning for UAVs using Semantic Segmentation,L. Bartolomei; L. Teixeira; M. Chli,"Vision For Robotics Lab, ETH Zürich, Switzerland; Vision For Robotics Lab, ETH Zürich, Switzerland; Vision For Robotics Lab, ETH Zürich, Switzerland",2020 IEEE/RSJ International Conference on Intelligent Robots and Systems (IROS),10 Feb 2021,2020,,,5808,5815,"In this work, we present a perception-aware path-planning pipeline for Unmanned Aerial Vehicles (UAVs) for navigation in challenging environments. The objective is to reach a given destination safely and accurately by relying on monocular camera-based state estimators, such as Keyframe-based Visual-Inertial Odometry (VIO) systems. Motivated by the recent advances in semantic segmentation using deep learning, our path-planning architecture takes into consideration the semantic classes of parts of the scene that are perceptually more informative than others. This work proposes a planning strategy capable of avoiding both texture-less regions and problematic areas, such as lakes and oceans, that may cause large drift or failures in the robot's pose estimation, by using the semantic information to compute the next best action with respect to perception quality. We design a hierarchical planner, composed of an A* path-search step followed by B-Spline trajectory optimization. While the A* steers the UAV towards informative areas, the optimizer keeps the most promising landmarks in the camera's field of view. We extensively evaluate our approach in a set of photo-realistic simulations, showing a remarkable improvement with respect to the state-of-the-art in active perception.",2153-0866,978-1-7281-6212-6,10.1109/IROS45743.2020.9341347,National Science Foundation; ,https://ieeexplore.ieee.org/stamp/stamp.jsp?arnumber=9341347,,Uncertainty;Navigation;Semantics;Pipelines;Computer architecture;Unmanned aerial vehicles;Planning,,55,,28,IEEE,10 Feb 2021,24 Oct.-24 Jan. 2021,24 Oct.-24 Jan. 2021,IEEE,IEEE Conferences
Self-supervised Monocular Multi-robot Relative Localization with Efficient Deep Neural Networks,S. Li; C. De Wagter; G. C. H. E. De Croon,"Faculty of Aerospace Engineering, Delft University of Technology, Delft, The Netherlands; Faculty of Aerospace Engineering, Delft University of Technology, Delft, The Netherlands; Faculty of Aerospace Engineering, Delft University of Technology, Delft, The Netherlands",2022 International Conference on Robotics and Automation (ICRA),12 Jul 2022,2022,,,9689,9695,"Relative localization is an important ability for multiple robots to perform cooperative tasks in GPS-denied environments. This paper presents a novel autonomous positioning framework for monocular relative localization of multiple tiny flying robots. This approach does not require any groundtruth data from external systems or manual labeling. Instead, the proposed framework is able to label real-world images with 3D relative positions between robots based on another onboard relative estimation technology, using ultra-wideband (UWB). After training in this self-supervised manner, the proposed deep neural network (DNN) can predict relative positions of peer robots by purely using a monocular camera. This deep learning-based visual relative localization is scalable, distributed, and autonomous. We also built an open-source and lightweight simulation pipeline by using Blender for 3D rendering, which allows synthetic image generation of other robots, and generalized training of the neural network. The proposed localization framework is tested on two real-world Crazyflie2 quadrotors by running the DNN on the onboard AIdeck (a tiny AI chip and monocular camera). All results demonstrate the effectiveness of the self-supervised multi-robot localization method. Video: https://youtu.be/7arkaIblPps",,978-1-7281-9681-7,10.1109/ICRA46639.2022.9812150,,https://ieeexplore.ieee.org/stamp/stamp.jsp?arnumber=9812150,,Location awareness;Deep learning;Training;Visualization;Three-dimensional displays;Neural networks;Robot vision systems,,30,,29,IEEE,12 Jul 2022,23-27 May 2022,23-27 May 2022,IEEE,IEEE Conferences
Design and Implementation of Tennis Ball Boy Robot Based on a Quadrotor UAV,Y. Lin; L. Han; J. Liu,"School of Mechanical Engineering, Southeast University, Nanjing, China; School of Mechanical Engineering, Southeast University, Nanjing, China; School of Mechanical Engineering, Southeast University, Nanjing, China","2023 8th International Conference on Automation, Control and Robotics Engineering (CACRE)",8 Aug 2023,2023,,,270,274,"With the continuous development of tennis tournaments, the Tennis Ball Boy (TBB) mechanism has been gradually improved, the Eagle-Eye Vision System has been maturely applied in tennis tournaments, and TBB has been moving towards intelligence. In this paper, the concept of an intelligent TBB robot system is proposed, and a TBB robot based on a quadrotor Unmanned Aerial Vehicle (UAV) is developed to address the problems of long working hours, high intensity and the safety hazards of standing for TBB in tennis tournaments. Based on the modular design method, the intelligent TBB robot includes robot hardware design, visual tennis ball object detection, visual localization and navigation, and overall robot control system design. The tennis ball clamping mechanism is designed based on a symmetric single Degree-Of-Freedom (DOF) pawl mechanism. The tennis ball object detection system is designed with the YOLOX deep learning object detection framework, and this model is deployed through the OpenVINO platform, which enables the robot to detect tennis balls in real-time. The visual localization system based on the VINS-FUSION framework is constructed with a binocular vision fusion IMU. On this basis, a SE(3) positional controller, a 3D A* path planning algorithm and Minimum Snap trajectory optimization are developed to enable the robot to have navigation and obstacle avoidance functions. An advanced decision control system based on the Finite State Machines (FSM) is designed for the Robot Operating System (ROS) platform. Finally, the experiment verifies the reliability of each module of the robot, and this paper can provide a basis for further research.",,979-8-3503-0277-6,10.1109/CACRE58689.2023.10208124,,https://ieeexplore.ieee.org/stamp/stamp.jsp?arnumber=10208124,Intelligent Tennis Ball Boy robot;object detection;visual localization;a quadrotor UAV;ROS,Location awareness;Visualization;Sports equipment;Machine vision;Object detection;Autonomous aerial vehicles;Robots,,2,,11,IEEE,8 Aug 2023,13-15 July 2023,13-15 July 2023,IEEE,IEEE Conferences
Accurate IMU Factor Using Switched Linear Systems for VIO,J. Henawy; Z. Li; W. -Y. Yau; G. Seet,"Institute for Infocomm Research, Agency for Science, Technology and Research, Singapore, Singapore; Institute for Infocomm Research, Agency for Science, Technology and Research, Singapore, Singapore; Institute for Infocomm Research, Agency for Science, Technology and Research, Singapore, Singapore; School of Mechanical and Aerospace Engineering, Nanyang Technological University, Singapore, Singapore",IEEE Transactions on Industrial Electronics,3 May 2021,2021,68,8,7199,7208,"Accurate motion estimation plays a crucial role in state estimation of an unmanned aerial vehicle (UAV). This is usually carried out by fusing the kinematics of an inertial measurement unit (IMU) with the video output of a camera. However, the accuracy of existing approaches is hindered by the discretization effect of the model even at a high IMU sampling rate. In order to improve the accuracy, we propose a new IMU motion integration model for the IMU kinematics in continuous time. The kinematics are modeled using a switched linear system. A closed-form discrete formulation is derived to compute the mean measurement, the covariance matrix, and the Jacobian matrix. Thus, it is more accurate and more efficient for online estimation of visual-inertial odometry (VIO), particularly when there is a high dynamic change in the agent's motion or the agent travels with high speed. The proposed IMU factor framework is evaluated using both real public datasets and indoor environment under different scenarios of motion capture. Our evaluation shows that the proposed framework outperforms the state-of-the-art VIO approach by up to 22.71% accuracy improvement on the EuRoc dataset and 38.15% accuracy improvement for motion estimation under the indoor environment.",1557-9948,,10.1109/TIE.2020.3000097,"National Robotics Program; Science and Engineering Research Council(grant numbers:1622500036,1922500049); ",https://ieeexplore.ieee.org/stamp/stamp.jsp?arnumber=9115849,Factor-graph-based optimization;sensor fusion;switched linear system;Taylor expansion;visual-inertial odometry (VIO),Optimization;Kinematics;Computational modeling;Linear systems;Switches;Visualization;Acceleration,,26,,28,IEEE,12 Jun 2020,Aug. 2021,,IEEE,IEEE Journals
Lights Out: A Nighttime UAV Localization Framework Using Thermal Imagery and Semantic 3D Maps,R. Allen; M. Greeff,"Robora Lab, Queen's University; Robora Lab, Queen's University",2026 International Conference on Unmanned Aircraft Systems (ICUAS),14 Jul 2026,2026,,,529,536,"Reliable backup localization for unmanned aerial vehicles (UAVs) operating in GNSS-denied nighttime conditions remains an open challenge due to the severe modality gap between daytime RGB maps and nighttime thermal imagery. This work presents a semantic reprojection framework for map-relative nighttime UAV localization by aligning segmented thermal observations with a globally referenced, semantically labeled 3D map constructed from daytime RGB data. Rather than relying on appearance-based correspondence, localization is formulated in a shared semantic domain and solved via a symmetric bidirectional reprojection objective with confusion-aware weighting to improve robustness under segmentation uncertainty. The approach is evaluated offline across 6.5 km of nighttime, real-world UAV flight trajectories in urban and semi-structured environments. Relative to RTK GNSS ground truth, the system achieves a bias-corrected $\text{RMSE}_{2 D}$ of 2.18 m and a median $\text{RMSE}_{2 D}$ of 1.52 m. Results show that localization performance is strongly correlated with the availability of semantic edge evidence and that large-error events are spatially localized to semantically ambiguous areas rather than uniformly distributed. These findings indicate that semantic reprojection offers a promising pathway toward globally referenced nighttime UAV localization using thermal imagery alone.",2575-7296,979-8-3315-9316-2,10.1109/ICUAS69441.2026.11598741,,https://ieeexplore.ieee.org/stamp/stamp.jsp?arnumber=11598741,,Labeling;Location awareness;Printing;Autonomous aerial vehicles;Modeling;Equations;Semantic segmentation;Timing;Conferences;Grounding,,,,38,IEEE,14 Jul 2026,15-18 June 2026,15-18 June 2026,IEEE,IEEE Conferences
Decentralized Visual-Inertial-UWB Fusion for Relative State Estimation of Aerial Swarm,H. Xu; L. Wang; Y. Zhang; K. Qiu; S. Shen,"Department of Electronic and Computer Engineering, Hong Kong University of Science and Technology, Hong Kong, China; Department of Electronic and Computer Engineering, Hong Kong University of Science and Technology, Hong Kong, China; Department of Electronic and Computer Engineering, Hong Kong University of Science and Technology, Hong Kong, China; Department of Electronic and Computer Engineering, Hong Kong University of Science and Technology, Hong Kong, China; Department of Electronic and Computer Engineering, Hong Kong University of Science and Technology, Hong Kong, China",2020 IEEE International Conference on Robotics and Automation (ICRA),15 Sep 2020,2020,,,8776,8782,"The collaboration of unmanned aerial vehicles (UAVs) has become a popular research topic for its practicability in multiple scenarios. The collaboration of multiple UAVs, which is also known as aerial swarm is a highly complex system, which still lacks a state-of-art decentralized relative state estimation method. In this paper, we present a novel fully decentralized visual-inertial-UWB fusion framework for relative state estimation and demonstrate the practicability by performing extensive aerial swarm flight experiments. The comparison result with ground truth data from the motion capture system shows the centimeter-level precision which outperforms all the Ultra-WideBand (UWB) and even vision based method. The system is not limited by the field of view (FoV) of the camera or Global Positioning System (GPS), meanwhile on account of its estimation consistency, we believe that the proposed relative state estimation framework has the potential to be prevalently adopted by aerial swarm applications in different scenarios in multiple scales.",2577-087X,978-1-7281-7395-5,10.1109/ICRA40945.2020.9196944,,https://ieeexplore.ieee.org/stamp/stamp.jsp?arnumber=9196944,,Drones;State estimation;Cameras;Sensors;Global Positioning System;Real-time systems,,143,,19,IEEE,15 Sep 2020,31 May-31 Aug. 2020,31 May-31 Aug. 2020,IEEE,IEEE Conferences
Combined System Identification and State Estimation for a Quadrotor UAV,C. Böhm; C. Brommer; A. Hardt-Stremayr; S. Weiss,"Control of Networked Systems Group, University of Klagenfurt, Austria; Control of Networked Systems Group, University of Klagenfurt, Austria; Control of Networked Systems Group, University of Klagenfurt, Austria; Control of Networked Systems Group, University of Klagenfurt, Austria",2021 IEEE International Conference on Robotics and Automation (ICRA),18 Oct 2021,2021,,,585,591,"Precise system identification is an important aspect of adequate control design and parameter definition to allow for accurate and reliable navigation. While this is well known in robotics, the community working with small rotorcraft Unmanned Aerial Vehicles (UAVs) has yet to discover the benefits. In contrast to existing work, which often performs offline or deterministic (i.e. closed-form) system identification, we present a probabilistic approach to the online estimation of system identification parameters and self-calibration states. Instead of decoupling system identification and state estimation for vehicle control, we merge the entire process into a holistic probabilistic framework to allow self-awareness and self-healing. Our observability analysis shows that most of the system identification parameters are observable and converge quickly to the optimal value using a combination of inertial cues, dynamic modeling, and an additional exteroceptive sensor. We support our theoretical findings with extensive tests simulating realistic data in Gazebo.",2577-087X,978-1-7281-9077-8,10.1109/ICRA48506.2021.9561850,,https://ieeexplore.ieee.org/stamp/stamp.jsp?arnumber=9561850,,Rotors;Robot sensing systems;Probabilistic logic;Aerodynamics;Unmanned aerial vehicles;System identification;Calibration,,7,,18,IEEE,18 Oct 2021,30 May-5 June 2021,30 May-5 June 2021,IEEE,IEEE Conferences
Lidar-VIO Based Mapping of Elevator Shaft with UAV for Verification of Spatial Dimensions,J. Kreinberg; I. Iuga; G. Zaugg; P. W. T. Pong,"Department of Electrical and Computer Engineering, New Jersey Institute of Technology, New Jersey, United States; Schindler Elevator Corporation, New Jersey, United States; Schindler Elevator Corporation, New Jersey, United States; Department of Electrical and Computer Engineering, New Jersey Institute of Technology, New Jersey, United States",2023 6th International Conference on Electrical Engineering and Green Energy (CEEGE),12 Sep 2023,2023,,,301,308,"Current methods utilized for the inspection of spatial dimensions of elevator shafts currently entail the need to take manual measurements at various levels of the shaft. Utilizing a UAV to collect spatial dimensions has potential to allow inspectors to complete their jobs in a safer manner and to boost the accuracy and consistency of inspection procedures. The study presented tests the feasibility of a designed UAV based system that hosts a miniaturized simultaneous localization and mapping (SLAM) scheme for usage of generating a point cloud of an elevator shaft environment for spatial dimension inspection. Secondary usages of the scheme are further demonstrated for cases where the scheme is employed while not mounted on a UAV. Average horizontal measurement accuracy for the system employed in flight is found to be 6.57 cm, and there is little difference in accuracy for mapping performed not in flight. Visual inertial odometry is investigated for pose estimation reliability in dark environments and environments with little structural information to process. Further sensor characterizations are performed to characterize properties of point clouds generated of a laboratory, a hallway, and an elevator shaft.",,979-8-3503-1266-9,10.1109/CEEGE58447.2023.10246629,,https://ieeexplore.ieee.org/stamp/stamp.jsp?arnumber=10246629,UAV;SLAM;Lidar;VIO;Robotics;ROS,Shafts;Point cloud compression;Visualization;Simultaneous localization and mapping;Three-dimensional displays;Pose estimation;Inspection,,1,,23,IEEE,12 Sep 2023,6-9 June 2023,6-9 June 2023,IEEE,IEEE Conferences
UAV Tracking with Lidar as a Camera Sensor in GNSS-Denied Environments,H. Sier; X. Yu; I. Catalano; J. P. Queralta; Z. Zou; T. Westerlund,"School of Information Science and Technology, Fudan Universtiy, China; Turku Intelligent Embedded and Robotic Systems (TIERS) Lab, University of Turku, Finland; Turku Intelligent Embedded and Robotic Systems (TIERS) Lab, University of Turku, Finland; Turku Intelligent Embedded and Robotic Systems (TIERS) Lab, University of Turku, Finland; School of Information Science and Technology, Fudan Universtiy, China; Turku Intelligent Embedded and Robotic Systems (TIERS) Lab, University of Turku, Finland",2023 International Conference on Localization and GNSS (ICL-GNSS),14 Jun 2023,2023,,,1,7,"Light detection and ranging (LiDAR) sensor has become one of the primary sensors in robotics and autonomous system for high-accuracy situational awareness. In recent years, multi-modal LiDAR systems emerged, and among them, LiDAR-as-a-camera sensors provide not only 3D point clouds but also fixed-resolution 360°panoramic images by encoding either depth, reflectivity, or near-infrared light in the image pixels. This potentially brings computer vision capabilities on top of the potential of LiDAR itself. In this paper, we are specifically interested in utilizing LiDARs and LiDAR-generated images for tracking Unmanned Aerial Vehicles (UAVs) in real-time which can benefit applications including docking, remote identification, or counter-UAV systems, among others. This is, to the best of our knowledge, the first work that explores the possibility of fusing the images and point cloud generated by a single LiDAR sensor to track a UAV without a priori known initialized position. We trained a custom YOLOv5 model for detecting UAVs based on the panoramic images collected in an indoor experiment arena with a motion capture (MOCAP) system. By integrating with the point cloud, we are able to continuously provide the position of the UAV. Our experiment demonstrated the effectiveness of the proposed UAV tracking approach compared with methods based only on point clouds or images. Additionally, we evaluated the real-time performance of our approach on the Nvidia Jetson Nano, a popular mobile computing platform.",2325-0771,979-8-3503-2308-5,10.1109/ICL-GNSS57829.2023.10148919,Academy of Finland; ,https://ieeexplore.ieee.org/stamp/stamp.jsp?arnumber=10148919,UAV;LiDAR-as-a-camera;drone tracking;LiDAR;LiDAR detection;LiDAR tracking;YOLOV5,Point cloud compression;Resistance;Laser radar;Simultaneous localization and mapping;Three-dimensional displays;Tracking;Autonomous aerial vehicles,,33,,27,IEEE,14 Jun 2023,6-8 June 2023,6-8 June 2023,IEEE,IEEE Conferences
NOVA: Navigation Optimization via UWB-Assisted Iterative Path Planning for UAV Delivery,D. Ryoo; Y. Yoo; J. Paek; S. Bahk,"Department of Electrical and Computer Engineering and INMC, Seoul National University, Seoul, Republic of Korea; Samsung Electronics Co. Ltd, Republic of Korea; Department of Computer Science and Engineering, Chung-Ang University, Seoul, Republic of Korea; Department of Electrical and Computer Engineering and INMC, Seoul National University, Seoul, Republic of Korea",IEEE INFOCOM 2026 - IEEE Conference on Computer Communications,29 Jun 2026,2026,,,1,10,"Emerging drone delivery systems face challenges in last-meter package deployment due to positioning inaccuracies of GPS. Ultra-wideband (UWB) technology offers high-precision ranging, and when combined with IMU-based dead reckoning, it can enhance drone navigation to enable precise arrival at the destination. However, drone-to-tag UWB localization presents several challenges, including flip ambiguity, IMU drift, and horizontal insensitivity due to high-altitude flights. To address the challenges, we propose NOVA, a navigation optimization scheme via UWB-assisted iterative path planning. With NOVA, the drone follows a trajectory that mitigates flip ambiguity while an iterative joint optimization process simultaneously estimates the UWB tag’s position and refines the drone’s trajectory. At the vicinity of the tag, the drone performs subtle 2D corrective maneuvers during descent to ensure precise last-meter positioning. We evaluate NOVA via real experiments and simulations, demonstrating an average navigation error of 0.83 m with 25.45% trajectory overhead.",2641-9874,979-8-3315-4961-9,10.1109/INFOCOM59046.2026.11571424,,https://ieeexplore.ieee.org/stamp/stamp.jsp?arnumber=11571424,,Autonomous aerial vehicles;Distance measurement;Location awareness;Tagging;Drones;Optimization;Trajectory;Printing;Measurement;Accuracy,,,,44,IEEE,29 Jun 2026,18-21 May 2026,18-21 May 2026,IEEE,IEEE Conferences
ReFDrone: One-Shot Indoor Drone 4DoF Estimation via Rolling-Shutter AoA from Floor-Reflected Light,Y. Onishi; H. Murakami; M. Nakamura; H. Hashizume; M. Sugimoto,"Hokkaido University, Sapporo, Japan; The University of Tokyo, Tokyo, Japan; Hokkaido University, Sapporo, Japan; National Institution for Academic Degrees and Quality Enhancement of Higher Education, Tokyo, Japan; Hokkaido University, Sapporo, Japan",2026 IEEE International Conference on Pervasive Computing and Communications (PerCom),22 May 2026,2026,,,1,10,"Accurate indoor drone four degrees-of-freedom (4DoF) estimation, including both 3D position and heading, is essential for safe flight in GNSS-denied environments, opening up opportunities for fully autonomous IoT applications such as infrastructure inspection and surveillance. Approaches using a built-in camera are attractive due to their low cost and ease of deployment, however, existing methods face key limitations. Visual-Inertial Odometry suffers from drift and often fails in textureless environments, while Visible Light Positioning requires a direct line of sight to ceiling LEDs, which is challenging for drones with a limited field of view. We propose ReFDrone, a system that simultaneously estimates 3D position and heading from a single image using a downward-facing rolling-shutter (RS) landing camera and floor-reflected light from modulated ceiling LEDs. Our core insight is that RS distortion produces spectral lobes in the frequency domain whose orientation directly encodes the angle of arrival (AoA) of the LED. Leveraging this property, ReFDrone extracts AoA from a single RS image, enabling estimation of 2D position and heading from just two LEDs, and derives altitude using a virtual-view image with a distance model. We evaluated ReFDrone under 1296 conditions in 2.5 m x 2.5 m testbed, achieving a 90th percentile 3D position error of 0.335 m and a heading error of 8.101 degrees, demonstrating its accuracy and practicality.",2474-249X,979-8-3315-7613-4,10.1109/PerCom67906.2026.11524473,ACT-X; ,https://ieeexplore.ieee.org/stamp/stamp.jsp?arnumber=11524473,angle of arrival;floor-reflected light;indoor drone;tracking;rolling-shutter effect;visible light positioning,Drones;Light emitting diodes;Estimation;Floors;Lighting;Equations;Printing;Cameras;Location awareness;Reflection,,,,40,IEEE,22 May 2026,16-20 March 2026,16-20 March 2026,IEEE,IEEE Conferences
Gaussian Process Regression for Learning Environment Impacts on Localization Accuracy of a UAV with Respect to UGV for Search Planning,M. De Petrillo; D. Ross; J. N. Gross,NA; NA; NA,"2023 IEEE/ION Position, Location and Navigation Symposium (PLANS)",8 Jun 2023,2023,,,260,271,"In this article, we present a path planning algorithm for a team of an Unmanned Ground Vehicle and an Unmanned Aerial Vehicle (UAV) that leverages Gaussian process regression to plan a path that meets information gathering objectives while reducing the UAV's localization uncertainty by learning to compensate for outlier measurements or missed expected sensor measurements over the trajectory. Simulation results are compared to approach that also compensates for belief space planning but is incapable of handling outliers or unexpected degradation from the environment1.",2153-3598,978-1-6654-1772-3,10.1109/PLANS53410.2023.10139936,,https://ieeexplore.ieee.org/stamp/stamp.jsp?arnumber=10139936,,Location awareness;Three-dimensional displays;Uncertainty;Measurement uncertainty;Gaussian processes;Autonomous aerial vehicles;Prediction algorithms,,4,,29,IEEE,8 Jun 2023,24-27 April 2023,24-27 April 2023,IEEE,IEEE Conferences
An Active Anti-Interference Attitude Calibration Model for Unmanned Aerial Vehicle Visual Recognition Based on Deep Learning,Y. Jiang; A. Li; L. Zhao; Z. Gu,"Army Engineering University, Shjiazhuang, China; Army Engineering University, Shjiazhuang, China; Army Engineering University, Shjiazhuang, China; Army Engineering University, Shjiazhuang, China","2026 IEEE 6th International Conference on Electronic Technology, Communication and Information (ICETCI)",22 Jul 2026,2026,,,943,949,"This paper addresses the issues that the unmanned aerial vehicle (UAV) visual recognition system is prone to being disturbed by posture variations, changes in lighting, and background interference in complex dynamic environments. To address these problems, a UAV visual recognition active anti-interference posture calibration model based on deep learning is proposed. This model integrates the efficient target detection capability of YOLOv8 and the global context modeling advantage of Swin Transformer, and constructs a new hybrid architecture, Swin-YOLO-Attitude (SYA) network. In this architecture, Swin Transformer is used as the backbone network to extract multi-scale spatial features with strong robustness, and embeds the lightweight detection head of YOLOv8 and the task-aligned allocation mechanism to achieve high-precision target localization. At the same time, a posture feedback module is introduced, which combines IMU data and visual flow information to dynamically adjust the posture parameters of the image input, forming a closed-loop calibration mechanism.",,979-8-3315-5907-6,10.1109/ICETCI68937.2026.11610720,,https://ieeexplore.ieee.org/stamp/stamp.jsp?arnumber=11610720,Deep learning;unmanned aerial vehicle (UAV) visual recognition;active anti-interference;attitude calibration;YOLOv8;Swin Transformer;feature fusion;object detection,Modeling;Autonomous aerial vehicles;Timing;Interference;Signal detection;Transformers;Visualization;Calibration;Equations;Windows,,,,13,IEEE,22 Jul 2026,29-31 May 2026,29-31 May 2026,IEEE,IEEE Conferences
Swan-Inspired Unmanned Aerial Vehicles With Long-neck Visual Perception System,Y. Fei; H. Chen; F. Quan; C. Wang; Y. Liu,"School of Mechanical Engineering and Automation in Harbin Institute of Technology Shenzhen, the State Key Laboratory of Robotics and System, China; School of Mechanical Engineering and Automation in Harbin Institute of Technology Shenzhen, the State Key Laboratory of Robotics and System, China; School of Mechanical Engineering and Automation in Harbin Institute of Technology Shenzhen, the State Key Laboratory of Robotics and System, China; Guangdong Provincial Key Laboratory of Robotics and Intelligent System, Shenzhen Institutes of Advanced Technology, Chinese Academy of Sciences, Shenzhen, China; Department of Mechanical and Automation Engineering, Chinese University of Hong Kong, Hong Kong, China",2019 IEEE/ASME International Conference on Advanced Intelligent Mechatronics (AIM),17 Oct 2019,2019,,,1335,1340,"Bio-inspired robots have attracting increasing attention in robotics. The paper proposes a novel swan-inspired unmanned aerial vehicle to realize flexible environmental perception. The developed UAV is inspired from the biological structure of a swan, and it is composed of a quadrotor and a long-neck visual perception system. The perception system is designed with a camera-IMU sensor equipped at the end of a 3-DoF serial manipulator, and the system is mounted at the bottom of the UAV body. The algorithms of state estimation and motion control for UAV's autonomous flight in complex environments are also developed. Finally, experiments are performed on the developed UAV prototype to verify the localization and trajectory tracking performances.",2159-6255,978-1-7281-2493-3,10.1109/AIM.2019.8868743,,https://ieeexplore.ieee.org/stamp/stamp.jsp?arnumber=8868743,,Cameras;Neck;Unmanned aerial vehicles;Visualization;Birds;Pose estimation;Calibration,,3,,19,IEEE,17 Oct 2019,8-12 July 2019,8-12 July 2019,IEEE,IEEE Conferences
SIGNAV: Semantically-Informed GPS-Denied Navigation and Mapping in Visually-Degraded Environments,A. Krasner; M. Sizintsev; A. Rajvanshi; H. -P. Chiu; N. Mithun; K. Kaighn; P. Miller; R. Villamil; S. Samarasekera,"Center for Vision Technologies, SRI International, USA; Center for Vision Technologies, SRI International, USA; Center for Vision Technologies, SRI International, USA; Center for Vision Technologies, SRI International, USA; Center for Vision Technologies, SRI International, USA; Center for Vision Technologies, SRI International, USA; Center for Vision Technologies, SRI International, USA; Center for Vision Technologies, SRI International, USA; Center for Vision Technologies, SRI International, USA",2022 IEEE/CVF Winter Conference on Applications of Computer Vision (WACV),15 Feb 2022,2022,,,1858,1867,"Understanding the perceived scene during navigation enables intelligent robot behaviors. Current vision-based semantic SLAM (Simultaneous Localization and Mapping) systems provide these capabilities. However, their performance decreases in visually-degraded environments, that are common places for critical robotic applications, such as search and rescue missions. In this paper, we present SIGNAV, a real-time semantic SLAM system to operate in perceptually-challenging situations. To improve the robustness for navigation in dark environments, SIGNAV leverages a multi-sensor navigation architecture to fuse vision with additional sensing modalities, including an inertial measurement unit (IMU), LiDAR, and wheel odometry. A new 2.5D semantic segmentation method is also developed to combine both images and LiDAR depth maps to generate semantic labels of 3D mapped points in real time. We demonstrate that the navigation accuracy from SIGNAV in a variety of indoor environments under both normal lighting and dark conditions. SIGNAV also provides semantic scene understanding capabilities in visually-degraded environments. We also show the benefits of semantic information to SIGNAV’s performance.",2642-9381,978-1-6654-0915-5,10.1109/WACV51458.2022.00192,,https://ieeexplore.ieee.org/stamp/stamp.jsp?arnumber=9706726,Vision for Robotics Vision for Aerial/Drone/Underwater/Ground Vehicles;Vision Systems and Applications,Image segmentation;Simultaneous localization and mapping;Laser radar;Three-dimensional displays;Navigation;Semantics;Wheels,,6,,45,IEEE,15 Feb 2022,3-8 Jan. 2022,3-8 Jan. 2022,IEEE,IEEE Conferences
Autonomous Drones in GNSS-Denied Environments: Results from the Leonardo Drone Contest,S. Godio; F. Marino; A. Minervini; S. Primatesta; M. Chiaberge; G. Guglieri,"Dept. of Mechanical and Aerospace Engineering, Politecnico di Torino, Torino, Italy; Dept. of Mechanical and Aerospace Engineering, Politecnico di Torino, Torino, Italy; Dept. of Mechanical and Aerospace Engineering, Politecnico di Torino, Torino, Italy; Dept. of Mechanical and Aerospace Engineering, Politecnico di Torino, Torino, Italy; Department of Electronics and Telecommunications, Politecnico di Torino, Torino, Italy; Dept. of Mechanical and Aerospace Engineering, Politecnico di Torino, Torino, Italy",2023 IEEE 10th International Workshop on Metrology for AeroSpace (MetroAeroSpace),27 Jul 2023,2023,,,1,6,"The Leonardo Drone Contest is an autonomous drone competition that aims at finding innovative solutions for drones operating in a Global Navigation Satellite System (GNSS) denied environment. At the end of a three years cycle of the competition, in this paper a review of the identified system and conclusions made by the DRAFT team from Politecnico di Torino is presented. The authors aim at introducing the final solutions to the challenge in terms of hardware components, algorithms and development process. The proposed approach has been widely tested and validated, and it ranked second in the competition. The well-consolidated procedure, resulting from many iterations in the development cycle, has contributed to further improvements during the three-year challenge and can be helpful for anyone who desires to approach the problem of autonomous drones employed in smart cities contexts.",2575-7490,978-1-6654-5690-6,10.1109/MetroAeroSpace57412.2023.10190003,,https://ieeexplore.ieee.org/stamp/stamp.jsp?arnumber=10190003,Autonomy;Drones;GNSS-denied;Technology;Robotics;SLAM;Perception,Global navigation satellite system;Three-dimensional displays;Software architecture;Software algorithms;Hardware;Sensors;Software reliability,,5,,28,IEEE,27 Jul 2023,19-21 June 2023,19-21 June 2023,IEEE,IEEE Conferences
REFLoc: A Resilient Evolutionary Fusion Framework for Robust Indoor Localization,H. Chen; L. Zhang; D. Li; J. Xu; W. Yang; Z. Yang,"School of Mathematics, Hefei University of Technology, Hefei, China; School of Mathematics, Hefei University of Technology, Hefei, China; School of Software, Tsinghua University, Beijing, China; School of Software, Tsinghua University, Beijing, China; School of Mathematics, Hefei University of Technology, Hefei, China; School of Software, Tsinghua University, Beijing, China",IEEE Transactions on Instrumentation and Measurement,3 Jun 2024,2024,73,,1,13,"Location awareness is becoming increasingly crucial in unmanned aerial vehicles (UAVs). However, in the absence of global positioning system (GPS) signals in indoor scenes, how to obtain accurate positioning results has become a frontier issue that has attracted much attention. This article proposes a resilient evolutionary multisensor fusion localization framework named “REFLoc” to achieve accurate indoor positioning of UAVs. Motivated by the ease of deployment and the wide feasibility of precise indoor localization, we introduce ultrawideband (UWB) as global localization. The global localization provides the absolute position information of the UAV indoors, but it may be affected by signal blocking, occlusion, or interference. To address these noise effects, we introduce a hybrid threshold wavelet denoising (HTWD) algorithm to effectively preprocess UWB data. We also integrate visual-inertial odometry (VIO) as the support of local tracking to provide continuous and high-frequency motion estimation. We dynamically adjust the weight parameters and noise covariance matrices by using the resilient evolutionary fusion method. Then, we further seamlessly integrate the global localization and local tracking results in the optimized EKF framework. This improves the robustness of the system to environmental changes and outliers. We evaluate the performance of REFLoc in public datasets and the real world, and the experimental results show that the proposed framework can effectively improve the robustness and accuracy of the UAVs’ localization.",1557-9662,,10.1109/TIM.2024.3403196,"National Natural Science Foundation of China(grant numbers:61972131,12001151); National Key Research and Development Program of China(grant numbers:2018YFB2100301); ",https://ieeexplore.ieee.org/stamp/stamp.jsp?arnumber=10535281,Indoor localization;resilient evolutionary fusion;ultrawideband (UWB);unmanned aerial vehicle (UAV);visual inertial odometry (VIO),Location awareness;Tracking;Working environment noise;Noise;Noise reduction;Autonomous aerial vehicles;Robustness,,8,,41,IEEE,20 May 2024,2024,,IEEE,IEEE Journals
SIGN: Safety-Aware Image-Goal Navigation for Autonomous Drones via Reinforcement Learning,Z. Yan; R. Huang; L. He; S. Guo; L. Zhao,"Department of Electrical and Computer Engineering, National University of Singapore, Singapore; Department of Electrical and Computer Engineering, National University of Singapore, Singapore; Department of Electrical and Computer Engineering, National University of Singapore, Singapore; Department of Electrical and Computer Engineering, National University of Singapore, Singapore; Department of Electrical and Computer Engineering, National University of Singapore, Singapore",IEEE Robotics and Automation Letters,25 Dec 2025,2026,11,2,1962,1969,"Image-goal navigation (ImageNav) tasks a robot with autonomously exploring an unknown environment and reaching a location that visually matches a given target image. While prior works primarily study ImageNav for ground robots, enabling this capability for autonomous drones is substantially more challenging due to their need for high-frequency feedback control and global localization for stable flight. In this letter, we propose a novel sim-to-real framework that leverages reinforcement learning (RL) to achieve ImageNav for drones. To enhance visual representation ability, our approach trains the vision backbone with auxiliary tasks, including image perturbations and future transition prediction, which results in more effective policy training. The proposed algorithm enables end-to-end ImageNav with direct velocity control, eliminating the need for external localization. Furthermore, we integrate a depth-based safety module for real-time obstacle avoidance, allowing the drone to safely navigate in cluttered environments. Unlike most existing drone navigation methods that focus solely on reference tracking or obstacle avoidance, our framework supports comprehensive navigation behaviors, including autonomous exploration, obstacle avoidance, and image-goal seeking, without requiring explicit global mapping.",2377-3766,,10.1109/LRA.2025.3645668,"Singapore Ministry of Education Tier 2 Academic Research(grant numbers:T2EP20123-0037,T2EP20224-0035); ",https://ieeexplore.ieee.org/stamp/stamp.jsp?arnumber=11303874,Aerial systems: perception and autonomy;vision-based navigation;reinforcement learning;collision avoidance,Navigation;Drones;Visualization;Training;Collision avoidance;Location awareness;Safety;Robots;Predictive models;Reinforcement learning,,,,36,IEEE,18 Dec 2025,Feb. 2026,,IEEE,IEEE Journals
UWB-based Indoor Localization Using Ray-tracing Algorithm,J. Hyun; T. Oh; H. Lim; H. Myung,"Urban Robotics Lab, Korea Advanced Institute of Science and Technology (KAIST), Daejeon, South Korea; Urban Robotics Lab, Korea Advanced Institute of Science and Technology (KAIST), Daejeon, South Korea; Urban Robotics Lab, Korea Advanced Institute of Science and Technology (KAIST), Daejeon, South Korea; Urban Robotics Lab, Korea Advanced Institute of Science and Technology (KAIST), Daejeon, South Korea",2019 16th International Conference on Ubiquitous Robots (UR),25 Jul 2019,2019,,,98,101,"In order to estimate the position of the unmanned aerial vehicle (UAV) in an indoor disaster environment, it is recommended to utilize methods using wireless signals regardless of smoke or dust. Among the wireless signal-based localization methods, UWB-based localization is becoming more popular. In an environment surrounded by walls or pillars, there is a significant difference between UWB signal's line-of-sight (LOS) measurement and non-line-of-sight (NLOS) measurement. In this paper, we propose the UWB-based localization method that compensates for UWB ranging measurement by predicting NLOS multipath using a ray-tracing algorithm based on given floor plan. Experiments were conducted indoors in the test complex site. The experimental results verifies that the proposed algorithm has improved localization performance compared to the traditional algorithms.",2325-033X,978-1-7281-3232-7,10.1109/URAI.2019.8768568,,https://ieeexplore.ieee.org/stamp/stamp.jsp?arnumber=8768568,,Conferences;Robots,,18,,14,IEEE,25 Jul 2019,24-27 June 2019,24-27 June 2019,IEEE,IEEE Conferences
Learning to Navigate and Track Using a Decentralized Reinforcement Learning Framework for UAV Operations in GNSS-Denied Terrain,P. N. D. Almalis; G. A. Tsihrintzis; A. Stergioulis; M. Michail; T. Tilemachos,"Dept. of Artificial Intelligence, Hellenic Research Technological, Development and Innovation Center, Vari, Greece; Dept. of Informatics, University of Piraeus, Piraeus, Greece; Dept. of Artificial Intelligence, Hellenic Research Technological, Development and Innovation Center, Vari, Greece; Dept. of Artificial Intelligence, Hellenic Research Technological, Development and Innovation Center, Vari, Greece; Dept. of Artificial Intelligence, Hellenic Research Technological, Development and Innovation Center, Vari, Greece",2025 IEEE 37th International Conference on Tools with Artificial Intelligence (ICTAI),15 Dec 2025,2025,,,1053,1057,"We present a decentralized reinforcement learning framework for autonomous UAV navigation and person tracking in GNSS-denied environments. The system integrates RGB-thermal fusion, geometric projection for relative localization, and a Proximal Policy Optimization (PPO) controller trained to balance tracking accuracy with real-time obstacle avoidance. Each UAV independently refines its policy using local observations and transmits compressed updates using a bandwidth-efficient federated averaging strategy. To ensure reliable deployment, our framework employs sim-to-real transfer methods, including domain randomization and sensor noise injection. Evaluations in simulated urban and agricultural environments show that our approach outperforms centralized and rule-based baselines across tracking accuracy, energy efficiency, and robustness metrics-validating its scalability and applicability in real-world UAV missions without reliance on GNSS or constant connectivity.",2375-0197,979-8-3315-4919-0,10.1109/ICTAI66417.2025.00154,,https://ieeexplore.ieee.org/stamp/stamp.jsp?arnumber=11272806,Decentralized Reinforcement Learning;UAV Autonomy;GNSS-denied Navigation;Person Tracking;Multimodal Perception;Sim-to-Real Transfer;PPO;Federated Learning,Global navigation satellite system;Accuracy;Navigation;Scalability;Autonomous aerial vehicles;Robustness;Real-time systems;Sensors;Collision avoidance;Optimization,,2,,22,IEEE,15 Dec 2025,3-5 Nov. 2025,3-5 Nov. 2025,IEEE,IEEE Conferences
A House of Quality Based Methodology for Designing Collaborative SLAM Architecture for UAV Swarms,T. Schweitzer; M. Mcharek; F. Khenfri; M. Hammadi,"QUARTZ Laboratory (EA7393), ESTACA’Lab – Laval, Laval, France; ESTACA’Lab - Paris-Saclay, ESTACA, Montigny-le-Bretonneux, France; ESTACA’Lab – Laval, ESTACA, Laval, France; QUARTZ Laboratory (EA7393), ISAE-Supméca, Saint-Ouen, France",2024 IEEE International Symposium on Systems Engineering (ISSE),6 Nov 2024,2024,,,1,8,"Unmanned Aerial Vehicle (UAV) swarms have the potential to perform complex tasks through collaborative efforts enabled by Simultaneous Localization and Mapping (SLAM). This paper presents a novel methodology using the House of Quality (HoQ) tool for designing robust and efficient Collaborative SLAM (C-SLAM) architectures for UAV swarms. By systematically translating customer requirements into technical specifications, our approach ensures alignment with user needs. We evaluate state-of-the-art C-SLAM frameworks and demonstrate the methodology with a case study across various UAV applications. The results highlight the importance of robust pose graph optimization and real-time processing. Our methodology incorporates advanced distributed optimization techniques, particularly ADMM, to enhance system robustness and scalability.",2687-8828,979-8-3503-5372-3,10.1109/ISSE63315.2024.10741123,,https://ieeexplore.ieee.org/stamp/stamp.jsp?arnumber=10741123,House of Quality (HoQ);Collaborative SLAM (C-SLAM);UAV Swarms;Distributed Optimization;Decentralized Optimization,Simultaneous localization and mapping;Scalability;Collaboration;Autonomous aerial vehicles;Systems engineering and theory;Robustness;Real-time systems;Optimization,,1,,17,IEEE,6 Nov 2024,16-19 Oct. 2024,16-19 Oct. 2024,IEEE,IEEE Conferences
Adaptive Lidar Scan Frame Integration: Tracking Known MAVs in 3D Point Clouds,L. Qingqing; Y. Xianjia; J. P. Queralta; T. Westerlund,"Turku Intelligent Embedded and Robotic Systems (TIERS) Lab, University of Turku, Finland; Turku Intelligent Embedded and Robotic Systems (TIERS) Lab, University of Turku, Finland; Turku Intelligent Embedded and Robotic Systems (TIERS) Lab, University of Turku, Finland; Turku Intelligent Embedded and Robotic Systems (TIERS) Lab, University of Turku, Finland",2021 20th International Conference on Advanced Robotics (ICAR),5 Jan 2022,2021,,,1079,1086,"Micro-aerial vehicles (MAVs) are becoming ubiquitous across multiple industries and application domains. Lightweight MAVs with only an onboard flight controller and a minimal sensor suite (e.g., IMU, vision, and vertical ranging sensors) have potential as mobile and easily deployable sensing platforms. When deployed from a ground robot, a key parameter is a relative localization between the ground robot and the MAV. This paper proposes a novel method for tracking MAVs in lidar point clouds. In lidar point clouds, we consider the speed and distance of the MAV to actively adapt the lidar's frame integration time and, in essence, the density and size of the point cloud to be processed. We show that this method enables more persistent and robust tracking when the speed of the MAV or its distance to the tracking sensor changes. In addition, we propose a multi-modal tracking method that relies on high-frequency scans for accurate state estimation, lower-frequency scans for robust and persistent tracking, and sub-Hz processing for trajectory and object identification. These three integration and processing modalities allow for an overall accurate and robust MAV tracking while ensuring the object being tracked meets shape and size constraints.",,978-1-6654-3684-7,10.1109/ICAR53236.2021.9659483,"Finnish Foundation for Technology Promotion(grant numbers:7817,8089); ",https://ieeexplore.ieee.org/stamp/stamp.jsp?arnumber=9659483,Micro-aerial vehicles;MAV;UAV;UGV;detection;tracking;lidar detection;lidar tracking;adaptive scanning,Point cloud compression;Location awareness;Time-frequency analysis;Laser radar;Three-dimensional displays;Shape;Service robots,,14,,35,IEEE,5 Jan 2022,6-10 Dec. 2021,6-10 Dec. 2021,IEEE,IEEE Conferences
An INS/GNSS Localization Method Based on Set-Membership Filter for Unmanned Aerial Vehicles,X. Qin; J. Lai; Y. Cong; X. Wang,"College of Intelligence Science and Technology, National University of Defense Technology, Changsha, P. R. China; College of Intelligence Science and Technology, National University of Defense Technology, Changsha, P. R. China; College of Intelligence Science and Technology, National University of Defense Technology, Changsha, P. R. China; College of Intelligence Science and Technology, National University of Defense Technology, Changsha, P. R. China",2024 3rd Conference on Fully Actuated System Theory and Applications (FASTA),23 Jul 2024,2024,,,775,779,"This paper studies a set-membership filter-based inertial integrated localization problem, where the inertial navigation system (INS) error and Global Navigation Satellite System (GNSS) measurement error are unknown-but-bounded (UBB) noises. To solve this problem, we establish a strapdown INS error model and a GNSS measurement model with UBB noises. Based on the optimal set-membership filtering framework, we propose a constrained zonotopic fast resurisive localization method. Compared with the existing probabilistic integrated navigation methods, the proposed method does not need to know the specific noise distribution and has better versatility and robustness. Finally, the numerical simulation results of the INS/GNSS navigation corroborate the effectiveness of this method.",,979-8-3503-7369-1,10.1109/FASTA61401.2024.10595218,National Natural Science Foundation of China; ,https://ieeexplore.ieee.org/stamp/stamp.jsp?arnumber=10595218,INS/GNSS;Constrained Zonotope;Set-Membership Filter,Location awareness;Global navigation satellite system;Noise;Estimation;Probabilistic logic;Prediction algorithms;Numerical simulation,,,,13,IEEE,23 Jul 2024,10-12 May 2024,10-12 May 2024,IEEE,IEEE Conferences
Enhancing VIO Robustness Under Sudden Lighting Variation: A Learning-Based IMU Dead-Reckoning for UAV Localization,D. Yang; H. Liu; X. Jin; J. Chen; C. Wang; X. Ding; K. Xu,"School of Mechanical Engineering and Automation, Beihang University, Beijing, China; School of Mechanical Engineering and Automation, Beihang University, Beijing, China; School of Mechanical Engineering and Automation, Beihang University, Beijing, China; School of Mechanical Engineering and Automation, Beihang University, Beijing, China; School of Mechanical Engineering and Automation, Beihang University, Beijing, China; School of Mechanical Engineering and Automation, Beihang University, Beijing, China; School of Mechanical Engineering and Automation, Beihang University, Beijing, China",IEEE Robotics and Automation Letters,4 Apr 2024,2024,9,5,4535,4542,"Visual Inertial Odometry (VIO) is commonly used for real-time Unmanned Aerial Vehicle (UAV) localization. However, the performance of VIO significantly deteriorates when UAV encounters sudden lighting variation in the environment, which poses a significant risk during flight. To address this issue without introducing additional sensors, a learning-based dead-reckoning algorithm relying solely on inertial measurement, which shares the same source with VIO, is proposed. The core idea of our method tightly couples a model-based Left Invariant Extended Kalman Filter (LIEKF) with a statistical neural network, both driven by raw inertial measurement. We have validated our algorithm for comparable accuracy with commonly deployed VIO methods under favorable lighting conditions and outperforms other IMU dead-reckoning algorithms in open-source datasets and real-world scenarios. To further enhance localization robustness while UAV traverses environments with different lighting conditions, we introduce an approach that tightly integrates our algorithm with VIO, and validate its effectiveness in real-world scenarios. It is believed that our work presents a promising way for enhancing robustness in vision-based localization methods within the robotics society.",2377-3766,,10.1109/LRA.2024.3377950,"National Natural Science Foundation of China(grant numbers:U22B2080,T2121003); ",https://ieeexplore.ieee.org/stamp/stamp.jsp?arnumber=10473050,Aerial systems: perception and autonomy;localization;deep learning methods,Autonomous aerial vehicles;Dead reckoning;Robot localization;Lighting;Kalman filters;Pedestrians;Prediction algorithms,,13,,28,IEEE,18 Mar 2024,May 2024,,IEEE,IEEE Journals
A Localization Strategy for Low-cost UAVs Sewers Inspection,P. Maisto; V. Scognamiglio; M. Selvaggio; V. Lippiello,"Department of Electrical Engineering and Information Technology, PRISMA Lab, University of Naples Federico II, Naples, Italy; Department of Electrical Engineering and Information Technology, PRISMA Lab, University of Naples Federico II, Naples, Italy; Department of Electrical Engineering and Information Technology, PRISMA Lab, University of Naples Federico II, Naples, Italy; Department of Electrical Engineering and Information Technology, PRISMA Lab, University of Naples Federico II, Naples, Italy",2026 IEEE/SICE International Symposium on System Integration (SII),27 Feb 2026,2026,,,806,812,"Inspecting sewers represents a significant challenge as these environments pose considerable safety risks to human operators. In this view, drones capable of autonomous flight can be used to perform inspection tasks reducing human exposure. However, sewer environments are typically confined, featureless, and poorly lit, hence, standard algorithms for the localization in GNSS-denied environments, such as Visual-Inertial Odometry (VIO), often fail. In addition, drone localization is further complicated by rotor-induced turbulence, and vibrations, that affect sensor measurements. This paper presents a low-cost multisensor-based method for robust pose reconstruction of Unmanned Aerial Vehicles (UAVs) to enable reliable navigation in visually degraded, GPS-denied environments. The proposed framework leverages environmental geometry, specifically obstacle and wall distances, to estimate relative motion and correct drift via a speed control strategy that maximizes the distance from any obstacle. The approach is validated through both simulation and real-world experiments, demonstrating its effectiveness in representative scenarios.",2474-2325,978-1-6654-5784-2,10.1109/SII64115.2026.11404663,,https://ieeexplore.ieee.org/stamp/stamp.jsp?arnumber=11404663,,Location awareness;Vibrations;Navigation;Velocity control;System integration;Inspection;Vibration measurement;Autonomous aerial vehicles;Standards;Drones,,,,20,IEEE,27 Feb 2026,11-14 Jan. 2026,11-14 Jan. 2026,IEEE,IEEE Conferences
A Dead Reckoning Method Based on Martian Atmosphere Polarized Skylight and Celestial Navigation for Mars Exploration UAV,S. Wang; J. Yang,"School of Instrumentation and Optoelectronic Engineering, Beihang University, Beijing, China; School of Automation Science and Electrical Engineering, Beihang University, Beijing, China",2023 China Automation Congress (CAC),19 Mar 2024,2023,,,3194,3199,"Autonomous navigation technology plays a significant role in Mars exploration unmanned aerial vehicles (UAV). Focus on the problem of position error drift caused by the lack of absolute heading information, a dead reckoning method based on Martian atmosphere polarized skylight and celestial navigation is proposed. The navigation reference model of Martian atmosphere polarized skylight is analyzed first. Subsequently, the navigation system model is established to fuse the information of polarization navigation, celestial navigation, optical flow, and inertial navigation system. The Monte Carlo simulation tests show that the proposed method can provided the stable and accurate heading, and the landing accuracy of the Mars UAV is improved.",2688-0938,979-8-3503-0375-9,10.1109/CAC59555.2023.10450638,"National Natural Science Foundation of China(grant numbers:62003017,62227813,62203035); ",https://ieeexplore.ieee.org/stamp/stamp.jsp?arnumber=10450638,Mars UAV;autonomous navigation;Martian atmospheric polarization;celestial navigation,Mars;Dead reckoning;Monte Carlo methods;Navigation;Fuses;Atmospheric measurements;Atmospheric modeling,,,,17,IEEE,19 Mar 2024,17-19 Nov. 2023,17-19 Nov. 2023,IEEE,IEEE Conferences
Fly Out the Window: Exploiting Discrete-Time Flatness for Fast Vision-Based Multirotor Flight,M. Greeff; S. Zhou; A. P. Schoellig,"Dynamic Systems Lab and the Vector Institute for Artificial Intelligence, University of Toronto Institute for Aerospace Studies (UTIAS), Toronto, ON, Canada; Dynamic Systems Lab and the Vector Institute for Artificial Intelligence, University of Toronto Institute for Aerospace Studies (UTIAS), Toronto, ON, Canada; Dynamic Systems Lab and the Vector Institute for Artificial Intelligence, University of Toronto Institute for Aerospace Studies (UTIAS), Toronto, ON, Canada",IEEE Robotics and Automation Letters,8 Mar 2022,2022,7,2,5023,5030,"Recent work has demonstrated fast, agile flight using only vision as a position sensor and no GPS. Current feedback controllers for fast vision-based flight typically rely on a full-state estimate, including position, velocity and acceleration. An accurate full-state estimate is often challenging to obtain due to noisy IMU measurements, infrequent position updates from the vision system, and an imperfect motion model used to obtain high-rate state estimates required by the controller. In this letter, we present an alternative control design that bypasses the need for a full-state estimate by exploiting discrete-time flatness, a structural property of the underlying vehicle dynamics. First, we show that the Euler discretization of the multirotor dynamics is discrete-time flat. This allows us to design a predictive controller using only a window of inputs and outputs, the latter consisting of position and yaw estimates. We highlight in simulation that our approach outperforms controllers that rely on an incorrect full-state estimate. We perform extensive outdoor multirotor flight experiments and demonstrate reliable vision-based navigation. In these experiments, our discrete-time flatness-based controller achieves speeds up to 10 m/s and significantly outperforms similar controllers that hinge on full-state estimation, achieving up to 80% path error reduction.",2377-3766,,10.1109/LRA.2022.3154008,Drone Delivery Canada; Defence Research and Development Canada; Natural Sciences and Engineering Research Council of Canada; ,https://ieeexplore.ieee.org/stamp/stamp.jsp?arnumber=9720919,Aerial systems: mechanics and control;aerial systems: perception and autonomy;vision-based navigation,State estimation;Noise measurement;Navigation;Control design;Visualization;Vehicle dynamics;Position measurement,,4,,24,IEEE,24 Feb 2022,April 2022,,IEEE,IEEE Journals
"Race Against the Machine: A Fully-Annotated, Open-Design Dataset of Autonomous and Piloted High-Speed Flight",M. Bosello; D. Aguiari; Y. Keuter; E. Pallotta; S. Kiade; G. Caminati; F. Pinzarrone; J. Halepota; J. Panerati; G. Pau,"Autonomous Robotics Research Center of the Technology Innovation Institute, Abu Dhabi, United Arab Emirates; Autonomous Robotics Research Center of the Technology Innovation Institute, Abu Dhabi, United Arab Emirates; Autonomous Robotics Research Center of the Technology Innovation Institute, Abu Dhabi, United Arab Emirates; Autonomous Robotics Research Center of the Technology Innovation Institute, Abu Dhabi, United Arab Emirates; Autonomous Robotics Research Center of the Technology Innovation Institute, Abu Dhabi, United Arab Emirates; Autonomous Robotics Research Center of the Technology Innovation Institute, Abu Dhabi, United Arab Emirates; Autonomous Robotics Research Center of the Technology Innovation Institute, Abu Dhabi, United Arab Emirates; Autonomous Robotics Research Center of the Technology Innovation Institute, Abu Dhabi, United Arab Emirates; Autonomous Robotics Research Center of the Technology Innovation Institute, Abu Dhabi, United Arab Emirates; Autonomous Robotics Research Center of the Technology Innovation Institute, Abu Dhabi, United Arab Emirates",IEEE Robotics and Automation Letters,11 Mar 2024,2024,9,4,3799,3806,"Unmanned aerial vehicles, and multi-rotors in particular, can now perform dexterous tasks in impervious environments, from infrastructure monitoring to emergency deliveries. Autonomous drone racing has emerged as an ideal benchmark to develop and evaluate these capabilities. Its challenges include accurate and robust visual-inertial odometry during aggressive maneuvers, complex aerodynamics, and constrained computational resources. As researchers increasingly channel their efforts into it, they also need the tools to timely and equitably compare their results and advances. With this dataset, we want to (i) support the development of new methods and (ii) establish quantitative comparisons for approaches originating from the broader robotics and artificial intelligence communities. We want to provide a one-stop resource that is comprehensive of (i) aggressive autonomous and piloted flight, (ii) high-resolution, high-frequency visual, inertial, and motion capture data, (iii) commands and control inputs, (iv) multiple light settings, and (v) corner-level labeling of drone racing gates. We also release the complete specifications to recreate our flight platform, using commercial off-the-shelf components and the open-source flight controller Betaflight, to democratize drone racing research.",2377-3766,,10.1109/LRA.2024.3371288,,https://ieeexplore.ieee.org/stamp/stamp.jsp?arnumber=10452776,Aerial systems: perception and autonomy;data sets for robot learning;data sets for robotic vision,Drones;Cameras;Logic gates;Quadrotors;Benchmark testing;Batteries;Autonomous aerial vehicles;Robot learning;Robot vision systems;Autonomous aerial vehicles,,10,,31,IEEE,28 Feb 2024,April 2024,,IEEE,IEEE Journals
Integrated UWB-Vision Approach for Autonomous Docking of UAVs in GPS-denied Environments,T. -M. Nguyen; T. H. Nguyen; M. Cao; Z. Qiu; L. Xie,"School of Electrical and Electronic Engineering, Nanyang Technological University, 50 Nanyang Avenue, Singapore; School of Electrical and Electronic Engineering, Nanyang Technological University, 50 Nanyang Avenue, Singapore; School of Electrical and Electronic Engineering, Nanyang Technological University, 50 Nanyang Avenue, Singapore; School of Electrical and Electronic Engineering, Nanyang Technological University, 50 Nanyang Avenue, Singapore; School of Electrical and Electronic Engineering, Nanyang Technological University, 50 Nanyang Avenue, Singapore",2019 International Conference on Robotics and Automation (ICRA),12 Aug 2019,2019,,,9603,9609,"Though vision-based techniques have become quite popular for autonomous docking of Unmanned Aerial Vehicles (UAVs), due to limited field of view (FOV), the UAV must rely on other methods to detect and approach the target before vision can be used. In this paper we propose a method combining Ultra-wideband (UWB) ranging sensor with vision-based techniques to achieve both autonomous approaching and landing capabilities in GPS-denied environments. In the approaching phase, a robust and efficient recursive least-square optimization algorithm is proposed to estimate the position of the UAV relative to the target by using the distance and relative displacement measurements. Using this estimate, UAV is able to approach the target until the landing pad is detected by an onboard vision system, then UWB measurements and vision-derived poses are fused with onboard sensor of UAV to facilitate an accurate landing maneuver. Real-world experiments are conducted to demonstrate the efficiency of our method.",2577-087X,978-1-5386-6027-0,10.1109/ICRA.2019.8793851,,https://ieeexplore.ieee.org/stamp/stamp.jsp?arnumber=8793851,,Displacement measurement;Unmanned aerial vehicles;Distance measurement;Visualization;Optical variables measurement;Optical feedback;Optical saturation,,71,,22,IEEE,12 Aug 2019,20-24 May 2019,20-24 May 2019,IEEE,IEEE Conferences
Season-Invariant GNSS-Denied Visual Localization for UAVs,J. Kinnari; F. Verdoja; V. Kyrki,"Saab Finland Oy, Helsinki, Finland; School of Electrical Engineering, Aalto University, Espoo, Finland; School of Electrical Engineering, Aalto University, Espoo, Finland",IEEE Robotics and Automation Letters,2 Aug 2022,2022,7,4,10232,10239,"Localization without Global Navigation Satellite Systems (GNSS) is a critical functionality in autonomous operations of unmanned aerial vehicles (UAVs). Vision-based localization on a known map can be an effective solution, but it is burdened by two main problems: places have different appearance depending on weather and season, and the perspective discrepancy between the UAV camera image and the map make matching hard. In this letter, we propose a localization solution relying on matching of UAV camera images to georeferenced orthophotos with a trained convolutional neural network model that is invariant to significant seasonal appearance difference (winter-summer) between the camera image and map. We compare the convergence speed and localization accuracy of our solution to six reference methods. The results show major improvements with respect to reference methods, especially under high seasonal variation. We finally demonstrate the ability of the method to successfully localize a real UAV, showing that the proposed method is robust to perspective changes.",2377-3766,,10.1109/LRA.2022.3191038,Saab Finland Oy; ,https://ieeexplore.ieee.org/stamp/stamp.jsp?arnumber=9830867,Aircraft navigation;autonomous aerial vehicles;image matching;pose estimation;robot vision systems,Location awareness;Autonomous aerial vehicles;Semantics;Cameras;Visualization;Global navigation satellite system;Feature extraction,,43,,31,CCBY,15 Jul 2022,Oct. 2022,,IEEE,IEEE Journals
Integrated Control System Design for a Quaternion-Based Omnidirectional Quadrotor Drone,M. J. Hossain; D. Pebrianti; L. Bayuaji; R. Samad,"Faculty of Engineering, International Islamic University malaysia, Kuala Lumpur, Malaysia; Department of Mechanical & Aerospace Engineering, International Islamic University malaysia, Kuala Lumpur, Malaysia; Faculty of Data Science & Information Technology, INTI International University, Nilai, Malaysia; Faculty of Electrical & Electronics Engineering, Universiti Malaysia Pahang Al-Sultan Abdullah, Pekan, Malaysia",2024 9th International Conference on Mechatronics Engineering (ICOM),4 Sep 2024,2024,,,145,150,"The study addresses the limitations of traditional quadrotors in achieving omnidirectional movement, which restricts their agility and adaptability in dynamic environments. This research introduces the Omnidirectional Stationary Flying Outstretched Drone, utilizing quaternions for orientation representation to avoid issues such as singularities and gimbal lock. The methodology involves developing a dynamic model that incorporates aerodynamic effects and implementing linear controllers, including PID and PI controllers, for precise altitude and attitude control. Simulation results show that the drone achieved a settling time of 5 seconds and an overshot of less than 5% in altitude control. Experimental validations confirm enhanced maneuverability and stability compared to conventional quadrotors. ???",,979-8-3503-4978-8,10.1109/ICOM61675.2024.10652273,,https://ieeexplore.ieee.org/stamp/stamp.jsp?arnumber=10652273,quadcopter;quaternion;linear controller;complex system;unmanned aerial vehicles,Heuristic algorithms;Quaternions;Sensor fusion;Aerodynamics;Autonomous aerial vehicles;Stability analysis;Vehicle dynamics;Thermal stability;Quadrotors;Drones,,,,19,IEEE,4 Sep 2024,13-14 Aug. 2024,13-14 Aug. 2024,IEEE,IEEE Conferences
A Transformer-Based Physics-Informed Network for Trajectory Prediction and State Estimation,N. Souli; Y. Grigoriou; P. Chrysanthou; P. Kolios; G. Ellinas,"Department of Electrical and Computer Engineering, KIOS Research and Innovation Center of Excellence (KIOS CoE), University of Cyprus, Nicosia, Cyprus; Department of Electrical and Computer Engineering, KIOS Research and Innovation Center of Excellence (KIOS CoE), University of Cyprus, Nicosia, Cyprus; Department of Electrical and Computer Engineering, KIOS Research and Innovation Center of Excellence (KIOS CoE), University of Cyprus, Nicosia, Cyprus; Department of Computer Science and the KIOS CoE, University of Cyprus; Department of Electrical and Computer Engineering, KIOS Research and Innovation Center of Excellence (KIOS CoE), University of Cyprus, Nicosia, Cyprus",2025 IEEE International Smart Cities Conference (ISC2),23 Dec 2025,2025,,,1,6,"The rapid progress in the field of Unmanned Aerial Vehicle (UAV) technology has gained significant interest from both the industry and the research community, paving the way for new opportunities in various applications, including monitoring of critical infrastructures, object avoidance, autonomous deliveries, and search-and-rescue missions. However, UAV operations are heavily influenced by environmental factors and sensor failures, necessitating a reliable and precise framework for state identification and trajectory prediction. This work presents a novel real-time onboard UAV system designed to achieve the main objectives of state identification and trajectory prediction, utilizing a lightweight multi-task learning model based on a Transformer-based physics-informed neural network framework. The proposed framework leverages the shared feature learning capabilities of a Transformer-based network and a physics-informed loss function to accurately achieve both the classification of drone states and trajectory forecasting objectives. This framework is trained and evaluated using a custom-designed dataset that encompasses drone movements across different outdoor scenarios. A prototype system is subsequently developed and thoroughly tested in real-world experiments, showcasing its enhanced performance compared to existing methods.",2687-8860,979-8-3315-5773-7,10.1109/ISC266238.2025.11293253,,https://ieeexplore.ieee.org/stamp/stamp.jsp?arnumber=11293253,,Training;Accuracy;Smart cities;Predictive models;Autonomous aerial vehicles;Transformers;Real-time systems;Trajectory;State estimation;Drones,,2,,36,IEEE,23 Dec 2025,6-9 Oct. 2025,6-9 Oct. 2025,IEEE,IEEE Conferences
LSTM and Filter Based Comparison Analysis for Indoor Global Localization in UAVs,A. Yusefi; A. Durdu; M. F. Aslan; C. Sungur,"Computer Engineering, Konya Technical University, Konya, Turkey; Robotics Automation Control Laboratory (RAC-LAB), Konya, Turkey; Robotics Automation Control Laboratory (RAC-LAB), Konya, Turkey; Robotics Automation Control Laboratory (RAC-LAB), Konya, Turkey",IEEE Access,20 Jan 2021,2021,9,,10054,10069,"Deep learning (DL) based localization and Simultaneous Localization and Mapping (SLAM) has recently gained considerable attention demonstrating remarkable results. Instead of constructing hand-crafted algorithms through geometric theories, DL based solutions provide a data-driven solution to the problem. Taking advantage of large amounts of training data and computing capacity, these approaches are increasingly developing into a new field that offers accurate and robust localization systems. In this work, the problem of global localization for unmanned aerial vehicles (UAVs) is analyzed by proposing a sequential, end-to-end, and multimodal deep neural network based monocular visual-inertial localization framework. More specifically, the proposed neural network architecture is three-fold; a visual feature extractor convNet network, a small IMU integrator bi-directional long short-term memory (LSTM), and a global pose regressor bi-directional LSTM network for pose estimation. In addition, by fusing the traditional IMU filtering methods instead of LSTM with the convNet, a more time-efficient deep pose estimation framework is presented. It is worth pointing out that the focus in this study is to evaluate the precision and efficiency of visual-inertial (VI) based localization approaches concerning indoor scenarios. The proposed deep global localization is compared with the various state-of-the-art algorithms on indoor UAV datasets, simulation environments and real-world drone experiments in terms of accuracy and time-efficiency. In addition, the comparison of IMU-LSTM and IMU-Filter based pose estimators is also provided by a detailed analysis. Experimental results show that the proposed filter-based approach combined with a DL approach has promising performance in terms of accuracy and time efficiency in indoor localization of UAVs.",2169-3536,,10.1109/ACCESS.2021.3049896,,https://ieeexplore.ieee.org/stamp/stamp.jsp?arnumber=9316698,Global localization;pose estimation;recurrent convolutional neural networks;bi-directional LSTM;VIO,Location awareness;Cameras;Feature extraction;Visualization;Pose estimation;Simultaneous localization and mapping;Robot vision systems,,33,,105,CCBY,8 Jan 2021,2021,,IEEE,IEEE Journals
"The Sensing, State-Estimation, and Control Behind the Winning Entry to the 2019 Artificial Intelligence Robotic Racing Competition",C. De Wagter; F. Paredes-Vallés; N. Sheth; G. C. H. E. de Croon,"Micro Air Vehicle Lab, Delft University of Technology, 2629HS Delft, the Netherlands; Micro Air Vehicle Lab, Delft University of Technology, 2629HS Delft, the Netherlands; Micro Air Vehicle Lab, Delft University of Technology, 2629HS Delft, the Netherlands; Micro Air Vehicle Lab, Delft University of Technology, 2629HS Delft, the Netherlands",Field Robotics,25 Feb 2025,2022,2,,1263,1290,"Autonomous drone racing currently forms an extreme challenge in robotics. While human drone racers can fly through complex tracks at speeds of up to 190 km/h (53 m/s), autonomous drones still need to tackle several fundamental problems in AI under severe restrictions in terms of resources before they reach the same adaptability and speed. In this article, we present the winning solution of the first AI Robotic Racing (AIRR) Circuit, an autonomous drone race competition in which all participating teams used the same drone, to which they had limited access. The core of our approach is inspired by how human pilots combine noisy observations of the race gates with a mental model of the drone's dynamics. The navigation is based on gate detection with an efficient deep neural segmentation network and active vision. Combined with contributions to robust state estimation and risk-based control, our solution was able to reach speeds of ≈33 km/h (9.2m/s) and hereby more than triple the speeds seen in previous autonomous drone race competitions. This work analyses the performance of each component and discusses the implications for high-performance real-world AI applications with limited training time.",2771-3989,,10.55417/fr.2022042,,https://ieeexplore.ieee.org/stamp/stamp.jsp?arnumber=10876009,aerial robotics;obstacle avoidance;position estimation;autonomous drone racing;deep neural network,Drones;Logic gates;Robots;Robot sensing systems;Artificial intelligence;Games;Sensors;Artificial neural networks;Pipelines;Hardware,,6,,,CCBY,25 Feb 2025,June 2022,,FRPS,FRPS Journals
Mesh Reconstruction from Aerial Images for Outdoor Terrain Mapping Using Joint 2D-3D Learning,Q. Feng; N. Atanasov,"Department of Electrical and Computer Engineering, University of California San Diego, La Jolla, CA, USA; Department of Electrical and Computer Engineering, University of California San Diego, La Jolla, CA, USA",2021 IEEE International Conference on Robotics and Automation (ICRA),18 Oct 2021,2021,,,5208,5214,"This paper addresses outdoor terrain mapping using overhead images obtained from an unmanned aerial vehicle. Dense depth estimation from aerial images during flight is challenging. While feature-based localization and mapping techniques can deliver real-time odometry and sparse points reconstruction, a dense environment model is generally recovered offline with significant computation and storage. This paper develops a joint 2D-3D learning approach to reconstruct local meshes at each camera keyframe, which can be assembled into a global environment model. Each local mesh is initialized from sparse depth measurements. We associate image features with the mesh vertices through camera projection and apply graph convolution to refine the mesh vertices based on joint 2-D reprojected depth and 3-D mesh supervision. Quantitative and qualitative evaluations using real aerial images show the potential of our method to support environmental monitoring and surveillance applications.",2577-087X,978-1-7281-9077-8,10.1109/ICRA48506.2021.9561337,,https://ieeexplore.ieee.org/stamp/stamp.jsp?arnumber=9561337,,Three-dimensional displays;Simultaneous localization and mapping;Computational modeling;Surveillance;Semantics;Terrain mapping;Cameras,,5,,24,IEEE,18 Oct 2021,30 May-5 June 2021,30 May-5 June 2021,IEEE,IEEE Conferences
PANTHER: Perception-Aware Trajectory Planner in Dynamic Environments,J. Tordesillas; J. P. How,"Aerospace Controls Laboratory, Massachusetts Institute of Technology, Cambridge, MA, USA; Aerospace Controls Laboratory, Massachusetts Institute of Technology, Cambridge, MA, USA",IEEE Access,7 Mar 2022,2022,10,,22662,22677,"This paper presents PANTHER, a real-time perception-aware (PA) trajectory planner for multirotor-UAVs (Unmanned Aerial Vehicles) in dynamic environments. PANTHER plans trajectories that avoid dynamic obstacles while also keeping them in the sensor field of view (FOV) and minimizing the blur to aid in object tracking. The rotation and translation of the UAV are jointly optimized, which allows PANTHER to fully exploit the differential flatness of multirotors to maximize the PA objective. Real-time performance is achieved by implicitly imposing the underactuated dynamics of the UAV through the Hopf fibration. PANTHER is able to keep the obstacles inside the FOV 7.9 and 1.5 times more than non-PA approaches and PA approaches that decouple translation and yaw, respectively. The projected velocity (and hence the blur) is reduced by 18% and 34%, respectively. This leads to average success rates three times larger than state-of-the-art approaches in multi-obstacle avoidance scenarios. The MINVO basis is used to impose low-conservative collision avoidance constraints in position and velocity space. Finally, extensive hardware experiments in unknown dynamic environments with all the computation running onboard are presented, with velocities of up to 5.8 m/s, and with relative velocities (with respect to the obstacles) of up to 6.3 m/s. The only sensors used are an IMU, a forward-facing depth camera, and a downward-facing monocular camera.",2169-3536,,10.1109/ACCESS.2022.3154037,Boeing Research and Technology; ,https://ieeexplore.ieee.org/stamp/stamp.jsp?arnumber=9721028,Dynamic obstacle avoidance;path planning;trajectory optimization;unmanned aerial vehicles,Trajectory;Cameras;Autonomous aerial vehicles;Optimization;Vehicle dynamics;Planning;Real-time systems,,67,,66,CCBY,24 Feb 2022,2022,,IEEE,IEEE Journals
Towards Globally Consistent Visual-Inertial Collaborative SLAM,M. Karrer; M. Chli,"Vision for Robotics Lab, ETH Zurich, Switzerland; Vision for Robotics Lab, ETH Zurich, Switzerland",2018 IEEE International Conference on Robotics and Automation (ICRA),13 Sep 2018,2018,,,3685,3692,"Motivated by the need for globally consistent tracking and mapping before autonomous robot navigation becomes realistically feasible, this paper presents a novel backend to monocular-inertial odometry. As some of the most challenging platforms for vision-based perception, we evaluate the performance of our system using Unmanned Aerial Vehicles (UAV s). Our experimental validation demonstrates that the proposed approach achieves drift correction and metric scale estimation from a single UAV on benchmarking datasets. Furthermore, the generality of our approach is demonstrated to achieve globally consistent maps built in a collaborative manner from two UAVs, each equipped with a monocular-inertial sensor suite, showing the possible gains opened by collaboration amongst robots to perform SLAM. Video - https://youtu.be/wbX36HBu2Eg.",2577-087X,978-1-5386-3081-5,10.1109/ICRA.2018.8461213,,https://ieeexplore.ieee.org/stamp/stamp.jsp?arnumber=8461213,,Simultaneous localization and mapping;Collaboration;Unmanned aerial vehicles;Optimization;Measurement;Trajectory,,6,,22,IEEE,13 Sep 2018,21-25 May 2018,21-25 May 2018,IEEE,IEEE Conferences
Deep Drone Racing: From Simulation to Reality With Domain Randomization,A. Loquercio; E. Kaufmann; R. Ranftl; A. Dosovitskiy; V. Koltun; D. Scaramuzza,"Robotic and Perception Group, Department of Informatics, University of Zürich, Zürich, Switzerland; Robotic and Perception Group, Department of Informatics, University of Zürich, Zürich, Switzerland; Intelligent Systems Lab., Intel; Intelligent Systems Lab., Intel; Intelligent Systems Lab., Intel; Robotic and Perception Group, Department of Informatics, University of Zürich, Zürich, Switzerland",IEEE Transactions on Robotics,6 Feb 2020,2020,36,1,1,14,"Dynamically changing environments, unreliable state estimation, and operation under severe resource constraints are fundamental challenges that limit the deployment of small autonomous drones. We address these challenges in the context of autonomous, vision-based drone racing in dynamic environments. A racing drone must traverse a track with possibly moving gates at high speed. We enable this functionality by combining the performance of a state-of-the-art planning and control system with the perceptual awareness of a convolutional neural network. The resulting modular system is both platform independent and domain independent: it is trained in simulation and deployed on a physical quadrotor without any fine-tuning. The abundance of simulated data, generated via domain randomization, makes our system robust to changes of illumination and gate appearance. To the best of our knowledge, our approach is the first to demonstrate zero-shot sim-to-real transfer on the task of agile drone flight. We extensively test the precision and robustness of our system, both in simulation and on a physical platform, and show significant improvements over the state of the art.",1941-0468,,10.1109/TRO.2019.2942989,Intel Network on Intelligent Systems; Swiss National Center of Competence Research Robotics; Schweizerischer Nationalfonds zur Förderung der Wissenschaftlichen Forschung; Swiss National Science Foundation European Research Council; ,https://ieeexplore.ieee.org/stamp/stamp.jsp?arnumber=8877728,Drone racing;learning agile flight;learning for control,Drones;Navigation;Trajectory;State estimation;Training;Robot sensing systems,,217,,55,IEEE,21 Oct 2019,Feb. 2020,,IEEE,IEEE Journals
A UAV-Based Aircraft Surface Defect Inspection System via External Constraints and Deep Learning,Y. Liu; J. Dong; Y. Li; X. Gong; J. Wang,"College of Mechanical and Electrical Engineering, Nanjing University of Aeronautics and Astronautics, Nanjing, China; College of Mechanical and Electrical Engineering, Nanjing University of Aeronautics and Astronautics, Nanjing, China; College of Mechanical and Electrical Engineering, Nanjing University of Aeronautics and Astronautics, Nanjing, China; College of Mechanical and Electrical Engineering, Nanjing University of Aeronautics and Astronautics, Nanjing, China; College of Mechanical and Electrical Engineering, Nanjing University of Aeronautics and Astronautics, Nanjing, China",IEEE Transactions on Instrumentation and Measurement,29 Aug 2022,2022,71,,1,15,"In the field of aircraft maintenance, regular inspection of fuselage surface during the aircraft life cycle is a vital task to ensure the aircraft quality and flight safety. Currently, the inspection task is generally carried out manually in an indoor hangar, which is with low efficiency and reliability. In this article, a novel system based on the unmanned aerial vehicle (UAV) is presented to achieve automated aircraft surface inspection efficiently. The hardware is established with a lightweight and low-cost flight platform, on which a sensor containing an inertial measurement unit (IMU) and a camera is equipped for UAV localization. A high-resolution camera is equipped to collect images of fuselage for defect detection. Our inspection framework is mainly composed of two modules: the UAV localization module and the defect detection module. The localization module is designed to estimate the relative pose between the UAV and the aircraft, providing the foundation for image positioning on the aircraft surface. The existing visual–inertial odometry (VIO) approach is adopted to implement the pose estimation. To reduce the large drifts caused by the VIO approach, a novel method is proposed to deploy precalibrated ArUco markers around the aircraft, which serve as external constraints for the VIO objective to realize joint optimization of the camera pose. In addition, an adaptive weighting method is proposed, which takes into consideration the recognition effect of markers to balance the external constraints. The defect detection module aims to detect defects on the fuselage surface from images captured by the high-resolution camera, which is implemented based on deep learning. To address the issue of detection on a few training samples, the transfer learning strategy is exploited to first pretrain the model on a public defect dataset and then fine-tune it on our collected aircraft defect dataset. After detecting the defects, the defective region is reflected on the fuselage surface through the UAV pose on the corresponding frame provided by the localization module, realizing the accurate defect localization. Experiments on both the simulation environment and real data demonstrate the superiority of our proposed external localization module and the effectiveness of the crack detection module.",1557-9662,,10.1109/TIM.2022.3198713,Natural Science Foundation of Jiangsu Province(grant numbers:BK20190016); ,https://ieeexplore.ieee.org/stamp/stamp.jsp?arnumber=9858098,Aircraft surface inspection;defect detection;pose estimation;unmanned aerial vehicles (UAVs);visual–inertial odometry (VIO),Aircraft;Location awareness;Inspection;Cameras;Surface cracks;Autonomous aerial vehicles;Aircraft navigation,,28,,48,IEEE,16 Aug 2022,2022,,IEEE,IEEE Journals
Multi-Drone Cooperative Localization via UWB and VIO Fusion,X. Chu; Z. Zhou; Z. Li; G. Wang; J. Sun,"KAUIS and School of Automation, Beijing Institute of Technology, Beijing, China; KAUIS and School of Automation, Beijing Institute of Technology, Beijing, China; KAUIS and School of Automation, Beijing Institute of Technology, Beijing, China; KAUIS and School of Automation, Beijing Institute of Technology, Beijing, China; KAUIS and School of Automation, Beijing Institute of Technology, Beijing, China",2023 IEEE International Conference on Unmanned Systems (ICUS),21 Nov 2023,2023,,,683,688,"Drone localization holds paramount importance in the realm of drone applications. Presently, the prevailing method for single localization relies on visual-inertial odometry (VIO), achieved through the fusion of visual and inertial sensors, which is marred by substantial accumulated errors resulting from the absence of closed loop information. To address the issue of accumulated errors in single drone localization, one well-established approach involves fusing Global Positioning System (GPS) information with visual data. However, in intricate environments like indoors or mountainous areas, GPS fails to provide accurate position information. we propose harnessing the power of cooperative localization involving multi-drone. Consequently, the integration of other sensors becomes imperative to minimize cumulative errors. In this paper, we investigate the utilization of inter-drone distance information as constraints to mitigate cumulative errors in single drone localization. We present an algorithm that merges ultra-wideband (UWB) ranging information with VIO, rectifying the outcomes of single drone localization. In contrast to traditional VIO algorithms, our proposed algorithm demonstrates reduced cumulative errors and substantial enhancements in localization accuracy. Experimental results validate the feasibility of our collaborative algorithm, revealing its superior localization accuracy when compared to the state-of-the-art VIO algorithm, VINS.",2771-7372,979-8-3503-1630-8,10.1109/ICUS58632.2023.10318452,"National Natural Science Foundation of China(grant numbers:62173034,61925303,62088101,62003277); ",https://ieeexplore.ieee.org/stamp/stamp.jsp?arnumber=10318452,multi-drone cooperative localization;multi-sensor fusion;UWB;VIO,Location awareness;Visualization;Inertial sensors;Collaboration;Distance measurement;Odometry;Drones,,1,,21,IEEE,21 Nov 2023,13-15 Oct. 2023,13-15 Oct. 2023,IEEE,IEEE Conferences
UAV-based Foliage Plant Species Classification for Semantic Characterization of Pre-Fire Landscapes,P. Arora; P. A. Vila; A. Borghese; S. J. Carlson; D. Feil-Seifer; C. Papachristos,"The University of Nevada, Reno, NV, USA; The University of Nevada, Reno, NV, USA; The University of Nevada, Reno, NV, USA; The University of Nevada, Reno, NV, USA; The University of Nevada, Reno, NV, USA; The University of Nevada, Reno, NV, USA",2024 International Conference on Unmanned Aircraft Systems (ICUAS),19 Jun 2024,2024,,,792,799,"In this work we deal with the problem of establishing a system architecture to facilitate the real-time autonomous volumetric mapping alongside the semantic characterization of sagebrush ecosystem landscapes, in order to support the pre-fire modeling and analysis required to plan for wildfire prevention and/or suppression. The world, and more specifically the broader region of N. Nevada has been facing one of its most challenging periods over the course of the last decade, as far as uncontrolled wildfires are concerned. This has led to the development of research initiatives aimed at the ecosystem-specific modeling of the pre-, during-, and post-fire process effects in order to better understand, predict, and address these phenomena. However, to collect the required wide-field information that contains both centimeter-level volumetric mapping fidelity, as well as semantic details related to plant (sub)-species, which for the common case of sagebrush can only be identified based on close-up inspection of their foliage fine structure, satellite photography remains insufficient. To this end, we propose a perception and mapping architecture of an aerial robotic system that is capable of: a) LiDAR-based centimeter-level reconstruction, b) robust multi-modal sensor fusion Simultaneous Localization and Mapping (SLAM) lever-aging LiDAR, IMU, Visual-Inertial Odometry, and Differential GPS in a global optimization mapping framework, as well as c) a gimbal-driven point-zoom camera for the efficient real-time collection of close-up imagery of foliage pertaining to specific target plants, in order to allow their real-time identification based on their leaf micro-structure, by leveraging Deep-Learned classification deployed on a Neural Processing Unit. We present the associated systems, the overall hardware and software architecture, as well as a series of field deployment studies validating the proposed aerial robotic capabilities.",2575-7296,979-8-3503-5788-2,10.1109/ICUAS60882.2024.10556861,NSF(grant numbers:2148788); ,https://ieeexplore.ieee.org/stamp/stamp.jsp?arnumber=10556861,,Wildfires;Simultaneous localization and mapping;Laser radar;Semantics;Ecosystems;Estimation;Systems architecture,,,,72,IEEE,19 Jun 2024,4-7 June 2024,4-7 June 2024,IEEE,IEEE Conferences
The Open Vision Computer: An Integrated Sensing and Compute System for Mobile Robots,M. Quigley; K. Mohta; S. S. Shivakumar; M. Watterson; Y. Mulgaonkar; M. Arguedas; K. Sun; S. Liu; B. Pfrommer; V. Kumar; C. J. Taylor,"Open Source Robotics Foundation, Mountain View, California; GRASP Lab, University of Pennsylvania, Philadelphia, PA; GRASP Lab, University of Pennsylvania, Philadelphia, PA; GRASP Lab, University of Pennsylvania, Philadelphia, PA; GRASP Lab, University of Pennsylvania, Philadelphia, PA; Open Source Robotics Foundation, Mountain View, California; Open Source Robotics Foundation, Mountain View, California; GRASP Lab, University of Pennsylvania, Philadelphia, PA; GRASP Lab, University of Pennsylvania, Philadelphia, PA; GRASP Lab, University of Pennsylvania, Philadelphia, PA; GRASP Lab, University of Pennsylvania, Philadelphia, PA",2019 International Conference on Robotics and Automation (ICRA),12 Aug 2019,2019,,,1834,1840,"In this paper we describe the Open Vision Computer (OVC) which was designed to support high speed, vision guided autonomous drone flight. In particular our aim was to develop a system that would be suitable for relatively small-scale flying platforms where size, weight, power consumption and computational performance were all important considerations. This manuscript describes the primary features of our OVC system and explains how they are used to support fully autonomous indoor and outdoor exploration and navigation operations on our Falcon 250 quadrotor platform.",2577-087X,978-1-5386-6027-0,10.1109/ICRA.2019.8794472,,https://ieeexplore.ieee.org/stamp/stamp.jsp?arnumber=8794472,,Field programmable gate arrays;Image sensors;Streaming media;Robot sensing systems;Aircraft navigation;Sensor arrays,,18,,17,IEEE,12 Aug 2019,20-24 May 2019,20-24 May 2019,IEEE,IEEE Conferences
Long-Awaited Next-Generation Road Damage Detection and Localization System is Finally Here,R. Fan; J. Cheng; Y. Yu; J. Deng; G. Giakos; I. Pitas,"Department of Control Science and Engineering, Tongji University, Shanghai, China; School of Physics and Telecommunication Engineering, South China Normal University, Guangzhou, China; Department of Electronic and Computer Engineering, the Hong Kong University of Science and Technology, Hong Kong SAR, China; School of Physics and Telecommunication Engineering, South China Normal University, Guangzhou, China; Department of Electrical and Computer Engineering, Manhattan College, New York, NY, USA; Department of Informatics, Aristotle University of Thessaloniki, Thessaloniki, Greece",2021 29th European Signal Processing Conference (EUSIPCO),8 Dec 2021,2021,,,641,645,"With the ever-increasing emphasis on road maintenance to a high standard, the need for automated and robust road damage inspection (detection and localization) systems is becoming greater than ever. In this paper, we introduce a realtime road damage inspection system, which has been embedded in a drone to reconstruct 3D road geometry using stereo vision, as well as to detect and localize road damage using disparity map segmentation and visual simultaneous localization and mapping. In addition, the 3D road map is built and updated, which enables road damage inspectors to assess road conditions in a more convenient way.",2076-1465,978-9-0827-9706-0,10.23919/EUSIPCO54536.2021.9615990,,https://ieeexplore.ieee.org/stamp/stamp.jsp?arnumber=9615990,,Location awareness;Geometry;Surface reconstruction;Three-dimensional displays;Roads;Inspection;Stereo vision,,15,,55,,8 Dec 2021,23-27 Aug. 2021,23-27 Aug. 2021,IEEE,IEEE Conferences
Collaborative 6DoF Relative Pose Estimation for Two UAVs with Overlapping Fields of View,M. Karrer; M. Agarwal; M. Kamel; R. Siegwart; M. Chli,"Vision for Robotics Lab; Vision for Robotics Lab; ETH Zurich, Autonomous Systems Lab, Switzerland; ETH Zurich, Autonomous Systems Lab, Switzerland; Vision for Robotics Lab",2018 IEEE International Conference on Robotics and Automation (ICRA),13 Sep 2018,2018,,,6688,6693,"Driven by the promise of leveraging the benefits of collaborative robot operation, this paper presents an approach to estimate the relative transformation between two small Unmanned Aerial Vehicles (UAVs), each equipped with a single camera and an inertial sensor, comprising the first step of any meaningful collaboration. Formation flying and collaborative object manipulation are some of the few tasks that the proposed work has direct applications on, while forming a variable-baseline stereo rig using two UAVs carrying a monocular camera each promises unprecedented effectiveness in collaborative scene estimation. Assuming an overlap in the UAVs' fields of view, in the proposed framework, each UAV runs monocular-inertial odometry onboard, while an Extended Kalman Filter fuses the UAVs' estimates and common image measurements to estimate the metrically scaled relative transformation between them, in realtime. Decoupling the direction of the baseline between the cameras of the two UAVs from its magnitude, this work enables consistent and robust estimation of the uncertainty of the relative pose estimation. Our evaluation on both on simulated data and benchmarking datasets consisting of real aerial data, reveals the power of the proposed methodology in a variety of scenarios. Video - https://youtu.be/AmkkaXa2601.",2577-087X,978-1-5386-3081-5,10.1109/ICRA.2018.8461143,,https://ieeexplore.ieee.org/stamp/stamp.jsp?arnumber=8461143,,Cameras;Simultaneous localization and mapping;Collaboration;Estimation;Unmanned aerial vehicles,,20,,19,IEEE,13 Sep 2018,21-25 May 2018,21-25 May 2018,IEEE,IEEE Conferences
Research on Event Accumulator Settings for Event-Based SLAM,K. Xiao; G. Wang; Y. Chen; Y. Xie; H. Li; S. Li,"Beijing Institute of Aerospace Systems Engineering, Beijing, China; China Academy of Launch Vehicle Technology, Beijing, China; Beijing Institute of Aerospace Systems Engineering, Beijing, China; Beijing Institute of Aerospace Systems Engineering, Beijing, China; Beijing Institute of Aerospace Systems Engineering, Beijing, China; China Academy of Launch Vehicle Technology, Beijing, China","2022 6th International Conference on Robotics, Control and Automation (ICRCA)",18 Jul 2022,2022,,,50,56,"Event cameras are a new type of sensors that are different from traditional cameras. Each pixel is triggered asynchronously by event. The trigger event is the change of the brightness irradiated on the pixel. If the increment or decrement of brightness is higher than a certain threshold, an event is output. Compared with traditional cameras, event cameras have the advantages of high dynamic range and no motion blur. Accumulating events to frames and using traditional SLAM algorithm is a direct and efficient way for event-based SLAM. Different event accumulator settings, such as slice method of event stream, processing method for no motion, using polarity or not, decay function and event contribution, can cause quite different accumulating results. We conducted the research on how to accumulate event frames to achieve a better event-based SLAM performance. For experiment verification, accumulated event frames are fed to the traditional SLAM system to construct an event-based SLAM system. Our strategy of setting event accumulator has been evaluated on the public dataset. The experiment results show that our method can achieve better performance in most sequences compared with the state-of-the-art event frame based SLAM algorithm. In addition, the proposed approach has been tested on a quadrotor UAV to show the potential of applications in real scenario. Code and results are open sourced to benefit the research community of event cameras at https://github.com/robin-shaun/event-slam-accumulator-settings or https://gitee.com/robin_shaun/event-slam-accumulator-settings.",,978-1-6654-8174-8,10.1109/ICRCA55033.2022.9828933,,https://ieeexplore.ieee.org/stamp/stamp.jsp?arnumber=9828933,event camera;SLAM;event accumulator,Simultaneous localization and mapping;Embedded systems;Codes;Automation;Heuristic algorithms;Brightness;Dynamic range,,14,,23,IEEE,18 Jul 2022,26-28 Feb. 2022,26-28 Feb. 2022,IEEE,IEEE Conferences
Encoderless Gimbal Calibration of Dynamic Multi-Camera Clusters,C. L. Choi; J. Rebello; L. Koppel; P. Ganti; A. Das; S. L. Waslander,"Mechanical and Mechatronics Engineering, University of Waterloo; Mechanical and Mechatronics Engineering, University of Waterloo; Mechanical and Mechatronics Engineering, University of Waterloo; Mechanical and Mechatronics Engineering, University of Waterloo; Mechanical and Mechatronics Engineering, University of Waterloo; Mechanical and Mechatronics Engineering, University of Waterloo",2018 IEEE International Conference on Robotics and Automation (ICRA),13 Sep 2018,2018,,,2126,2133,"Dynamic Camera Clusters (DCCs) are multi-camera systems where one or more cameras are mounted on actuated mechanisms such as a gimbal. Existing methods for DCC calibration rely on joint angle measurements to resolve the time-varying transformation between the dynamic and static camera. This information is usually provided by motor encoders, however, joint angle measurements are not always readily available on off-the-shelf mechanisms. In this paper, we present an encoderless approach for DCC calibration which simultaneously estimates the kinematic parameters of the transformation chain as well as the unknown joint angles. We also demonstrate the integration of an encoderless gimbal mechanism with a state-of-the art VIO algorithm, and show the extensions required in order to perform simultaneous online estimation of the joint angles and vehicle localization state. The proposed calibration approach is validated both in simulation and on a physical DCC composed of a 2-DOF gimbal mounted on a UAV. Finally, we show the experimental results of the calibrated mechanism integrated into the OKVIS VIO package, and demonstrate successful online joint angle estimation while maintaining localization accuracy that is comparable to a standard static multi-camera configuration.",2577-087X,978-1-5386-3081-5,10.1109/ICRA.2018.8462920,,https://ieeexplore.ieee.org/stamp/stamp.jsp?arnumber=8462920,,Cameras;Calibration;Robot vision systems;Estimation;Reluctance motors;Kinematics;Vehicle dynamics,,8,,29,IEEE,13 Sep 2018,21-25 May 2018,21-25 May 2018,IEEE,IEEE Conferences
Localization of UGV Guided by UAV Using Visual Inertia Sensors and UWB,S. Qian; L. Cheng; X. Xu; M. Ren,"College of electrical and power Engineering, Taiyuan University of Technology, Taiyuan, China; College of electrical and power Engineering, Taiyuan University of Technology, Taiyuan, China; College of electrical and power Engineering, Taiyuan University of Technology, Taiyuan, China; College of electrical and power Engineering, Taiyuan University of Technology, Taiyuan, China",2024 IEEE 18th International Conference on Control & Automation (ICCA),25 Jul 2024,2024,,,906,911,"Air-ground Collaborative SLAM (CoSLAM) is particularly suitable for route planning and mapping in large scenes. However, accurate localization of an Unmanned Ground Vehicle (UGV) in CoSLAM has been a challenging task, making route planning for various applications not always reliable. In this study, we design a air-ground collaborative system, which applies Ultra Wide Band (UWB) ranging units on both Unmanned Aerial Vehicle (UAV) and UGV as additional sensors to collect range information between the UAV and the UGV. The range information is used to correct the position of the UGV provided by the UAV. The correction is realized through an extended Kalman filter. Simulation results verify the proposed method.",1948-3457,979-8-3503-5440-9,10.1109/ICCA62789.2024.10591852,,https://ieeexplore.ieee.org/stamp/stamp.jsp?arnumber=10591852,,Location awareness;Visualization;Simultaneous localization and mapping;Simulation;Collaboration;Autonomous aerial vehicles;Sensors,,4,,18,IEEE,25 Jul 2024,18-21 June 2024,18-21 June 2024,IEEE,IEEE Conferences
Quantum-Enhanced Multi-Sensor Fusion for UAV Navigation in GPS-Denied Environments,A. Moussa; I. N. Him; K. Chawqi; Y. Salih-Alj,"School of Science and Engineering, Al Akhawayn University in Ifrane, Ifrane, Morocco; School of Science and Engineering, Al Akhawayn University in Ifrane, Ifrane, Morocco; School of Science and Engineering, Al Akhawayn University in Ifrane, Ifrane, Morocco; School of Science and Engineering, Al Akhawayn University in Ifrane, Ifrane, Morocco",2026 International Conference on Frontiers of Engineering and Emerging Technologies (FET),17 Jul 2026,2026,,,1,6,"Reliable navigation in GPS-denied or degraded environments remains a core challenge for Unmanned Aerial Vehicles (UAVs), as inertial-vision systems accumulate drift over time. This paper proposes a feasibility study of a quantum-enhanced multi-sensor fusion framework that integrates cold-atom accelerometer-inspired aiding and NV-center-based heading stabilization with conventional IMU, camera, and LiDAR measurements inside a unified Extended Kalman Filter (EKF). The proposed architecture combines high-rate classical sensing with low-rate, bias-stable quantum corrections to suppress long-term drift during GNSS outages. Using real IMU data from the EuRoC MAV benchmark, both a standard IMU+GPS/VO-style EKF and a quantum-enhanced EKF under injected GPS-denial intervals are evaluated. The results show substantially reduced velocity and position drift, extended holdover time, and improved error distributions for the quantum-aided filter. Deployment considerations, including power, cost, integration complexity, and scalability, are discussed to assess the real-world feasibility of quantum-aided fusion as a promising pathway toward resilient all-weather UAV autonomy across highly demanding environments.",,979-8-3195-1886-6,10.1109/FET68771.2026.11601505,,https://ieeexplore.ieee.org/stamp/stamp.jsp?arnumber=11601505,Quantum sensing;UAV Navigation;Sensor Fusion;GPS-Denied Environments;Extended Kalman Filter,Global Positioning System;Printing;Image sensors;Navigation;Equations;Autonomous aerial vehicles;Tagging;Arrays;Visualization;Accelerometers,,,,28,IEEE,17 Jul 2026,22-23 April 2026,22-23 April 2026,IEEE,IEEE Conferences
Review of Navigation Methods for UAV-Based Parcel Delivery,D. Dissanayaka; T. R. Wanasinghe; O. De Silva; A. Jayasiri; G. K. I. Mann,"Xplorobot Canada ULC, St. John’s, Canada; Faculty of Engineering Applied Science, Memorial University of Newfoundland, St. John’s, Canada; Faculty of Engineering Applied Science, Memorial University of Newfoundland, St. John’s, Canada; Flight Research Laboratory, National Research Council, Ottawa, Canada; Faculty of Engineering Applied Science, Memorial University of Newfoundland, St. John’s, Canada",IEEE Transactions on Automation Science and Engineering,4 Jan 2024,2024,21,1,1068,1082,"This paper presents a comprehensive review of state-of-the-art navigation methods available for unmanned aerial vehicles (UAVs) used in parcel delivery. Particularly, the paper focuses on state-of-the-art sensor configurations, multi-sensor data fusion architectures, and their performance when employed for UAV navigation. Additionally, this paper presents the associated safety regulations for UAV navigation currently imposed by regulatory bodies in US and Canada. The existing navigation solutions sometimes produce degenerative results due to GPS loss, multipath signals, spoofing events, and other sensor degradation scenarios. Therefore, this article investigates the suitability of integrating visual lidar odometry and mapping (VLOAM) with GPS to overcome the limitations of existing navigation solutions. A comparative study of the multi-sensory combined solutions is presented with numerical simulations, validating the regulatory compliance of VLOAM and GPS integrated system under common GPS failure cases. Note to Practitioners—This work was motivated by the need for a survey on existing UAV navigation methods for parcel delivery applications. Different UAV navigation methods exist, depending on the sensors used and the sensor fusion architectures, with varying degrees of localization accuracy. It can be challenging for researchers and practitioners to decide which method to adopt for their application while complying with the existing safety regulations. Therefore, this paper presents an overview of the current safety regulation for UAV navigation and evaluates the state-of-the-art navigation methods against regulatory safety compliance. Additionally, a numerically validated safe navigation method is suggested for UAV-based parcel delivery. This paper provides researchers and practitioners with comprehensive reference sources in the UAV navigation field, which can help them develop suitable solutions to ensure safe navigation.",1558-3783,,10.1109/TASE.2022.3232025,National Research Council of Canada’s Artificial Intelligence for Logistics Program; Natural Sciences and Engineering Research Council of Canada; Memorial University of Newfoundland; ,https://ieeexplore.ieee.org/stamp/stamp.jsp?arnumber=10005002,Unmanned aerial vehicle (UAV);navigation;UAV-based parcel delivery;visual lidar odometry and mapping (VLOAM),Navigation;Global Positioning System;Safety;Aircraft navigation;Autonomous aerial vehicles;Laser radar;Odometry,,106,,140,IEEE,2 Jan 2023,Jan. 2024,,IEEE,IEEE Journals
Lightweight AR System for Precise Object Geolocation in Real-Time Drone Video,B. E. de Oliveira Carvalho; F. Luiz Junior; J. C. de Oliveira; P. F. Ferreira Rosa,"Artificial Intelligence, Robotics and Cybernetics Laboratory Military Institute of Engineering – IME, Rio de Janeiro, RJ, Brazil; Artificial Intelligence, Robotics and Cybernetics Laboratory Military Institute of Engineering – IME, Rio de Janeiro, RJ, Brazil; Applied Multimedia and Virtual Environments Laboratory, National Laboratory for Scientific Computing - LNCC, Petrópolis, RJ, Brazil; Artificial Intelligence, Robotics and Cybernetics Laboratory Military Institute of Engineering – IME, Rio de Janeiro, RJ, Brazil",2025 27th Symposium on Virtual and Augmented Reality (SVR),21 Jan 2026,2025,,,28,38,"This work presents a lightweight outdoor augmented reality system that enables precise georegistration of virtual objects using video and telemetry from a DJI Mavic 3T drone. The system integrates Real-Time Kinematic (RTK) positioning, multiple strategies for estimating camera orientation, and terrain modeling through a Digital Elevation Model (DEM). An interactive mechanism allows users to instantiate virtual objects by clicking on the video frame, with the ground position computed via 3D ray–DEM intersection.Field tests were conducted with the drone flying at altitudes above 100 meters, and quantitative results using only the drone-exported orientation showed a mean positioning error below 5 meters. These results highlight the system’s geometric precision under strong projection compression, supporting its use in scenarios such as long-range object annotation, search and rescue coordination, or infrastructure monitoring.",2833-0609,979-8-3315-9630-9,10.1109/SVR67689.2025.00016,,https://ieeexplore.ieee.org/stamp/stamp.jsp?arnumber=11338542,Augmented Reality;RTK;Drone;OpenGL,Meters;Three-dimensional displays;Kinematics;Search problems;Real-time systems;Telemetry;Augmented reality;Monitoring;Drones;Videos,,,,8,IEEE,21 Jan 2026,30 Sept.-3 Oct. 2025,30 Sept.-3 Oct. 2025,IEEE,IEEE Conferences
Cooperative UAV Search and Rescue via Multi-Agent Reinforcement Learning in Simulated Wildfire Environments,S. Sharma; G. Tsoumplekas; Y. Spyridis; N. Vitzilaios; V. Argyriou,"Department of Networks and Digital Media, Kingston University London, United Kingdom; Department of Networks and Digital Media, Kingston University London, United Kingdom; Department of Computer Science, Kingston University London, United Kingdom; Department of Mechanical Engineering, University of South Carolina, Columbia, SC, USA; Department of Networks and Digital Media, Kingston University London, United Kingdom",2026 International Conference on Unmanned Aircraft Systems (ICUAS),14 Jul 2026,2026,,,828,835,"Wildfires pose an increasing global threat, endangering both human and animal lives. Rapid and coordinated search and rescue (SAR) operations are critical to minimizing casualties in such emergencies. This paper investigates the use of Multi-Agent Reinforcement Learning (MARL) to train autonomous unmanned aerial vehicles (UAVs) capable of cooperative SAR in simulated wildfire environments. The task is modeled as a decentralized partially observable Markov decision process (Dec-POMDP) and trained under a Centralized Training with Decentralized Execution (CTDE) paradigm. Two learning configurations are compared: a single-agent baseline using Proximal Policy Optimization (PPO) and a cooperative multi-agent framework based on Multi-Agent Policy Optimization with Credit Assignment (MA-POCA) incorporating posthumous credit assignment. Training employs a three-stage curriculum to progressively increase environmental complexity and enhance policy generalization. Simulations across one to six UAVs demonstrate that multi-agent coordination significantly improves mission efficiency and consistency. Specifically, teams of four to five UAVs achieved the lowest average completion times while maintaining high stability and reliability across trials. These results confirm that MARL-based cooperative control improves scalability, robustness and overall mission performance in UAV-based SAR operations, especially under optimal team sizing, underscoring the potential of decentralized learning for real-world disaster response scenarios.",2575-7296,979-8-3315-9316-2,10.1109/ICUAS69441.2026.11598622,,https://ieeexplore.ieee.org/stamp/stamp.jsp?arnumber=11598622,,Autonomous aerial vehicles;Training;Timing;Printing;Equations;Learning (artificial intelligence);Modeling;Specific absorption rate;Synthetic aperture radar;Drones,,,,29,IEEE,14 Jul 2026,15-18 June 2026,15-18 June 2026,IEEE,IEEE Conferences
Virtual Stereo Vision-Based Localization and 3D Mesh Mapping for Dual UAV Systems,Z. Ju; C. Yan; X. Xiang; J. Lai; H. Zhou; D. Tang,"College of Intelligence Science and Technology, National University of Defense Technology, Changsha, Hunan, China; College of Automation Engineering, Nanjing University of Aero-nautics and Astronautics, Nanjing, Jiangsu, China; College of Intelligence Science and Technology, National University of Defense Technology, Changsha, Hunan, China; NA; College of Intelligence Science and Technology, National University of Defense Technology, Changsha, Hunan, China; College of Intelligence Science and Technology, National University of Defense Technology, Changsha, Hunan, China",2025 IEEE International Conference on Robotics and Biomimetics (ROBIO),23 Feb 2026,2025,,,2340,2345,"Simultaneous Localization and Mapping (SLAM) has been extensively applied to solve the problem of robot localization and mapping without absolute position measurements. Visual sensors are widely used in odometry techniques due to their low cost and richer information content. However, when robots operate far from the scene (e.g., high-altitude UAVs), visual-inertial odometry (VIO) positioning accuracy degrades significantly. This compromises the balance between autonomous precision and rapid scene understanding. To address this issue, we propose a collaborative dual-Uavlocalization and real-time scene reconstruction framework for high-altitude operations. By utilizing inter-Uavvisual overlap observations and wireless ranging constraints, we propose a collaborative decentralized trajectory localization and global map point consistency optimization scheme. Our solution achieves high-altitude precise positioning and maintains dual-UAV observation consistency, enabling real-time construction of large-scale navigable maps. Evaluation results in photorealistic simulated environments demonstrate the superior accuracy of our approach in high-altitude localization and scene reconstruction.",2994-3574,979-8-3315-5747-8,10.1109/ROBIO66223.2025.11378261,,https://ieeexplore.ieee.org/stamp/stamp.jsp?arnumber=11378261,,Location awareness;Wireless communication;Wireless sensor networks;Simultaneous localization and mapping;Autonomous aerial vehicles;Real-time systems;Distance measurement;Trajectory;Odometry;Optimization,,,,26,IEEE,23 Feb 2026,3-7 Dec. 2025,3-7 Dec. 2025,IEEE,IEEE Conferences
Fast-Racing: An Open-Source Strong Baseline for $\mathrm{SE}(3)$ Planning in Autonomous Drone Racing,Z. Han; Z. Wang; N. Pan; Y. Lin; C. Xu; F. Gao,"State Key Laboratory of Industrial Control Technology, Institute of Cyber-Systems and Control, Zhejiang University, Hangzhou, China; State Key Laboratory of Industrial Control Technology, Institute of Cyber-Systems, and Control, Zhejiang University, Hangzhou, China; State Key Laboratory of Industrial Control Technology, Institute of Cyber-Systems and Control, Zhejiang University, Hangzhou, China; DJI, Shenzhen, China; State Key Laboratory of Industrial Control Technology, Institute of Cyber-Systems, and Control, Zhejiang University, Hangzhou, China; State Key Laboratory of Industrial Control Technology, Institute of Cyber-Systems, and Control, Zhejiang University, Hangzhou, China",IEEE Robotics and Automation Letters,4 Oct 2021,2021,6,4,8631,8638,"With the autonomy of aerial robots advances in recent years, autonomous drone racing has drawn increasing attention. In a professional pilot competition, a skilled operator always controls the drone to agilely avoid obstacles in aggressive attitudes, for reaching the destination as fast as possible. Autonomous flight like elite pilots requires planning in $\mathrm{SE}(3)$, whose non-triviality and complexity hindering a convincing solution in our community by now. To bridge this gap, this letter proposes an open-source baseline, which includes a high-performance $\mathrm{SE}(3)$ planner and a challenging simulation platform tailored for drone racing. We specify the $\mathrm{SE}(3)$ trajectory generation as a soft-penalty optimization problem, and speed up the solving process utilizing its underlying parallel structure. Moreover, to provide a testbed for challenging the planner, we develop delicate drone racing tracks which mimic real-world set-up and necessities planning in $\mathrm{SE}(3)$. Besides, we provide necessary system components such as common map interfaces and a baseline controller, to make our work plug-in-and-use. With our baseline, we hope to future foster the research of $\mathrm{SE}(3)$ planning and the competition of autonomous drone racing.",2377-3766,,10.1109/LRA.2021.3113976,National Key R&D Program of China(grant numbers:2020YFB1313300); DJI-ZJU FAST Autonomous Drone Research Funding; ,https://ieeexplore.ieee.org/stamp/stamp.jsp?arnumber=9543598,Motion and path planning;performance evaluation and benchmarking;optimization and optimal control,Drones;Planning;State estimation;Computational modeling;Benchmark testing;Trajectory optimization;Shape,,75,,26,IEEE,21 Sep 2021,Oct. 2021,,IEEE,IEEE Journals
Deep Learning for Inertial Positioning: A Survey,C. Chen; X. Pan,"College of Intelligence Science and Technology, National University of Defense Technology, Changsha, China; College of Intelligence Science and Technology, National University of Defense Technology, Changsha, China",IEEE Transactions on Intelligent Transportation Systems,29 Aug 2024,2024,25,9,10506,10523,"Inertial sensors are widely utilized in smartphones, drones, vehicles, and wearable devices, playing a crucial role in enabling ubiquitous and reliable localization. Inertial sensor-based positioning is essential in various applications, including personal navigation, location-based security, and human-device interaction. However, low-cost MEMS inertial sensors’ measurements are inevitably corrupted by various error sources, leading to unbounded drifts when integrated doubly in traditional inertial navigation algorithms, subjecting inertial positioning to the problem of error drifts. In recent years, with the rapid increase in sensor data and computational power, deep learning techniques have been developed, sparking significant research into addressing the problem of inertial positioning. Relevant literature in this field spans across mobile computing, robotics, and machine learning. In this article, we provide a comprehensive review of deep learning-based inertial positioning and its applications in tracking pedestrians, drones, vehicles, and robots. We connect efforts from different fields and discuss how deep learning can be applied to address issues such as sensor calibration, positioning error drift reduction, and multi-sensor fusion. This article aims to attract readers from various backgrounds, including researchers and practitioners interested in the potential of deep learning-based techniques to solve inertial positioning problems. Our review demonstrates the exciting possibilities that deep learning brings to the table and provides a roadmap for future research in this field.",1558-0016,,10.1109/TITS.2024.3381161,"National Natural Science Foundation of China (NFSC)(grant numbers:62103427,62073331,62103430,62103429); Young Elite Scientist Sponsorship Program by China Association for Science and Technology (CAST)(grant numbers:YESS20220181); ",https://ieeexplore.ieee.org/stamp/stamp.jsp?arnumber=10492667,Inertial navigation;deep learning;inertial sensor calibration;pedestrian dead reckoning;sensor fusion;visual-inertial odometry,Robot sensing systems;Inertial navigation;Deep learning;Pedestrians;Surveys;Inertial sensors;Noise,,128,,128,IEEE,4 Apr 2024,Sept. 2024,,IEEE,IEEE Journals
FACT: Fast and Active Coordinate Initialization for Vision-Based Drone Swarms,Y. Li; A. Zhao; Y. Wang; Z. Xu; X. Zhou; C. Xu; J. Zhou; F. Gao,"Institute of Cyber-Systems and Control, College of Control Science and Engineering, Zhejiang University, Hangzhou, China; Institute of Cyber-Systems and Control, College of Control Science and Engineering, Zhejiang University, Hangzhou, China; Institute of Cyber-Systems and Control, College of Control Science and Engineering, Zhejiang University, Hangzhou, China; Institute of Cyber-Systems and Control, College of Control Science and Engineering, Zhejiang University, Hangzhou, China; Institute of Cyber-Systems and Control, College of Control Science and Engineering, Zhejiang University, Hangzhou, China; Institute of Cyber-Systems and Control, College of Control Science and Engineering, Zhejiang University, Hangzhou, China; Hong Kong University of Science and Technology, Guangzhou, China; Institute of Cyber-Systems and Control, College of Control Science and Engineering, Zhejiang University, Hangzhou, China",IEEE Robotics and Automation Letters,20 Dec 2024,2025,10,2,931,938,"Coordinate initialization is the first step in accomplishing collaborative tasks within robot swarms, determining the quality of tasks. However, fast and robust coordinate initialization in vision-based drone swarms remains elusive. To this end, our letter proposes a complete system for initial relative pose estimation, including both relative state estimation and active planning. Particularly, our work fuses onboard visual-inertial odometry with vision-based observations generating bearing and range measurements, which are anonymous, partially mutual, and noisy. It is the first method based on convex optimization to initialize coordinates with vision-based observations. Additionally, we designed a lightweight module to actively control the movement of robots for observation acquisition and collision avoidance. With only stereo cameras and inertial measurement units as sensors, we validate the practicability of our system in simulations and real-world areas with obstacles and without signals from the Global Navigation Satellite System. Compared to methods based on local optimization and filters, our system can achieve the global optimum for coordinate initialization more stably and quickly, which is suitable for robots with size, weight, and power constraints. The source code is released for reference.",2377-3766,,10.1109/LRA.2024.3518101,"National Natural Science Foundation of China(grant numbers:62088101,62322314); ",https://ieeexplore.ieee.org/stamp/stamp.jsp?arnumber=10803028,Aerial systems;perception and autonomy;swarm robotics;vision-based navigation,Robots;Robot kinematics;Drones;Estimation;Pose estimation;Planning;Collision avoidance;Optimization;Sensors;Global navigation satellite system,,6,,18,IEEE,16 Dec 2024,Feb. 2025,,IEEE,IEEE Journals
Iterative Motion Compensation for Canonical 3D Reconstruction From UAV Plant Images Captured in Windy Conditions,A. Rochow; J. Marcic; S. Seliunina; S. Behnke,"Autonomous Intelligent Systems, University of Bonn, Bonn, Germany; Autonomous Intelligent Systems, University of Bonn, Bonn, Germany; Autonomous Intelligent Systems, University of Bonn, Bonn, Germany; Autonomous Intelligent Systems, University of Bonn, Bonn, Germany",IEEE Robotics and Automation Letters,9 Apr 2026,2026,11,5,6304,6311,"Three-dimensional (3D) phenotyping of plants plays a crucial role for understanding plant growth, yield prediction, and disease control. We present a pipeline capable of generating high-quality 3D reconstructions of individual agricultural plants. To acquire data, a small commercially available Unmanned aerial vehicle (UAV) captures images of a selected plant. Apart from placing ArUco markers, the entire image acquisition process is fully autonomous, controlled by a self-developed Android application running on the drone's controller. The reconstruction task is particularly challenging due to environmental wind and downwash of the UAV. Our proposed pipeline supports the integration of arbitrary state-of-the-art 3D reconstruction methods. To mitigate errors caused by leaf motion during image capture, we use an iterative method that gradually adjusts the input images through deformation. Motion is estimated using optical flow between the original input images and intermediate 3D reconstructions rendered from the corresponding viewpoints. This alignment gradually reduces scene motion, resulting in a canonical representation. After a few iterations, our pipeline improves the reconstruction of state-of-the-art methods and enables the extraction of high-resolution 3D meshes.",2377-3766,,10.1109/LRA.2026.3675934,"Deutsche Forschungsgemeinschaft; DFG, German Research Foundation; Germany's Excellence Strategy–EXC(grant numbers:2070–390732324); ",https://ieeexplore.ieee.org/stamp/stamp.jsp?arnumber=11447388,Aerial Systems: Applications;Field Robots;Robotics and Automation in Agriculture and Forestry,Autonomous aerial vehicles;Three-dimensional displays;Visualization;Image reconstruction;Location awareness;Pipelines;Cameras;Neural radiance field;Deformation;Optical flow,,,,38,IEEE,19 Mar 2026,May 2026,,IEEE,IEEE Journals
"A Comprehensive Taxonomy of UAVs: A Comparative Feature Matrix for Hardware, Capabilities, and Payloads",R. Tacconi; M. Raoul Marini; M. Saraceno; G. Luca Foresti; L. Cinque; A. Mecca,"Sapienza Università di Roma, Rome, Italy; Sapienza Università di Roma, Rome, Italy; Sapienza Università di Roma, Rome, Italy; Università degli Studi di Udine, Udine, Italy; Sapienza Università di Roma, Rome, Italy; Università degli Studi di Roma UnitelmaSapienza, Rome, Italy",IEEE Access,9 Jan 2026,2026,14,,3821,3851,"This survey consolidates the state of the art in vision-based unmanned aerial vehicle (UAV) systems and introduces a unifying taxonomy and feature matrix that relate platform form-factors, onboard capabilities, and payload characteristics to application domains. We systematically review and classify recent literature across agriculture, transportation and logistics, infrastructure inspection, search and rescue, environmental monitoring, emergency response, surveying/mapping, and surveillance, and analyze operational trade-offs of prominent platform classes-multi-rotor, fixed-wing, and hybrid UAVs-with respect to endurance, payload capacity, maneuverability, sensing modalities (i.e., red-green-blue (RGB) cameras and thermal sensors), and onboard computation. Algorithmic trends are synthesized, highlighting advances in lightweight deep learning (DL) techniques (notably convolutional neural network (CNN)-based perception), robust state estimation via visual-inertial odometry (VIO) and simultaneous localization and mapping (SLAM), and multisensor fusion. Recurring challenges are identified, including limited flight endurance, resilient operation in Global Positioning System (GPS)-denied or cluttered environments, scarcity of domain-specific datasets for vision tasks, and the absence of standardized benchmarks and safety frameworks. Finally, we outline research directions to promote resilient, explainable, and energy-aware UAVs and to accelerate the transition from experimental prototypes to operational deployments.",2169-3536,,10.1109/ACCESS.2025.3642069,,https://ieeexplore.ieee.org/stamp/stamp.jsp?arnumber=11288985,UAVs;aerial robotics;computer vision;vision-based perception;SLAM;multisensor fusion;edge artificial intelligence (AI);environmental monitoring;infrastructure inspection;precision agriculture,Sensors;Payloads;Autonomous aerial vehicles;Surveys;Artificial intelligence;Taxonomy;Cameras;Inspection;Thermal sensors;Surveillance,,4,,77,CCBY,9 Dec 2025,2026,,IEEE,IEEE Journals
Research on Sensor Data Spatiotemporal Synchronization Technology for Onboard Visual Navigation Systems,Y. Yuan; H. Liu; C. Zhao,"Aviation Industry Computing Technology Research Institute, Xi'an, China; Aviation Industry Computing Technology Research Institute, Xi'an, China; Aviation Industry Computing Technology Research Institute, Xi'an, China","2025 IEEE 5th International Conference on Power, Electronics and Computer Applications (ICPECA)",27 Mar 2025,2025,,,155,159,"Against the backdrop of the rapid development of unmanned aerial vehicle (UAV) technology, onboard visual navigation systems have become the core support technology for achieving precise positioning and efficient map construction of UAVs. This paper deeply explores the key technologies of sensor data spatiotemporal synchronization in onboard visual navigation systems, aiming to solve the synchronization issues in multi-sensor data fusion in variable environments, and enhance the navigation accuracy and reliability of UAVs. The research covers both spatial and temporal synchronization dimensions, with a focus on the technical implementation of Visual-Inertial Odometry (VIO). For spatial synchronization, a target-based method is proposed to construct an error equation for solving the extrinsic parameters between the camera and the Inertial Measurement Unit (IMU), achieving precise alignment of sensor coordinate systems through the identification and matching of visual target feature points. In terms of temporal synchronization, considering the data frequency differences between the camera and IMU, this paper designs a time alignment strategy that realizes efficient temporal alignment of data through data buffering and timestamp matching. Additionally, the initialization and local sliding window optimization process of the Visual-Inertial Odometry are detailed, achieving high-precision fusion of visual and inertial data through feature extraction, optical flow tracking, and motion structure recovery. Experimental results show that the methods proposed in this paper can technically provide strong support for the autonomous flight of UAVs, effectively improving the navigation performance of UAVs in complex environments, and enhancing the robustness of the system.",,979-8-3315-3369-4,10.1109/ICPECA63937.2025.10928832,,https://ieeexplore.ieee.org/stamp/stamp.jsp?arnumber=10928832,Onboard Visual Navigation;Sensor Fusion;Spatiotemporal Synchronization;Visual-Inertial Odometry,Visualization;Accuracy;Navigation;Cameras;Feature extraction;Solids;Robustness;Spatiotemporal phenomena;Synchronization;Odometry,,,,10,IEEE,27 Mar 2025,17-19 Jan. 2025,17-19 Jan. 2025,IEEE,IEEE Conferences
A Vision-Based Technique for Unmanned Aerial Vehicles Localization,L. -Y. Chen; H. -Y. Lin; S. Munir,"Department of Electrical Engineering, National Chung Cheng University, Chiayi, Taiwan; Department of Computer Science and Information Engineering, National Taipei University of Technology, Taipei, Taiwan; Department of Computer Science and Information Engineering, National Taipei University of Technology, Taipei, Taiwan",2025 International Symposium on Intelligent Signal Processing and Communication Systems (ISPACS),19 Feb 2026,2025,,,1,6,"Accurate localization is a fundamental requirement for the safe and reliable operation of unmanned aerial vehicles (UAVs). Conventional localization approaches primarily rely on Global Navigation Satellite System (GNSS) or Global Positioning System (GPS) signals for outdoor navigation. However, these methods are susceptible to performance degradation or complete failure in GNSS-denied environments. This paper proposes a novel UAV localization framework based on aerial-satellite image matching to enable navigation without GNSS signals. The proposed end-to-end network employs the CLIP model to extract and correlate geospatial features between UAV-acquired aerial images and pre-existing satellite imagery. Furthermore, image orientation information is incorporated into the feature similarity computation to estimate flight heading direction. To evaluate the effectiveness of the proposed approach, an aerial image dataset was collected from UAV flights conducted at an altitude of 100 meters above sea level. Experimental results over a $2.23 ~\text{km}^{2}$ area demonstrate the feasibility of the proposed GNSS-denied localization method, achieving average position and heading errors of 39.2 m and 15.9°, respectively.",2474-9745,979-8-3315-8066-7,10.1109/ISPACS68724.2025.11382908,National Science and Technology Council of Taiwan(grant numbers:114-2221-E-027-096-MY3); ,https://ieeexplore.ieee.org/stamp/stamp.jsp?arnumber=11382908,,Location awareness;Global navigation satellite system;Visualization;Accuracy;Geology;Signal processing algorithms;Autonomous aerial vehicles;Feature extraction;Trajectory;Global Positioning System,,,,21,IEEE,19 Feb 2026,4-7 Nov. 2025,4-7 Nov. 2025,IEEE,IEEE Conferences
A Collaborative SLAM Framework for Heterogeneous Multi-Robot Systems,Y. Liu; J. Zhu; H. Pei,"Key Laboratory of Autonomous Systems and Networked Control, Ministry of Education; Key Laboratory of Autonomous Systems and Networked Control, Ministry of Education; Key Laboratory of Autonomous Systems and Networked Control, Ministry of Education",2025 IEEE International Conference on Unmanned Systems (ICUS),23 Dec 2025,2025,,,817,822,"Vision-based Simultaneous Localization and Mapping (SLAM) technology has become a significant research focus in robotics, enabling autonomous agents to perform real-time pose estimation and environmental reconstruction using onboard sensors without prior environmental knowledge. While single-robot visual SLAM implementations have reached substantial maturity, their computational capabilities remain limited on embedded platforms when operating in complex scenarios, leading to constrained search efficiency, reduced detection range, and limited operational endurance. This paper proposes a heterogeneous multi-robot collaborative SLAM framework integrating FPGA-accelerated ORB feature extraction based on CCM-SLAM, and designs a novel keyframe selection mechanism to overcome the aforementioned limitations.",2771-7372,979-8-3315-2672-6,10.1109/ICUS66297.2025.11294967,Aeronautical Science Foundation of China; China Southern Power Grid; ,https://ieeexplore.ieee.org/stamp/stamp.jsp?arnumber=11294967,Visual SLAM;Visual-Inertial Odometry;FPGA;Collaborative Localization and Mapping,Location awareness;Visualization;Simultaneous localization and mapping;Pose estimation;Collaboration;Feature extraction;Real-time systems;Software;Field programmable gate arrays;Visual odometry,,,,13,IEEE,23 Dec 2025,18-19 Sept. 2025,18-19 Sept. 2025,IEEE,IEEE Conferences
Loose Coupled Initialization Method for Visual Inertial Navigation in Outdoor Low Altitude Flight Environment,Y. Wang; C. Yang; C. Zhang,"School of Mechatronical Engineering, Beijing Institute of Technology, BIT, Beijing, China; School of Mechatronical Engineering, Beijing Institute of Technology, BIT, Beijing, China; School of Mechatronical Engineering, Beijing Institute of Technology, BIT, Beijing, China",2021 6th International Conference on Robotics and Automation Engineering (ICRAE),4 Jan 2022,2021,,,89,96,"In the outdoor low altitude flight environment, the inertial navigation self-alignment initialization method is difficult to apply to the dynamic environment, since the non-autonomous alignment method is not accurate in the case with large misalignment angles, and the method of using visual-information-assisted inertial navigation system initialization relies on the horizon extraction algorithm or the advance deployment of artificial landmarks, which is not flexible enough. To solve the problems above, a loose coupled inertial navigation system initialization method is proposed aided by visual information. First, the feature points are segmented into sky end and ground end at the vision front end. And the camera poses in the camera coordinate system are calculated using the visual structure from motion. Then the camera poses and the re-integration of acceleration and angular velocity measurements are aligned to obtain the initialized poses. The performance of our algorithm is verified by performing a low altitude flight simulation in three cases with a semi-physical simulation system.",,978-1-6654-0697-0,10.1109/ICRAE53653.2021.9657780,,https://ieeexplore.ieee.org/stamp/stamp.jsp?arnumber=9657780,component;Inertial navigation initialization;Low-altitude flight environment;Fixed-wing UAV,Visualization;Structure from motion;Heuristic algorithms;Motion segmentation;Inertial navigation;Vision sensors;Cameras,,2,,18,IEEE,4 Jan 2022,19-22 Nov. 2021,19-22 Nov. 2021,IEEE,IEEE Conferences
Kilometer-Scale GNSS-Denied UAV Navigation via Heightmap Gradients: A Winning System from the SPRIN-D Challenge,M. Werner; D. Čapek; T. Musil; O. Franek; T. Báča; M. Saska,"Faculty of Electrical Engineering, Czech Technical University in Prague; Faculty of Electrical Engineering, Czech Technical University in Prague; Faculty of Electrical Engineering, Czech Technical University in Prague; Faculty of Electrical Engineering, Czech Technical University in Prague; Faculty of Electrical Engineering, Czech Technical University in Prague; Faculty of Electrical Engineering, Czech Technical University in Prague",2026 IEEE International Conference on Robotics and Automation (ICRA),30 Sep 2026,2026,,,5621,5628,"Reliable long-range flight of unmanned aerial vehicles (UAVs) in GNSS-denied environments is challenging: integrating odometry leads to drift, loop closures are unavailable in previously unseen areas and embedded platforms provide limited computational power. We present a fully onboard UAV system developed for the SPRIN-D Funke Fully Autonomous Flight Challenge, which required 9 km long-range waypoint navigation below 25 m AGL (Above Ground Level) without GNSS or prior dense mapping. The system integrates perception, mapping, planning, and control with a lightweight drift-correction method that matches LiDAR-derived local heightmaps to a prior geodata heightmap via gradient-template matching and fuses the evidence with odometry in a clustered particle filter. Deployed during the competition, the system executed kilometer-scale flights across urban, forest, and open-field terrain and reduced drift substantially relative to raw odometry, while running in real time on CPU-only hardware. We describe the system architecture, the localization pipeline, and the competition evaluation, and we report practical insights from field deployment that inform the design of GNSS-denied UAV autonomy. SUPLEMENTARY MATERIALS: https://gnssdenied.github.io/",,979-8-3315-8160-2,10.1109/ICRA57385.2026.11697278,,https://ieeexplore.ieee.org/stamp/stamp.jsp?arnumber=11697278,,Autonomous aerial vehicles;Location awareness;Odometry;Printing;Global navigation satellite system;Modeling;Aluminum;Grounding;Laser radar;Distance measurement,,,,29,IEEE,30 Sep 2026,1-5 June 2026,1-5 June 2026,IEEE,IEEE Conferences
Towards Consistent Visual-Inertial Navigation for Unmanned Aerial Vehicles using Depth Information,M. A. K. Gomaa; O. De Silva; A. Jayasiri; G. K. I. Mann,"Intelligent Systems Lab, Memorial University, St. John’s, Canada; Intelligent Systems Lab, Memorial University, St. John’s, Canada; Flight Research Lab National Research Council, Ottawa, Canada; Intelligent Systems Lab, Memorial University, St. John’s, Canada",2022 IEEE Canadian Conference on Electrical and Computer Engineering (CCECE),17 Oct 2022,2022,,,118,123,This paper proposes a new filtering-based depth enhanced visual inertial navigation system (DE-VINS) for quadrotor unmanned aerial vehicles (UAV). This filter addresses the drifting and degraded performance of a class of conventional monocular VINS filters at hovering conditions. A theoretical nonlinear observability analysis is performed to verify the filter design. The performance of the proposed DE-VINS is numerically evaluated using a Matlab simulator and then compared against the conventional VINS filter proposed in literature. The results show improved performance of the DE-VINS in terms of estimation accuracy and consistency at zero-velocity flight conditions.,2576-7046,978-1-6654-8432-9,10.1109/CCECE49351.2022.9918398,National Research Council; Natural Sciences and Engineering Research Council of Canada; ,https://ieeexplore.ieee.org/stamp/stamp.jsp?arnumber=9918398,,Visualization;Monte Carlo methods;Three-dimensional displays;Estimation;Position measurement;Information filters;Autonomous aerial vehicles,,2,,16,IEEE,17 Oct 2022,18-20 Sept. 2022,18-20 Sept. 2022,IEEE,IEEE Conferences
Cross-view UAV Geo-localization via Wavelet-based Local Feature Enhancement,C. Zhang; R. Zhao; Z. Lin; Z. Gao; Q. a. Peng,"College of Information Science and Engineering, Huaqiao University, Xiamen, China; College of Information Science and Engineering, Huaqiao University, Xiamen, China; College of Information Science and Engineering, Huaqiao University, Xiamen, China; Department of Computer Science and Technology, Huaqiao University, Xiamen, China; College of Information Science and Engineering, Huaqiao University, Xiamen, China",2026 International Conference on Communication Networks and Machine Learning (CNML),31 Mar 2026,2026,,,848,852,"Cross-view image matching serves as a pivotal technology for UAV autonomous localization and navigation. Yet, given the severe viewpoint disparities between UAV and satellite imagery, current approaches often fail to balance the extraction of global semantics with the preservation of fine-grained local details. To overcome this limitation, we present an enhanced feature model built upon a lightweight backbone. We design a fusion architecture that leverages the Unit Spatial Attention Module (USAM) from Lin et al. to target salient regions, followed by the innovative integration of the Discrete Wavelet Transform (DWT) to establish a local feature enhancement module. This module explicitly captures high-frequency components—such as edges and textures—thereby effectively mitigating spatial information loss during downsampling. On the University-1652 benchmark, our method delivers highly competitive performance, achieving 81.63% R@1 in the localization task with a lightweight ConvNeXt-Tiny backbone. This validates the efficacy of our strategy in synergizing frequency-domain details with spatial semantics.",,979-8-3315-9047-5,10.1109/CNML68938.2026.11452264,National Natural Science Foundation of China; ,https://ieeexplore.ieee.org/stamp/stamp.jsp?arnumber=11452264,Cross-view Image Matching;Wavelet Transform;Feature Enhancement;Local Perception,Location awareness;Visualization;Image matching;Semantics;Benchmark testing;Autonomous aerial vehicles;Feature extraction;Satellite navigation systems;Discrete wavelet transforms;Satellite images,,,,12,IEEE,31 Mar 2026,30 Jan.-1 Feb. 2026,30 Jan.-1 Feb. 2026,IEEE,IEEE Conferences
$\rho$LiRLo: LiDAR-Based Relative Localization with Retro-Reflective Marker,J. Domislovic; R. Milijas; A. Ivanovic; M. Car; G. Vasiljevic; B. A. Ferreira; F. Petric; M. Orsag; S. Bogdan,"Faculty of Electrical Engineering and Computing, University of Zagreb, Zagreb, Croatia; Faculty of Electrical Engineering and Computing, University of Zagreb, Zagreb, Croatia; Faculty of Electrical Engineering and Computing, University of Zagreb, Zagreb, Croatia; Faculty of Electrical Engineering and Computing, University of Zagreb, Zagreb, Croatia; Faculty of Electrical Engineering and Computing, University of Zagreb, Zagreb, Croatia; Faculty of Electrical Engineering and Computing, University of Zagreb, Zagreb, Croatia; Faculty of Electrical Engineering and Computing, University of Zagreb, Zagreb, Croatia; Faculty of Electrical Engineering and Computing, University of Zagreb, Zagreb, Croatia; Faculty of Electrical Engineering and Computing, University of Zagreb, Zagreb, Croatia",2025 International Conference on Unmanned Aircraft Systems (ICUAS),27 May 2025,2025,,,228,235,"This paper presents $\rho$LiRLo, a LiDAR-based Relative Localization method, designed for reliable robot navigation and control in GNSS-denied environments. $\rho$LiRLo enhances point cloud processing using intensity filtering with a retro-reflective marker. The marker's position is determined via Euclidean clustering, while a Kalman filter tracks the robot's pose. To improve localization accuracy in dynamic conditions, IMU measurements are integrated, and a robotic manipulator actively tracks the marker, expanding LiDAR's field of view. The method is demonstrated on an Unmanned Aerial Vehicle (UAV) in both indoor and outdoor experiments. Indoor tests benchmark localization against OptiTrack motion capture, while outdoor experiments are conducted in a maritime environment with the tracking system mounted on an Unmanned Surface Vehicle (USV). To mitigate the challenges of dynamic sea conditions, IMU measurements from the floating base of the USV are used to compensate for disturbances introduced by waves and wind. $\rho$LiRLo demonstrates high accuracy, low-latency feedback, and strong potential for applications in GNSS-denied settings.",2575-7296,979-8-3315-1328-3,10.1109/ICUAS65942.2025.11007861,,https://ieeexplore.ieee.org/stamp/stamp.jsp?arnumber=11007861,relative localization;UAV;tracking;LiDAR,Location awareness;Laser radar;Accuracy;Tracking;Filtering;Dynamics;Sea measurements;Autonomous aerial vehicles;Radar tracking;Vehicle dynamics,,3,,28,IEEE,27 May 2025,14-17 May 2025,14-17 May 2025,IEEE,IEEE Conferences
System Development and Integration of Unmanned Aerial Vehicle Navigation Techniques for Indoor Environments,K. -L. Chang; H. -Y. Lin,"Department of Electrical Engineering, National Chung Cheng University, Chiayi, Taiwan; Department of Computer Science and Information Engineering, National Taipei University of Technology, Taipei, Taiwan",2024 IEEE International Conference on Industrial Technology (ICIT),5 Jun 2024,2024,,,1,6,"In this paper we present the exploration of indoor positioning technologies for UAV s, and navigation techniques for path planning and obstacle avoidance. For the indoor positioning techniques, we employed Visual-Inertial Odometry (VIO), Ultra-Wideband (UWB), AprilTag fiducial markers, and Simultaneous Localization and Mapping (SLAM). These algorithms encompass global positioning, local positioning, and pre-mapping positioning, comparing the merits and drawbacks of various techniques and trajectories. In UAV navigation, we combined SLAM-based RTAB-Map indoor mapping and navigation path planning of the ROS for indoor environments. This system enables precise drone positioning indoors and utilizes global and local path planners to generate flight paths that avoid dynamic, static, unknown, and known obstacles, demonstrating high practicality and feasibility. The feasibility of our UAV path planning and obstacle avoidance navigation algorithms is tested in real and virtual environments. Code is available at https://github.com/kellen080INavigation and https://github.com/kellen080IIndoor_Positioning",2643-2978,979-8-3503-4026-6,10.1109/ICIT58233.2024.10540747,,https://ieeexplore.ieee.org/stamp/stamp.jsp?arnumber=10540747,,Location awareness;Simultaneous localization and mapping;Navigation;Heuristic algorithms;Autonomous aerial vehicles;Indoor environment;Odometry,,,,24,IEEE,5 Jun 2024,25-27 March 2024,25-27 March 2024,IEEE,IEEE Conferences
6D Self-Localization of Drones Using a Single Millimeter-Wave Backscatter Anchor,M. Lam; L. Dodds; A. Eid; J. Hester; F. Adib,Massachusetts Institute of Technology; Massachusetts Institute of Technology; University of Michigan; Atheraxon; Massachusetts Institute of Technology,IEEE INFOCOM 2025 - IEEE Conference on Computer Communications,1 Jul 2025,2025,,,1,10,"We present the design, implementation, and evaluation of MiFly, a self-localization system for autonomous drones that works across indoor and outdoor environments, including low-visibility, dark, and GPS-denied settings. MiFly performs 6DoF self-localization by leveraging a single millimeter-wave (mmWave) anchor in its vicinity - even if that anchor is visually occluded. MiFly's core contribution is in its joint design of a mmWave anchor and localization algorithm. The low-power anchor features a novel dual-polarization dual-modulation architecture, which enables single-shot 3D localization. Mm Wave radars mounted on the drone perform 3D localization relative to the anchor and fuse this data with the drone's internal inertial measurement unit (IMU) to estimate its 6DoF trajectory. We implemented and evaluated MiFly on a DJI drone. We collected over 6,600 localization estimates across different trajectory patterns and demonstrate a median localization error of 7 cm and a 90th percentile less than 15 cm, even in low-light conditions and when the anchor is fully occluded (visually) from the drone. Demo video: voutu.be/LfXfZ26tEok",2641-9874,979-8-3315-4305-1,10.1109/INFOCOM55648.2025.11044655,NSF(grant numbers:2313234); ,https://ieeexplore.ieee.org/stamp/stamp.jsp?arnumber=11044655,millimeter-wave;localization;drone,Location awareness;Three-dimensional displays;Measurement units;Radar measurements;Lighting;Inertial navigation;Trajectory;Millimeter wave communication;Drones;Global Positioning System,,9,,53,IEEE,1 Jul 2025,19-22 May 2025,19-22 May 2025,IEEE,IEEE Conferences
SOUS VIDE: Cooking Visual Drone Navigation Policies in a Gaussian Splatting Vacuum,J. Low; M. Adang; J. Yu; K. Nagami; M. Schwager,"Stanford University, Stanford, CA, USA; Stanford University, Stanford, CA, USA; Stanford University, Stanford, CA, USA; Stanford University, Stanford, CA, USA; Stanford University, Stanford, CA, USA",IEEE Robotics and Automation Letters,15 Apr 2025,2025,10,5,5122,5129,"We propose a new simulator, training approach, and policy architecture, collectively called SOUS VIDE, for end-to-end visual drone navigation. Our trained policies exhibit zero-shot sim-to-real transfer with robust real-world performance using only onboard perception and computation. Our simulator, called FiGS, couples a computationally simple drone dynamics model with a high visual fidelity Gaussian Splatting scene reconstruction. FiGS can quickly simulate drone flights producing photorealistic images at up to 130 fps. We use FiGS to collect 100 k–300 k image/state-action pairs from an expert MPC with privileged state and dynamics information, randomized over dynamics parameters and spatial disturbances. We then distill this expert MPC into an end-to-end visuomotor policy with a lightweight neural architecture, called SV-Net. SV-Net processes color image, optical flow and IMU data streams into low-level thrust and body rate commands at 20 Hz onboard a drone. Crucially, SV-Net includes a learned module for low-level control that adapts at runtime to variations in drone dynamics. In a campaign of 105 hardware experiments, we show SOUS VIDE policies to be robust to 30% mass variations, 40 m/s wind gusts, 60% changes in ambient brightness, shifting or removing objects from the scene, and people moving aggressively through the drone's visual field.",2377-3766,,10.1109/LRA.2025.3553785,"NDSEG fellowship and Toyota Research Institute; Defense Advanced Research Projects Agency(grant numbers:HR001120C0107,N00014-23-1-2354); Lincoln Labs(grant numbers:7000603941); ",https://ieeexplore.ieee.org/stamp/stamp.jsp?arnumber=10937041,Adaptive control;imitation learning;robot learning;visual servoing;transfer learning,Drones;Visualization;Training;Navigation;Videos;Cameras;Trajectory;Vectors;Aerodynamics;Standards,,9,,39,IEEE,21 Mar 2025,May 2025,,IEEE,IEEE Journals
Autoencoder Satellite Image Matching for UAV Geolocation in Long-Range High-Altitude Missions,L. B. V. Cordova; S. L. Brião; F. G. Oliveira; R. S. Guerra; P. L. J. Drews,"Centro de Ciências Computacionais - C3. Universidade Federal do Rio Grande - FURG, Rio Grande, RS, Brazil; Centro de Ciências Computacionais - C3. Universidade Federal do Rio Grande - FURG, Rio Grande, RS, Brazil; Centro de Ciências Computacionais - C3. Universidade Federal do Rio Grande - FURG, Rio Grande, RS, Brazil; Centro de Ciências Computacionais - C3. Universidade Federal do Rio Grande - FURG, Rio Grande, RS, Brazil; Centro de Ciências Computacionais - C3. Universidade Federal do Rio Grande - FURG, Rio Grande, RS, Brazil","2024 37th SIBGRAPI Conference on Graphics, Patterns and Images (SIBGRAPI)",18 Oct 2024,2024,,,1,6,"Vision-based geolocation is a promising way to overcome the vulnerabilities of Global Navigation Satellite System (GNSS) methods, which are subject to signal degradation, intentional interference, and environmental obstacles. This paper presents a novel approach to Unmanned Aerial Vehicle (UAV) geolocation in long-range and high-altitude missions using satellite imagery. Our method is based on the matching of encoded vector representations in embedded space, demonstrating robust performance to changes in vegetation and landscape. The neural network is used to encode satellite images of a reference map into embedding representations. Image matching is performed in this embedded space using cross-correlation. We evaluated the accuracy and processing time of the proposed model by querying images along a 200 km northbound path at high altitude, covering an area larger than twenty thousand square kilometers. We also evaluated the network's generalization capability on an unknown map. Reference and query images are sourced from satellite images captured at different acquisition times to evaluate robustness due to appearance variations. The results demonstrate that the method can achieve up to 96.83% accuracy on a known map, while experiments on an unknown map averaged 90% accuracy. The processing time to match encoded images is 0.05 ms. These findings suggest the feasibility of integrating the method into more complex vision-based geolocation systems.",2377-5416,979-8-3503-7603-6,10.1109/SIBGRAPI62404.2024.10716323,,https://ieeexplore.ieee.org/stamp/stamp.jsp?arnumber=10716323,,Training;Global navigation satellite system;Accuracy;Geology;Neural networks;Vegetation mapping;Autonomous aerial vehicles;Robustness;Vectors;Satellite images,,,,29,IEEE,18 Oct 2024,30 Sept.-3 Oct. 2024,30 Sept.-3 Oct. 2024,IEEE,IEEE Conferences
A Multi-task Transformer Architecture for Drone State Identification and Trajectory Prediction,N. Souli; A. Palamas; T. Panayiotou; P. Kolios; G. Ellinas,"Department of Electrical and Computer Engineering, KIOS Research and Innovation Center of Excellence, University of Cyprus, Nicosia, Cyprus; Wiztech Group, Limassol, Cyprus; Department of Electrical and Computer Engineering, KIOS Research and Innovation Center of Excellence, University of Cyprus, Nicosia, Cyprus; Department of Computer Science, KIOS Research and Innovation Center of Excellence, University of Cyprus; Department of Electrical and Computer Engineering, KIOS Research and Innovation Center of Excellence, University of Cyprus, Nicosia, Cyprus",2024 20th International Conference on Distributed Computing in Smart Systems and the Internet of Things (DCOSS-IoT),12 Aug 2024,2024,,,285,291,"With the proliferation of unmanned aerial vehicles in various applications ranging from delivery services to surveillance and rescue operations, an efficient drone state identification and trajectory prediction framework is becoming a mandate. This work introduces a novel multi-task learning framework that provides drone state identification and trajectory prediction enhancements with the use of a novel Transformer neural network architecture. The proposed system exploits the ability of Transformer models to handle sequential data, capturing more effectively than conventional models’ temporal dependencies and relations inherent to drone movement data. The proposed framework utilizes a dual-task learning approach, facilitating simultaneous prediction of drone state and trajectory and enhancing both tasks’ performance via shared feature learning. Extensive evaluations are conducted to validate the efficiency of the proposed framework, with two complementary datasets encompassing diverse drone movements and conditions. The results demonstrate significant improvement in terms of drone state identification and trajectory prediction performance compared to existing methods.",2325-2944,979-8-3503-6944-1,10.1109/DCOSS-IoT61029.2024.00051,,https://ieeexplore.ieee.org/stamp/stamp.jsp?arnumber=10621560,Multi-task learning;Transformers;Drone trajectory prediction;State identification,Neural networks;Computer architecture;Transformers;Multitasking;Data models;Trajectory;Object recognition,,7,,30,IEEE,12 Aug 2024,29 April-1 May 2024,29 April-1 May 2024,IEEE,IEEE Conferences
Unmanned Aerial Vehicle Navigation in Complex Environments: A Review,S. H. M. Swe; L. Huang; A. Perera,"School of Engineering, Computer and Mathematical Sciences, Auckland University of Technology, Auckland, New Zealand; School of Engineering, Computer and Mathematical Sciences, Auckland University of Technology, Auckland, New Zealand; Defence Science and Technology, Auckland, New Zealand","2026 12th International Conference on Electrical Engineering, Control and Robotics (EECR)",12 Jun 2026,2026,,,340,348,"The utilization of unmanned aerial vehicles (UAVs) has rapidly expanded in recent years, with applications ranging from aerial surveillance and infrastructure inspection to precision agriculture, and delivery services. To support such diverse and autonomous operations, the flight control system is responsible for executing autonomous flight. A reliable and stable navigation system is important in providing critical information such as UAV's states including position and velocity required by the flight control system. This is accomplished through the integration of diverse onboard sensors with redundancy and multimodal data fusion. On the other hand, achieving accurate linear/angular position estimation remains particularly challenging in Global Navigation Satellite System (GNSS) and visually degraded environments, such as repetitive and low-texture scenes. To address these challenges, this paper presents a unified literature review of multi-sensor fusion strategies for UAV navigation. It further provides an overview of filter-based and optimization-based fusion frameworks, analyzing their implementation approaches and performances. A dedicated section also explores the challenges associated with visually degraded environments, highlighting the importance of visual-inertial odometry (VIO) in UAV navigation and exploring alternative methods.",,979-8-3195-2932-9,10.1109/EECR69522.2026.11548661,,https://ieeexplore.ieee.org/stamp/stamp.jsp?arnumber=11548661,Navigation;multi-sensor fusion;low-texture;VIO,Autonomous aerial vehicles;Navigation;Image sensors;Printing;Optimization;Global navigation satellite system;Visualization;Modeling;Measurement;Laser radar,,,,53,IEEE,12 Jun 2026,6-8 April 2026,6-8 April 2026,IEEE,IEEE Conferences
Collaborative Ground-Aerial Multi-Robot System for Disaster Response Missions with a Low-Cost Drone Add-On for Off-the-Shelf Drones,S. Rajapakshe; D. Wickramasinghe; S. Gurusinghe; D. Ishtaweera; B. Silva; P. Jayasekara; N. Panitz; P. Flick; N. Kottege,"Department of Electronic and Telecommunication Engineering, University of Moratuwa, Sri Lanka; Department of Electronic and Telecommunication Engineering, University of Moratuwa, Sri Lanka; Department of Electronic and Telecommunication Engineering, University of Moratuwa, Sri Lanka; Department of Electronic and Telecommunication Engineering, University of Moratuwa, Sri Lanka; Department of Electronic and Telecommunication Engineering, University of Moratuwa, Sri Lanka; Department of Electronic and Telecommunication Engineering, University of Moratuwa, Sri Lanka; Robotics and Autonomous Systems Group, CSIRO, Pullenvale, QLD 4069, Australia; Robotics and Autonomous Systems Group, CSIRO, Pullenvale, QLD 4069, Australia; Robotics and Autonomous Systems Group, CSIRO, Pullenvale, QLD 4069, Australia",2023 IEEE International Conference on Autonomous Robot Systems and Competitions (ICARSC),25 May 2023,2023,,,75,80,"In disaster-stricken environments, it’s vital to assess the damage quickly, analyse the stability of the environment, and allocate resources to the most vulnerable areas where victims might be present. These missions are difficult and dangerous to be conducted directly by humans. Using the complementary capabilities of both the ground and aerial robots, we investigate a collaborative approach of aerial and ground robots to address this problem. With an increased field of view, faster speed, and compact size, the aerial robot explores the area and creates a 3D feature-based map graph of the environment while providing a live video stream to the ground control station. Once the aerial robot finishes the exploration run, the ground control station processes the map and sends it to the ground robot. The ground robot, with its higher operation time, static stability, payload delivery and tele-conference capabilities, can then autonomously navigate to identified high-vulnerability locations. We have conducted experiments using a quadcopter and a hexapod robot in an indoor modelled environment with obstacles and uneven ground. Additionally, we have developed a low-cost drone add-on with value-added capabilities, such as victim detection, that can be attached to an off-the-shelf drone. The system was assessed for cost-effectiveness, energy efficiency, and scalability.",2573-9387,979-8-3503-0121-2,10.1109/ICARSC58346.2023.10129610,,https://ieeexplore.ieee.org/stamp/stamp.jsp?arnumber=10129610,Ground-Aerial Robot Collaboration;Drone Add-on;Disaster Response;Tele-conference;Victim Detection,Three-dimensional displays;Scalability;Collaboration;Process control;Streaming media;Autonomous aerial vehicles;Stability analysis,,13,,13,IEEE,25 May 2023,26-27 April 2023,26-27 April 2023,IEEE,IEEE Conferences
Event-Aided Sharp Radiance Field Reconstruction for Fast-Flying Drones,R. Zou; M. Cannici; D. Scaramuzza,"Robotics and Perception Group, University of Zurich, Zurich, Switzerland; Robotics and Perception Group, University of Zurich, Zurich, Switzerland; Robotics and Perception Group, University of Zurich, Zurich, Switzerland",IEEE Transactions on Robotics,3 Apr 2026,2026,42,,1591,1606,"Fast-flying aerial robots promise rapid inspection under limited battery constraints, with direct applications in infrastructure inspection, terrain exploration, and search and rescue. However, high speeds lead to severe motion blur in images and induce significant drift and noise in pose estimates, making dense 3-D reconstruction with neural radiance fields (NeRFs) particularly challenging due to their high sensitivity to such degradations. In this work, we present a unified framework that leverages asynchronous event streams alongside motionblurred frames to reconstruct highfidelity radiance fields from agile drone flights. By embedding event image fusion into NeRF optimization and jointly refining event-based visual inertial odometry priors using both event and frame modalities, our method recovers sharp radiance fields and accurate camera trajectories without groundtruth supervision. We validate our approach on both synthetic data and realworld sequences captured by a fastflying drone. Despite highly dynamic drone flights, where RGB frames are severely degraded by motion blur and pose priors become unreliable, our method reconstructs high-fidelity radiance fields and preserves fine scene details, delivering a performance gain of over 50% on real-world data compared to state-of-the-art methods.",1941-0468,,10.1109/TRO.2026.3672537,NCCR Catalysis(grant numbers:51NF40-185543); Schweizerischer Nationalfonds zur Förderung der Wissenschaftlichen Forschung; European Union’s Horizon Europe Research and Innovation Programme(grant numbers:101120732); European Research Council(grant numbers:864042); Centro Svizzero di Calcolo Scientifico; ,https://ieeexplore.ieee.org/stamp/stamp.jsp?arnumber=11429535,3-D reconstruction;event cameras;high-speed aerial robotics;motion deblurring;neural radiance fields (NeRFs),Image reconstruction;Three-dimensional displays;Cameras;Robots;Trajectory;Neural radiance field;Drones;Deblurring;Accuracy;Robot sensing systems,,2,,58,IEEE,10 Mar 2026,2026,,IEEE,IEEE Journals
Relative Localization and Mapping of Unmanned Aerial Vehicles Based on RGB-D Cameras and Ultra-Wideband,Y. Gui; Z. Yang,"School of Automation and Intelligent Manufacturing, Southern University of Science and Technology, Shenzhen, China; School of Automation and Intelligent Manufacturing, Southern University of Science and Technology, Shenzhen, China",2026 38th Chinese Control and Decision Conference (CCDC),24 Jun 2026,2026,,,3266,3271,"Accurate relative six-degree-of-freedom (6-DOF) pose estimation between unmanned aerial vehicles (UAVs) is essential for cooperative navigation, formation control, and multi-UAV mapping; however, it remains challenging indoors. RGB-D cameras provide rich geometry but suffer from depth noise, occlusions, and low-texture regions, while ultra-wideband (UWB) ranging offers complementary distance data but is vulnerable to multipath effects and outliers. To overcome these limitations, we propose a robust and efficient framework that integrates RGB-D and UWB measurements for relative 6-DOF pose estimation. The method decouples rotation and translation estimation to enhance robustness: rotation is derived via dense 3D feature correspondences and solved as a Wahba problem, while translation is recovered through UWB-based multidimensional scaling (MDS) to ensure global consistency. The fused results yield accurate relative poses and enable 3D map reconstruction. Simulation experiments on the Matterport3D dataset using the Habitat-Sim platform validate the effectiveness of our approach.",1948-9447,979-8-3315-5070-7,10.1109/CCDC69976.2026.11560306,,https://ieeexplore.ieee.org/stamp/stamp.jsp?arnumber=11560306,UAV networks;multi-sensor fusion;relative 6-DOF pose estimation;collaborative mapping,Autonomous aerial vehicles;Distance measurement;Translation;Visualization;Location awareness;Equations;Measurement;Printing;Image sensors;Tagging,,,,16,IEEE,24 Jun 2026,15-18 May 2026,15-18 May 2026,IEEE,IEEE Conferences
Design and Implementation of a Multimodal Amphibious Vehicle with Visual-Inertial SLAM for Intelligent Fisheries Monitoring,L. Huang; C. Li; Q. Lei; S. Peng; S. Pu; P. Li; S. Guo,"Department of Electronic and Electrical Engineering, Southern University of Science and Technology, Shenzhen, China; The Advanced Institute for Ocean Research, Southern University of Science and Technology, Shenzhen, China; Department of Electronic and Electrical Engineering, Southern University of Science and Technology, Shenzhen, China; Department of Electronic and Electrical Engineering, Southern University of Science and Technology, Shenzhen, China; Department of Electronic and Electrical Engineering, Southern University of Science and Technology, Shenzhen, China; Department of Electronic and Electrical Engineering, Southern University of Science and Technology, Shenzhen, China; Department of Electronic and Electrical Engineering, Southern University of Science and Technology, Shenzhen, China",2026 IEEE International Conference on Mechatronics and Automation (ICMA),17 Aug 2026,2026,,,1294,1299,"Marine ranching and precision aquaculture demand fine-grained, spatiotemporal monitoring to optimize productivity and environmental sustainability. However, existing platforms remain fragmented: aerial drones lack underwater perception, while conventional ROVs suffer from limited surface mobility and spatial coverage. We propose a holistic intelligent monitoring system centered on a novel multimodal amphibious vehicle capable of seamless cross-medium operation. The system integrates five core capabilities: (1) an agile tri-domain platform for efficient air-water-surface transition; (2) a shared visual-inertial SLAM (VI-SLAM) framework for robust, GPS-denied navigation; (3) a deep learning-based vision module for non-invasive fish population estimation and growth tracking; (4) autonomous infrastructure inspection for net cage integrity; and (5) integrated in-situ spectral sensing for high-resolution water quality mapping. Preliminary validation in controlled environments demonstrates the engineering feasibility and functional integration of each subsystem. This work bridges the gap between cross-domain locomotion and scientific payload application, providing a comprehensive robotic solution for intelligent fisheries monitoring.",2152-744X,979-8-3315-6283-0,10.1109/ICMA69663.2026.11647599,Southern University of Science and Technology; Southern University of Science and Technology; ,https://ieeexplore.ieee.org/stamp/stamp.jsp?arnumber=11647599,Amphibious Robot;Marine Ranch Monitoring;Visual-Inertial SLAM;Water Quality Sensing;Fish Detection,Visualization;Technology;Monitoring;Water;Water quality;Image sensors;Vehicles;Navigation;Cameras;Educational institutions,,,,8,IEEE,17 Aug 2026,2-5 Aug. 2026,2-5 Aug. 2026,IEEE,IEEE Conferences
UAV Trajectory Evaluation in Large Industrial Environments: A Cost-Effective Solution,J. G. Hansen; M. Heiß; M. Kozlowski; E. Kayacan,"Department of Electrical and Computer Engineering, Artificial Intelligence in Robotics Laboratory (Air Lab), Aarhus University, Aarhus C, Denmark; Department of Electrical and Computer Engineering, Artificial Intelligence in Robotics Laboratory (Air Lab), Aarhus University, Aarhus C, Denmark; Department of Electrical and Computer Engineering, Artificial Intelligence in Robotics Laboratory (Air Lab), Aarhus University, Aarhus C, Denmark; Department of Electrical and Computer Engineering, Artificial Intelligence in Robotics Laboratory (Air Lab), Aarhus University, Aarhus C, Denmark",2022 European Control Conference (ECC),5 Aug 2022,2022,,,1336,1341,"The use of unmanned aerial vehicles (UAVs) for autonomous inspection tasks has become more prominent in recent years. To make the most of the autonomous inspection, the parameters governing control, perception and navigation of the robot should be tuned precisely to the necessary task. Currently, the use of motion capture (mocap) systems is the norm when performing the stringent evaluation of simultaneous localization and mapping (SLAM) and advanced controllers. In this paper, we address the use of a cost-effective solution to ground-truthing and evaluation of said algorithms in large industrial environments. To this end, we use fiducial markers, deployed in known locations, in order to estimate the pose of the vehicle in 6 degrees-of-freedom (6DOF) and test them against a state-of-the-art mocap system. We additionally test the method in the field, by deploying the markers to the environment of interest and applying widely used SLAM implementations to confirm its efficacy by evaluating their performance in two emulated inspection task scenarios. We find that our method is comparable in performance to the state-of-the-art mocap systems without the need for laborious calibration and is capable of providing a pose estimate for evaluating SLAM and underlying UAV control methods.",,978-3-9071-4407-7,10.23919/ECC55457.2022.9838352,,https://ieeexplore.ieee.org/stamp/stamp.jsp?arnumber=9838352,,Simultaneous localization and mapping;Navigation;Europe;Inspection;Autonomous aerial vehicles;Motion capture;Fiducial markers,,6,,26,,5 Aug 2022,12-15 July 2022,12-15 July 2022,IEEE,IEEE Conferences
HUNT: High-Speed UAV Navigation and Tracking in Unstructured Environments via Instantaneous Relative Frames,A. Saviolo; J. Mao; G. Loianno,"New York University, NY, USA; New York University, NY, USA; Department of Electrical Engineering and Computer Sciences, University of California Berkeley, Berkeley, CA, USA",2026 IEEE International Conference on Robotics and Automation (ICRA),30 Sep 2026,2026,,,12851,12858,"Search and rescue operations require unmanned aerial vehicles to both traverse unknown unstructured environments at high speed and track targets once detected. Achieving both capabilities under degraded sensing and without global localization remains an open challenge. Recent works on relative navigation have shown robust tracking by anchoring planning and control to a visible detected object, but cannot address navigation when no target is in the field of view. We present HUNT (High-speed UAV Navigation and Tracking), a real-time framework that unifies traversal, acquisition, and tracking within a single relative formulation. HUNT defines navigation objectives directly from onboard instantaneous observables such as attitude, altitude, and velocity, enabling reactive high-speed flight during search. Once a target is detected, the same perception–control pipeline transitions seamlessly to tracking. Outdoor experiments in dense forests, container compounds, and search-and-rescue operations with vehicles and mannequins demonstrate robust autonomy where global methods fail. Video: https://youtu.be/YsSflqPPHhs",,979-8-3315-8160-2,10.1109/ICRA57385.2026.11696977,,https://ieeexplore.ieee.org/stamp/stamp.jsp?arnumber=11696977,,Tracking;Arrays;Autonomous aerial vehicles;Navigation;Printing;Equations;Tagging;Forests;Global Positioning System;Modeling,,,,25,IEEE,30 Sep 2026,1-5 June 2026,1-5 June 2026,IEEE,IEEE Conferences
Robust visual-inertial localization with weak GPS priors for repetitive UAV flights,J. Surber; L. Teixeira; M. Chli,"ETH, Vision for Robotics Lab, Zurich, Switzerland; ETH, Vision for Robotics Lab, Zurich, Switzerland; ETH, Vision for Robotics Lab, Zurich, Switzerland",2017 IEEE International Conference on Robotics and Automation (ICRA),24 Jul 2017,2017,,,6300,6306,"Agile robots, such as small Unmanned Aerial Vehicles (UAVs) can have a great impact on the automation of tasks, such as industrial inspection and maintenance or crop monitoring and fertilization in agriculture. Their deploy-ability, however, relies on the UAV's ability to self-localize with precision and exhibit robustness to common sources of uncertainty in real missions. Here, we propose a new system using the UAV's onboard visual-inertial sensor suite to first build a Reference Map of the UAV's workspace during a piloted reconnaissance flight. In subsequent flights over this area, the proposed framework combines keyframe-based visual-inertial odometry with novel geometric image-based localization, to provide a real-time estimate of the UAV's pose with respect to the Reference Map paving the way towards completely automating repeated navigation in this workspace. The stability of the system is ensured by decoupling the local visual-inertial odometry from the global registration to the Reference Map, while GPS feeds are used as a weak prior for suggesting loop closures. The proposed framework is shown to outperform GPS localization significantly and diminishes drift effects via global image-based alignment for consistently robust performance.",,978-1-5090-4633-1,10.1109/ICRA.2017.7989745,,https://ieeexplore.ieee.org/stamp/stamp.jsp?arnumber=7989745,,Global Positioning System;Estimation;Cameras;Robots;Three-dimensional displays;Optimization;Uncertainty,,43,,19,IEEE,24 Jul 2017,29 May-3 June 2017,29 May-3 June 2017,IEEE,IEEE Conferences
High-Altitude Visual Feature-Based Multi-Sensor Tightly Coupled Pose Estimation,Y. Yuan; H. Liu; X. Liu,"Aviation Industry Computing Technology Research Institute, Xi’an, China; Aviation Industry Computing Technology Research Institute, Xi’an, China; Aviation Industry Computing Technology Research Institute, Xi’an, China","2025 9th International Conference on Vision, Image and Signal Processing (ICVISP)",31 Mar 2026,2025,,,1,5,"To address the challenges of visual sparsity, scale drift, and accumulated inertial errors in high-altitude aerial navigation, this paper proposes a tightly coupled multi-sensor pose estimation method based on high-altitude visual features. The proposed system first employs a target-assisted spatial alignment technique to automatically calibrate the extrinsic parameters between the visual sensor and the inertial measurement unit (IMU), ensuring spatial consistency of multi-source data. A robust feature extraction and matching module is then designed to adapt to high-altitude urban textures, which are fused with IMU data through a tightly coupled optimization framework for high-frequency and high-accuracy pose estimation. Furthermore, a combination of local sliding-window optimization and global factor graph optimization is adopted to suppress cumulative drift and achieve globally consistent mapping. Experimental results demonstrate that the proposed method outperforms state-of-the-art algorithms such as VINS-Mono and ORB-SLAM3, achieving 23.6% improvement in pose accuracy and $18.5 \%$ enhancement in real-time performance under rapid attitude variations and unstable illumination. This work provides a reliable technical foundation for high-altitude UAV autonomous navigation, urban inspection, and aerial situational awareness.",,979-8-3315-5682-2,10.1109/ICVISP68610.2025.11451677,,https://ieeexplore.ieee.org/stamp/stamp.jsp?arnumber=11451677,High-altitude visual features;Multi-sensor fusion;Tightly coupled pose estimation;Graph optimization;UAV navigation,Visualization;Measurement units;Pose estimation;Signal processing algorithms;Lighting;Signal processing;Autonomous aerial vehicles;Real-time systems;Reliability;Optimization,,,,10,IEEE,31 Mar 2026,28-30 Nov. 2025,28-30 Nov. 2025,IEEE,IEEE Conferences
Scalable Outdoors Autonomous Drone Flight with Visual-Inertial SLAM and Dense Submaps Built without LiDAR,S. B. Laina; S. Boche; S. Papatheodorou; D. Tzoumanikas; S. Schaefer; H. Chen; S. Leutenegger,"Mobile Robotics Lab, School of Computation, Information and Technology, Technical University of Munich; Mobile Robotics Lab, School of Computation, Information and Technology, Technical University of Munich; Mobile Robotics Lab, School of Computation, Information and Technology, Technical University of Munich; Department of Computing, Smart Robotics Lab, Imperial College London; Mobile Robotics Lab, School of Computation, Information and Technology, Technical University of Munich; Mobile Robotics Lab, School of Computation, Information and Technology, Technical University of Munich; Mobile Robotics Lab, School of Computation, Information and Technology, Technical University of Munich",2025 IEEE/RSJ International Conference on Intelligent Robots and Systems (IROS),27 Nov 2025,2025,,,5440,5447,"Autonomous navigation is needed for several robotics applications. In this paper we present an autonomous Micro Aerial Vehicle (MAV) system which purely relies on cost-effective and light-weight passive visual and inertial sensors to perform large-scale autonomous navigation in outdoor, unstructured and cluttered environments. We leverage visual-inertial simultaneous localization and mapping (VI-SLAM) for accurate MAV state estimates and couple it with a volumetric occupancy submapping system to achieve a scalable mapping framework which can be directly used for path planning. To ensure the safety of the MAV during navigation, we also propose a novel reference trajectory anchoring scheme that deforms the reference trajectory the MAV is tracking upon state updates from the VI-SLAM system in a consistent way, even upon large state updates due to loop-closures. We thoroughly validate our system in both real and simulated forest environments and at peak velocities up to 3 m/s – while not encountering a single collision or system failure. To the best of our knowledge, this is the first system which achieves this level of performance in such an unstructured environment using low-cost passive visual sensors and fully on-board computation, including VI-SLAM. Code available at https://github.com/ethz-mrl/mrl_navigation.",2153-0866,979-8-3315-4393-8,10.1109/IROS60139.2025.11247748,,https://ieeexplore.ieee.org/stamp/stamp.jsp?arnumber=11247748,,Visualization;Tracking loops;Simultaneous localization and mapping;Navigation;Forestry;Sensor systems;Trajectory;Safety;State estimation;Autonomous robots,,3,,36,IEEE,27 Nov 2025,19-25 Oct. 2025,19-25 Oct. 2025,IEEE,IEEE Conferences
Concrete defects inspection and 3D mapping using CityFlyer quadrotor robot,L. Yang; B. Li; W. Li; H. Brand; B. Jiang; J. Xiao,"Electrical Engineering Department, City College of New York, New York, NY, USA; Clemson University, Clemson, SC, USA; Amazon AWS AI, Seattle, WA, USA; Clemson University, Clemson, SC, USA; Electrical Engineering Department, City College of New York, New York, NY, USA; Electrical Engineering Department, City College of New York, New York, NY, USA",IEEE/CAA Journal of Automatica Sinica,29 Jun 2020,2020,7,4,991,1002,"The concrete aging problem has gained more attention in recent years as more bridges and tunnels in the United States lack proper maintenance. Though the Federal Highway Administration requires these public concrete structures to be inspected regularly, on-site manual inspection by human operators is time-consuming and labor-intensive. Conventional inspection approaches for concrete inspection, using RGB image-based thresholding methods, are not able to determine metric information as well as accurate location information for assessed defects for conditions. To address this challenge, we propose a deep neural network ( DNN ) based concrete inspection system using a quadrotor flying robot ( referred to as CityFlyer ) mounted with an RGB-D camera. The inspection system introduces several novel modules. Firstly, a visual-inertial fusion approach is introduced to perform camera and robot positioning and structure 3D metric reconstruction. The reconstructed map is used to retrieve the location and metric information of the defects. Secondly, we introduce a DNN model, namely AdaNet, to detect concrete spalling and cracking, with the capability of maintaining robustness under various distances between the camera and concrete surface. In order to train the model, we craft a new dataset, i.e., the concrete structure spalling and cracking ( CSSC ) dataset, which is released publicly to the research community. Finally, we introduce a 3D semantic mapping method using the annotated framework to reconstruct the concrete structure for visualization. We performed comparative studies and demonstrated that our AdaNet can achieve 8.41 % higher detection accuracy than ResNets and VGGs. Moreover, we conducted five field tests, of which three are manual hand-held tests and two are drone-based field tests. These results indicate that our system is capable of performing metric field inspection, and can serve as an effective tool for civil engineers.",2329-9274,,10.1109/JAS.2020.1003234,,https://ieeexplore.ieee.org/stamp/stamp.jsp?arnumber=9128075,,Inspection;Concrete;Three-dimensional displays;Visualization;Cameras;Robot vision systems,,71,,,,29 Jun 2020,July 2020,,IEEE,IEEE Journals
Multiview Landmark-Assisted UAV Swarm 6-DoF Pose Estimation Using Resonant Beam and VIO,S. Du; M. Xu; Y. Li; W. Fang; Q. Liu; P. Yi; Y. Hong,"School of Computer Science and Technology, Tongji University, Shanghai, China; School of Computer Science and Technology, Tongji University, Shanghai, China; School of Computer Science and Technology, Tongji University, Shanghai, China; College of Electronic and Information Engineering, Tongji University, Shanghai, China; School of Computer Science and Technology, Tongji University, Shanghai, China; College of Electronic and Information Engineering, Tongji University, Shanghai, China; Key Laboratory of Systems and Control, Academy of Mathematics and Systems Science, Chinese Academy of Sciences, Beijing, China",IEEE Internet of Things Journal,24 Jul 2025,2025,12,15,31511,31525,"As an essential aerial platform in Internet of Things (IoT) applications, UAV swarms require high-precision attitude estimation in GPS-limited and dynamic environments, which supports higher-level IoT functions, such as smart logistics, disaster response, and environmental monitoring. However, most odometry-based pose estimation methods in dynamic scenarios without GPS encounter issues with cumulative errors over time. In this article, we propose a method to reduce these cumulative errors by constraining the absolute positioning of visual-inertial odometry (VIO) using relative poses obtained from multiview landmark and resonant-beam (RBeam) sensors between UAVs. For synchronous moments, we estimate the six Degree-of-Freedom (DoF) relative pose using the Angle of Arrival and Time of Flight data from the RBeam, combined with nonlinear optimization. For asynchronous moments, a two-stage visual estimation method is introduced, combining multicamera epipolar geometry for rotation recovery and depth reconstruction optimization for translation recovery, enabling the estimation of asynchronous relative poses (ARPs). Finally, we design a global objective function based on a sliding window and factor graph, integrating RBeam, multiview landmark, and VIO for absolute 6-DoF pose optimization of the UAV swarm. Simulation results demonstrate that optimizing with the addition of RBeam synchronous relative poses improves overall positioning accuracy by 32.94% compared to pure VIO. Incorporating both RBeam synchronous and visual ARPs further enhances overall positioning accuracy by 37.65%. Additionally, the UAV’s attitude benefits from the rotational constraints provided by the RBeam, achieving over 30% improvement in the pitch and yaw directions.",2327-4662,,10.1109/JIOT.2025.3573755,"National Key Research and Development Program of China(grant numbers:2022YFA1004700); National Natural Science Foundation of China(grant numbers:62301308,62305019,62371342,62071334); Shanghai Municipal Science and Technology Major Project(grant numbers:2021SHZDZX0100); Shanghai Municipal Commission of Science and Technology Project(grant numbers:19511132101); Aeronautical Science Foundation of China(grant numbers:20230007038001); Fundamental Research Funds for the Central Universities(grant numbers:22120210543); ",https://ieeexplore.ieee.org/stamp/stamp.jsp?arnumber=11015913,Deep reconstruction optimization;multicamera epipolar geometry;resonant beam positioning,Autonomous aerial vehicles;Location awareness;Accuracy;Optimization;Pose estimation;Visualization;Drones;Sensors;Internet of Things;6-DOF,,1,,38,IEEE,26 May 2025,"1 Aug.1, 2025",,IEEE,IEEE Journals
Monitoring Jackfruit Growth Based on YOLOv8 with Unmanned Aerial Vehicles,H. Han; Z. Wang; D. Wu,"School of Information and Communication Engineering Hainan University, Haikou, China; School of Information and Communication Engineering Hainan University, Haikou, China; School of Information and Communication Engineering Hainan University, Haikou, China",2024 IEEE International Conference on Unmanned Systems (ICUS),22 Jan 2025,2024,,,1641,1646,"Jackfruit trees are usually tall, making manual monitoring methods inefficient for jackfruit cultivation. In this paper, we propose utilizing an unmanned aerial vehicle (UAV) equipped with the YOLOv8 algorithm for jackfruit growth monitoring, alongside Visual-Inertial Navigation System Fusion (Vins-Fusion) for positioning and integrated front-end and back-end trajectory optimization techniques. We collect sample data by photographing jackfruit and searching for images on the internet. The data are annotated using LabelImg and then used to train the deep learning model. The trained model is deployed on the UAV, which is equipped with a Jetson module and a depth camera, to achieve aerial detection of jackfruit ripeness and determine if they are rotten, using the YOLOv8 algorithm. Finally, we discuss the experimental results, focusing on training loss, validation loss, precision, recall, and mean average precision (mAP), and flight recognition capability. The results demonstrate that the UAV can efficiently, autonomously, and accurately detect the ripeness of jackfruit and determine whether it is rotten.",2771-7372,979-8-3503-8418-5,10.1109/ICUS61736.2024.10839928,Natural Science Foundation of Hainan Province(grant numbers:624MS036); ,https://ieeexplore.ieee.org/stamp/stamp.jsp?arnumber=10839928,jackfruit;deep learning;YOLOv8;unmanned aerial vehicle (UAV);Visual-Inertial Navigation System Fusion (Vins-Fusion);B-spline,Training;Accuracy;Navigation;Manuals;Autonomous aerial vehicles;Planning;Splines (mathematics);Monitoring;Trajectory optimization;Testing,,,,20,IEEE,22 Jan 2025,18-20 Oct. 2024,18-20 Oct. 2024,IEEE,IEEE Conferences
Aerial Swarm Search for GNSS-Denied Maritime Surveillance,S. Yang; D. Lin; S. He; I. Hussain; L. Seneviratne,"School of Aerospace Engineering, Beijing Institute of Technology, Beijing, China; School of Aerospace Engineering, Beijing Institute of Technology, Beijing, China; School of Aerospace Engineering, Beijing Institute of Technology, Beijing, China; Centre for Autonomous Robotic Systems, Khalifa University, Abu Dhabi, UAE; Centre for Autonomous Robotic Systems, Khalifa University, Abu Dhabi, UAE",IEEE Transactions on Aerospace and Electronic Systems,10 Jun 2024,2024,60,3,3442,3453,"The purpose of this article is to introduce an unmanned aerial swarm control strategy that has been developed specifically for the MBZIRC 2024 competition inspection task, which requires the UAV swarm to search within a global navigation satellite system-denied ocean space. The proposed approach utilizes control barrier functions (CBF) to encode the constraints and control each unmanned aerial vehicle (UAV) using an optimization-based method. We first establish the UAV model by taking energy consumption and the need for charging into consideration, which are then encoded using CBF. Following this, we propose a CBF that ensures each UAV maintains a certain distance from two selected UAVs or beacons on the coast, enabling the swarm to maintain a certain formation using localization algorithms by measuring relative distances. Finally, we present a CBF that integrates Lloyd's algorithm and variable density to enable the swarm to exhibit searching behavior. In numerical simulation with 14 searching UAVs and 3 beacon UAVs, the proposed algorithm shows great scalability and can successfully search the entire task area within 5 min, capable of handling all the constraints, i.e., localization distance, collision avoidance, energy consumption, and task performance, in the considered problem. In our physical experiment with 3 searching UAVs and 3 beacons, the proposed algorithm can accomplish the searching mission within 30 s.",1557-9603,,10.1109/TAES.2024.3362764,National Key Research and Development Program of China(grant numbers:2022YFE0204400); National Natural Science Foundation of China(grant numbers:52302449); ,https://ieeexplore.ieee.org/stamp/stamp.jsp?arnumber=10423249,Aerial maritime surveillance;control barrier functions (CBF);global navigation satellite system (GNSS)-denied environment;unmanned aerial vehicle (UAV) swarm,Autonomous aerial vehicles;Location awareness;Task analysis;Visualization;Sensors;Search problems;Energy consumption,,20,,42,IEEE,6 Feb 2024,June 2024,,IEEE,IEEE Journals
Infrastructure-Less UWB-based Navigation via Radar Dead Reckoning for Harsh Indoor Environments Application,M. Lee; J. Lee; K. Seo; B. Ko; J. Song,"Department of Artificial Intelligence and Robotics, and Convergence Engineering for Intelligent Drone, AIRI, Sejong University, Seoul, Korea; Department of Intelligent Mechatronics Engineering and Convergence Engineering for Intelligent Drone, AIRI, Sejong University, Seoul, Korea; Department of Artificial Intelligence and Robotics, and Convergence Engineering for Intelligent Drone, AIRI, Sejong University, Seoul, Korea; Department of Convergence Engineering for Artificial Intelligence and Convergence Engineering for Intelligent Drone, AIRI, Sejong University, Seoul, Korea; Department of Artificial Intelligence and Robotics, and Convergence Engineering for Intelligent Drone, AIRI, Sejong University, Seoul, Korea","2025 25th International Conference on Control, Automation and Systems (ICCAS)",29 Dec 2025,2025,,,1568,1573,"This paper presents a localization approach based on an Error-state Kalman Filter (EsKF) that integrates Ultra Wide Band (UWB), Radar, and Inertial Measurement Unit (IMU) sensors for use in harsh indoor environments. Radar was employed to overcome the environmental limitations of conventional cameras and LiDAR, while UWB was utilized to correct the accumulated navigation errors. However, UWB is difficult to employ in environments without prior information. Therefore, we address the infrastructure-less environments where no prior information is available about the UWB anchors' positions by proposing a particle filter-based method to efficiently estimate the unknown anchor positions. By fusing the two proposed techniques, robust localization is achieved even in challenging indoor scenarios without prior knowledge of the UWB anchor positions. To validate the system, Radar and IMU measurements were collected through experiments, and simulated UWB anchor measurements were generated based on the experimental ground truth. The proposed method improves both the performance and practical applicability of localization in indoor and infrastructureless environments.",2642-3901,978-8-9932-1539-7,10.23919/ICCAS66577.2025.11301180,National Research Foundation of Korea; Ministry of Education(grant numbers:2020R1A6A1A03038540); ,https://ieeexplore.ieee.org/stamp/stamp.jsp?arnumber=11301180,Indoor navigation;particle filter;error-state Kalman filter;radar dead-reckoning;UWB;unknown anchor localization;sensor fusion,Location awareness;Dead reckoning;Atmospheric measurements;Estimation;Position measurement;Particle measurements;Indoor environment;Reliability;Kalman filters;Ultra wideband radar,,,,16,,29 Dec 2025,4-7 Nov. 2025,4-7 Nov. 2025,IEEE,IEEE Conferences
Performance Evaluation of AI-Enabled Autonomous Drone Navigation Systems Using Computer Vision,S. Gali; S. A. Zabeen; J. Manasa; S. Yasmin; V. Manisha; V. Nagamani,"ECE Dept, Santhiram Engineering College, Nandyal, AP.; Dept of ECE, Santhiram Engineering College, Nandyal, A.P.; Dept of ECE, Santhiram Engineering College, Nandyal, A.P.; Dept of ECE, Santhiram Engineering College, Nandyal, A.P.; Dept of ECE, Santhiram Engineering College, Nandyal, A.P.; Dept of ECE, Santhiram Engineering College, Nandyal, A.P.",2026 International Conference on Machine Learning and Autonomous Systems (ICMLAS),1 May 2026,2026,,,1508,1515,"The current state of AI and computer vision has reached a long way in the area of drone navigation, being able to navigate at full in a dynamic environment and locations with low GPSs. This form of traditional navigation is limited within the fringes of environmental vagaries, dynamically moving obstructions, and real-time decision-making demands over and beyond the set logic of satellite-based navigation. In this paper, the AI-based navigation methodologies will be exposed to deep analysis, which relies upon an assessment by the computer vision of the perception, flight control, path planning, and obstacle avoidance. The analysis system is based on the key performance indicators: accuracy of object detection, flight stability, accuracy of navigation decisions, latency and safety reliability. ConvNets and vision transformers are the deep learning architectures that have been discovered in object detection in real-time, depth estimation, and scene understanding. Based on the experiment findings, accuracy of the mean object detection within the above 95percent range of precision and recall values has been obtained both indoors and outdoors. The combination of visual perception with inertial and depth sensing with fusion adaptive sensor technology has enhanced the localization of nearly 35 % drift when worse off than the approach that is based on vision alone. The system flight stability demonstrates the improvement of 30 percent in attitude control uniformity in case of dynamic movement of the drone. Although the autonomous decision-making and path planning modules are guided by a series of AI algorithms in relation to any moving obstacles or other environmental limitations, the navigation decision accuracy of 94.1 % is achieved, with an average inference latency of 38 milliseconds, and this system can perform under the real-time operation capability. Dynamic obstacle avoidance maintains safety even in cluttered and unpredictable conditions in an astonishing 94.3% of the engagements. Trajectory optimization in experimental proof features have reported that the time to complete a mission has been reduced by 22 percent by the achievement of a smoother and energetically deep path. All these findings meant that AI-incorporated vision enhanced significantly the quality of functioning in the area of exploration of an autonomous drone system in action. The study includes a vivid critique of the issues presented in the context of scaling, computing efficiency, and uncertainty management, whereby simultaneous recommendations on how to improve the situation were put forward in further work of establishing safe, and sound operation of unmanned aerial vehicles. These appraisals will play an important role in the future research which will see the utilization of Intelligent UAV Navigation Systems in complex and real world scenarios.",,979-8-3315-7457-4,10.1109/ICMLAS67792.2026.11483799,,https://ieeexplore.ieee.org/stamp/stamp.jsp?arnumber=11483799,navigation by computer-vision-based perception;deep-learning models of object detection accuracy;sensor fusion techniques;visual-inertial navigation;dynamic obstacle avoidance;intelligent path planning;flight stability analysis;real-time navigation system;UAV safety and reliability;autonomous aerial systems,Aerospace control;Attitude control;Payloads;Aerospace and electronic systems;Telemetry;Jamming;Military aircraft;Space technology;Feeds;Kalman filters,,,,15,IEEE,1 May 2026,11-13 March 2026,11-13 March 2026,IEEE,IEEE Conferences
Agile Formation Control of Drone Flocking Enhanced With Active Vision-Based Relative Localization,P. Zhang; G. Chen; Y. Li; W. Dong,"State Key Laboratory of Mechanical System and Vibration, School of Mechanical Engineering, Shanghai Jiao Tong University, Shanghai, China; State Key Laboratory of Mechanical System and Vibration, School of Mechanical Engineering, Shanghai Jiao Tong University, Shanghai, China; State Key Laboratory of Mechanical System and Vibration, School of Mechanical Engineering, Shanghai Jiao Tong University, Shanghai, China; State Key Laboratory of Mechanical System and Vibration, School of Mechanical Engineering, Shanghai Jiao Tong University, Shanghai, China",IEEE Robotics and Automation Letters,9 May 2022,2022,7,3,6359,6366,"The vision-based relative localization can provide effective feedback for the cooperation of aerial swarm and has been widely investigated in previous works. However, the limited field of view (FOV) inherently restricts its performance. To cope with this issue, we propose a novel distributed active vision-based relative localization framework and apply it to formation control in aerial swarms. Inspired by bird flocks in nature, we realize omnidirectional visual detection with a novel active vision structure and devise graph-based attention planning (GAP) to obtain the optimal observation target assignment for the swarm’s active vision. Then active visual detection results are fused with onboard measurements from Ultra-WideBand (UWB) and visual-inertial odometry (VIO) to obtain real-time relative positions, which further improve the formation control performance of the swarm. Simulations and experiments demonstrate that the proposed active vision system outperforms the fixed vision system in terms of estimation and formation accuracy.",2377-3766,,10.1109/LRA.2022.3171096,"Scientific and Technical Innovation 2030-“Artificial Intelligence of New Generation” Major Project(grant numbers:2018AAA0102704); National Natural Science Foundation of China(grant numbers:51975348,51605282); NVIDIA cooperation; ",https://ieeexplore.ieee.org/stamp/stamp.jsp?arnumber=9765385,Multi-robot systems;localization;omnidirect- ional vision,Drones;Cameras;Location awareness;Visualization;Estimation;Planning;Image edge detection,,54,,31,IEEE,28 Apr 2022,July 2022,,IEEE,IEEE Journals
Visual Inertial Navigation for a Small UAV Using Sparse and Dense Optical Flow,F. Fanin; J. -H. Hong,"School of Aerospace, Transport and Manufacturing, Cranfield University, Cranfield MK43 0AL, UK; School of Aerospace, Transport and Manufacturing, Cranfield University, Cranfield MK43 0AL, UK","2019 Workshop on Research, Education and Development of Unmanned Aerial Systems (RED UAS)",17 Feb 2020,2019,,,206,212,There has been a recent surge in interest regarding small Unmanned Aerial Vehicles (UAV) that operate in indoor environments. A crucial part of such platforms is the navigation system that allows them to navigate in Global Navigation Satellite System (GNSS) denied environments. The two objectives of this work were to develop an Optical Flow (OF) based method for navigation and a high-fidelity simulation for testing and verification. This paper presents the Visual-Inertial Navigation System (VINS) developed that utilises sparse and dense Optical Flow patterns within an Extended Kalman Filter (EKF) framework for autonomous navigation in GNSS denied environments. The principal novelty is the use of dense Optical Flow measurements to estimate the velocity of the UAV.,,978-1-7281-6600-1,10.1109/REDUAS47371.2019.8999672,,https://ieeexplore.ieee.org/stamp/stamp.jsp?arnumber=8999672,,Global navigation satellite system;Visualization;Inertial navigation;Optical variables measurement;Autonomous aerial vehicles;Velocity measurement;Kalman filters;Surges;Optical flow;Testing,,5,,9,IEEE,17 Feb 2020,25-27 Nov. 2019,25-27 Nov. 2019,IEEE,IEEE Conferences
Long-Range Dense Mapping With Enhanced Accuracy via a Flying Variable-Baseline Stereo System,Z. Wang; W. Dong,"State Key Laboratory of Mechanical System and Vibration, School of Mechanical Engineering, Shanghai Jiao Tong University, Shanghai, China; State Key Laboratory of Mechanical System and Vibration, School of Mechanical Engineering, Shanghai Jiao Tong University, Shanghai, China",IEEE Sensors Journal,17 Sep 2025,2025,25,18,35131,35143,"For unmanned aerial vehicle (UAV) swarms equipped with cameras operating in large-scale urban environments, long-range mapping is an effective approach to enhancing safe navigation. Conventional stereo vision systems are inherently limited by their compact structure and fixed baselines, restricting their effective sensing range. This article presents flying variable-baseline stereo (VB-stereo)—a collaborative stereo vision system that utilizes two coordinately flying UAVs to form a spatially flexible stereo configuration for long-range dense mapping. We first propose a collaborative variable-baseline stereo mapping (CVBSM) framework that integrates online variable-baseline (VB) estimation, cross-agent feature association, and sparse-to-dense exponential fitting to achieve long-range dense mapping. Building on this framework, we further analyze the optimal stereo baseline that balances geometric parallax and baseline estimation uncertainty to enhance mapping accuracy across different scene depths. Extensive real-world experiments demonstrate that our approach enables dense 3-D reconstruction up to 70 m, achieving relative errors between 2.3% and 9.6%. Notably, the optimal baseline length is shown to increase consistently with scene depth. This provides effective guidance for adaptive baseline selection, thereby enhancing reconstruction accuracy across targeted depth intervals. These results demonstrate the potential of VB collaboration for long-range UAV perception and open new directions for future research in aerial swarm mapping.Video: https: //youtu.be/AfTm54kpcSo",1558-1748,,10.1109/JSEN.2025.3596433,National Key Research and Development Program of China(grant numbers:2024YFB4707400); Shanghai Rising-Star Program(grant numbers:22QA1404400); ,https://ieeexplore.ieee.org/stamp/stamp.jsp?arnumber=11123619,3-D visual mapping;collaborative flying robots;variable-baseline stereo (VB-stereo) sensors,Accuracy;Autonomous aerial vehicles;Visualization;Estimation;Cameras;Collaboration;Pipelines;Intelligent sensors;Uncertainty;Training,,,,28,IEEE,12 Aug 2025,"15 Sept.15, 2025",,IEEE,IEEE Journals
Vision-Based UAV Localization by Aerial and Satellite Image Matching,H. -Y. Lin; P. -H. Chen; C. -W. Yeh,"Department of Computer Science and Information Engineering, National Taipei University of Technology, Taipei, Taiwan; Department of Computer Science and Information Engineering, National Taipei University of Technology, Taipei, Taiwan; Department of Computer Science and Information Engineering, National Taipei University of Technology, Taipei, Taiwan",IEEE Access,24 Apr 2026,2026,14,,61452,61461,"The deployment of Unmanned Aerial Vehicles (UAVs) in tasks such as urban surveillance, disaster assessment, and logistics necessitates enhanced autonomous navigation capabilities. Traditionally, the localization of UAVs relies on Global Navigation Satellite Systems (GNSS). However, in urban canyons, indoor environments, or bad weather conditions, GNSS signals are prone to obstruction and interference, leading to degraded navigation performance. To overcome the limitations, the development of GNSS-denied alternative localization techniques has become an important topic. In this paper we present an UAV visual localization and heading estimation in GNSS-denied environments by matching the UAV overhead imagery with satellite maps. The proposed NavCLIP constructs an image database using satellite data and retrieves the best-matched by querying with aerial images. A homography matrix is then employed to estimate the UAV location and yaw angle. Due to the lack of publicly available datasets, this work collects an aerial and satellite image dataset (UAV-Satellite Dataset) for training and validation. The experimental results show strong localization performance on the Google Earth dataset, while UAV flight experiments exhibit larger localization errors under the real-world conditions. In addition, the proposed technique improves over the GeoCLIP baseline and achieves low heading estimation error. Code and dataset are available on GitHub at https://github.com/PHChenGit/NavCLIP",2169-3536,,10.1109/ACCESS.2026.3684630,Ministry of Science and Technology of Taiwan(grant numbers:NSTC 113-2221-E-027-092); ,https://ieeexplore.ieee.org/stamp/stamp.jsp?arnumber=11482416,Unmanned aerial vehicle;GNSS-denied localization;visual positioning;satellite-aerial image matching,Satellite images;Earth Observing System;Payloads;Feeds;Circuits and systems;Internet;Location awareness;Pixel;Communication systems;Computer networks,,,,34,CCBY,16 Apr 2026,2026,,IEEE,IEEE Journals
Augmented Ultra-Wideband Localization for Quadrotor UAV: Disturbance Rejection and Credibility Quantification,J. Jia; W. Li; X. Yu; Y. Wang; K. Guo; L. Guo,"Hangzhou Innovation Institute, Beihang University, Hangzhou, China; Hangzhou Innovation Institute, Beihang University, Hangzhou, China; School of Automation Science and Electrical Engineering, Beihang University, Beijing, China; School of Astronautics, Beihang University, Beijing, China; School of Aeronautic Science and Engineering, Beihang University, Beijing, China; School of Automation Science and Electrical Engineering, Beihang University, Beijing, China",IEEE Transactions on Industrial Electronics,3 Apr 2026,2026,73,5,7795,7805,"Uninterrupted and accurate indoor localization without global navigation satellite systems (GNSS) is a challenging problem for quadrotor unscrewed aerial vehicles (UAVs). In this article, a plug-and-play ultra-wideband (UWB)-augmented localization scheme is developed, which is characterized by: 1) the embedded UAV dynamics to enrich information sources; 2) the composite disturbance filtering (CDF) algorithm for refined antidisturbance position estimation under UAV dynamic uncertainties and UWB measurement noises; and 3) a novel localization credibility metric which takes both system configuration and real-time algorithm operation status into account. By virtue of refined disturbance rejection and real-time credibility quantification, the designed UWB-augmented module allows for seamless integration into the existing UAV localization systems like the visual-inertial odometry (VIO), enhancing the overall localization performance with high-credibility UWB data. The effectiveness of the proposed scheme is demonstrated by developing and testing a UWB-augmented VIO localization system for quadrotor UAVs.",1557-9948,,10.1109/TIE.2025.3642438,"National Natural Science Foundation of China(grant numbers:62425302,62388101,62373033,62595803); National Key R&D Program of China(grant numbers:2024YFB3909400); China Postdoctoral Science Foundation(grant numbers:2025M784309); Natural Science Foundation of Zhejiang Province(grant numbers:LZ23F030011); ",https://ieeexplore.ieee.org/stamp/stamp.jsp?arnumber=11319206,Composite disturbance filtering (CDF);credibility quantification;plug-and-play;quadrotor unscrewed aerial vehicle (UAV);ultra-wideband (UWB)-augmented localization,Location awareness;Autonomous aerial vehicles;Quadrotors;Estimation;Real-time systems;Distance measurement;Nonlinear optics;Measurement;Heuristic algorithms;Uncertainty,,,,37,IEEE,30 Dec 2025,May 2026,,IEEE,IEEE Journals
A Modified DSSFN Architecture with E-FDPC Band Selection and Intermediate Cross-Attention for UAV-Based Hyperspectral Image Classification,D. Katkalo,"Educational and Research Institute for Applied System Analysis, National Technical University of Ukraine ""Igor Sikorsky Kyiv Polytechnic Institute"", Kyiv, Ukraine",2025 IEEE 8th International Conference on Methods and Systems of Navigation and Motion Control (MSNMC),24 Feb 2026,2025,,,1,5,"Classifying hyperspectral images from unmanned aerial vehicles for real-time navigation is challenged by high data dimensionality. Architectures like the Dual-Stream Self-Attention Fusion Network are often limited by heuristic band selection and late-stage fusion. We propose a modified DSSFN architecture as a navigation-grade perception module, integrating adaptive E-FDPC band selection for efficiency and a bidirectional cross-attention mechanism for early-stage fusion. This approach produces spatially coherent semantic maps, and experiments on three standard datasets show it achieves superior or highly competitive accuracy over the baseline Dual-Stream Self-Attention Fusion Network, demonstrating its potential for robust, perception-driven unmanned aerial vehicle navigation.",,979-8-3315-6961-7,10.1109/MSNMC61130.2025.11399719,,https://ieeexplore.ieee.org/stamp/stamp.jsp?arnumber=11399719,hyperspectral image classification;deep learning;unmanned aerial vehicle navigation;feature fusion;band selection;cross-attention;semantic mapping,Training;Navigation;Semantics;Spatial coherence;Autonomous aerial vehicles;Real-time systems;Planning;Standards;Hyperspectral imaging;Image classification,,,,25,IEEE,24 Feb 2026,21-24 Oct. 2025,21-24 Oct. 2025,IEEE,IEEE Conferences
Distributed Cooperative Localization for Multiuav System in GNSS Constrained Environment,H. Dai; G. Jing; D. Yang; Y. Li; Z. Ren; D. Yan,"Hangzhou International Innovation Institute, Beihang University, Hangzhou, China; School of Space and Earth Sciences Beihang University, Beijing, China; School of Electronic and Information Engineering, Beihang University, Beijing, China; Hangzhou International Innovation Institute, Beihang University, Hangzhou, China; Hangzhou International Innovation Institute, Beihang University, Hangzhou, China; Hangzhou International Innovation Institute, Beihang University, Hangzhou, China","2025 International Ubiquitous Positioning, Indoor Navigation and Location-Based Services Conference (UPINLBS)",14 Apr 2026,2025,,,1,6,"In GNSS-constrained environments, singleUAV localization based on visual-inertial odometry (VIO) or inertial navigation systems (INS) degrades rapidly due to error accumulation. We propose a distributed cooperative localization method for multi-UAV systems. Under a Fisher Information Matrix (FIM)-Extended Kalman Filter (EKF) fusion framework, pairwise constraints among UAVs are formed via networked relative measurements, and a sequential “measurement scheduling and covariance update” strategy is used to suppress error diffusion. We cast measurement scheduling as a partially observable multi-agent reinforcement learning problem and develop a Multi-Agent Double-Dueling DQN (MAD3QN) policy under centralized training and decentralized execution. Simulation results show that, compared with the MADQNbased strategy, MAD3QN reduces localization uncertainty by 32.24 % on average. The approach provides an efficient, scalable solution for distributed cooperative localization in GNSS-constrained environments.",2996-5063,979-8-3315-7138-2,10.1109/UPINLBS68186.2025.11468423,,https://ieeexplore.ieee.org/stamp/stamp.jsp?arnumber=11468423,Cooperative localization;Multi-UAV system;Reinforcement learning;Kalman filter;GNSS constrained environment,Kalman filters;Filters;Filtering;Circuits;Feedback;Circuits and systems;Internet of Things;Location awareness;Internet;Protocols,,,,15,IEEE,14 Apr 2026,17-19 Dec. 2025,17-19 Dec. 2025,IEEE,IEEE Conferences
Metric visual-inertial navigation system using single optical flow feature,S. Omari; G. Ducard,"Autonomous Systems Lab, ETH Zurich, Switzerland; I3S UNS-CNRS, France",2013 European Control Conference (ECC),2 Dec 2013,2013,,,1310,1316,"This paper introduces a state estimation framework that allows estimating the attitude, full metric speed and the orthogonal metric distance of an IMU-camera system with respect to a plane. The filter relies only on a single optical flow feature as well as gyroscope and accelerometer measurements. The underlying assumption is that the observed visual feature lies on a static plane. The orientation of the observed plane is not required to be known a priori and is also estimated at runtime. The estimation framework fuses visual and inertial measurements in an Unscented Kalman Filter (UKF). The theoretical limitations of the UKF are investigated using a nonlinear observability analysis based on Lie-derivatives. Simulations using realistic sensor noise values successfully demonstrate the performance of the filter as well as validate the findings of the observability analysis. It is shown that the state estimate is converging correctly, even in presence of substantial initial state errors. To the authors' knowledge, this paper documents for the first time the estimation of the heading and metric distance to a wall with no range sensor, relying solely on optical flow as the only exteroceptive sensing modality.",,978-3-033-03962-9,10.23919/ECC.2013.6669273,,https://ieeexplore.ieee.org/stamp/stamp.jsp?arnumber=6669273,,Vectors;Cameras;Optical variables measurement;Optical sensors;Nonlinear optics;Optical filters;Noise,,24,,23,,2 Dec 2013,17-19 July 2013,17-19 July 2013,IEEE,IEEE Conferences
Navigating the Underground: Tackling Localization Challenges for UAVs in Tunnels,J. M. González-Marín; M. A. Montes-Grova; F. J. Pérez-Grau; A. Viguria,NA; NA; NA; NA,2025 International Conference on Unmanned Aircraft Systems (ICUAS),27 May 2025,2025,,,832,838,"In this work a survey of the issues and difficulties for Unmanned Aerial Vehicles (UAVs) in underground environments, in particular tunnels, will be carried out. In addition to not having Global Navigation Satellite System (GNSS) signal or any other type of external positioning, this kind of environment will present a number of unique constraints that make a wide range of visual-inertial (VIO), or LiDAR-inertial (LIO), localization algorithms unusable. In addition, state-of-the-art algorithms will be validated with real flight data in a tunnel and possible solutions will be offered for achieving robust and reliable localization using only the on-board. In this way, the deployment of autonomous navigation tasks in these degraded environments will be pushed.",2575-7296,979-8-3315-1328-3,10.1109/ICUAS65942.2025.11007869,"European Commission(grant numbers:101058548,101071270); ",https://ieeexplore.ieee.org/stamp/stamp.jsp?arnumber=11007869,,Location awareness;Surveys;Global navigation satellite system;Autonomous aerial vehicles;Aircraft navigation;Reliability;Aircraft;Autonomous robots,,2,,24,IEEE,27 May 2025,14-17 May 2025,14-17 May 2025,IEEE,IEEE Conferences
Large-Scale Autonomous Flight With Real-Time Semantic SLAM Under Dense Forest Canopy,X. Liu; G. V. Nardari; F. Cladera; Y. Tao; A. Zhou; T. Donnelly; C. Qu; S. W. Chen; R. A. F. Romero; C. J. Taylor; V. Kumar,"GRASP Laboratory, University of Pennsylvania, Philadelphia, PA, USA; Robot Learning Laboratory, University of São Paulo, Butanta, São Paulo - State of São Paulo, Brazil; GRASP Laboratory, University of Pennsylvania, Philadelphia, PA, USA; GRASP Laboratory, University of Pennsylvania, Philadelphia, PA, USA; GRASP Laboratory, University of Pennsylvania, Philadelphia, PA, USA; GRASP Laboratory, University of Pennsylvania, Philadelphia, PA, USA; GRASP Laboratory, University of Pennsylvania, Philadelphia, PA, USA; GRASP Laboratory, University of Pennsylvania, Philadelphia, PA, USA; Robot Learning Laboratory, University of São Paulo, Butanta, São Paulo - State of São Paulo, Brazil; GRASP Laboratory, University of Pennsylvania, Philadelphia, PA, USA; GRASP Laboratory, University of Pennsylvania, Philadelphia, PA, USA",IEEE Robotics and Automation Letters,17 Mar 2022,2022,7,2,5512,5519,"Semantic maps represent the environment using a set of semantically meaningful objects. This representation is storage-efficient, less ambiguous, and more informative, thus facilitating large-scale autonomy and the acquisition of actionable information in highly unstructured, GPS-denied environments. In this letter, we propose an integrated system that can perform large-scale autonomous flights and real-time semantic mapping in challenging under-canopy environments. We detect and model tree trunks and ground planes from LiDAR data, which are associated across scans and used to constrain robot poses as well as tree trunk models. The autonomous navigation module utilizes a multi-level planning and mapping framework and computes dynamically feasible trajectories that lead the UAV to build a semantic map of the user-defined region of interest in a computationally and storage efficient manner. A drift-compensation mechanism is designed to minimize the odometry drift using semantic SLAM outputs in real time, while maintaining planner optimality and controller stability. This leads the UAV to execute its mission accurately and safely at scale.",2377-3766,,10.1109/LRA.2022.3154047,"the IoT4Ag Engineering Research Center; National Science Foundation(grant numbers:EEC-1941529); NSF(grant numbers:CCR-2112665); National Institute of Food and Agriculture(grant numbers:2022-67021-36856); C-BRIC; Semiconductor Research Corporation Joint University Microelectronics Program cosponsored by DARPA; INCT-INSac(grant numbers:CNPq 465755/2014-3,FAPESP 2014/50851-0,2017/17444-0); ",https://ieeexplore.ieee.org/stamp/stamp.jsp?arnumber=9720974,Aerial systems: perception and autonomy;field robotics;robotics and automation in agriculture and forestry;SLAM,Simultaneous localization and mapping;Computational modeling;Semantics;Forestry;Autonomous aerial vehicles;Real-time systems;Data models;Stability analysis;Trajectory;Planning,,97,,27,IEEE,24 Feb 2022,April 2022,,IEEE,IEEE Journals
LiDAR-Inertial Odometry with Uncertainty IEKF and Ground Constraint,H. Luo; C. Cao,"School of computer and information, Anhui Polytechnic University, Wuhu, China; School of computer and information, Anhui Polytechnic University, Wuhu, China",2024 6th International Conference on Robotics and Computer Vision (ICRCV),26 Nov 2024,2024,,,201,206,"Over the past few decades, LiDAR-inertial odometry algorithms have advanced significantly, showing satisfactory performance in Unmanned Ground Vehicles (UGVs), Unmanned Aerial Vehicle (UAV s), and various mobile robots across diverse environments. For mobile robots, the continuous acquisition of LiDAR points results in motion distortion due to the movement of the sensor. Most existing algorithms correct motion distortion primarily through Inertial Measurement Unit (IMU) integration or pre-integration. However, these approaches often neglect the uncertainties associated with acquisition time, range measurements, and pose transformations of each point. To address this, we introduce a novel LiDAR-inertial odometry algorithm with uncertainty Iterated Extended Kalman Filter (U - IEKF). By integrating state covariance with acquisition time and point range, our method employs weighted adjustments to point-plane residuals, enhancing accuracy. Additionally, our algorithm incorporates ground constraints through ground segmentation, specifically improving state estimation for ground mobile robots. Validation on public datasets demonstrates our method's superiority, with average error reductions of 47.6% and 11.6% on the UrbanNav and UrbanLoco datasets compared to our baseline.",,979-8-3315-2742-6,10.1109/ICRCV62709.2024.10758574,,https://ieeexplore.ieee.org/stamp/stamp.jsp?arnumber=10758574,Mobile Robots;Simultaneous Localization and Mapping (SLAM);Iterated Extended Kalman Filter (IEKF);Uncertainty Propagation,Uncertainty;Laser radar;Accuracy;Distortion;Autonomous aerial vehicles;Time measurement;Odometry;Mobile robots;Kalman filters;State estimation,,,,15,IEEE,26 Nov 2024,20-22 Sept. 2024,20-22 Sept. 2024,IEEE,IEEE Conferences
An Online Calibration 2-DoF Attitude and Height State Estimator,Z. Yang; Q. Zong; H. Chen; B. Tian,"School of Electrical and Information Engineering, Tianjin University, Tianjin, P. R. China; School of Electrical and Information Engineering, Tianjin University, Tianjin, P. R. China; School of Electrical and Information Engineering, Tianjin University, Tianjin, P. R. China; School of Electrical and Information Engineering, Tianjin University, Tianjin, P. R. China",2020 39th Chinese Control Conference (CCC),9 Sep 2020,2020,,,3252,3257,"The Visual-inertial based simultaneous localization and mapping (SLAM) method has been a hot topic in recent years. When Unmanned Aerial Vehicle (UAV) detects in the unknown environment, stable control and mapping is need. It is intolerable for the error of roll and pitch estimation of the attitude, and the altitude needs to maintain continuous and effective observations to prevent drift. In this paper, based on nonlinear optimization methods with a sliding window, we propose an visual-inertial odometry that solves more precise pitch and roll by IMU using EKF algorithm and integrates it into the tightly-coupled state estimation to keep 2-DoF attitude estimation precision, while simultaneous calculating the 6-DoF state by IMU pre-integration and vision. Meanwhile, the height radar is used to eliminate the cumulative drift of the drone height. A terrain estimator is set to prevent terrain abrupt changes.",1934-1768,978-9-8815-6390-3,10.23919/CCC50068.2020.9188820,,https://ieeexplore.ieee.org/stamp/stamp.jsp?arnumber=9188820,Visual-inertial Odometry;State Estimator;Attitude Correction,Feature extraction;Cameras;Drones;Acceleration;Accelerometers;State estimation;Optimization,,,,16,,9 Sep 2020,27-29 July 2020,27-29 July 2020,IEEE,IEEE Conferences
Multi-State Tightly-Coupled EKF-Based Radar-Inertial Odometry With Persistent Landmarks,J. Michalczyk; R. Jung; C. Brommer; S. Weiss,"Control of Networked Systems Group, University of Klagenfurt, Austria; Control of Networked Systems Group, University of Klagenfurt, Austria; Control of Networked Systems Group, University of Klagenfurt, Austria; Control of Networked Systems Group, University of Klagenfurt, Austria",2023 IEEE International Conference on Robotics and Automation (ICRA),4 Jul 2023,2023,,,4011,4017,"In this paper, we present a Radar-Inertial Odometry (RIO) approach that utilizes performance improving modules, enhanced for the sparse and noisy radar signals, from the vision community in order to estimate the full 6DoF pose and 3D velocity of a robot in an unprepared environment. Our method leverages a multi-state approach in which we make use of several past robot poses and trails of measurements from a lightweight and inexpensive Frequency Modulated Continuous Wave (FMCW) radar sensor. Furthermore, in our estimation framework we include a method for promoting measurement trails to persistent landmarks which correspond to salient features in the environment. In an Extended Kalman Filter (EKF) framework, we fuse the range measurements to the persistent landmarks, trails, and the velocity measurements of the detected 3D points together with the Inertial Measurement Unit (IMU) readings. Our method is particularly relevant for (but not limited to) Unmanned Aerial Vehicles (UAV), enabling them to localize while performing missions in Global Navigation Satellite System (GNSS)-denied environments and, thanks to the properties of the radar sensor, in environments generally challenging for robot perception due to external factors such as smoke or extreme illumination. We show in real flight experiments the effectiveness of our estimator and compare it to the state-of-the-art.",,979-8-3503-2365-8,10.1109/ICRA48891.2023.10160482,,https://ieeexplore.ieee.org/stamp/stamp.jsp?arnumber=10160482,,Three-dimensional displays;Radar measurements;Spaceborne radar;Robot sensing systems;Autonomous aerial vehicles;Real-time systems;Frequency measurement,,26,,22,IEEE,4 Jul 2023,29 May-2 June 2023,29 May-2 June 2023,IEEE,IEEE Conferences
OdomBeyondVision: An Indoor Multi-modal Multi-platform Odometry Dataset Beyond the Visible Spectrum,P. Li; K. Cai; M. R. U. Saputra; Z. Dai; C. X. Lu,"School of Informatics, University of Edinburgh, United Kingdom; University of Liverpool, United Kingdom; Monash University, Indonesia; University of Oxford, United Kingdom; School of Informatics, University of Edinburgh, United Kingdom",2022 IEEE/RSJ International Conference on Intelligent Robots and Systems (IROS),26 Dec 2022,2022,,,3845,3850,"This paper presents a multimodal indoor odometry dataset, OdomBeyondVision, featuring multiple sensors across the different spectrum and collected with different mobile platforms. Not only does OdomBeyondVision contain the traditional navigation sensors, sensors such as IMUs, mechanical LiDAR, RGBD camera, it also includes several emerging sensors such as the single-chip mmWave radar, LWIR thermal camera and solid-state LiDAR. With the above sensors on UAV, UGV and handheld platforms, we respectively recorded the multimodal odometry data and their movement trajectories in various indoor scenes and different illumination conditions. We release the exemplar radar, radar-inertial and thermal-inertial odometry implementations to demonstrate their results for future works to compare against and improve upon. The full dataset including toolkit and documentation is publicly available at: https://github.com/MAPS-Lab/OdomBeyondVision.",2153-0866,978-1-6654-7927-1,10.1109/IROS47612.2022.9981865,EPSRC(grant numbers:EP/S030832/1); ,https://ieeexplore.ieee.org/stamp/stamp.jsp?arnumber=9981865,,Mechanical sensors;Location awareness;Laser radar;Navigation;Lighting;Thermal sensors;Sensor phenomena and characterization,,10,,28,IEEE,26 Dec 2022,23-27 Oct. 2022,23-27 Oct. 2022,IEEE,IEEE Conferences
FWAF-VID: A Flapping-Wing Aggressive Flight Benchmark Dataset for Visual-Inertial Localization,J. Jiang; E. Pan; W. Xu; W. Sun; J. Ye,"School of Robotics and Advanced Manufacture, Harbin Institute of Technology, Shenzhen, China; School of Robotics and Advanced Manufacture, Harbin Institute of Technology, Shenzhen, China; School of Robotics and Advanced Manufacture, Harbin Institute of Technology, Shenzhen, China; School of Robotics and Advanced Manufacture, Harbin Institute of Technology, Shenzhen, China; School of Robotics and Advanced Manufacture, Harbin Institute of Technology, Shenzhen, China",IEEE Robotics and Automation Letters,14 May 2025,2025,10,6,6328,6335,"Accurate state estimation of micro aerial vehicles (MAVs) in high-speed and dynamic environments poses a significant challenge for visual-inertial odometry (VIO) algorithms. Flapping-wing aerial vehicles (FWAVs), as an emerging flight platform, have attracted significant attention for stealth capabilities and efficient flight characteristics. Despite the availability of numerous MAV visual-inertial datasets for six-degree-of-freedom (6-DoF) state estimation, these datasets are not applicable for FWAVs with pronounced vibrations and agile maneuverability. To address this gap, we propose a large-scale flapping-wing aggressive flight visual-inertial dataset FWAF-VID. It contains diverse integrations of synchronized onboard cameras and IMU sensors. A total of 28 sequences include static flapping, calibration, and real-world flights collected in outdoor and indoor environments. The 17 flight sequences feature variations in illuminations, speeds, trajectories, camera perspectives, and flight modalities. We provide precisely aligned ground truth RTK and UWB measurements for algorithm evaluation. Furthermore, a comprehensive benchmark comparison is conducted, qualitatively and quantitatively evaluating the positioning accuracy of state-of-the-art VIO algorithms. The experimental results indicate that despite the degradation in localization accuracy in high-dynamic environments, FWAF-VID can effectively support the further development of VIO algorithms for FWAVs. To the best of our knowledge, this is the first onboard benchmark dataset tailored for aggressive flight in flapping-wing airborne platforms.",2377-3766,,10.1109/LRA.2025.3560856,National Natural Science Foundation of China(grant numbers:62233001); Shenzhen Excellent Technology Innovation Talents Training Program(grant numbers:RCJC20200714114436040); Program of Shenzhen Peacock Innovation Team(grant numbers:KQTD20210811090146075); ,https://ieeexplore.ieee.org/stamp/stamp.jsp?arnumber=10965497,Visual-inertial SLAM;aerial systems: perception and autonomy;biologically-inspired robots,Sensors;Benchmark testing;Heuristic algorithms;Quadrotors;Payloads;Location awareness;Cameras;Drones;Accuracy;Vibrations,,6,,30,IEEE,15 Apr 2025,June 2025,,IEEE,IEEE Journals
Confidence Factor-Based Robust Localization Algorithm With Visual-Inertial-LiDAR Fusion in Underground Space,F. Liu; Y. Cao; X. Cheng; J. Wu; W. Gu; L. Liu,"School of Instrument Science and Engineering and the Key Laboratory of Micro-Inertial Instrument and Advanced Navigation Technology, Ministry of Education, Southeast University, Nanjing, China; Purple Mountain Laboratories, Nanjing, China; School of Instrument Science and Engineering and the Key Laboratory of Micro-Inertial Instrument and Advanced Navigation Technology, Ministry of Education, Southeast University, Nanjing, China; School of Instrument Science and Engineering and the Key Laboratory of Micro-Inertial Instrument and Advanced Navigation Technology, Ministry of Education, Southeast University, Nanjing, China; Dafeng Longsheng Industrial Company Ltd., Yancheng, China; School of Instrument Science and Engineering and the Key Laboratory of Micro-Inertial Instrument and Advanced Navigation Technology, Ministry of Education, Southeast University, Nanjing, China",IEEE Transactions on Circuits and Systems for Video Technology,9 Jun 2025,2025,35,6,5952,5965,"The existing Visual-inertial-LiDAR localization methods lack consideration of sensors degradation in challenging scene, such as underground space, where light condition is poor, text feature is scarce and geometric structure is degraded. To enhance the robustness of the multi-sensor fusion, this paper proposes a confidence factor based robust localization algorithm. It mainly consists of two parts. In front-end, a lightweight DCE-Net is used to improve the image quality under low illumination, and then an improved feature extraction method based on Line Segment Detector and Manhattan World (LSD-MW) is proposed to extract robust point-line features and construct Manhattan Frame (MF) structure constraint for subsequent optimization, making visual feature more reliable in underground space. In back-end, a novel confidence factor graph optimization strategy is proposed to enhance the robustness in the case of sensor degradation. Where adaptive confidence factors are designed to assess the reliability of LiDAR and camera features based on their feature matching degree. These confidence factors are leveraged to weight the sensors residual factors to construct an iterative function based on Graduated Nonconvexity (GNC), mitigating the influence of outliers on state estimation in degradation scene of underground space. Experiments conducted on public and real-world dataset collected by the UAV platform we built verify the proposed method has promising performance. Ablation studies also show the robustness of our method.",1558-2205,,10.1109/TCSVT.2025.3530077,National Natural Science Foundation of China(grant numbers:62273091); Science and Technology Project of the Provincial Management Industrial Units of State Grid Jiangsu Electric Power Company Ltd; ,https://ieeexplore.ieee.org/stamp/stamp.jsp?arnumber=10843242,Visual-inertial-LiDAR SLAM;multi-sensor fusion;factor graph optimization;degradation scene;underground space,Feature extraction;Optimization;Laser radar;Visualization;Location awareness;Cameras;Robustness;Degradation;Sensor fusion;Sensor phenomena and characterization,,6,,45,IEEE,16 Jan 2025,June 2025,,IEEE,IEEE Journals
Autonomous Drone-Based Inspection of Photovoltaic Plants,M. Moriconi; G. Rocca; L. Grassi; F. Conti; M. Paolucci; C. T. Recchiuto; A. Sgorbissa,"Department of Informatics, Bioengineering, Robotics and Systems Engineering, University of Genoa, Genoa, Italy; Department of Informatics, Bioengineering, Robotics and Systems Engineering, University of Genoa, Genoa, Italy; Department of Informatics, Bioengineering, Robotics and Systems Engineering, University of Genoa, Genoa, Italy; Department of Informatics, Bioengineering, Robotics and Systems Engineering, University of Genoa, Genoa, Italy; Department of Informatics, Bioengineering, Robotics and Systems Engineering, University of Genoa, Genoa, Italy; Department of Informatics, Bioengineering, Robotics and Systems Engineering, University of Genoa, Genoa, Italy; Department of Informatics, Bioengineering, Robotics and Systems Engineering, University of Genoa, Genoa, Italy",2026 23rd International Conference on Ubiquitous Robots (UR),30 Jul 2026,2026,,,67,74,"Aerial drones can be employed for anomaly detection in photovoltaic (PV) plants, yet reliable flight path planning remains challenging. While visual servoing can accurately guide a drone along individual PV panel rows, transitions between rows rely on the Global Navigation Satellite System (GNSS) and are therefore less reliable, especially in long missions where low-frequency GNSS error variations can change over time. To mitigate this issue, we present a path-planning strategy that reduces the portion of the route performed under GNSS-only navigation. We formulate three variants of the Traveling Salesman Problem (TSP) and show that the proposed solutions reduce inter-row transition distances with only minor increases in total flight length. Simulation experiments in ROS2 and CoppeliaSim confirm the advantages of the proposed approach.",,979-8-3195-4207-6,10.1109/UR69537.2026.11626663,,https://ieeexplore.ieee.org/stamp/stamp.jsp?arnumber=11626663,,Global navigation satellite system;Industrial plants;Plants (biology);Drones;Timing;Optimization;Distance measurement;Inspection;Navigation;Autonomous aerial vehicles,,,,13,IEEE,30 Jul 2026,15-18 July 2026,15-18 July 2026,IEEE,IEEE Conferences
Omni-Swarm: A Decentralized Omnidirectional Visual–Inertial–UWB State Estimation System for Aerial Swarms,H. Xu; Y. Zhang; B. Zhou; L. Wang; X. Yao; G. Meng; S. Shen,"Department of Electronic and Computer Engineering, Hong Kong University of Science and Technology, Hong Kong; Department of Electronic and Computer Engineering, Hong Kong University of Science and Technology, Hong Kong; Department of Electronic and Computer Engineering, Hong Kong University of Science and Technology, Hong Kong; Department of Electronic and Computer Engineering, Hong Kong University of Science and Technology, Hong Kong; Department of Electronic and Computer Engineering, Hong Kong University of Science and Technology, Hong Kong; Department of Electronic and Computer Engineering, Hong Kong University of Science and Technology, Hong Kong; Department of Electronic and Computer Engineering, Hong Kong University of Science and Technology, Hong Kong",IEEE Transactions on Robotics,5 Dec 2022,2022,38,6,3374,3394,"Decentralized state estimation is one of the most fundamental components of autonomous aerial swarm systems in GPS-denied areas; yet, it remains a highly challenging research topic. Omni-swarm, a decentralized omnidirectional visual–inertial–ultrawideband (UWB) state estimation system for aerial swarms, is proposed in this article to address this research niche. To solve the issues of observability, complicated initialization, insufficient accuracy, and lack of global consistency, we introduce an omnidirectional perception front end in Omni-swarm. It consists of stereo wide-field-of-view cameras and UWB sensors, visual–inertial odometry, multidrone map-based localization, and visual drone tracking algorithms. The measurements from the front end are fused with graph-based optimization in the back end. The proposed method achieves centimeter-level relative state estimation accuracy while guaranteeing global consistency in the aerial swarm, as evidenced by the experimental results. Moreover, supported by Omni-swarm, interdrone collision avoidance can be accomplished without any external devices, demonstrating the potential of Omni-swarm as the foundation of autonomous aerial swarms.",1941-0468,,10.1109/TRO.2022.3182503,Hong Kong University of Science and Technology; University Grants Committee of Hong Kong(grant numbers:RMGS20EG20); HKUST-DJI Joint Innovation Laboratory; ,https://ieeexplore.ieee.org/stamp/stamp.jsp?arnumber=9813359,Aerial systems;multirobot systems;perception and autonomy;sensor fusion;swarms,Drones;State estimation;Location awareness;Visualization;Estimation;Cameras;Observability;Particle swarm optimization,,160,,72,IEEE,1 Jul 2022,Dec. 2022,,IEEE,IEEE Journals
OFVO: A Visual Odometry Designed for Motion Trajectory Estimation of Autonomous Vehicles,F. Wei; W. Wang,"Dept. Engineering and Design, University of Sussex, Brighton, UK; Dept. Engineering and Design, University of Sussex, Brighton, UK","2024 4th International Conference on Robotics, Automation and Artificial Intelligence (RAAI)",9 Apr 2025,2024,,,119,123,"Camera motion estimation is crucial for measuring the trajectory of moving objects. Fortunately, there is an odometry to help us solve this problem. Unlike other research works that primarily rely on odometry for indoor robots and drones, we aim to utilize visual odometry to enhance our autonomous driving perception system. The outstanding contributions of this paper are as follows: Firstly, by utilizing the feature point method in image processing, we explore various feature extraction and matching algorithms to develop a visual odometry system based on Oriented FAST and Rotated BRIEF (ORB) and Fast Library for Approximate Nearest Neighbors (FLANN) for autonomous cars, which is named the ORB-FLANN Visual Odometry System (OFVO). Secondly, we validate our algorithm in the self-driving simulator Carla and achieve satisfactory results.",,979-8-3315-2003-8,10.1109/RAAI64504.2024.10949531,,https://ieeexplore.ieee.org/stamp/stamp.jsp?arnumber=10949531,Autonomous cars;Visual odometry;Localization,Location awareness;Soft sensors;Feature extraction;Approximation algorithms;Robustness;Libraries;Trajectory;Odometry;Autonomous vehicles;Visual odometry,,2,,16,IEEE,9 Apr 2025,19-21 Dec. 2024,19-21 Dec. 2024,IEEE,IEEE Conferences
Hybrid Vision–Inertial Fusion for End-to-End UAV Control in Simulation,J. -M. Zhang; W. -H. Chen; Y. -C. Lin,"Graduate Institute of Automation Technology, National Taipei University of Technology, Taipei, Taiwan; Graduate Institute of Automation Technology, National Taipei University of Technology, Taipei, Taiwan; Department of Automatic Control Engineering, Feng Chia University, Taichung, Taiwan",2025 IEEE International Conference on Future Machine Learning and Data Science (FMLDS),25 Mar 2026,2025,,,473,478,"Autonomous unmanned aerial vehicles (UAVs) require robust perception and control to navigate complex environments. Traditional end-to-end learning methods often rely on single-modality inputs, such as RGB images, which limits performance under sensor noise or changing conditions. To address this, we propose a multimodal control framework that fuses visual and inertial data. The system integrates a hybrid vision transformer (Hybrid-ViT), combining MobileNet for local feature extraction and a vision transformer for global representation, and an LSTM network for modeling IMU time-series data. Early feature-level fusion of RGB and IMU modalities improves perception robustness and control accuracy. The framework was implemented and evaluated in the Flightmare simulation platform with 95,000 RGB–IMU pairs collected across diverse scenarios. Experiments demonstrate improved obstacle avoidance (92% success rate), greater control stability, and reduced trajectory deviation compared to CNN-and ViT-based baselines. These results highlight the potential effectiveness of hybrid visual–inertial fusion for enhancing UAV autonomy in simulated environments, with real-world validation left for future work.",,979-8-3315-5397-5,10.1109/FMLDS67896.2025.00090,National Science and Technology Council; ,https://ieeexplore.ieee.org/stamp/stamp.jsp?arnumber=11446805,Autonomous UAV control;hybrid vision transformer;multimodal sensor fusion;visual-inertial navigation,Computer vision;Visualization;Navigation;Fuses;Noise;Autonomous aerial vehicles;Transformers;Stability analysis;Trajectory;Long short term memory,,,,18,IEEE,25 Mar 2026,2-5 Nov. 2025,2-5 Nov. 2025,IEEE,IEEE Conferences
Deep Reinforcement Learning Framework for UAV Indoor Navigation,J. J. Martins; A. Amaral; A. Dias,"INESC TEC - Institute for Systems and Computer Engineering, Technology and Science, Porto, Portugal; INESC TEC - Institute for Systems and Computer Engineering, Technology and Science, Porto, Portugal; INESC TEC - Institute for Systems and Computer Engineering, Technology and Science, Porto, Portugal",2024 7th Iberian Robotics Conference (ROBOT),23 Dec 2024,2024,,,1,8,"Unmanned Aerial Vehicle (UAV) applications, particularly for indoor tasks such as inventory management, infrastructure inspection, and emergency response, are becoming increasingly complex with dynamic environments and their different elements. During operation, the vehicle's response depends on various decisions regarding its surroundings and the task goal. Reinforcement Learning techniques can solve this decision problem by helping build more reactive, adaptive, and efficient navigation operations. This paper presents a framework to simulate the navigation of a UAV in an operational environment, training and testing it with reinforcement learning models for further deployment in the real drone. With the support of the 3D simulator Gazebo and the framework Robot Operating System (ROS), we developed a training environment conceivably simple and fast or more complex and dynamic, explicit as the real-world scenario. The multi-environment simulation runs in parallel with the Deep Reinforcement Learning (DRL) algorithm to provide feedback for the training. TD3, DDPG, PPO, and PPO+LSTM were trained to validate the framework training, testing, and deployment in an indoor scenario.",,979-8-3503-7636-4,10.1109/ROBOT61475.2024.10796906,"National Funds funded the paper through the Portuguese funding agency, FCT—Fundação para a Ciência e a Tecnologia(grant numbers:UIDB/50014/2020); ",https://ieeexplore.ieee.org/stamp/stamp.jsp?arnumber=10796906,DRL;UAV;TD3;Indoor Navigation;3D Simulator,Training;Three-dimensional displays;Indoor navigation;Operating systems;Inventory management;Autonomous aerial vehicles;Deep reinforcement learning;Vehicle dynamics;Robots;Testing,,4,,29,IEEE,23 Dec 2024,6-8 Nov. 2024,6-8 Nov. 2024,IEEE,IEEE Conferences
Depth Estimation in Static Monocular Vision with Stereo Vision Assisted Deep Learning Approach,J. Zhang; X. Da Terrence Fu; S. Srigrarom,"Mechanical Engineering, National University of Singapore, Singapore; Mechanical Engineering, National University of Singapore, Singapore; Mechanical Engineering, National University of Singapore, Singapore","2024 4th International Conference on Computer, Control and Robotics (ICCCR)",11 Jul 2024,2024,,,101,107,"This paper introduces a method for depth estimation that combines the strengths of geometric and deep learning approaches, tailored for use with fisheye cameras. By leveraging the wide field of view (FOV) provided by fisheye lenses and the accuracy of deep learning models, we aim to overcome the limitations inherent in traditional monocular and stereo vision depth estimation techniques. Our approach integrates a geometry-based stereo vision model with unparallel camera axes, specifically designed for fisheye cameras, with state-of-the-art deep learning methods for monocular depth estimation. We utilize existing datasets and pre-trained networks, including vision transformers and Fully Convolutional Networks (FCNs), to address the challenges of data scarcity and computational resource limitations. The methodology involves calibration of fisheye cameras, depth estimation from geometric and learning-based methods, and a novel combination of these methods to achieve higher accuracy and a broader FOV than currently possible with either approach alone. Our experiments, conducted using an RGB-D camera for validation, demonstrate the potential of our method to enhance depth map quality significantly. This research not only fills a gap in the literature by merging geometric and learning-based depth estimation for fisheye cameras but also proposes a practical application within the drone project's obstacle detection function. Future work will explore the refinement of the geometric model, the integration of different learning-based methods, and the development of a custom network to further improve depth estimation accuracy and applicabllity.",,979-8-3503-7314-1,10.1109/ICCCR61138.2024.10585355,,https://ieeexplore.ieee.org/stamp/stamp.jsp?arnumber=10585355,Angled stereo camera;Fisheye camera;depth estimation;deep learning;stereo vision,Deep learning;Learning systems;Accuracy;Estimation;Cameras;Transformers;Robot sensing systems,,1,,11,IEEE,11 Jul 2024,19-21 April 2024,19-21 April 2024,IEEE,IEEE Conferences
A Heterogeneous RISC-V Based SoC for Secure Nano-UAV Navigation,L. Valente; A. Nadalini; A. H. C. Veeran; M. Sinigaglia; B. Sá; N. Wistoff; Y. Tortorella; S. Benatti; R. Psiakis; A. Kulmala; B. Mohammad; S. Pinto; D. Palossi; L. Benini; D. Rossi,"Department of Electrical, Electronic and Information Engineering, University of Bologna, Bologna, Italy; Department of Electrical Engineering and Computer Science, Khalifa University, Abu Dhabi, United Arab Emirates; Department of Electrical, Electronic and Information Engineering, University of Bologna, Bologna, Italy; Department of Electrical, Electronic and Information Engineering, University of Bologna, Bologna, Italy; Centro ALGORITMI, University of Minho, Guimarães, Portugal; Integrated Systems Laboratory (IIS), ETH Zürich, Zürich, Switzerland; Department of Electrical, Electronic and Information Engineering, University of Bologna, Bologna, Italy; Department of Electrical, Electronic and Information Engineering, University of Bologna, Bologna, Italy; Secure Systems Research Center, Technology Innovation Institute, Abu Dhabi, United Arab Emirates; Secure Systems Research Center, Technology Innovation Institute, Abu Dhabi, United Arab Emirates; Department of Electrical Engineering and Computer Science, Khalifa University, Abu Dhabi, United Arab Emirates; Department of Electrical, Electronic and Information Engineering, University of Bologna, Bologna, Italy; Integrated Systems Laboratory (IIS), ETH Zürich, Zürich, Switzerland; Department of Electrical, Electronic and Information Engineering, University of Bologna, Bologna, Italy; Department of Electrical, Electronic and Information Engineering, University of Bologna, Bologna, Italy",IEEE Transactions on Circuits and Systems I: Regular Papers,29 Apr 2024,2024,71,5,2266,2279,"The rapid advancement of energy-efficient parallel ultra-low-power (ULP)  $\mu $ controllers units (MCUs) is enabling the development of autonomous nano-sized unmanned aerial vehicles (nano-UAVs). These sub-10cm drones represent the next generation of unobtrusive robotic helpers and ubiquitous smart sensors. However, nano-UAVs face significant power and payload constraints while requiring advanced computing capabilities akin to standard drones, including real-time Machine Learning (ML) performance and the safe co-existence of general-purpose and real-time OSs. Although some advanced parallel ULP MCUs offer the necessary ML computing capabilities within the prescribed power limits, they rely on small main memories (< 1MB) and  $\mu $ controller-class CPUs with no virtualization or security features, and hence only support simple bare-metal runtimes. In this work, we present Shaheen, a 9mm $^{\textbf {2}}~200$ mW SoC implemented in 22nm FDX technology. Differently from state-of-the-art MCUs, Shaheen integrates a Linux-capable RV64 core, compliant with the v1.0 ratified Hypervisor extension and equipped with timing channel protection, along with a low-cost and low-power memory controller exposing up to 512MB of off-chip low-cost low-power HyperRAM directly to the CPU. At the same time, it integrates a fully programmable energy- and area-efficient multi-core cluster of RV32 cores optimized for general-purpose DSP as well as reduced- and mixed-precision ML. To the best of the authors’ knowledge, it is the first silicon prototype of a ULP SoC coupling the RV64 and RV32 cores in a heterogeneous host+accelerator architecture fully based on the RISC-V ISA. We demonstrate the capabilities of the proposed SoC on a wide range of benchmarks relevant to nano-UAV applications including general-purpose DSP as well as inference and online learning of quantized DNNs. The cluster can deliver up to 90GOp/s and up to 1.8TOp/s/W on 2-bit integer kernels and up to 7.9GFLOp/s and up to 150GFLOp/s/W on 16-bit FP kernels.",1558-0806,,10.1109/TCSI.2024.3359044,"Technology Innovation Institute, Secure Systems Research Center, Abu Dhabi, United Arab Emirates; Spoke 1 on Future High-Performance-Computing (HPC) of the Italian Research Center on High-Performance Computing, Big Data and Quantum Computing (ICSC) that received funding from the Ministry of University and Research (MUR) for the Mission 4–Next Generation EU programme; TRISTAN (101095947) project that received funding from the HORIZON CHIPS-Joint Undertaking programme; ",https://ieeexplore.ieee.org/stamp/stamp.jsp?arnumber=10423921,Heterogeneous;Linux;low-power;autonomous nano-UAVs;RISC-V,Standards;Energy efficiency;Drones;Virtual machine monitors;Silicon;Navigation;Internet of Things,,17,,58,IEEE,7 Feb 2024,May 2024,,IEEE,IEEE Journals
Extended Model-Based Learned Inertial Odometry,S. K. Arachchige; J. -K. Kämäräinen,"Computing Sciences department, Tampere University, Finland; Computing Sciences department, Tampere University, Finland",2026 International Conference on Unmanned Aircraft Systems (ICUAS),14 Jul 2026,2026,,,207,212,"Inertial odometry is a compelling approach to state estimation for agile quadrotor flight due to its affordability, low weight, and robustness to perceptual degradation. However, relying only on integrated inertial measurements is impractical, as sensor errors and time-varying biases lead to significant pose drift. Although recent advances have enabled inertial odometry for drone racing, existing approaches show limited generalization to trajectories not seen during training. This work improves generalization by adopting a body-frame representation and incorporating body-frame torque dynamics into the learning pipeline. The learned model predicts short-horizon relative displacements, which are fused with IMU measurements in an Extended Kalman Filter. Experimental results show that the proposed method outperforms the previous state-of-the-art learned inertial odometry approach for quadrotor pose estimation on unseen trajectories.",2575-7296,979-8-3315-9316-2,10.1109/ICUAS69441.2026.11598619,,https://ieeexplore.ieee.org/stamp/stamp.jsp?arnumber=11598619,Aerial Systems: Perception and Autonomy;Aerial Systems: Applications;Deep Learning Methods,Modeling;Trajectory;Learning (artificial intelligence);Odometry;Torque;Dynamics;Quadrotors;Measurement;Printing;Training,,,,17,IEEE,14 Jul 2026,15-18 June 2026,15-18 June 2026,IEEE,IEEE Conferences
Distributed Formation Estimation Via Pairwise Distance Measurements,T. Ziegler; M. Karrer; P. Schmuck; M. Chli,"Vision for Robotics Lab, ETH Zurich, Zurich, Switzerland; Vision for Robotics Lab, ETH Zurich, Zurich, Switzerland; Vision for Robotics Lab, ETH Zurich, Zurich, Switzerland; Vision for Robotics Lab, ETH Zurich, Zurich, Switzerland",IEEE Robotics and Automation Letters,19 Mar 2021,2021,6,2,3017,3024,"Continuously and reliably estimating the relative configuration of robotic swarms in real-time constitutes a core functionality when pursuing the autonomy of such a swarm. Relying on external positioning systems, such as GPS or motion tracking systems, can provide the required information, but significantly limits the generality of an approach. In this letter, we target formation estimation for autonomous flights of swarms of small UAVs, as they pose particularly challenging restrictions on onboard resources, while opening up a large variety of practical scenarios for a multi-robot setup. While state-of-the-art has been addressing efficient formation estimation, scalability remains limited to only very few agents that can be handled in real-time, with the workload of each agent depending on the total number of agents in the swarm. Aiming for scalable multi-robot systems, here we propose a distributed formation estimation approach, where the computational load of each agent is decoupled from the swarm size. This approach is implemented in a setup with minimal communication effort, requiring only ego-motion estimates from each agent and pairwise distance measurements between them, constraining their configuration globally. Evaluations on swarms of up to 49 UAVs demonstrate the power of our approach to handle large swarms, while keeping the computational load bounded for individual agents and requiring only little data exchange between two robots.",2377-3766,,10.1109/LRA.2021.3062347,Schweizerischer Nationalfonds zur Förderung der Wissenschaftlichen Forschung(grant numbers:PP00P2_157585); National Centre of Competence in Research Robotics; ,https://ieeexplore.ieee.org/stamp/stamp.jsp?arnumber=9363562,Aerial systems;multi-robot systems;perception and autonomy;sensor fusion,Robot sensing systems;Estimation;Unmanned aerial vehicles;Scalability;Location awareness;Global Positioning System;Collaboration,,46,,31,IEEE,25 Feb 2021,April 2021,,IEEE,IEEE Journals
"A Distributed Pipeline for Scalable, Deconflicted Formation Flying",P. C. Lusk; X. Cai; S. Wadhwania; A. Paris; K. Fathian; J. P. How,"Department of Aeronautics and Astronautics, Massachusetts Institute of Technology, Cambridge, USA; Department of Aeronautics and Astronautics, Massachusetts Institute of Technology, Cambridge, USA; Department of Aeronautics and Astronautics, Massachusetts Institute of Technology, Cambridge, USA; Department of Aeronautics and Astronautics, Massachusetts Institute of Technology, Cambridge, USA; Department of Aeronautics and Astronautics, Massachusetts Institute of Technology, Cambridge, USA; Department of Aeronautics and Astronautics, Massachusetts Institute of Technology, Cambridge, USA",IEEE Robotics and Automation Letters,15 Jul 2020,2020,5,4,5213,5220,"Reliance on external localization infrastructure and centralized coordination are main limiting factors for formation flying of vehicles in large numbers and in unprepared environments. While solutions using onboard localization address the dependency on external infrastructure, the associated coordination strategies typically lack collision avoidance and scalability. To address these shortcomings, we present a unified pipeline with onboard localization and a distributed, collision-free formation control strategy that scales to a large number of vehicles. Since distributed collision avoidance strategies are known to result in gridlock, we also present a distributed task assignment solution to deconflict vehicles. We experimentally validate our pipeline in simulation and hardware. The results show that our approach for solving the optimization problem associated with formation control gives solutions within seconds in cases where general purpose solvers fail due to high complexity. In addition, our lightweight assignment strategy leads to successful and quicker formation convergence in 96–100% of all trials, whereas indefinite gridlocks occur without it for 33–50% of trials. By enabling large-scale, deconflicted coordination, this pipeline should help pave the way for anytime, anywhere deployment of aerial swarms.",2377-3766,,10.1109/LRA.2020.3006823,National Aeronautics and Space Administration(grant numbers:W911NF-17-2-0181); Amazon Web Services; ,https://ieeexplore.ieee.org/stamp/stamp.jsp?arnumber=9131842,Distributed robot systems;multi-robot systems;swarms,Pipelines;Task analysis;Collision avoidance;Robot sensing systems;Base stations;Trajectory,,37,,33,IEEE,2 Jul 2020,Oct. 2020,,IEEE,IEEE Journals
"CNS Flight Stack for Reproducible, Customizable, and Fully Autonomous Applications",M. Scheiber; A. Fornasier; R. Jung; C. Böhm; R. Dhakate; C. Stewart; J. Steinbrener; S. Weiss; C. Brommer,"Institute of Smart Systems Technologies, Group Control of Networked Systems, University of Klagenfurt, Klagenfurt, Austria; Institute of Smart Systems Technologies, Group Control of Networked Systems, University of Klagenfurt, Klagenfurt, Austria; Institute of Smart Systems Technologies, Group Control of Networked Systems, University of Klagenfurt, Klagenfurt, Austria; Institute of Smart Systems Technologies, Group Control of Networked Systems, University of Klagenfurt, Klagenfurt, Austria; Institute of Smart Systems Technologies, Group Control of Networked Systems, University of Klagenfurt, Klagenfurt, Austria; Aperture Robotics, LLC., Santa Barbara, CA, USA; Institute of Smart Systems Technologies, Group Control of Networked Systems, University of Klagenfurt, Klagenfurt, Austria; Institute of Smart Systems Technologies, Group Control of Networked Systems, University of Klagenfurt, Klagenfurt, Austria; Institute of Smart Systems Technologies, Group Control of Networked Systems, University of Klagenfurt, Klagenfurt, Austria",IEEE Robotics and Automation Letters,29 Aug 2022,2022,7,4,11283,11290,"While low-level auto pilot stacks for aerial vehicles focus on robust control, sensing, and estimation, the continuous advancement of higher-level autonomy for aerial vehicles requires much more complex higher-level flight stacks in order to enable safe, fully autonomous long-duration missions. Rather than focusing on the low-level control, high-level flight stacks are required to monitor the system's integrity continuously, initiate contingency plans, execute mission plans and adapt them in non-nominal situations, allow for proper data logging, and provide standardized interfaces and integrity verification for external mission planners and localization modules. To that end, we present our freely available, high-level flight stack dubbed CNS Flight Stack that meets the above requirements and at the same time a) is platform-agnostic through a generalized (embedded) hardware abstraction layer, b) uses low compute complexity for online use on embedded hardware, and c) can be extended with other sensor modalities, integrity checks, and mission modules. These additional properties make it reproducible on a variety of different platforms for safe and fully autonomous applications. We tested the proposed flight stack in over 450 real-world flights and report the failure modes our framework detected and also mitigated to avoid crashes of the aerial system.",2377-3766,,10.1109/LRA.2022.3196117,European Union's Horizon 2020 research and innovation programme(grant numbers:871260); Austrian Ministry of Climate Action and Energy(grant numbers:879666); Army Research Office(grant numbers:W911NF-21-2-0245); ,https://ieeexplore.ieee.org/stamp/stamp.jsp?arnumber=9849131,Software architecture for robotic and automation;autonomous vehicle navigation;aerial systems: perception and autonomy,Robot sensing systems;Engines;Containers;Task analysis;Safety;Monitoring;Industries,,5,,13,CCBY,3 Aug 2022,Oct. 2022,,IEEE,IEEE Journals
Drift-Free Visual SLAM Using Digital Twins,R. Merat; G. Cioffi; L. Bauersfeld; D. Scaramuzza,"Department of Informatics, Robotics and Perception Group, University of Zurich, Zürich, Switzerland; Department of Informatics, Robotics and Perception Group, University of Zurich, Zürich, Switzerland; Department of Informatics, Robotics and Perception Group, University of Zurich, Zürich, Switzerland; Department of Informatics, Robotics and Perception Group, University of Zurich, Zürich, Switzerland",IEEE Robotics and Automation Letters,8 Jan 2025,2025,10,2,1633,1640,"Globally-consistent localization in urban environments is crucial for autonomous systems such as self-driving vehicles and drones, as well as assistive technologies for visually impaired people. Traditional Visual-Inertial Odometry (VIO) and Visual Simultaneous Localization and Mapping (VSLAM) methods, though adequate for local pose estimation, suffer from drift in the long term due to reliance on local sensor data. While GPS counteracts this drift, it is unavailable indoors and often unreliable in urban areas. An alternative is to localize the camera to an existing 3D map using visual-feature matching. This can provide centimeter-level accurate localization but is limited by the visual similarities between the current view and the map. This paper introduces a novel approach that achieves accurate and globally-consistent localization by aligning the sparse 3D point cloud generated by the VIO/VSLAM system to a digital twin using point-to-plane matching; no visual data association is needed. The proposed method provides a 6-DoF global measurement tightly integrated into the VIO/VSLAM system. Experiments run on a high-fidelity GPS simulator and real-world data collected from a drone demonstrate that our approach outperforms state-of-the-art VIO-GPS systems and offers superior robustness against viewpoint changes compared to the state-of-the-art Visual SLAM systems.",2377-3766,,10.1109/LRA.2024.3518840,European Union's Horizon-Europe Research and Innovation Programme(grant numbers:101120732); European Research Council (ERC)(grant numbers:864042); ,https://ieeexplore.ieee.org/stamp/stamp.jsp?arnumber=10804066,Localization;mapping;SLAM,Visualization;Global Positioning System;Location awareness;Cameras;Point cloud compression;Digital twins;Urban areas;Simultaneous localization and mapping;Three-dimensional displays;Current measurement,,5,,38,IEEE,16 Dec 2024,Feb. 2025,,IEEE,IEEE Journals
Thermal-Inertial Odometry for Autonomous Flight Throughout the Night,J. Delaune; R. Hewitt; L. Lytle; C. Sorice; R. Thakker; L. Matthies,"Jet Propulsion Laboratory, California Institute of Technology, Pasadena, CA; Jet Propulsion Laboratory, California Institute of Technology, Pasadena, CA; Jet Propulsion Laboratory, California Institute of Technology, Pasadena, CA; Jet Propulsion Laboratory, California Institute of Technology, Pasadena, CA; Jet Propulsion Laboratory, California Institute of Technology, Pasadena, CA; Jet Propulsion Laboratory, California Institute of Technology, Pasadena, CA",2019 IEEE/RSJ International Conference on Intelligent Robots and Systems (IROS),28 Jan 2020,2019,,,1122,1128,"Thermal cameras can enable autonomous flight at night without GPS. However, image-based navigation in the thermal infrared spectrum has been researched significantly less than in the visible spectrum. In this paper, we demonstrate closed-loop controlled outdoor flights at night on a quadrotor. Our state estimator can tightly couple inertial data with either thermal images at nighttime, or visual images at daytime. It is integrated in an autonomy framework for motion planning and control, which runs in real time on a standard embedded computer. We analyze thermal-inertial odometry performance extensively from sunset to sunrise, for various thermal non-uniformity levels, and compare it to visual-inertial odometry at daytime.",2153-0866,978-1-7281-4004-9,10.1109/IROS40897.2019.8968238,,https://ieeexplore.ieee.org/stamp/stamp.jsp?arnumber=8968238,,Visualization;Navigation;Thermal sensors;Cameras;Real-time systems;Thermal analysis;Odometry;State estimation;Global Positioning System;Drones,,48,1,41,IEEE,28 Jan 2020,3-8 Nov. 2019,3-8 Nov. 2019,IEEE,IEEE Conferences
Flying Through Moving Gates without Full State Estimation,R. Römer; T. Emmert; A. P. Schoellig,"Technical University of Munich, Germany; Technical University of Munich, Germany; Technical University of Munich, Germany",2025 IEEE International Conference on Robotics and Automation (ICRA),2 Sep 2025,2025,,,9906,9912,"Autonomous drone racing requires powerful perception, planning, and control and has become a benchmark and test field for autonomous, agile flight. Existing work usually assumes static race tracks with known maps, which enables offline planning of time-optimal trajectories, performing localization to the gates to reduce the drift in visual-inertial odometry (VIO) for state estimation or training learning-based methods for the particular race track and operating environment. In contrast, many real-world tasks like disaster response or delivery need to be performed in unknown and dynamic environments. To make drone racing more robust against unseen environments and moving gates, we propose a control algorithm that operates without a race track map or VIO, relying solely on monocular measurements of the line of sight to the gates. For this purpose, we adopt the law of proportional navigation (PN) to accurately fly through the gates despite gate motions or wind. We formulate the PN-informed vision-based control problem for drone racing as a constrained optimization problem and derive a closed-form optimal solution. Through simulations and real-world experiments, we demonstrate that our algorithm can navigate through moving gates at high speeds while being robust to different gate movements, model errors, wind, and delays.",,979-8-3315-4139-2,10.1109/ICRA55743.2025.11127465,BMBF(grant numbers:16ME0997K); German Research Foundation(grant numbers:GRK 2428); ,https://ieeexplore.ieee.org/stamp/stamp.jsp?arnumber=11127465,,Training;Navigation;Tracking;Logic gates;Planning;Trajectory;State estimation;Robotics and automation;Optimization;Drones,,,,44,IEEE,2 Sep 2025,19-23 May 2025,19-23 May 2025,IEEE,IEEE Conferences
Data Fusion Approach for Unmodified UAV Tracking with Vision and mmWave Radar,G. Amaral; J. J. Martins; P. Martins; A. Dias; J. Almeida; E. Silva,"INESC TEC - Institute for Systems and Computer Engineering, Technology and Science, Porto, Portugal; INESC TEC - Institute for Systems and Computer Engineering, Technology and Science, Porto, Portugal; INESC TEC - Institute for Systems and Computer Engineering, Technology and Science, Porto, Portugal; INESC TEC - Institute for Systems and Computer Engineering, Technology and Science, Porto, Portugal; INESC TEC - Institute for Systems and Computer Engineering, Technology and Science, Porto, Portugal; INESC TEC - Institute for Systems and Computer Engineering, Technology and Science, Porto, Portugal",2025 International Conference on Unmanned Aircraft Systems (ICUAS),27 May 2025,2025,,,801,808,"The knowledge of the precise 3D position of a target in tracking applications is a fundamental requirement. The lack of a low-cost single sensor capable of providing the three-dimensional position (of a target) makes it necessary to use complementary sensors together. This research presents a Local Positioning System (LPS) for outdoor scenarios, based on a data fusion approach for unmodified UAV tracking, combining a vision sensor and mmWave radar. The proposed solution takes advantage of the radar's depth observation ability and the potential of a neural network for image processing. We have evaluated five data association approaches for radar data cluttered to get a reliable set of radar observations. The results demonstrated that the estimated target position is close to an exogenous ground truth obtained from a Visual Inertial Odometry (VIO) algorithm executed onboard the target UAV. Moreover, the developed system's architecture is prepared to be scalable, allowing the addition of other observation stations. It will increase the accuracy of the estimation and extend the actuation area. To the best of our knowledge, this is the first work that uses a mmWave radar combined with a camera and a machine learning algorithm to track a UAV in an outdoor scenario.",2575-7296,979-8-3315-1328-3,10.1109/ICUAS65942.2025.11007835,,https://ieeexplore.ieee.org/stamp/stamp.jsp?arnumber=11007835,Local Positioning System;mmWave Radar;Tensor Processing Unit;Target tracking;Data fusion,Visualization;Target tracking;Radar clutter;Airborne radar;Data integration;Radar imaging;Vision sensors;Radar tracking;Autonomous aerial vehicles;Millimeter wave communication,,3,,25,IEEE,27 May 2025,14-17 May 2025,14-17 May 2025,IEEE,IEEE Conferences
Synchronized Mid-Air Drone Docking During Translational Motion,A. Seth; A. James; E. Kuantama; S. Mukhopadhyay; R. Han,"Faculty of Science and Engineering, Advanced Autonomous Drone Research Centre, Macquarie University, Sydney, Australia; Faculty of Science and Engineering, Advanced Autonomous Drone Research Centre, Macquarie University, Sydney, Australia; Faculty of Science and Engineering, Advanced Autonomous Drone Research Centre, Macquarie University, Sydney, Australia; Faculty of Science and Engineering, Advanced Autonomous Drone Research Centre, Macquarie University, Sydney, Australia; Faculty of Science and Engineering, Advanced Autonomous Drone Research Centre, Macquarie University, Sydney, Australia",2025 IEEE International Conference on Robotics and Biomimetics (ROBIO),23 Feb 2026,2025,,,757,763,"While mid-air drone docking has been explored in the literature, these works have addressed the case where one drone hovers during docking. This paper considers the additional challenge where both drones may be in translational motion during the docking. Further, our work is entirely reactive and does not require that one drone receive trajectory information in advance from the other drone during docking. We describe a position-based visual-inertial navigation (PBVIN) control system utilizing an optimized Truncated Hexagonal Pyramid (THP) marker for multi-drone quasi-stationary midair docking. The THP marker enables position synchronization and continuous tracking across three translational planes, even during docking. A non-homogeneous gain adaptation model is implemented to minimize positioning errors during dynamic control. The oblique docking design compensates for turbulence and leverages gravity to facilitate payload handoff. The THP marker's development is compared against single and crossmarker positioning (CMP) methods, demonstrating a 23.7% increase in positional hold consistency and a 22% reduction in localization drift. Outdoor trials validate mid-air docking capabilities, integrating PBVIN with global positioning to maintain synchronization at speeds up to $5 \mathrm{m} / \mathrm{s}$. Docking tests reveal average position correction deviations of 8.52 mm for front-back (pitch) movements and 17.2 mm for left-right (roll) adjustments, ensuring high-precision tracking. The THP marker achieves $61 \%$ higher detection accuracy than single markers, while PBVIN successfully synchronizes drone movements in quasistationary conditions.",2994-3574,979-8-3315-5747-8,10.1109/ROBIO66223.2025.11375893,,https://ieeexplore.ieee.org/stamp/stamp.jsp?arnumber=11375893,,Location awareness;Accuracy;Tracking;Pose estimation;Robustness;Real-time systems;Trajectory;Synchronization;Robots;Drones,,,,29,IEEE,23 Feb 2026,3-7 Dec. 2025,3-7 Dec. 2025,IEEE,IEEE Conferences
Vision-Guided Outdoor Flight and Obstacle Evasion via Reinforcement Learning,S. Dutta; A. Gupta; V. Saran; A. Zakhor,"Department of Electrical Engineering and Computer Science, College of Engineering, University of California Berkeley, Berkeley, CA, USA; Department of Electrical Engineering and Computer Science, College of Engineering, University of California Berkeley, Berkeley, CA, USA; Department of Electrical Engineering and Computer Science, College of Engineering, University of California Berkeley, Berkeley, CA, USA; Department of Electrical Engineering and Computer Science, College of Engineering, University of California Berkeley, Berkeley, CA, USA",IEEE Robotics and Automation Letters,12 Dec 2025,2026,11,2,1202,1209,"Although quadcopters boast impressive traversal capabilities enabled by their omnidirectional maneuverability, the need for continuous pilot control in complex environments impedes their application in GNSS and telemetry-denied scenarios. To this end, we propose a novel sensorimotor policy that uses stereo-vision depth and visual-inertial odometry (VIO) to autonomously navigate through obstacles in an unknown environment to reach a goal point. The policy is comprised of a pre-trained autoencoder as the perception head followed by a planning and control LSTM network which outputs velocity commands that can be followed by an off-the-shelf commercial drone. We leverage reinforcement and privileged learning paradigms to train the policy in simulation through a two-stage process: 1) initial training with optimal trajectories generated by a global motion planner acting as a supervisory backbone, 2) further fine-tuning in a curriculum environment. To bridge the sim-to-real gap, we employ domain randomization and reward shaping to create a policy that is both robust to noise and domain shift. In outdoor experiments, our approach achieves successful zero-shot transfer to both obstacle environments and a drone platform that were never encountered during training.",2377-3766,,10.1109/LRA.2025.3641120,,https://ieeexplore.ieee.org/stamp/stamp.jsp?arnumber=11282444,Aerial Systems: Perception and Autonomy;Reinforcement Learning;Vision-Based Navigation,Drones;Training;Trajectory;Long short term memory;Navigation;Autoencoders;Reinforcement learning;Imitation learning;Feature extraction;Vectors,,,,25,IEEE,8 Dec 2025,Feb. 2026,,IEEE,IEEE Journals
A Robust UAV System for Operations in a Constrained Environment,M. Petrlík; T. Báča; D. Heřt; M. Vrba; T. Krajník; M. Saska,"Faculty of Electrical Engineering, Czech Technical University in Prague, Prague 6, Czechia; Faculty of Electrical Engineering, Czech Technical University in Prague, Prague 6, Czechia; Faculty of Electrical Engineering, Czech Technical University in Prague, Prague 6, Czechia; Faculty of Electrical Engineering, Czech Technical University in Prague, Prague 6, Czechia; Faculty of Electrical Engineering, Czech Technical University in Prague, Prague 6, Czechia; Faculty of Electrical Engineering, Czech Technical University in Prague, Prague 6, Czechia",IEEE Robotics and Automation Letters,17 Feb 2020,2020,5,2,2169,2176,"In this letter we present an autonomous system intended for aerial monitoring, inspection and assistance in Search and Rescue (SAR) operations within a constrained workspace. The proposed system is designed for deployment in demanding real-world environments with extremely narrow passages only slightly wider than the aerial platform, and with limited visibility due to the absence of illumination and the presence of dust. The focus is on precise localization in an unknown environment, high robustness, safety and fast deployment without any need to install an external infrastructure such as an external computer and localization system. These are the main requirements of the targeted SAR scenarios. The performance of the proposed system was successfully evaluated in the Tunnel Circuit of the DARPA Subterranean Challenge, where the UAV cooperated with ground robots to precisely localize artifacts in a coal mine tunnel system. The challenge was unique due to the intention of the organizers to emulate the unpredictable conditions of a real SAR operation, in which there is no prior knowledge of the obstacles that will be encountered.",2377-3766,,10.1109/LRA.2020.2970980,"Research Center for Informatics(grant numbers:CZ.02.1.01/0.0/0.0/16 019/0000765); CTU(grant numbers:SGS17/187/OHK3/3T/13); CSF(grant numbers:17-27006Y); CSF(grant numbers:17-16900Y,17-16900Y); ",https://ieeexplore.ieee.org/stamp/stamp.jsp?arnumber=8979150,Aerial systems: perception and autonomy;search and rescue robots;robotics in hazardous fields,Robots;Robustness;Inspection;Fuel processing industries;Buildings;Cameras;Three-dimensional displays,,140,,40,IEEE,3 Feb 2020,April 2020,,IEEE,IEEE Journals
Hierarchical Connectivity-Based Optimisation for Multi-UAV Relative State Estimation,J. Cheng; S. Xiang; A. Atapour-Abarghouei,"Department of Computer Science, Durham University, Durham, United Kingdom; Department of Computer Science, Durham University, Durham, United Kingdom; Department of Computer Science, Durham University, Durham, United Kingdom",2026 IEEE/ASME International Conference on Advanced Intelligent Mechatronics (AIM),25 Aug 2026,2026,,,1,7,"Accurate relative state estimation is essential for multi-UAV swarms operating in GNSS-denied environments. While factor graph optimisation enables consistent fusion of visual–inertial and ranging measurements, its computational cost grows rapidly with the number of UAVs, which limits scalability. In this paper, we propose a scalable multi-UAV relative state estimation framework based on connectivity-aware clustered optimisation. The method constructs a spatio-temporal factor graph from VIO and inter-UAV ranging measurements, and derives a UAV-level graph for connectivity-based clustering. A hierarchical optimisation strategy is then applied, where a centre cluster establishes a global backbone and each cluster performs local optimisation on its subgraph. In addition, a residual-triggered mechanism is introduced to adaptively invoke global refinement only when necessary. Experimental results on both simulated environments and a real-world multi-UAV dataset demonstrate that the proposed approach significantly improves relative estimation accuracy while achieving substantially better computational scalability compared with global optimisation.",2159-6255,979-8-3195-3611-2,10.1109/AIM65483.2026.11657903,China Scholarship Council; ,https://ieeexplore.ieee.org/stamp/stamp.jsp?arnumber=11657903,Multi-UAV systems;relative state estimation;factor graph optimisation;clustered optimisation;GNSS-denied environments,Autonomous aerial vehicles;Optimization;Equations;Distance measurement;Measurement;Printing;Accuracy;Limiting;Tagging;Timing,,,,23,IEEE,25 Aug 2026,7-11 July 2026,7-11 July 2026,IEEE,IEEE Conferences
Onboard real-time dense reconstruction of large-scale environments for UAV,A. S. Vempati; I. Gilitschenski; J. Nieto; P. Beardsley; R. Siegwart,"Disney Research Zurich, Zurich, Switzerland; ETH Zurich, Autonomous Systems Lab, Zurich, Switzerland; ETH Zurich, Autonomous Systems Lab, Zurich, Switzerland; Disney Research Zurich, Zurich, Switzerland; ETH Zurich, Autonomous Systems Lab, Zurich, Switzerland",2017 IEEE/RSJ International Conference on Intelligent Robots and Systems (IROS),14 Dec 2017,2017,,,3479,3486,"In this paper, we propose a GPU parallelized SLAM system capable of using photometric and inertial data together with depth data from an active RGB-D sensor to build accurate dense 3D maps of indoor environments. We describe several extensions to existing dense SLAM techniques that allow us to operate in real-time onboard memory constrained robotic platforms. Our primary contribution is a memory management algorithm that scales to large scenes without being limited by GPU memory resources. Moreover, by integrating a visual-inertial odometry system, we robustly track the camera pose even on an agile platform such as a quadrotor UAV. Our robust camera tracking framework can deal with fast camera motions and varying environments by relying on depth, color and inertial motion cues. Global consistency is achieved via regular checking for loop closures in conjunction with a pose graph, as a basis for corrective deformation of the 3D map. Our efficient SLAM system is capable of producing highly dense meshes up to 5mm resolution at rates close to 60Hz fully onboard a UAV. Experimental validations both in simulation and on a real-world platform, show that our approach is fast, more robust and more memory efficient than state-of-the-art techniques, while obtaining better or comparable accuracy.",2153-0866,978-1-5386-2682-5,10.1109/IROS.2017.8206189,,https://ieeexplore.ieee.org/stamp/stamp.jsp?arnumber=8206189,,Cameras;Graphics processing units;Real-time systems;Simultaneous localization and mapping;Memory management;Robustness,,13,,22,IEEE,14 Dec 2017,24-28 Sept. 2017,24-28 Sept. 2017,IEEE,IEEE Conferences
Visual Navigation: Simultaneous Localization and Mapping on Aerial Vehicles,T. Biresaw; E. Ramona Stefanescu,"Intelligent Systems Supernal, LLC, California, USA; Intelligent Systems Supernal, LLC, California, USA",2024 AIAA DATC/IEEE 43rd Digital Avionics Systems Conference (DASC),15 Nov 2024,2024,,,1,8,"Navigation plays a critical role in enabling the autonomy of aerial vehicles. Traditionally, aerial systems rely on Global Navigation Satellite Systems (GNSS) and inertial measurement units (IMUs) for navigation. Recent research ad-vancements in Simultaneous Localization and Mapping (SLAM) techniques have encouraged their integration into unmanned aerial systems. By combining these techniques with traditional navigation methods, we enhance safety and accuracy during operations. Cameras offer several advantages, including cost-effectiveness, low-power consumption and minimal physical space requirements, while providing rich navigation information. In this paper, we are introducing and testing some of the most common Visual SLAM and provide an insight on how these algorithms perform without any significant modification on aerial datasets. Relevant data, from camera, IMU and GNSS, have been collected using a fixed wing aircraft and drone flying over rural and urban areas at desirable altitudes. The algorithms' output is compared with GNSS measurements, and their performance is analyzed. Additionally, we examine key components of SLAM, such as loop closure, based on our aerial data.",2155-7209,979-8-3503-4961-0,10.1109/DASC62030.2024.10749120,,https://ieeexplore.ieee.org/stamp/stamp.jsp?arnumber=10749120,VIO;SLAM;Visual Navigation;Aerial Vehicle,Visualization;Global navigation satellite system;Simultaneous localization and mapping;Accuracy;Urban areas;Cameras;Aircraft navigation;Aircraft;Drones;Testing,,,,27,IEEE,15 Nov 2024,29 Sept.-3 Oct. 2024,29 Sept.-3 Oct. 2024,IEEE,IEEE Conferences
AprilTag-Guided Autonomous Precision Landing System for UAV-Quadcopter Using HuskyLens AI Camera,R. O. Wiyagi; B. S. Tryatmojo; S. A. Basith; H. T. G. Handoko; M. R. A. Hasani; M. Y. Mustar,"Departement of Electrical Engineering, Universitas Muhammadiyah Yogyakarta, Yogyakarta, Indonesia; Departement of Electrical Engineering, Universitas Muhammadiyah Yogyakarta, Yogyakarta, Indonesia; Departement of Electrical Engineering, Universitas Muhammadiyah Yogyakarta, Yogyakarta, Indonesia; Departement of Mechanical Engineering, Universitas Muhammadiyah Yogyakarta, Yogyakarta, Indonesia; Departement of Electrical Engineering, Universitas Muhammadiyah Yogyakarta, Yogyakarta, Indonesia; Departement of Electrical Engineering, Universitas Muhammadiyah Yogyakarta, Yogyakarta, Indonesia",2025 5th International Conference on Electronic and Electrical Engineering and Intelligent System (ICE3IS),16 Dec 2025,2025,,,155,160,"The development of Unmanned Aerial Vehicle (UAV) technology has driven various innovations, especially in navigation systems and precision landings. The use of conventional GPS modules still has limitations, especially in accuracy and performance in GPS-denied areas. This study proposed an autonomous precision landing system on a UAVQuadcopter using the Huskylens AI Camera as a vision edge computing device to detect and track the AprilTag fiducial marker. The system was developed by integrating Huskylens with a Raspberry $\mathrm{Pi} 4 \mathrm{~B}+$ companion computer and implementing PID control based on visual data for landing maneuvers on the Quadcopter. The test results show that Huskylens can detect AprilTag stably with a maximum confidence rate of 1.0 at a distance of up to 250 cm in lighting conditions ranging from $\mathbf{1 5 - 3 1 5 5}$ LUX. At a detection distance below 50 cm, the camera can achieve the highest FPS above 25 FPS. With the implementation of the Huskylens AI camera on the Quadcopter, the tracking control system can keep the marker in the camera frame during the landing process. The fastest landing time was recorded at 19 seconds from an altitude of 180 cm, while in testing at an altitude of 200 cm, the smallest position error was obtained at 6 cm on the x-axis and 5 cm on the y -axis.",,979-8-3315-8523-5,10.1109/ICE3IS66769.2025.11281319,,https://ieeexplore.ieee.org/stamp/stamp.jsp?arnumber=11281319,AprilTag;UAV;Quadcopter;Huskylens AI Camera;Precision Landing,Performance evaluation;Visualization;Technological innovation;PI control;Process control;Cameras;Autonomous aerial vehicles;PD control;Quadrotors;Testing,,1,,19,IEEE,16 Dec 2025,6-7 Aug. 2025,6-7 Aug. 2025,IEEE,IEEE Conferences
Semiconductors for Intelligent Electric Vehicles,S. Liu,Shenzhen Institute of Artificial Intelligence and Robotics for Society (AIRS).,Intelligent Electric Vehicles,,2025,,,103,114,,,9781468608519,,,https://ieeexplore.ieee.org/xpl/ebooks/bookPdfWithBanner.jsp?fileName=10747789.pdf&bkn=10747784&pdfType=chapter,,,,,,,,8 Nov 2024,,,SAE,SAE eBook Chapters
Distributed Vision-Only Cooperative Flight of Multiple Quadrotors in Unknown Cramped Environments,Y. Wan; J. Tang; Z. Zhao; X. Chen,"College of Systems Engineering, National University of Defense Technology, Changsha, China; College of Systems Engineering, National University of Defense Technology, Changsha, China; College of Systems Engineering, National University of Defense Technology, Changsha, China; College of Systems Engineering, National University of Defense Technology, Changsha, China",IEEE Transactions on Intelligent Vehicles,16 Oct 2025,2025,10,7,3902,3915,"Multi-quadrotor systems hold substantial promise for various applications, yet navigating autonomously in complex and unknown environments like forests and alleyways remains a formidable challenge. Contemporary multi-UAV systems predominantly rely on wireless communication for navigation in environments with known or no obstacles. Further extensive research is imperative to enhance the perception, cooperation, and control of multi-UAV systems. This paper delineates the development of a distributed vision-only multi-UAV system, wherein the agents exclusively depend on onboard sensing and computation for navigation and cooperative flight in unknown, constrained environments. The onboard sensors comprise a front-depth camera and an omnidirectional gray monocular camera. The end-to-end sensorimotor controller computes the control commands, effectuating a direct mapping from perception to action through a sophisticated neural network design. This design is trained in simulation via imitation learning, namely, by emulating an expert endowed with access to privileged information. Such a setup empowers agents to accomplish cooperative formation flight, obstacle avoidance, target tracking, and other maneuvers in constrained environments, independent of wireless communication. Our findings underscore that distributed vision-only policies can rival traditional and other learning-based autonomous flight methodologies in challenging environments.",2379-8904,,10.1109/TIV.2024.3467164,National Natural Science Foundation of China(grant numbers:62073330); ,https://ieeexplore.ieee.org/stamp/stamp.jsp?arnumber=10690255,Perception and autonomy;multi-UAV system;sensor-based control;imitation learning,Drones;Sensors;Navigation;Imitation learning;Cameras;Autonomous aerial vehicles;Planning,,5,,49,IEEE,24 Sep 2024,July 2025,,IEEE,IEEE Journals
HDVIO2.0: Wind and Disturbance Estimation With Hybrid Dynamics VIO,G. Cioffi; L. Bauersfeld; D. Scaramuzza,"Robotics and Perception Group, Department of Informatics, University of Zurich, Zürich, Switzerland; Robotics and Perception Group, Department of Informatics, University of Zurich, Zürich, Switzerland; Robotics and Perception Group, Department of Informatics, University of Zurich, Zürich, Switzerland",IEEE Transactions on Robotics,18 Sep 2025,2025,41,,5396,5410,"Visual-inertial odometry (VIO) is widely used for state estimation in autonomous micro aerial vehicles using onboard sensors. Current methods improve VIO by incorporating a model of the translational vehicle dynamics, yet their performance degrades when faced with low-accuracy vehicle models or continuous external disturbances, like wind. Additionally, incorporating rotational dynamics in these models is computationally intractable when they are deployed in online applications, e.g., in a closed-loop control system. We present HDVIO2.0, which models full 6-DoF, translational and rotational, vehicle dynamics and tightly incorporates them into a VIO system with minimal impact on the runtime. HDVIO2.0 builds upon the previous work, HDVIO, and addresses these challenges through a hybrid dynamics model combining a point-mass vehicle model with a learning-based component, with access to control commands and inertial measurement unit (IMU) history, to capture complex aerodynamic effects. The key idea behind modeling the rotational dynamics is to represent them with continuous-time functions. HDVIO2.0 leverages the divergence between the actual motion and the predicted motion from the hybrid dynamics model to estimate external forces as well as the robot state. Our system surpasses the performance of state-of-the-art methods in experiments using public and new drone dynamics datasets, as well as real-world flights in winds up to 25 km/h. Unlike existing approaches, we also show that accurate vehicle dynamics predictions are achievable without precise knowledge of the vehicle state.",1941-0468,,10.1109/TRO.2025.3603551,European Union’s Horizon Europe Research and Innovation Programme; European Research Council; ,https://ieeexplore.ieee.org/stamp/stamp.jsp?arnumber=11142952,Aerial systems;learning robot dynamics;perception and autonomy;visual - inertial SLAM,Aerodynamics;Vehicle dynamics;Drones;Force;Quadrotors;Computational modeling;Accuracy;Noise;Estimation;Torque,,2,,57,IEEE,27 Aug 2025,2025,,IEEE,IEEE Journals
An Acoustic-Aided RTK UAV Positioning Method for Occluded Environments,B. Zhou; Y. Li; W. Shi; C. Yuan,"Taizhou Electric Power Company of State Grid, Taizhou, China; Taizhou Electric Power Company of State Grid, Taizhou, China; Taizhou Electric Power Company of State Grid, Taizhou, China; Taizhou Electric Power Company of State Grid, Taizhou, China",IEEE Access,28 Jan 2026,2026,14,,13330,13347,"In complex structural environments such as high-voltage substations, GNSS signals are susceptible to blockage and multipath interference, leading to significant degradation of RTK positioning accuracy. This paper proposes a UAV positioning method that fuses RTK with acoustic ranging based on graph optimization and an Extended Kalman Filter (EKF). The RTK subsystem uses a Qianxun XMini receiver operating in network RTK mode. The acoustic subsystem consists of four ground-deployed acoustic base stations and a single microphone mounted on the UAV to enable time-of-arrival (TOA)-based ranging, providing redundant positioning when RTK performance degrades or fails. Field flight tests and error assessments were conducted in a typical 10 m by 40 m test site featuring both open and GNSS-blocked areas. The experimental results show that in unobstructed areas, the proposed fused positioning system achieves a mean positioning error of approximately 0.11 m, with 90% of the errors remaining below 0.15 m. When entering GNSS-blocked regions, where the positioning error of the standalone RTK solution increases significantly and frequently exceeds 1.0 m, the fused system maintains a mean error of about 0.21 m, with 95% of the positioning errors confined within 0.25 m. Compared with the RTK-only solution, this corresponds to an average error reduction of approximately 38.6%. These results demonstrate that the proposed multisensor fusion strategy effectively enhances both positioning accuracy and robustness under challenging conditions, providing reliable localization support for UAV-based intelligent inspection tasks in GNSS-degraded environments.",2169-3536,,10.1109/ACCESS.2026.3656895,Science and Technology Project of State Grid Jiangsu Electric Power Company(grant numbers:J2024029); State Grid Jiangsu Electric Power; ,https://ieeexplore.ieee.org/stamp/stamp.jsp?arnumber=11361024,Acoustic ranging;graph optimization;extended Kalman filter;UAV inspection,Acoustics;Location awareness;Autonomous aerial vehicles;Distance measurement;Inspection;Accuracy;Substations;Robustness;Global navigation satellite system;Optimization,,1,,41,CCBY,22 Jan 2026,2026,,IEEE,IEEE Journals
Online Dynamic Model Calibration for Reliable Control of Quadrotor Based on Factor Graph Optimization,P. Yang; W. Wen; S. Bai; J. Hu,"Department of Aeronautical and Aviation Engineering, The Hong Kong Polytechnic University, Hong Kong; Department of Aeronautical and Aviation Engineering, The Hong Kong Polytechnic University, Hong Kong; Department of Aeronautical and Aviation Engineering, The Hong Kong Polytechnic University, Hong Kong; Department of Aeronautical and Aviation Engineering, The Hong Kong Polytechnic University, Hong Kong",IEEE Transactions on Aerospace and Electronic Systems,13 Oct 2025,2025,61,5,11254,11266,"Precise dynamic model calibration is essential in achieving reliable control of unmanned aerial vehicles (UAVs). However, the existing methods tend to use simplified dynamic models and cannot adapt to variations of the dynamic model. To fill this gap, this article explores an online dynamic model calibration (ODMC) method for the quadrotor based on factor graph optimization. First, the dynamic model is derived with more error terms, such as the center of gravity, aerodynamic drag, HVT disturbance, and viscous effect. Moreover, the IMU–body extrinsic parameters and the gravity vector are also identified online. Second, the pose is estimated based on the visual–inertial odometry together with the dynamic model parameters. The proposed method is validated using open-source and self-collected datasets. The evaluation demonstrates that the ODMC performs even better than the state-of-the-art data-driven methods in force and torque prediction when the maximum velocity is less than 9 m/s. Furthermore, the effectiveness of the proposed method is validated by applying the estimated model in the differential-flatness-based controller.",1557-9603,,10.1109/TAES.2025.3566347,innovation and technology fund; “Safety-Certified Multi-Source Fusion Positioning for Autonomous Vehicle in Complex Scenarios (ZPE8)”; Germany/Hong Kong Joint Research Scheme; ”Maximum Consensus Integration of GNSS and LiDAR (RADM)“; Research Center of Deep Space Exploration; ”Multi-Robot Collaborative Operations (BBDW)“; PolyU Research Institute for Advanced Manufacturing; “Unmanned Aerial Vehicle Aided High Accuracy Addictive Manufacturing for Carbon Fiber Reinforced Thermoplastic Composites Material (CD8S).”; ,https://ieeexplore.ieee.org/stamp/stamp.jsp?arnumber=10981983,,Aerodynamics;Quadrotors;Torque;Calibration;Vehicle dynamics;Gravity;Autonomous aerial vehicles;Drag;Adaptation models;Rotors,,,,52,IEEE,1 May 2025,Oct. 2025,,IEEE,IEEE Journals
Remote Inspection Techniques: A Review of Autonomous Robotic Inspection for Marine Vessels,R. E. Andersen; R. Y. Brogaard; E. Boukas,"Department of Electrical Engineering, Technical University of Denmark, 48 ⊘rsteds Pl., 2800 Kongens Lyngby, Denmark; FORCE Technology, Park Allé, 345, 2605 BrØndby, Denmark; Department of Electrical Engineering, Technical University of Denmark, 48 Ørsteds Pl., 2800 Kongens Lyngby, Denmark",Field Robotics,25 Feb 2025,2023,3,,69,96,"Due to the harsh environment and heavy use that modern marine vessels are subjected to, they are required to undergo periodic inspections to determine their current condition. The use of autonomous remote inspection systems can alleviate some of the dangers and shortcomings associated with manual inspection. While there has been research on the use of robotic platforms, none of the works in the literature evaluates the current state of the art with respect to the specifications of the classification societies, who are the most important stakeholders among the end users. The aim of this paper is to provide an overview of the existing literature and evaluate the works individually in collaboration with classification societies. The papers included in this review are either directly developed for, or have properties potentially transferable to, the marine vessel inspection process. To structure the review, an expertise-engineering separation is proposed based on the contributions of the individual paper. This separation shows which part of the inspection process has received the most attention, as well as where the shortcomings of each approach lay. The findings in this review indicate that while there are promising approaches, according to our metrics there is still a gap between the classification societies' requirements and the state of the art. Our results indicate that, even though there is a lot of quality work in the literature, there is a lack of integrated development activities that achieve a level of completeness sufficient for the classification societies to confidently use them.",2771-3989,,10.55417/fr.2023002,,https://ieeexplore.ieee.org/stamp/stamp.jsp?arnumber=10875988,marine vessel inspection;remote inspection technique;classification society;deep learning;autonomous robots,Inspection;Measurement;Drones;Regulation;Reviews;Robot sensing systems;Electronic ballasts;Surveys;Navigation;Defect detection,,,,,CCBY,25 Feb 2025,Jan. 2023,,FRPS,FRPS Journals
Aggressive Collision-Inclusive Motion Planning,H. Yu; C. Hu; J. Wang; G. Lu; J. Tu; Z. Zheng; J. Li; F. Gao,"State Key Laboratory of Fluid Power and Mechatronic Systems, School of Mechanical Engineering, Zhejiang University, Hangzhou, China; State Key Laboratory of Fluid Power and Mechatronic Systems, School of Mechanical Engineering, Zhejiang University, Hangzhou, China; State Key Laboratory of Fluid Power and Mechatronic Systems, School of Mechanical Engineering, Zhejiang University, Hangzhou, China; State Key Laboratory of Fluid Power and Mechatronic Systems, School of Mechanical Engineering, Zhejiang University, Hangzhou, China; State Key Laboratory of Fluid Power and Mechatronic Systems, School of Mechanical Engineering, Zhejiang University, Hangzhou, China; State Key Laboratory of Fluid Power and Mechatronic Systems, School of Mechanical Engineering, Zhejiang University, Hangzhou, China; State Key Laboratory of Industrial Control Technology, College of Control Science and Engineering, Zhejiang University, Hangzhou, China; State Key Laboratory of Industrial Control Technology, College of Control Science and Engineering, Zhejiang University, Hangzhou, China",IEEE/ASME Transactions on Mechatronics,17 Apr 2025,2025,30,2,1412,1423,"Traditional drone systems typically prioritize collision avoidance as a fundamental tenet of their motion planning paradigms. Nevertheless, in some narrow scenarios, collisions might be inevitable. Notably, collisions can be strategically employed to minimize task duration and energy consumption. This article delves into the intriguing realm of actively and reasonably utilizing collisions for aggressive motion planning. To generate aggressive collision-utilized primitives, we design a sample-based front-end called improved collision-inclusive rapidly-exploring random trees, which solves linear quadratic minimum time problems. Unlike traditional derivative rapidly-exploring random trees, the generated primitives undergo deformation when collisions are detected rather than being discarded. To achieve better collision actions, a collision-utilized trajectory optimization is constructed, with the core being the design of a maneuverability constraint and a collision relaxation constraint. The corresponding constraint elimination and transcription methods are proposed to accelerate the solving process. Finally, the constrained trajectory optimization is transformed into an unconstrained optimization problem that can be solved within $\text{6}\,\text{ms}$. To determine whether to implement collisions, we propose a receding horizon decision strategy where the decision between collision-utilized and collision-free trajectories is made by minimizing the time cost within each horizon. The integrated collision-inclusive planning system enables robots to judiciously weigh the risks and benefits of collisions, allowing them to autonomously decide whether and how to engage in such interactions. Extensive experiments verify the effectiveness, capability, advancement, and robustness of our proposed method, showing that the strategic utilization of collisions can enhance aggressiveness in narrow environments, opening up a new perspective for motion planning.",1941-014X,,10.1109/TMECH.2024.3423419,"“Pioneer” and “Leading Goose” R&D Program of Zhejiang(grant numbers:2024C01170,2023C01070); National Natural Science Foundation of China(grant numbers:52175032); Robotics Institute of Zhejiang University(grant numbers:K12107,K11805); ",https://ieeexplore.ieee.org/stamp/stamp.jsp?arnumber=10720609,Autonomous robots;decision making;drones;motion planning,Collision avoidance;Planning;Drones;Mathematical models;Trajectory optimization;Sensors;Deformation;Mechatronics;Location awareness;Generators,,5,,38,IEEE,16 Oct 2024,April 2025,,IEEE,IEEE Journals
A High Precision Aerial Indoor AI-Based Inspection System,V. Donato; A. Moccardi; C. Conte; G. d. Alteriis; P. Accardo; M. Federico; D. Cesiro; R. S. L. Moriello; F. Amato; G. Rufino; D. Accardo,"Department of industrial engineering, CeSMA, University of Naples Federico II, Naples, Italy; Department of Electrical Engineering and Information Technology, University of Naples Federico II, Naples, Italy; Department of industrial engineering, CeSMA, University of Naples Federico II, Naples, Italy; Department of industrial engineering, CeSMA, University of Naples Federico II, Naples, Italy; ARIAS Group s.r.l, Naples, Italy; ARIAS Group s.r.l, Naples, Italy; Consortium MedITech, Naples, Italy; Department of industrial engineering, CeSMA, University of Naples Federico II, Naples, Italy; Department of Electrical Engineering and Information Technology, University of Naples Federico II, Naples, Italy; Department of industrial engineering, CeSMA, University of Naples Federico II, Naples, Italy; Department of industrial engineering, CeSMA, University of Naples Federico II, Naples, Italy",2025 IEEE 12th International Workshop on Metrology for AeroSpace (MetroAeroSpace),14 Aug 2025,2025,,,81,86,"The project entitled High Precision Aerial Indoor AI-Based Inspection System - PROBE aims to address the limitations of current drone navigation systems by developing an improved inertial navigation solution for indoor applications. In recent years, inertial odometry has emerged as a promising approach to enhance navigation performance, particularly in GNSS-denied environments such as indoor or obstructed areas. Its ability to model complex sensor dynamics and correct error drift makes it an ideal candidate to support or replace traditional positioning aids. The core innovation of PROBE is located in leveraging inertial odometry to compensate for the drift typically associated with pure inertial sensors. The use of advanced Artificial Intelligence based algorithms to improve traditional navigation configurations is a groundbraking field, even if propoer data collection and data management procedures are needed to guaranteed the generalization of the achieved results. Specifically, the presented paper describes a methodology for system configuration development and data acquisition aimed at the training process of Artificial Intelligence based algorithms acquiring an input-output dataset based on a custom set of Commercial Off The Shelf sensors to improve the inertial navigation estimates.",2575-7490,979-8-3315-0152-5,10.1109/MetroAeroSpace64938.2025.11114446,,https://ieeexplore.ieee.org/stamp/stamp.jsp?arnumber=11114446,Inertial Odometry;Drone Indoor Navigation;Sensor Fusion,Training;Technological innovation;Navigation;Prototypes;Inertial navigation;Inspection;Odometry;Artificial intelligence;Probes;Drones,,1,,21,IEEE,14 Aug 2025,18-20 June 2025,18-20 June 2025,IEEE,IEEE Conferences
Wi-Fi-based Detection of GNSS Spoofing Attacks,G. Jeong; S. Schilleci; S. Kang; S. Mangione; D. Croce; T. T. Kwon; I. Tinnirello,"Dept. of Computer Science and Engineering, Seoul National University, Seoul, South Korea; Dip. di Ingegneria, University of Palermo, Palermo, Italy; Dept. of Computer Science and Engineering, Seoul National University, Seoul, South Korea; Dip. di Ingegneria, University of Palermo, Palermo, Italy; Dip. di Ingegneria, University of Palermo, Palermo, Italy; Dept. of Computer Science and Engineering, Seoul National University, Seoul, South Korea; Dip. di Ingegneria, University of Palermo, Palermo, Italy",ICC 2026 - IEEE International Conference on Communications,14 Jul 2026,2026,,,1,6,"GNSS spoofing is a growing threat to UAV operations, especially in decentralized drone swarms. In this paper, we present both a practical spoofing attack and a lightweight detection algorithm based on Wi-Fi RSSI and GNSS coordinates. The attack selectively compromises drones by transmitting a subset of satellite signals, causing drones to calculate wrong positions. Our detection method leverages geometric consistency checks to validate GNSS-based positions without requiring any infrastructure or additional sensors. Simulation results show that the proposed attack successfully misleads victim drones, and that the detection method reliably helps drones identify such attacks.",1938-1883,979-8-3195-4209-0,10.1109/ICC59461.2026.11587831,,https://ieeexplore.ieee.org/stamp/stamp.jsp?arnumber=11587831,GNSS spoofing;Spoofing detection method,Drones;Global navigation satellite system;Modeling;Distance measurement;Signal detection;Received signal strength indicator;Timing;Global Positioning System;Receivers;Satellites,,,,25,IEEE,14 Jul 2026,24-28 May 2026,24-28 May 2026,IEEE,IEEE Conferences
SmartCaveDrone: 3D cave mapping using UAVs as robotic co-archaeologists,G. Zhang; B. Shang; Y. Chen; H. Moyes,"Mechatronics Embedded Systems and Automation Lab, University of California Merced, Merced, CA, USA; College of Information Science and Engineering, Northeastern University, China; Mechatronics Embedded Systems and Automation Lab, University of California Merced, Merced, CA, USA; School of Social Sciences Humanities and Arts, University of California Merced, Merced, CA, USA",2017 International Conference on Unmanned Aircraft Systems (ICUAS),27 Jul 2017,2017,,,1052,1057,"This paper proposes the concept of drones capable of functioning as “Co-Archaeologists” that can map large caves and enter dangerous or hard-to-reach spaces. Using RGB-D data collected by drones, we will be able to produce accurate 3D models and semantic maps with proper lighting co-supervised by human archaeologists. This is going to be a major advance in archaeological practice, which can accelerate the speed of archaeological exploits by extending the archaeologists' sight and perception range. This will enable us to conduct 3D analyses so that we may answer new questions and create new insights into the archaeological record. The archaeologists will be able to visualize data collected by drones and instruct the drones' next step in real-time. These data will also be important in site management, data sharing and visualization. Human/drone interaction becomes important, not only for operating the equipment, but also for guiding drones to areas of interest to be mapped. Maps or real-time “fly-throughs” only make sense when they are organized by human interactions with the space. This human interaction is vital when visualizing and understanding a space and should be reflected in the imagery. We envision that this technology will be game changing in cave mapping and pertinent to anyone rendering interior spaces. It creates longer term impacts in archaeology and digital heritage and potentially creates a transformative way for further enhancing the performance of 3D mapping.",,978-1-5090-4495-5,10.1109/ICUAS.2017.7991499,,https://ieeexplore.ieee.org/stamp/stamp.jsp?arnumber=7991499,,Three-dimensional displays;Drones;Solid modeling;Lighting;Sensors;Cameras;Real-time systems,,23,,41,IEEE,27 Jul 2017,13-16 June 2017,13-16 June 2017,IEEE,IEEE Conferences
A Review of Small UAV Navigation System Based on Multisource Sensor Fusion,X. Ye; F. Song; Z. Zhang; Q. Zeng,"School of Aeronautics and Astronautics, Sun Yat-sen University, Shenzhen, China; School of Aeronautics and Astronautics, Sun Yat-sen University, Shenzhen, China; School of Aeronautics and Astronautics, Sun Yat-sen University, Shenzhen, China; School of Aeronautics and Astronautics, Sun Yat-sen University, Shenzhen, China",IEEE Sensors Journal,30 Aug 2023,2023,23,17,18926,18948,"In recent years, unmanned aircraft systems (UASs) have played an increasingly significant role in the military and civil fields. The flight control system, as the “hub” of an unmanned aerial vehicle (UAV), is responsible for the key function of autonomous flight, while a reliable and stable navigation system provides important information such as position status for flight control and represents the “sensory” function of the UAV. A highly autonomous and credible UAV requires a navigation system that meets specific requirements for accuracy, integrity, and continuity, resulting in a multitude of sensors on-board the UAV that are heterogeneous, redundant, and multisource, creating a highly complex navigation system. In this article, we review multisensor fusion (MSF) technology for small UAVs over the last 20 years and provide an overview of three typical multisource fusion architectures based on filtering, factor graph optimization, and data-driven, focusing on inductive identification of key technologies for multisource information fusion state estimation systems, including calibration techniques to improve data quality, observability analysis to provide theoretical support, additional model constraint correction using aircraft, and resilient fusion management techniques across all sources. Finally, we propose future directions for UAS navigation systems to address the limitations of the existing systems.",1558-1748,,10.1109/JSEN.2023.3292427,National Natural Science Foundation of China(grant numbers:61174120); ,https://ieeexplore.ieee.org/stamp/stamp.jsp?arnumber=10179240,Factor graph optimization (FGO);Kalman filter (KF);multisensor fusion (MSF);resilient;unmanned aircraft systems (UASs),Sensors;Intelligent sensors;Navigation;Sensor systems;Autonomous aerial vehicles;Aerospace control;Sensor phenomena and characterization,,108,,170,IEEE,11 Jul 2023,"1 Sept.1, 2023",,IEEE,IEEE Journals
Long-Range UAV Thermal Geo-Localization with Satellite Imagery,J. Xiao; D. Tortei; E. Roura; G. Loianno,"New York University, Tandon School of Engineering, Brooklyn, NY, USA; Autonomous Robotics Research Center-Technology Innovation Institute, Abu Dhabi, UAE; Autonomous Robotics Research Center-Technology Innovation Institute, Abu Dhabi, UAE; New York University, Tandon School of Engineering, Brooklyn, NY, USA",2023 IEEE/RSJ International Conference on Intelligent Robots and Systems (IROS),13 Dec 2023,2023,,,5820,5827,"Onboard sensors, such as cameras and thermal sensors, have emerged as effective alternatives to Global Positioning System (GPS) for geo-Iocalization in Unmanned Aerial Vehicle (UAV) navigation. Since GPS can suffer from signal loss and spoofing problems, researchers have explored camera-based techniques such as Visual Geo-Iocalization (VG) using satellite RGB imagery. Additionally, thermal geo-Iocalization (TG) has become crucial for long-range UAV flights in low-illumination environments. This paper proposes a novel thermal geo-Iocalization framework using satellite RGB imagery, which includes multiple domain adaptation methods to address the limited availability of paired thermal and satellite images. The experimental results demonstrate the effectiveness of the proposed approach in achieving reliable thermal geo-Iocalization performance, even in thermal images with indistinct self-similar features. We evaluate our approach on real data collected onboard a UAV. We also release the code and Boson-nighttime, a dataset of paired satellite-thermal and unpaired satellite images for thermal geo-Iocalization with satellite imagery. To the best of our knowledge, this work is the first to propose a thermal geo-Iocalization method using satellite RGB imagery in long-range flights.",2153-0866,978-1-6654-9190-7,10.1109/IROS55552.2023.10342068,,https://ieeexplore.ieee.org/stamp/stamp.jsp?arnumber=10342068,,Training;Adaptation models;Visualization;Satellites;Thermal sensors;Autonomous aerial vehicles;Sensor systems,,18,,42,IEEE,13 Dec 2023,1-5 Oct. 2023,1-5 Oct. 2023,IEEE,IEEE Conferences
All-onboard Relative Positioning and Control Framework for Autonomous Micro-UAV Swarms Based on Vision-Optoelectronic-UWB Fusion and Distributed Graph Optimization,C. Xiong; J. Wan; Q. Tong; W. Lu; Q. He; Z. You,"Department of Precision Instrument, Tsinghua University, Beijing, China; Department of Precision Instrument, Tsinghua University, Beijing, China; Department of Precision Instrument, Tsinghua University, Beijing, China; Department of Precision Instrument, Tsinghua University, Beijing, China; Department of Precision Instrument, Tsinghua University, Beijing, China; Department of Precision Instrument, Tsinghua University, Beijing, China",2026 IEEE International Conference on Robotics and Automation (ICRA),30 Sep 2026,2026,,,535,542,"The autonomous cooperation of micro unmanned aerial vehicle (UAV) swarms remains a key challenge. Existing swarm relative positioning and control methods demand high sensing, computing, and communication resources and rely on external equipment like GPS and ground stations. To address these issues, this paper proposes an all-onboard and external-aiding-free swarm relative measurement, positioning and control framework. The framework utilizes an onboard Vision-Optoelectronic-Ultra-Wideband (UWB) coupled measurement system to acquire inter-UAV relative distance and direction. Subsequently, the swarm’s relative positions are solved via a distributed graph optimization (DGO) approach. Based on the solved relative positions, swarm cooperative control is implemented through a distributed Voronoi diagram approach. Experimental results demonstrate that the proposed method enables 150 g micro-UAVs to achieve nearly 100-meter autonomous outdoor formation flight and collaborative tracking of dynamic targets, with swarm relative localization accuracy reaching approximately 0.262 m. This work pioneers fully autonomous measurement and control for 100-gram scale UAV swarms without external infrastructure, significantly advancing autonomy and enabling swarm intelligence emergence.",,979-8-3315-8160-2,10.1109/ICRA57385.2026.11697115,National Natural Science Foundation of China; ,https://ieeexplore.ieee.org/stamp/stamp.jsp?arnumber=11697115,,Autonomous aerial vehicles;Distance measurement;Measurement;Printing;Equations;Modeling;Optimization;Image sensors;Pose estimation;Tagging,,,,23,IEEE,30 Sep 2026,1-5 June 2026,1-5 June 2026,IEEE,IEEE Conferences
An Adaptive Approach based on Multi-State Constraint Kalman Filter for UAVs,H. V. Do; Y. H. Kim; Y. S. Kwon; S. H. Kang; H. J. Kim; J. W. Song,"Department of Intelligent Mechatronics Engineering, and Convergence Engineering for Intelligent Drone, Sejong University, Seoul, Korea; Department of Intelligent Mechatronics Engineering, and Convergence Engineering for Intelligent Drone, Sejong University, Seoul, Korea; Department of Intelligent Mechatronics Engineering, and Convergence Engineering for Intelligent Drone, Sejong University, Seoul, Korea; Department of Intelligent Mechatronics Engineering, and Convergence Engineering for Intelligent Drone, Sejong University, Seoul, Korea; Department of Intelligent Mechatronics Engineering, and Convergence Engineering for Intelligent Drone, Sejong University, Seoul, Korea; Department of Intelligent Mechatronics Engineering, and Convergence Engineering for Intelligent Drone, Sejong University, Seoul, Korea","2021 21st International Conference on Control, Automation and Systems (ICCAS)",28 Dec 2021,2021,,,481,485,"High accurate and robust motion estimation plays a fundamental role in the autonomous navigation system, especially for Visual Inertial Navigation System (VINS). The consistent of extended Kalman Filter (EKF)-based estimator highly relies on the prior information of the process noise (Q) and the measurement noise (R) covariance matrices. In this paper, we apply an adaptation rule to the well-known Multi-State Constraint Kalman Filter (MSCKF) using innovation and residual information for a monocular VINS that is mounted in a drone. The shortcoming of MSCKF is that the state vector grows as the number of detected features increasing. Since the vision process can give different estimated results due to various error sources such as the ambiguity or the quality of the camera, each epoch should have different weighting factors. Therefore, Q and R covariance matrices should be adapted. It is shown through the simulation that the proposed algorithm has more robustness and accuracy against the conventional approach which has fixed values of Q and R covariance matrices.",2642-3901,978-89-93215-21-2,10.23919/ICCAS52745.2021.9649897,"MSIT (Ministry of Science and ICT), Korea(grant numbers:IITP-2021-2018-0-01423); ",https://ieeexplore.ieee.org/stamp/stamp.jsp?arnumber=9649897,Visual Inertial Navigation System;Adaptive;Multi State Constrain Kalman Filter;Unmanned Aerial Vehicles,Visualization;Technological innovation;Q measurement;Motion estimation;Inertial navigation;Numerical simulation;Robustness,,2,,9,,28 Dec 2021,12-15 Oct. 2021,12-15 Oct. 2021,IEEE,IEEE Conferences
3DGS-Holo-Inspector: A Mixed Reality UAV Controller with 3D Gaussian Splatting Localization for Infrastructure Inspection,S. M. R. Rizvi; H. Weng; C. M. Yeum,"Department of Civil and Environmental Engineering, University of Waterloo, Waterloo, Canada; Department of Civil and Environmental Engineering, University of Waterloo, Waterloo, Canada; Department of Civil and Environmental Engineering, University of Waterloo, Waterloo, Canada",2026 IEEE International Conference on Robotics and Automation (ICRA),30 Sep 2026,2026,,,6065,6072,"Unmanned aerial vehicles (UAVs) are increasingly used for infrastructure inspection, but conventional joystick and first-person-view (FPV) controllers remain unintuitive, error-prone, and cognitively demanding, particularly in cluttered or safety-critical environments. We present 3DGS-Holo-Inspector, a Mixed Reality (MR) UAV controller that combines holographic goal-setting with autonomous UAV navigation. Using natural hand gestures, operators can define and preview navigation goals directly in MR before flight, ensuring precise and safe data capture at inspection viewpoints. The system complements existing inspection pipelines by leveraging prebuilt 3D maps (e.g., photogrammetry or LiDAR reconstructions) to enable refinement of Regions of Interest (ROIs) where coverage is incomplete or the detail is insufficient. Robust headset–UAV alignment is achieved through a LiDAR–RGB 3D Gaussian Splatting (3DGS) localization backbone, which provides dense, markerless, and persistent spatial registration in both indoor and outdoor settings. Once goals are placed, the UAV autonomously navigates to the specified pose, with real-time telemetry and live video overlaid in MR to enhance situational awareness. Experimental validation using a ModalAI Starling UAV and Microsoft HoloLens 2 demonstrated accurate UAV-goal alignment, achieving a positional Root Mean Square Error (RMSE) of 0.090 m (median = 0.084 m) indoors and 0.119 m (median = 0.118 m) outdoors, with orientation (yaw) RMSEs of 1.491° (median = 1.400°) and 2.233° (median = 2.268°), respectively. These results confirm that 3DGS-HoloInspector provides reliable MR-based UAV control, augmenting inspection workflows by enabling safe, intuitive, and high-precision UAV operations in real-world environments.",,979-8-3315-8160-2,10.1109/ICRA57385.2026.11696403,Natural Sciences and Engineering Research Council of Canada; ,https://ieeexplore.ieee.org/stamp/stamp.jsp?arnumber=11696403,UAVs;Mixed Reality;Gaussian Splatting;Autonomous Navigation;Localization;Infrastructure Inspection,Autonomous aerial vehicles;Inspection;Printing;Cameras;Visualization;Headphones;Location awareness;Aluminum;Autopilot;Conferences,,,,43,IEEE,30 Sep 2026,1-5 June 2026,1-5 June 2026,IEEE,IEEE Conferences
PTZ Camera-Based UAV Localisation Using Pretrained Siamese Visual Networks and Geometric Modelling,X. Oh; R. Lim; S. Foong; U. -X. Tan,"Engineering Product Development Pillar, Singapore University of Technology and Design, Singapore; Engineering Product Development Pillar, Singapore University of Technology and Design, Singapore; Engineering Product Development Pillar, Singapore University of Technology and Design, Singapore; Engineering Product Development Pillar, Singapore University of Technology and Design, Singapore",2026 IEEE/ASME International Conference on Advanced Intelligent Mechatronics (AIM),25 Aug 2026,2026,,,1,7,"Accurate 3D localisation of custom UAVs in GPS-denied environments is critical for applications such as indoor inspection and infrastructure maintenance. While deep learning-based visual methods are robust in unstructured scenes, most rely on object detectors trained on large labelled datasets, limiting their applicability to custom-built UAV platforms. This paper proposes an active PTZ camera-based localisation pipeline that employs a pretrained Siamese visual network as a generic target maintenance front-end, eliminating the need for UAV-specific training data. To address the challenges introduced by dynamic pan-tilt-zoom motion, we introduce a PTZ-aware template update module that adapts the visual template to viewpoint and scale changes, improving target observability over time. Furthermore, we model the UAV as a cylinder and fuse distance estimates from its observed width and height using a particle filter, achieving improved 3D localisation accuracy over width-only approaches. Real-world experiments demonstrate robust target maintenance across different UAV appearances and achieve a 3D localisation RMSE of 0.638 m in an unstructured environment. The system enables cost-effective deployment of fixed ground-based PTZ cameras for automated UAV monitoring and inspection in GPS-denied industrial settings without specialised motion capture infrastructure or UAV-specific training.",2159-6255,979-8-3195-3611-2,10.1109/AIM65483.2026.11658362,,https://ieeexplore.ieee.org/stamp/stamp.jsp?arnumber=11658362,,Autonomous aerial vehicles;Location awareness;Distance measurement;Modeling;Cameras;Visualization;Printing;Tracking;Equations;Light emitting diodes,,,,35,IEEE,25 Aug 2026,7-11 July 2026,7-11 July 2026,IEEE,IEEE Conferences
DynaVINS: A Visual-Inertial SLAM for Dynamic Environments,S. Song; H. Lim; A. J. Lee; H. Myung,"School of Electrical Engineering, KAIST, Daejeon, Republic of Korea; School of Electrical Engineering, KAIST, Daejeon, Republic of Korea; Department of Civil and Environmental Engineering, KAIST, Daejeon, Republic of Korea; School of Electrical Engineering, KAIST, Daejeon, Republic of Korea",IEEE Robotics and Automation Letters,6 Sep 2022,2022,7,4,11523,11530,"Visual inertial odometry and SLAM algorithms are widely used in various fields, such as service robots, drones, and autonomous vehicles. Most of the SLAM algorithms are based on assumption that landmarks are static. However, in the real-world, various dynamic objects exist, and they degrade the pose estimation accuracy. In addition, temporarily static objects, which are static during observation but move when they are out of sight, trigger false positive loop closings. To overcome these problems, we propose a novel visual-inertial SLAM framework, called DynaVINS, which is robust against both dynamic objects and temporarily static objects. In our framework, we first present a robust bundle adjustment that could reject the features from dynamic objects by leveraging pose priors estimated by the IMU preintegration. Then, a keyframe grouping and a multi-hypothesis-based constraints grouping methods are proposed to reduce the effect of temporarily static objects in the loop closing. Subsequently, we evaluated our method in a public dataset that contains numerous dynamic objects. Finally, the experimental results corroborate that our DynaVINS has promising performance compared with other state-of-the-art methods by successfully rejecting the effect of dynamic and temporarily static objects.",2377-3766,,10.1109/LRA.2022.3203231,"Indoor Robot Spatial AI Technology Development(grant numbers:B210000715); Institute of Information & Communications Technology Planning & Evaluation; Ministry of Science and ICT, South Korea(grant numbers:2020-0-00440); Development of Artificial Intelligence Technology; Continuously Improves Itself as the Situation Changes in the Real World; BK21 FOUR from the Ministry of Education; ",https://ieeexplore.ieee.org/stamp/stamp.jsp?arnumber=9870851,Visual-inertial SLAM;SLAM;visual tracking,Simultaneous localization and mapping;Cameras;Heuristic algorithms;Optimization;Visualization;Dynamics;Vehicle dynamics,,143,,25,IEEE,31 Aug 2022,Oct. 2022,,IEEE,IEEE Journals
Is Iteration Worth It? Revisit its Impact in Sliding-Window VIO,C. Chen; Y. Peng; G. Huang,"Department of Mechanical Engineering, University of Delaware, Newark, DE, USA; Department of Mechanical Engineering, University of Delaware, Newark, DE, USA; Department of Mechanical Engineering, University of Delaware, Newark, DE, USA",2025 IEEE International Conference on Robotics and Automation (ICRA),2 Sep 2025,2025,,,1060,1066,"Visual-inertial odometry (VIO), which fuses noisy inertial readings and camera measurements to provide 3D motion tracking, is a foundational component in many autonomous applications. With the increasing use of next-generation edge devices (e.g., AR/VR devices, nano drones, and mobile robotics) that are constrained by limited power, resources, and multitasking demands, balancing computational efficiency and accuracy in VIO estimators has become more critical than ever. Historically, state estimation algorithms have been developed using either optimization or filtering-based methods, with the key distinction being the ability to relinearize measurements and correct state estimates iteratively. It has been widely claimed that iterative methods improve accuracy by allowing for the reduction of error through relinearization at a higher computational demand. Conversely, filtering methods are more efficient but may suffer from significant linearization errors. However, these trade-offs have not been thoroughly examined in the context of visual-inertial motion tracking. In this paper, we conduct the first comprehensive study on the impact of iterative algorithms in sliding-window VIO. We analyze the relinearization of IMU and camera measurements separately, providing insights into how each affects system performance. By considering key factors such as system observability and measurement processes, we offer a deeper understanding of VIO estimator behavior. Our findings, backed by real-world tests, offer practical guidelines for balancing accuracy and efficiency, helping practitioners determine when to prioritize iterative methods or simpler filtering approaches while encouraging researchers and engineers to rethink VIO design for optimal resource allocation.",,979-8-3315-4139-2,10.1109/ICRA55743.2025.11127352,"University of Delaware (UD) College of Engineering; NSF(grant numbers:SCH-2014264,IIS-2410019); Google ARCore; ",https://ieeexplore.ieee.org/stamp/stamp.jsp?arnumber=11127352,,Accuracy;Three-dimensional displays;Tracking;Filtering;System performance;Robot vision systems;Cameras;Iterative methods;State estimation;Robots,,1,,35,IEEE,2 Sep 2025,19-23 May 2025,19-23 May 2025,IEEE,IEEE Conferences
A Moving Target Tracking System of Quadrotors with Visual-Inertial Localization,Z. Lin; W. Xu; W. Wang,"School of Artificial Intelligence, University of Chinese Academy of Sciences, Beijing, China; School of Artificial Intelligence, University of Chinese Academy of Sciences, Beijing, China; School of Artificial Intelligence, University of Chinese Academy of Sciences, Beijing, China",2023 IEEE International Conference on Robotics and Automation (ICRA),4 Jul 2023,2023,,,3296,3302,"This paper implements a vision-based moving target tracking system of quadrotors with visual-inertial localization in GNSS-denied indoor environments. We use the visual-inertial odometry to estimate the states of the UAV by minimizing visual and inertial residuals, and estimate the states of the target with extended Kalman Filter from visual detection. This research formulates the target tracking problem as optimization-based trajectory generation where a weighted sum cost function jointly penalizes the tracking error, the control cost of the trajectory and the trajectory length, while enforcing the safety and feasibility constraints. We present a strategy that represents the trajectory as piecewise Bézier curves using Bernstein polynomial basis. Due to the special properties of Bézier curves, the position of the entire trajectory and its derivatives can be directly bounded within the safe spaces, thus this facilitating the dynamics of the quadrotor. The proposed strategy can generate smooth and collision-free tracking trajectories and is time and space efficient. We conduct simulations and real-world experiments to validate the effectiveness of our system.",,979-8-3503-2365-8,10.1109/ICRA48891.2023.10161323,,https://ieeexplore.ieee.org/stamp/stamp.jsp?arnumber=10161323,,Location awareness;Visualization;Target tracking;Robot sensing systems;Trajectory;Sensors;Safety,,6,,31,IEEE,4 Jul 2023,29 May-2 June 2023,29 May-2 June 2023,IEEE,IEEE Conferences
Pathloss Analysis and Modelling for 5G Communication in U-SPACE,S. C. Nwabuona; R. Singh; M. Berger; S. Ruepp; L. Dittmann,"Dept. of Electrical and Photonics Engineering, Technical University of Denmark Kongens Lyngby, Denmark; Dept. of Electrical and Photonics Engineering, Technical University of Denmark Kongens Lyngby, Denmark; Dept. of Electrical and Photonics Engineering, Technical University of Denmark Kongens Lyngby, Denmark; Dept. of Electrical and Photonics Engineering, Technical University of Denmark Kongens Lyngby, Denmark; Dept. of Electrical and Photonics Engineering, Technical University of Denmark Kongens Lyngby, Denmark","2023 IEEE International Performance, Computing, and Communications Conference (IPCCC)",18 Oct 2023,2023,,,160,165,"The numerous applications of Unmanned Aerial Vehicles (UAVs) have the prospects of stirring the global economic growth. Besides having a relatively small carbon footprint, the operating cost of UAVs is significantly less than that of manned aircrafts. Conventionally, civilian UAVs are flown such that the UAV controller is in Visual Line of Sight (VLOS) with the UAV. This mode of operation limits possible UAV applications to the visual acuity of the UAV operator. To explore all possible applications of UAVs, it is often required that they operate in large quantities and Beyond Visual Line of Sight (BVLOS). In this article, the radio channel parameters between a UAV and a live 5G NR (New Radio) cellular network, operating on 3.5 GHz frequency was measured and analyzed. This was done by field measurements with TSMA6B - an industrial-grade mobile frequency scanner, attached to a rotary-wing UAV. Using the network configurations obtained by the MNO (Mobile Network Operator), measurement campaigns were carried out at altitudes (22 - 35 meters) within the elevation angle of the transmitting antenna. Collected results were used to fit a path loss regression line for each altitude using the measured power of the reference signal and the instantaneous distance of the UAV from the base station. Findings from the analysis show that the path loss model is height dependent with altitude-specific cell edge requirements. In conclusion, the findings indicate that a 3.5GHz radio channel, deployed in a rural scenario, approximates a free space channel with an increase in altitude. This is because the channel conditions are similar to a line-of-sight scenario with increased altitude.",2374-9628,979-8-3503-0293-6,10.1109/IPCCC59175.2023.10253853,,https://ieeexplore.ieee.org/stamp/stamp.jsp?arnumber=10253853,5G Cellular Technology;Path Loss Modeling;RSRP;SINR;Drone,Antenna measurements;Visualization;Analytical models;Power measurement;Computational modeling;Transmitting antennas;Autonomous aerial vehicles,,,,21,IEEE,18 Oct 2023,17-19 Nov. 2023,17-19 Nov. 2023,IEEE,IEEE Conferences
CoNi-MPC: Cooperative Non-inertial Frame Based Model Predictive Control,B. Zhang; X. Chen; Z. Li; G. Beltrame; C. Xu; F. Gao; Y. Cao,"Huzhou Institute of Zhejiang University, Huzhou, China; Huzhou Institute of Zhejiang University, Huzhou, China; Huzhou Institute of Zhejiang University, Huzhou, China; Department of Computer Engineering and Software Engineering, Polytechnique Montreal, Montreal, QC, Canada; Huzhou Institute of Zhejiang University, Huzhou, China; Huzhou Institute of Zhejiang University, Huzhou, China; Huzhou Institute of Zhejiang University, Huzhou, China",IEEE Robotics and Automation Letters,26 Oct 2023,2023,8,12,8082,8089,"This letter presents a novel solution for UAV control in cooperative multi-robot systems, which can be used in various scenarios such as leader-following, landing on a moving base, or specific relative motion with a target. Unlike classical methods that tackle UAV control in the world frame, we directly control the UAV in the target coordinate frame, without making motion assumptions about the target. In detail, we formulate a non-linear model predictive controller of a UAV, referred to as the agent, within a non-inertial frame (i.e., the target frame). The system requires the relative states (pose and velocity), the angular velocity and the accelerations of the target, which can be obtained by relative localization methods and ubiquitous MEMS IMU sensors, respectively. This framework eliminates dependencies that are vital in classical solutions, such as accurate state estimation for both the agent and target, prior knowledge of the target motion model, and continuous trajectory re-planning for some complex tasks. We have performed extensive simulations to investigate the control performance with varying motion characteristics of the target. Furthermore, we conducted real robot experiments, employing either simulated relative pose estimation from motion capture systems indoors or directly from our previous relative pose estimation devices outdoors, to validate the applicability and feasibility of the proposed approach.",2377-3766,,10.1109/LRA.2023.3325776,National Natural Science Foundation of China(grant numbers:62103368); ,https://ieeexplore.ieee.org/stamp/stamp.jsp?arnumber=10287548,Motion control;non-inertial model;non-linear MPC;leader-follower;autonomous landing,Trajectory;Motion control;Quadrotors;Predictive control;Autonomous aerial vehicles;State estimation;Drones,,14,,25,IEEE,18 Oct 2023,Dec. 2023,,IEEE,IEEE Journals
A Unified Error-State Kalman Filtering Framework for Multi-Sensor Navigation of Fixed-Wing UAVS in GNSS-Denied Scenarios,G. E. V. Hernandez; R. C. Fernandes; A. Sorokin; M. Korimi; F. O. Silva,"Autonomous Robotics Research Center, Technology Innovation Institute, Masdar City, Abu Dhabi, UAE; Autonomous Robotics Research Center, Technology Innovation Institute, Masdar City, Abu Dhabi, UAE; Autonomous Robotics Research Center, Technology Innovation Institute, Masdar City, Abu Dhabi, UAE; Autonomous Robotics Research Center, Technology Innovation Institute, Masdar City, Abu Dhabi, UAE; Department of Automatics, Federal University of Lavras, Lavras, MG, Brazil",2026 International Conference on Unmanned Aircraft Systems (ICUAS),14 Jul 2026,2026,,,519,528,"Reliable navigation in Global Navigation Satellite System (GNSS)-denied environments remains a critical challenge for fixed-wing Unmanned Aerial Vehicles (UAVs). In such conditions, Inertial Navigation Systems (INSs) must be aided by heterogeneous sensors to mitigate drift and ensure long-term accuracy. This paper presents the development, implementation, and experimental validation of a unified ErrorState Extended Kalman Filter (ESEKF) designed for fixedwing UAV navigation under GNSS-denied and GNSS-degraded scenarios. The proposed framework integrates an INS with magnetometer, barometer, pitot tube with pseudovanes, VisualInertial Odometry (VIO), and Computer Vision (CV) Convolutional Neural Network (CNN)-based position estimates within a unified estimation architecture. A comprehensive mathematical description of the ESEKF is provided, with special attention given to the modeling of sensor systematic errors, which are explicitly included in the augmented error-state vector. The estimator performance is evaluated through a flight experiment using a custom fixed-wing UAV platform, where the contribution of each aiding sensor is assessed via systematic sensor deactivation under GNSS outage conditions. Experimental results demonstrate the robustness and modularity of the proposed ESEKF architecture, highlighting its ability to maintain navigation accuracy despite the loss of individual aiding sensors (except barometer and CV). The presented framework consolidates previously fragmented sensor fusion approaches into a single, self-consistent navigation solution, providing both a practical implementation reference and a foundation for future extensions and tuning strategies.",2575-7296,979-8-3315-9316-2,10.1109/ICUAS69441.2026.11598562,,https://ieeexplore.ieee.org/stamp/stamp.jsp?arnumber=11598562,,Arrays;Measurement;Modeling;Image sensors;Navigation;Equations;Global navigation satellite system;Timing;Magnetometers;Tagging,,,,34,IEEE,14 Jul 2026,15-18 June 2026,15-18 June 2026,IEEE,IEEE Conferences
Cluster-ALIV: Aerial LiDAR-Inertia-Visual Dense Reconstruction for Cluster UAV,X. Li; J. Zhang; S. Bu; L. Chen; K. Li; Z. Xia; Y. Zhang; X. Jia,"National Key Laboratory of Aircraft Configuration Design, School of Aeronautics, Northwestern Polytechnical University, Xi'an, China; Chengdu Aircraft Design & Research Institute, Chengdu, China; National Key Laboratory of Aircraft Configuration Design, School of Aeronautics, Northwestern Polytechnical University, Xi'an, China; National Key Laboratory of Aircraft Configuration Design, School of Aeronautics, Northwestern Polytechnical University, Xi'an, China; National Key Laboratory of Aircraft Configuration Design, School of Aeronautics, Northwestern Polytechnical University, Xi'an, China; National Key Laboratory of Aircraft Configuration Design, School of Aeronautics, Northwestern Polytechnical University, Xi'an, China; National Key Laboratory of Aircraft Configuration Design, School of Aeronautics, Northwestern Polytechnical University, Xi'an, China; National Key Laboratory of Aircraft Configuration Design, School of Aeronautics, Northwestern Polytechnical University, Xi'an, China",IEEE Robotics and Automation Letters,21 Apr 2025,2025,10,6,5329,5336,"Uncrewed Aerial Vehicles (UAVs) equipped with LiDAR, camera, and Inertial Measurement Unit sensors are increasingly utilized for real-time dense reconstruction in large-scale rescue operations and environmental monitoring, among others. However, achieving algorithmic robustness remains challenging due to the UAVs' high-speed flight and rapid pose changes. Additionally, energy constraints on individual UAVs can be mitigated through multi-UAV collaboration, improving operational efficiency. Nevertheless, when faced with unknown environments or the loss of Global Navigation Satellite System signal, most multi-UAV dense reconstruction systems can't work, making it hard to construct a global consistent map. In this letter, we propose Cluster-ALIV, a real-time dense reconstruction system for multiple UAVs that effectively supports aerial, large-scale scenarios with lost global positioning and weak co-visibility of LiDAR or vision. The system integrates LiDAR-Inertial-Visual odometry through multi-sensor fusion to generate accurate, gravity-aligned, colorized LiDAR point clouds and visual information with scale. Overall, in the Cluster-ALIV, each UAV executes a LiDAR-Inertial-Visual odometry, transmitting point cloud and visual data to a ground server, where multi-UAV joint optimization is performed through LiDAR post-processing, visual post-processing, and normal distributions transform refinement. Extensive experiments demonstrate that our system can efficiently construct large-scale dense map in real time with high accuracy and robustness.",2377-3766,,10.1109/LRA.2025.3559839,National Natural Science Foundation of China(grant numbers:SN:SXKLIIN202402002); ,https://ieeexplore.ieee.org/stamp/stamp.jsp?arnumber=10960656,Mapping;multi-robot;aerial systems,Laser radar;Point cloud compression;Autonomous aerial vehicles;Visualization;Odometry;Image reconstruction;Servers;Accuracy;Three-dimensional displays;Rendering (computer graphics),,2,,23,IEEE,10 Apr 2025,June 2025,,IEEE,IEEE Journals
SBC-SLAM: Semantic Bioinspired Collaborative SLAM for Large-Scale Environment Perception of Heterogeneous Systems,D. Liu; J. Wu; Y. Du; R. Zhang; M. Cong,"School of Mechanical Engineering, Dalian University of Technology, Dalian, China; School of Mechanical Engineering, Dalian University of Technology, Dalian, China; School of Mechanical Engineering, Dalian Jiaotong University, Dalian, China; School of Mechanical Engineering, Dalian University of Technology, Dalian, China; School of Mechanical Engineering, Dalian University of Technology, Dalian, China",IEEE Transactions on Instrumentation and Measurement,19 Apr 2024,2024,73,,1,10,"Recently, there have been efforts to enable collaborative simultaneous localization and mapping (SLAM) of heterogeneous unmanned aerial vehicle (UAV)/unmanned ground vehicle (UGV) in large-scale dynamic environments. However, the challenges of collaborative localization introduced by the view differences between aerial and ground robots, high cost of storing, reusing the metric map, greatly limit the application of traditional visual SLAM algorithms in cross-domain robot collaborative SLAM. To address these issues, this article introduces a semantic-based bioinspired SLAM frame work for operating mobile robots equipped with a visual system in unstructured large-scale outdoor environments. This system forms a semidense semantic map through bioinspired tightly coupled visual inertial odometry, which can encode the sensory cues and self-motion cues with biological neural models in a compact and efficient manner. The topological information of semantic feature points serves as visually robust scene descriptor. It enables UAVs and UGVs to recognize the same scene with view variation. The proposed system is tested in both synthetic and real-world large-scale unstructured environments. Proposed system achieving a similar level of accuracy with about 20% of the key frame information required by traditional algorithms. It successfully registered heterogeneous robot’s trajectory in both simulation and real environment, with errors under 10%. Its accuracy shows advantage to previous algorithms.",1557-9662,,10.1109/TIM.2024.3385825,Joint Fund of the Ministry of Education for Equipping Pre-Research(grant numbers:8091B022119); Fundamental Research Funds for the Central Universities(grant numbers:DUT22JC13); ,https://ieeexplore.ieee.org/stamp/stamp.jsp?arnumber=10494317,Brain inspired simultaneous localization and mapping (SLAM);large-scale environment measurement;semantic metric map;view robust scene descriptor;visual SLAM,Semantics;Robots;Simultaneous localization and mapping;Visualization;Navigation;Odometry;Location awareness,,14,,39,IEEE,8 Apr 2024,2024,,IEEE,IEEE Journals
Radar-Inertial Odometry for Closed-Loop Control of Resource-Constrained Aerial Platforms,J. Michalczyk; M. Scheiber; R. Jung; S. Weiss,"Control of Networked Systems Group, University of Klagenfurt, Austria; Control of Networked Systems Group, University of Klagenfurt, Austria; Control of Networked Systems Group, University of Klagenfurt, Austria; Control of Networked Systems Group, University of Klagenfurt, Austria","2023 IEEE International Symposium on Safety, Security, and Rescue Robotics (SSRR)",22 Apr 2024,2023,,,61,68,"In this paper, we present a Radar-Inertial Odom-etry (RIO) framework capable of running on a portable resource-constrained embedded computer in real-time as a state estimator for closing the feedback control loop on an Unmanned Aerial Vehicle (UAV) platform. The presented framework ef-ficiently implements a RIO approach relying on the multi-state tightly-coupled Extended Kalman Filter (EKF) fusing instantaneous velocities of and distances to 3D points delivered by a lightweight, low-cost, off-the-shelf Frequency Modulated Continuous Wave (FMCW) radar with Inertial Measurement Unit (IMU) readings. The usage, accuracy and consistency of the implemented framework are improved compared to state-of-the-art by the online calibration of the sensors' extrinsic parameters. Our method is particularly relevant for (but not limited to) UAVs, enabling them to navigate autonomously in Global Navigation Satellite System (GNSS)-denied environments using very affordable and accessible hardware. In addition, thanks to the properties of the radar sensor, we enable autonomous navigation in challenging conditions for robot perception due to external factors such as fog, darkness or strong illumination which might be encountered in disaster zones. We show in real-world closed-loop flight experiments the effectiveness and efficiency of our estimator. The beneficial impact of the online calibration on estimation accuracy and consistency is also shown. Moreover, we compare the presented approach to a state-of-the-art vision-based algorithm (Visual-Inertial Odometry (VIO)) in visually degraded conditions.",2475-8426,979-8-3503-8111-5,10.1109/SSRR59696.2023.10499937,,https://ieeexplore.ieee.org/stamp/stamp.jsp?arnumber=10499937,,Three-dimensional displays;Spaceborne radar;Autonomous aerial vehicles;Real-time systems;Loss measurement;Hardware;Calibration,,7,,29,IEEE,22 Apr 2024,13-15 Nov. 2023,13-15 Nov. 2023,IEEE,IEEE Conferences
Computationally Light Spectrally Normalized Memory Neuron Network based Estimator for GPS-denied operation of Micro-UAV,N. Rao; S. Sundaram; V. Raghavendra,"Department of Aerospace Engineering, Indian Institute of Science, Bangalore, India; Department of Aerospace Engineering, Indian Institute of Science, Bangalore, India; Department of Aerospace Engineering, Indian Institute of Science, Bangalore, India","2023 9th International Conference on Control, Decision and Information Technologies (CoDIT)",24 Oct 2023,2023,,,1894,1899,"This paper addresses the problem of position estimation in UAVs operating in a cluttered environment where GPS information is unavailable. A learning-based approach is proposed that takes in the rotor RPMs and past state as input and predicts the one-step-ahead position of the UAV using a novel spectral-normalized memory neural network (SN-MNN). The spectral normalization guarantees stable and reliable prediction performance. The predicted position is transformed to the global coordinate frame (GPS), which is then fused along with the odometry of other peripheral sensors like IMU, barometer, compass, etc., using the onboard extended Kalman filter (EKF) to estimate the states of the UAV. The experimental flight data collected from an RTK-GPS facility using a micro-UAV is used to train the SN-MNN. The PX4-ECL library is used to fuse the predicted data using the SN-MNN, and the estimated position is compared with actual ground truth data. The proposed algorithm doesn't require any additional onboard sensors and is computationally light. The performance of the proposed approach is compared with the current state-of-art GPS-denied algorithms, and it can be seen that the proposed algorithm has the least RMSE for position estimates.",2576-3555,979-8-3503-1140-2,10.1109/CoDIT58514.2023.10284327,,https://ieeexplore.ieee.org/stamp/stamp.jsp?arnumber=10284327,,Neurons;Rotors;Sensor fusion;Prediction algorithms;Autonomous aerial vehicles;Libraries;Sensors,,3,,15,IEEE,24 Oct 2023,3-6 July 2023,3-6 July 2023,IEEE,IEEE Conferences
Teach-Repeat-Replan: A Complete and Robust System for Aggressive Flight in Complex Environments,F. Gao; L. Wang; B. Zhou; X. Zhou; J. Pan; S. Shen,"State Key Laboratory of Industrial Control and Technology, Zhejiang University, Hangzhou, China; Department of Electronic and Computer Engineering, Hong Kong University of Science and Technology, Hong Kong; Department of Electronic and Computer Engineering, Hong Kong University of Science and Technology, Hong Kong; State Key Laboratory of Industrial Control and Technology, Zhejiang University, Hangzhou, China; Department of Electronic and Computer Engineering, Hong Kong University of Science and Technology, Hong Kong; Department of Electronic and Computer Engineering, Hong Kong University of Science and Technology, Hong Kong",IEEE Transactions on Robotics,1 Oct 2020,2020,36,5,1526,1545,"In this article, we propose a complete and robust system for the aggressive flight of autonomous quadrotors. The proposed system is built upon on the classical teach-and-repeat framework, which is widely adopted in infrastructure inspection, aerial transportation, and search-and-rescue. For these applications, a human's intention is essential for deciding the topological structure of the flight trajectory of the drone. However, poor teaching trajectories and changing environments prevent a simple teach-and-repeat system from being applied flexibly and robustly. In this article, instead of commanding the drone to precisely follow a teaching trajectory, we propose a method to automatically convert a human-piloted trajectory, which can be arbitrarily jerky, to a topologically equivalent one. The generated trajectory is guaranteed to be smooth, safe, and dynamically feasible, with a human preferable aggressiveness. Also, to avoid unmapped or moving obstacles during flights, a fast local perception method and a sliding-windowed replanning method are integrated into our system, to generate safe and dynamically feasible local trajectories onboard. We name our system as teach–repeat–replan. It can capture users’ intention of a flight mission, convert an arbitrarily jerky teaching path to a smooth repeating trajectory, and generate safe local replans to avoid unexpected collisions. The proposed planning system is integrated into a complete autonomous quadrotor with global and local perception and localization submodules. Our system is validated by performing aggressive flights in challenging indoor/outdoor environments. We release all components in our quadrotor system as open-source ros packages.",1941-0468,,10.1109/TRO.2020.2993215,HKUST-DJI Joint Innovation Laboratory; HKUST Institutional Fund; ,https://ieeexplore.ieee.org/stamp/stamp.jsp?arnumber=9102390,"Aerial systems: applications, motion, and path planning;autonomous vehicle navigation;collision avoidance",Trajectory;Drones;Education;Robustness;Robots;Planning;Optimization,,175,,46,IEEE,27 May 2020,Oct. 2020,,IEEE,IEEE Journals
PathFinder: Attention-Driven Dynamic Non-Line-of-Sight Tracking with a Mobile Robot,S. Kannapiran; S. Chandran; S. Jayasuriya; S. Berman,"School for Engineering of Matter, Transport and Energy, Arizona State University, Tempe, AZ, USA; School of Electrical, Computer and Energy Engineering, Arizona State University, Tempe, AZ, USA; School of Electrical, Computer and Energy Engineering, Arizona State University, Tempe, AZ, USA; School for Engineering of Matter, Transport and Energy, Arizona State University, Tempe, AZ, USA",2024 IEEE/RSJ International Conference on Intelligent Robots and Systems (IROS),25 Dec 2024,2024,,,12880,12887,"The study of non-line-of-sight (NLOS) imaging is growing due to its many potential applications, including rescue operations and pedestrian detection by self-driving cars. However, implementing NLOS imaging on a moving camera remains an open area of research. Existing NLOS imaging methods rely on time-resolved detectors and laser configurations that require precise optical alignment, making it difficult to deploy them in dynamic environments. This work proposes a data-driven approach to NLOS imaging, PathFinder, that can be used with a standard RGB camera mounted on a small, power-constrained mobile robot, such as an aerial drone. Our experimental pipeline is designed to accurately estimate the 2D trajectory of a person who moves in a Manhattan-world environment while remaining hidden from the camera’s field-of-view. We introduce a novel approach to process a sequence of dynamic successive frames in a line-of-sight (LOS) video using an attention-based neural network that performs inference in real-time. The method also includes a preprocessing selection metric that analyzes images from a moving camera which contain multiple vertical planar surfaces, such as walls and building facades, and extracts planes that return maximum NLOS information. We validate the approach on in-the-wild scenes using a drone for video capture, thus demonstrating low-cost NLOS imaging in dynamic capture environments. The real-world dataset that we collected and used to train the network can be found at https://srchandr.github.io/DynamicNLOS/.",2153-0866,979-8-3503-7770-5,10.1109/IROS58592.2024.10801990,,https://ieeexplore.ieee.org/stamp/stamp.jsp?arnumber=10801990,,Robot vision systems;Pipelines;Neural networks;Streaming media;Cameras;Trajectory;Mobile robots;Nonlinear optics;Standards;Drones,,,,39,IEEE,25 Dec 2024,14-18 Oct. 2024,14-18 Oct. 2024,IEEE,IEEE Conferences
Remote Autonomy for Multiple Small Lowcost UAVs in GNSS-denied Search and Rescue Operations,D. Schleich; J. Quenzel; S. Behnke,"Autonomous Intelligent Systems, University of Bonn, Germany; Autonomous Intelligent Systems, University of Bonn, Germany; Autonomous Intelligent Systems, University of Bonn, Germany",2025 IEEE International Symposium on Safety Security Rescue Robotics (SSRR),19 Feb 2026,2025,,,1,6,"In recent years, consumer-grade UAVs have been widely adopted by first responders. In general, they are operated manually, which requires trained pilots, especially in unknown GNSS-denied environments and in the vicinity of structures. Autonomous flight can facilitate the application of UAVs and reduce operator strain. However, autonomous systems usually require special programming interfaces, custom sensor setups, and strong onboard computers, which limits a broader deployment.We present a system for autonomous flight using lightweight consumer-grade DJI drones. They are controlled by an Android app for state estimation and obstacle avoidance directly running on the UAV’s remote control. Our ground control station enables a single operator to configure and supervise multiple heterogeneous UAVs at once. Furthermore, it combines the observations of all UAVs into a joint 3D environment model for improved situational awareness.",2475-8426,979-8-3315-4526-0,10.1109/SSRR68451.2025.11391295,,https://ieeexplore.ieee.org/stamp/stamp.jsp?arnumber=11391295,,Solid modeling;Three-dimensional displays;Programming;Robot sensing systems;Safety;Security;State estimation;Remote control;Strain;Drones,,,,26,IEEE,19 Feb 2026,29-31 Oct. 2025,29-31 Oct. 2025,IEEE,IEEE Conferences
A Vision-Based Autonomous UAV Inspection Framework for Unknown Tunnel Construction Sites With Dynamic Obstacles,Z. Xu; B. Chen; X. Zhan; Y. Xiu; C. Suzuki; K. Shimada,"Department of Mechanical Engineering, Carnegie Mellon University, Pittsburgh, PA, USA; Department of Mechanical Engineering, Carnegie Mellon University, Pittsburgh, PA, USA; Department of Mechanical Engineering, Carnegie Mellon University, Pittsburgh, PA, USA; Department of Mechanical Engineering, Carnegie Mellon University, Pittsburgh, PA, USA; Department of Mechanical Engineering, Carnegie Mellon University, Pittsburgh, PA, USA; Department of Mechanical Engineering, Carnegie Mellon University, Pittsburgh, PA, USA",IEEE Robotics and Automation Letters,7 Jul 2023,2023,8,8,4983,4990,"Tunnel construction using the drill-and-blast method requires the 3D measurement of the excavation front to evaluate underbreak locations. Considering the inspection and measurement task's safety, cost, and efficiency, deploying lightweight autonomous robots, such as unmanned aerial vehicles (UAV), becomes more necessary and popular. Most of the previous works use a prior map for inspection viewpoint determination and do not consider dynamic obstacles. To maximally increase the level of autonomy, this letter proposes a vision-based UAV inspection framework for dynamic tunnel environments without using a prior map. Our approach utilizes a hierarchical planning scheme, decomposing the inspection problem into different levels. The high-level decision maker first determines the task for the robot and generates the target point. Then, the mid-level path planner finds the waypoint path and optimizes the collision-free static trajectory. Finally, the static trajectory will be fed into the low-level local planner to avoid dynamic obstacles and navigate to the target point. Besides, our framework contains a novel dynamic map module that can simultaneously track dynamic obstacles and represent static obstacles based on an RGB-D camera. After inspection, the Structure-from-Motion (SfM) pipeline is applied to generate the 3D shape of the target. To our best knowledge, this is the first time autonomous inspection has been realized in unknown and dynamic tunnel environments. Our flight experiments in a real tunnel prove that our method can autonomously inspect the tunnel excavation front surface.",2377-3766,,10.1109/LRA.2023.3290415,TOPRISE Company Ltd; Obayashi Corporation; ,https://ieeexplore.ieee.org/stamp/stamp.jsp?arnumber=10167713,Field robotics;motion and path planning;perception and autonomy;robotics and automation in construction,Inspection;Robots;Task analysis;Collision avoidance;Planning;Navigation;Trajectory,,36,,28,IEEE,28 Jun 2023,Aug. 2023,,IEEE,IEEE Journals
Optimal Navigation and Obstacle Avoidance for UAV in Urban Canyons,Y. Hu; A. Gardi,"University of Electronic Science and Technology of China, Chengdu, China; Department of Aerospace Engineering, Khalifa University, Abu Dhabi, United Arab Emirates",2025 IEEE 12th International Workshop on Metrology for AeroSpace (MetroAeroSpace),14 Aug 2025,2025,,,262,267,"In urban canyons, the autonomous positioning and obstacle avoidance capabilities of Uncrewed Aerial Vehicles (UAV) are challenged by dense obstructions, causing Non-Line-of-Sight (NLOS) conditions that severely degrade Global Navigation Satellite Systems (GNSS) signals. Current urban UAV operations still rely heavily on manual control and conventional GNSS-Inertial Measurement Unit (IMU) fusion, which lack autonomous obstacle avoidance capabilities and fail to provide precise positioning in GNSS-denied environments. To address these limitations, we propose a novel sensor fusion framework that integrates the Sage-Husa adaptive Kalman Filter (SHKF) with intermittent data from GNSS, IMU, and visual odometry supplied from a Visual-Inertial (VINS)-Fusion algorithm to achieve robust positioning and attitude determination. This enhanced sensor fusion architecture enables a 3DVFH*-based local planner to execute real-time obstacle avoidance and path planning toward the intended destinations. Preliminary verification activities conducted in a high-fidelity Gazebo simulation demonstrate the effective performance of the proposed method in terms of positioning and attitude determination accuracy, while also supporting the optimal reliability and efficiency of the considered obstacle avoidance functionality.",2575-7490,979-8-3315-0152-5,10.1109/MetroAeroSpace64938.2025.11114464,,https://ieeexplore.ieee.org/stamp/stamp.jsp?arnumber=11114464,Unmanned Aircraft;Kalman Filter;Autonomous Navigation;Sensor Fusion;Obstacle Avoidance,Global navigation satellite system;Accuracy;Measurement units;Heuristic algorithms;Sensor fusion;Autonomous aerial vehicles;Real-time systems;Kalman filters;Collision avoidance;Vehicle dynamics,,1,,20,IEEE,14 Aug 2025,18-20 June 2025,18-20 June 2025,IEEE,IEEE Conferences
Feature-Based Perception-Aware Multi-UAV Trajectory Planning,T. Yang; C. Brommer; M. W. Mueller,"Dept. of Mechanical Engineering, High Performance Robotics Lab, University of California, Berkeley, CA, USA; DEVCOM Army Research Laboratory, Adelphi, Maryland, USA; Dept. of Mechanical Engineering, High Performance Robotics Lab, University of California, Berkeley, CA, USA",2026 American Control Conference (ACC),13 Aug 2026,2026,,,3639,3646,"Multi-agent UAV systems are well-suited for large-scale data collection and transportation, though navigation in unstructured, GPS-denied environments remains challenging. Vision-based navigation enables operation without external infrastructure, but the uncertainty in state estimation limits its reliability in multi-agent settings. We propose a trajectory planning framework that incorporates estimator uncertainty by exploiting visual feature observations between agents. The framework maintains a coherent shared map through multi-agent frame alignment to prevent independent vision drift, and employs a perception-aware reward that favors trajectories with stronger feature visibility and cross-agent redundancy. Flight data from a controlled two-UAV experiment demonstrate that our alignment module can effectively reduce relative distance error, validating its role in maintaining inter-agent consistency. Simulations show that perception-aware rewards improve feature visibility and coordination while maintaining goal-reaching performance.",,979-8-3315-9381-0,,Army Research Office; ,https://ieeexplore.ieee.org/stamp/stamp.jsp?arnumber=11616071,,Trajectory;Planning;Equations;Optimization;Printing;Visualization;Measurement;Arrays;Autonomous aerial vehicles;Location awareness,,,,21,,13 Aug 2026,26-29 May 2026,26-29 May 2026,IEEE,IEEE Conferences
A Survey on Autonomous and Intelligent Swarms of Uncrewed Aerial Vehicles (UAVs),Z. Du; C. Luo; G. Min; J. Wu; C. Luo; J. Pu; S. Li,"Department of Computer Science, University of Exeter, Exeter, U.K.; Department of Computer Science, University of Exeter, Exeter, U.K.; Department of Computer Science, University of Exeter, Exeter, U.K.; Department of Computer Science, University of Exeter, Exeter, U.K.; College of Oceanography and Space Informatics, China University of Petroleum (East China), Qingdao, China; Institute of Science and Technology for Brain-Inspired Intelligence, Fudan University, Shanghai, China; Faculty of Information Technology and Electrical Engineering, University of Oulu, Oulu, Finland",IEEE Transactions on Intelligent Transportation Systems,29 Oct 2025,2025,26,10,14477,14500,"UAV swarms have attracted much attention due to their high potential to execute complex missions more robustly and effectively. Essential technologies for swarms are the family of algorithms that allow the individual agents to undertake tasks intelligently, localize their relative positions, perceive surroundings, and plan and track collision-free and low-cost trajectories cooperatively so that the swarm’s overall objectives are efficiently achieved. There is still a lack of corresponding surveys that provide a systematic summary covering the control layer to task allocation and guide application-driven researchers in leveraging these capabilities for diverse UAV swarm applications. This survey debates the essential technologies of UAV swarms, including swarm trajectory planning, task assignment, control approaches, localization, perception, and communications. State-of-the-art algorithms and recent technical advancements have been investigated to expose the potential for developing highly autonomous and intelligent swarm systems. It further explores the use cases of UAV swarms in civil applications and critically analyzes existing technologies. The paper concludes by emphasizing the challenges for autonomous and intelligent UAV swarms and outlining potential future research directions. Overall, this paper provides a contemporary and comprehensive review of UAV swarm technologies and investigates their potential to transform civil application fields and support future technology advancement.",1558-0016,,10.1109/TITS.2025.3569500,Royal Society(grant numbers:IEC/NSFC/223528); EU Horizon 2020 Research and Innovation Program under the Marie Sklodowska-Curie(grant numbers:101008297); Fundamental Research Funds for the Central Universities(grant numbers:24CX02030A); ,https://ieeexplore.ieee.org/stamp/stamp.jsp?arnumber=11010841,UAV swarms;trajectory planning;coordination;cooperation,Autonomous aerial vehicles;Trajectory;Planning;Surveys;Robustness;Trajectory planning;Scalability;Reviews;Synchronization;Servers,,59,,267,IEEE,22 May 2025,Oct. 2025,,IEEE,IEEE Journals
Real-time Vision-based Control of SWaP-constrained Flight System with Intel Loihi 2,S. Harbour; B. Sears; S. Schlager; M. Kinnison; J. Sublette; A. Henderson,"Southwest Research Institute, Dayton Engineering Advanced Projects Lab, Beavercreek, OH; Southwest Research Institute, Dayton Engineering Advanced Projects Lab, Beavercreek, OH; Southwest Research Institute, Dayton Engineering Advanced Projects Lab, Beavercreek, OH; Southwest Research Institute, Dayton Engineering Advanced Projects Lab, Beavercreek, OH; Tactical Aerospace Department, Southwest Research Institute, San Antonio, TX; Southwest Research Institute, Dayton Engineering Advanced Projects Lab, Beavercreek, OH",2023 IEEE/AIAA 42nd Digital Avionics Systems Conference (DASC),10 Nov 2023,2023,,,1,6,"The Neuromorphic based system contained in this research learns from the human pilot. The typical system for this type of research would have been designed for GPUs utilizing a Deep Neural Network. However, previous research indicates that GPUs require relatively large amounts of energy to operate and produce comparatively high amounts of heat. Moreover, due to Low Size Weight and Power (SWaP) constraints for Aircraft (A/C) and for Uncrewed Aerial Systems (UAS), GPUs may have to be off-board and or cloud computing utilized. Which may not be practical in situations. Therefore as an alternative the neuromorphic processor Loihi 2 was chosen. In this research, it was found that Loihi 2 solves these problems while showing to provide exceptional and robust performance. The Lava Sigma-Delta Neural Network (SDNN) inspired by PilotNet can be used in such a way to fly an aircraft or drone by learning from the human pilot using the neuromorphic Loihi 2. This study utilized actual live flight test data the researchers collected from live drone test flights to train an SDNN. During this research, a model was developed using the human hippocampus and visual cortex as they relate to the SDNN. The results of this study should enable an expanded autonomy envelope for A/C and UAS. This research will allow the creation of more scientific and engineering discovery and autonomy applications, ultimately empowering more mission efficacy by way of fast, on the edge, and stand alone computing. Demonstrated by the SDNN was a robust algorithm that emulated biological systems and generalized very well. To the best of our knowledge, this is the first in the world’s work that enables a UAS to be autonomously flown with Loihi 2, utilizing the SDNN.",2155-7209,979-8-3503-3357-2,10.1109/DASC58513.2023.10311158,,https://ieeexplore.ieee.org/stamp/stamp.jsp?arnumber=10311158,Neuromorphic Computing;Loihi 1;Lohi 2;Sigma Delta Neural Network;Spiking Neural Network;Drone;UAS;Aircraft;Flying;Edge Computing,Heating systems;Visualization;Sigma-delta modulation;Cloud computing;Neuromorphics;Brain modeling;Real-time systems,,10,,17,IEEE,10 Nov 2023,1-5 Oct. 2023,1-5 Oct. 2023,IEEE,IEEE Conferences
SPLiCE: Single-Point LiDAR and Camera Calibration & Estimation Leveraging Manhattan World,M. Kim; J. Han; J. Ham; P. Kim,"Department of Mechanical and Robotics Engineering, Gwangju Institute of Science and Technology (GIST), Gwangju, South Korea; Department of Mechanical and Robotics Engineering, Gwangju Institute of Science and Technology (GIST), Gwangju, South Korea; Department of Mechanical and Robotics Engineering, Gwangju Institute of Science and Technology (GIST), Gwangju, South Korea; Department of Mechanical and Robotics Engineering, Gwangju Institute of Science and Technology (GIST), Gwangju, South Korea",2025 IEEE/RSJ International Conference on Intelligent Robots and Systems (IROS),27 Nov 2025,2025,,,8727,8734,"We present a novel calibration method between single-point LiDAR and camera sensors utilizing an easy-to-build customized calibration board satisfying the Manhattan world (MW). Previous methods for LiDAR-camera (LC) calibration focus on line and plane correspondences. However, they require dense 3D point clouds from heavy and expensive LiDAR to simplify alignments; otherwise, these approaches fail for extremely sparse LiDAR. Compact, lightweight, and sparse LiDAR and camera sensors are inevitable for micro drones like Crazyflie with a maximum payload of 15 g, but there are no explicit calibration methods for them. To address these issues, we propose a new extrinsic calibration method with a new calibration board, which rotates like a door to capture geometric features and align them with images. Once we find an initial estimate, we refine the relative rotation by minimizing the angle difference between the grid orientation of the checkerboard and the MW axes. We demonstrate the effectiveness of the proposed method through various LC configurations, achieving its capability and high accuracy compared to other state-of-the-art approaches. We release our calibration toolkit, source codes, and how to make the calibration boards for the robotics community: https://SPLiCE-Calib.github.io/.",2153-0866,979-8-3315-4393-8,10.1109/IROS60139.2025.11247164,National Research Foundation of Korea; ,https://ieeexplore.ieee.org/stamp/stamp.jsp?arnumber=11247164,,Laser radar;Accuracy;Three-dimensional displays;Target recognition;Robot vision systems;Estimation;Cameras;Calibration;Sensors;Drones,,,,39,IEEE,27 Nov 2025,19-25 Oct. 2025,19-25 Oct. 2025,IEEE,IEEE Conferences
FlightGoggles: Photorealistic Sensor Simulation for Perception-driven Robotics using Photogrammetry and Virtual Reality,W. Guerra; E. Tal; V. Murali; G. Ryou; S. Karaman,"Laboratory for Information and Decision Systems (LIDS), Massachusetts Institute of Technology; Laboratory for Information and Decision Systems (LIDS), Massachusetts Institute of Technology; Laboratory for Information and Decision Systems (LIDS), Massachusetts Institute of Technology; Laboratory for Information and Decision Systems (LIDS), Massachusetts Institute of Technology; Laboratory for Information and Decision Systems (LIDS), Massachusetts Institute of Technology",2019 IEEE/RSJ International Conference on Intelligent Robots and Systems (IROS),28 Jan 2020,2019,,,6941,6948,"FlightGoggles is a photorealistic sensor simulator for perception-driven robotic vehicles. The key contributions of FlightGoggles are twofold. First, FlightGoggles provides photorealistic exteroceptive sensor simulation using graphics assets generated with photogrammetry. Second, it provides the ability to combine (i) synthetic exteroceptive measurements generated in silico in real time and (ii) vehicle dynamics and proprioceptive measurements generated in motio by vehicle(s) in flight in a motion-capture facility. FlightGoggles is capable of simulating a virtual-reality environment around autonomous vehicle(s) in flight. While a vehicle is in flight in the Flight-Goggles virtual reality environment, exteroceptive sensors are rendered synthetically in real time while all complex dynamics are generated organically through natural interactions of the vehicle. The FlightGoggles framework allows for researchers to accelerate development by circumventing the need to estimate complex and hard-to-model interactions such as aerodynamics, motor mechanics, battery electrochemistry, and behavior of other agents. The ability to perform vehicle-in-the-loop experiments with photorealistic exteroceptive sensor simulation facilitates novel research directions involving, e.g., fast and agile autonomous flight in obstacle-rich environments, safe human interaction, and flexible sensor selection. FlightGoggles has been utilized as the main test for selecting nine teams that will advance in the AlphaPilot autonomous drone racing challenge. We survey approaches and results from the top AlphaPilot teams, which may be of independent interest. FlightGoggles is distributed as open-source software along with the photorealistic graphics assets for several simulation environments, under the MIT license at http://flightgoggles.mit.edu.",2153-0866,978-1-7281-4004-9,10.1109/IROS40897.2019.8968116,,https://ieeexplore.ieee.org/stamp/stamp.jsp?arnumber=8968116,,Surveys;Virtual reality;Robot sensing systems;Aerodynamics;Time measurement;Real-time systems;Vehicle dynamics;Photogrammetry;Drones;Testing,,120,,25,IEEE,28 Jan 2020,3-8 Nov. 2019,3-8 Nov. 2019,IEEE,IEEE Conferences
Tightly-coupled Line Feature-aided Visual Inertial Localization within Lightweight 3D Prior Map for Intelligent Vehicles,X. Zheng; W. Wen; L. -T. Hsu,"Department of Aeronautical and Aviation Engineering, The Hong Kong Polytechnic University, Hong Kong; Department of Aeronautical and Aviation Engineering, The Hong Kong Polytechnic University, Hong Kong; Department of Aeronautical and Aviation Engineering, The Hong Kong Polytechnic University, Hong Kong",2023 IEEE 26th International Conference on Intelligent Transportation Systems (ITSC),13 Feb 2024,2023,,,6019,6026,"Visual-inertial navigation system (VINS) is widely used for autonomous platforms but suffers from drifting over a long time. To remedy this situation, a lightweight 3D prior map-aided visual-inertial navigation system is presented in this paper, which tightly couples the visual-inertial data stream with a lightweight prior map involving 3D line information. To fill the gaps between 3D maps and 2D images, the mutual geometric feature of line segments is utilized to connect these two types of information in different dimensions. By detecting and matching line features in two data sources, the line pairs are utilized as constraints in the nonlinear optimization model and added to the existing factor graph framework in a tightly coupled form. Meanwhile, a fast line feature tracking strategy is employed to monitor and remove extreme outliers, which will further improve the reliability of this structural characteristic during the cross-modality localization. The effectiveness of the proposed method is evaluated by public indoor unmanned aerial vehicles (UAV) datasets, and outdoor unmanned ground vehicles (UGV) datasets generated by the CARLA simulator.",2153-0017,979-8-3503-9946-2,10.1109/ITSC57777.2023.10422196,,https://ieeexplore.ieee.org/stamp/stamp.jsp?arnumber=10422196,,Location awareness;Three-dimensional displays;Navigation;Optimization methods;Autonomous aerial vehicles;Reliability;State estimation,,2,,36,IEEE,13 Feb 2024,24-28 Sept. 2023,24-28 Sept. 2023,IEEE,IEEE Conferences
Cooperative Indoor Exploration Leveraging a Mixed-Size UAV Team with Heterogeneous Sensors,M. Cihlářová; V. Pritzl; M. Saska,"Department of Cybernetics, Faculty of Electrical Engineering, Czech Technical University in Prague, Prague 6; Department of Cybernetics, Faculty of Electrical Engineering, Czech Technical University in Prague, Prague 6; Department of Cybernetics, Faculty of Electrical Engineering, Czech Technical University in Prague, Prague 6",2024 IEEE 20th International Conference on Automation Science and Engineering (CASE),23 Oct 2024,2024,,,3850,3857,"Heterogeneous teams of Unmanned Aerial Vehicles (UAVs) can enhance the exploration capabilities of aerial robots by exploiting different strengths and abilities of varying UAVs. This paper presents a novel method for exploring unknown indoor spaces with a team of UAVs of different sizes and sensory equipment. We propose a frontier-based exploration with two task allocation strategies: a greedy strategy that assigns Points of Interest (POIs) based on Euclidean distance and UAV priority and an optimization strategy that solves a minimum-cost flow problem. The proposed method utilizes the SphereMap algorithm to assess the accessibility of the POIs and generate paths that account for obstacle distances, including collision avoidance maneuvers among UAVs. The proposed approach was validated through simulation testing and real-world experiments that evaluated the method’s performance on board the UAVs.The paper is supported by the multimedia materials available at https://mrs.felk.cvut.cz/case2024exploration.",2161-8089,979-8-3503-5851-3,10.1109/CASE59546.2024.10711365,,https://ieeexplore.ieee.org/stamp/stamp.jsp?arnumber=10711365,,Location awareness;Computer aided software engineering;Euclidean distance;Autonomous aerial vehicles;Robot sensing systems;Space exploration;Sensors;Resource management;Optimization;Testing,,3,,25,IEEE,23 Oct 2024,28 Aug.-1 Sept. 2024,28 Aug.-1 Sept. 2024,IEEE,IEEE Conferences
Decoupled Camera Pose Estimation based on Image Gradient for UAV Landing Navigation,Z. Yu; W. Wang,"School of Computer Science and Technology, Anhui University, Hefei, China; School of Computer Science and Technology, Anhui University, Hefei, China",2026 9th International Conference on Image and Graphics Processing (ICIGP),27 Jul 2026,2026,,,249,254,"Robust attitude estimation is critical for monocular UAV landing but suffers from geometric ill-conditioning, particularly parameter ambiguity between roll angle and lateral position in horizon-occluded environments. We propose a hybrid ""Coarse-to-Fine"" framework decoupling rotational estimation from translation. The method initializes a coarse pose using semantic keypoints. Subsequently, a gradient symmetry constraint in the Inverse Perspective Mapping domain locks the optimal roll angle by maximizing texture bilateralism without relying on explicit lines. Finally, a constrained optimization solves the remaining degrees of freedom. High-fidelity simulations demonstrate this approach effectively resolves the roll-lateral ambiguity. Compared to state-of-the-art PnP baselines, it reduces roll estimation error by 87.1% and lateral position RMSE by 52.8%, ensuring precise autonomous landing guidance.",,979-8-3315-8319-4,10.1109/ICIGP68997.2026.11619658,,https://ieeexplore.ieee.org/stamp/stamp.jsp?arnumber=11619658,Monocular Pose Estimation;Autonomous Landing;Constrained Optimization;Gradient Symmetry,Optimization;Printing;6-DOF;Distance measurement;Pose estimation;Modeling;Costing;Costs;Autonomous aerial vehicles;Estimation,,,,33,IEEE,27 Jul 2026,27-29 March 2026,27-29 March 2026,IEEE,IEEE Conferences
Feature 3D Gaussian Splatting for UAV-to-Ship Pose Estimation in GNSS-Denied Environments,A. Bernas; J. McConnell; J. Seargeant; L. DeVries,"Robotics & Control Engineering Department, United States Naval Academy, Annapolis, Maryland, USA; Robotics & Control Engineering Department, United States Naval Academy, Annapolis, Maryland, USA; Robotics & Control Engineering Department, United States Naval Academy, Annapolis, Maryland, USA; Robotics & Control Engineering Department, United States Naval Academy, Annapolis, Maryland, USA",2026 International Conference on Unmanned Aircraft Systems (ICUAS),14 Jul 2026,2026,,,1451,1458,"Autonomous recovery of Unmanned Aerial Vehicles (UAVs) in maritime environments is challenged by dynamic ship motion, texture-poor surroundings, and vulnerabilities inherent to Global Navigation Satellite Systems (GNSS). To enable robust UAV state estimation relative to a naval vessel in GNSS-denied environments, this paper presents a novel vision-based pose estimation framework leveraging Feature 3D Gaussian Splatting (3DGS). Adopting STDLoc's sparse pose estimation framework, our approach bypasses computationally expensive dense rendering in favor of direct sparse 2D-3D matching. We extract 2D features from live monocular imagery using SuperPoint and match them against a compact set of view-consistent 3D Gaussian landmarks distilled via a Matching-Oriented Sampling strategy. The 6-DoF camera pose is then robustly recovered using a Perspective-n-Point (PnP) solver augmented with Locally Optimized RANSAC (LO-RANSAC). Experimental validation on a 1/24-scale naval Yard Patrol (YP) craft demonstrates centimeter-level translational accuracy (1.66 cm lateral, 2.28 cm vertical mean absolute errors) and near-degree rotational accuracy (0.90° roll, 1.17° yaw). This method eliminates the need for physical fiducial markers or precise CAD models, offering a scalable and highly accurate relative localization solution for autonomous maritime operations.",2575-7296,979-8-3315-9316-2,10.1109/ICUAS69441.2026.11598627,,https://ieeexplore.ieee.org/stamp/stamp.jsp?arnumber=11598627,Gaussian Splatting;Pose Estimation,Modeling;Pose estimation;Training;Timing;Marine vehicles;Cameras;Autonomous aerial vehicles;6-DOF;Equations;Printing,,,,14,USGov,14 Jul 2026,15-18 June 2026,15-18 June 2026,IEEE,IEEE Conferences
Optimal Deployment of Target Localization With Distance-Dependent Noise,J. Tian; M. Yang; T. Chao,"Control and Simulation Center and the National Key Laboratory of Modeling and Simulation for Complex Systems, Harbin Institute of Technology, Harbin, China; Control and Simulation Center and the National Key Laboratory of Modeling and Simulation for Complex Systems, Harbin Institute of Technology, Harbin, China; Control and Simulation Center and the National Key Laboratory of Modeling and Simulation for Complex Systems, Harbin Institute of Technology, Harbin, China",IEEE Internet of Things Journal,11 Jun 2025,2025,12,12,20959,20972,"The cooperative localization of radio-based distance measurement is one of the methods to effectively suppress the nonline of sight (NLOS) ranging errors and as a complement to visual/global navigation satellite system (GNSS) localization for uncrewed aerial vehicle (UAV) in GNSS challenging or denied environments due to its motility. Target localization can be regarded as a special case of cooperative localization. Meanwhile, the UAV can be considered as a ranging node when the ranging terminal is rigidly mounted on the UAV. To improve the target localization accuracy, the optimal deployment of anchor UAVs is one of the factors we consider when the noise characteristics are different. In this article, the range-dependent noise in a real flight environment is considered and modeled separately according to the difference in noise characteristics. Subsequently, based on this correlation model, the Fisher information matrix (FIM) and a cost function derived from the A-optimal criterion are provided. Finally, the optimal deployment conditions and the minimum-mean-square error (MMSE) can be derived by minimizing the cost function as the objective. Through simulation and localization experiments, the validity of the optimal deployment conditions and the corresponding MMSE are verified. Meanwhile, it is concluded that when the noise is range-dependent, it will not affect the optimal deployment result but will significantly change the value of MMSE.",2327-4662,,10.1109/JIOT.2025.3545461,National Natural Science Foundation of China(grant numbers:62273119); ,https://ieeexplore.ieee.org/stamp/stamp.jsp?arnumber=10902414,Distance-dependent noise;optimal deployment;received signal strength (RSS);time of arrival (TOA);uncrewed aerial vehicle (UAV),Autonomous aerial vehicles;Noise;Distance measurement;Accuracy;Sensors;Location awareness;Correlation;Global navigation satellite system;Noise measurement;Attenuation,,8,,46,IEEE,25 Feb 2025,"15 June15, 2025",,IEEE,IEEE Journals
Particle Filter-Based Localization Using Visual Feature Synchronization in GNSS-Denied Navigation,A. Şanlan; H. T. Bağcı; E. Koyuncu,"Aerospace Research Center, Istanbul Technical University, Istanbul, Türkiye; Aerospace Research Center, Istanbul Technical University, Istanbul, Türkiye; Aerospace Research Center, Istanbul Technical University, Istanbul, Türkiye","2025 Integrated Communications, Navigation and Surveillance Conference (ICNS)",6 May 2025,2025,,,1,8,"Autonomous navigation in Global Navigation Satellite System (GNSS)-denied environments remains a critical challenge, particularly for unmanned aerial vehicles (UAVs) operating in complex or contested areas. In this work, we propose a vision-aided localization framework that integrates a CycleGANbased domain adaptation technique with a Marginalized Particle Filter (MPF) for robust state estimation. The proposed approach addresses the domain discrepancy between UAV onboard camera images and reference satellite imagery, improving feature matching reliability. The MPF is employed to refine state estimates by leveraging visual feature correspondences while mitigating the limitations of inertial navigation system (INS) drift. The proposed method has been validated through real-world flight tests, during which the UAV trajectory estimation performance was analyzed under various visual domain conditions. These tests demonstrate the method's robustness, feature alignment, and computational feasibility for UAV applications.",2155-4951,979-8-3315-3473-8,10.1109/ICNS65417.2025.10976891,,https://ieeexplore.ieee.org/stamp/stamp.jsp?arnumber=10976891,Visual Terrain-Referenced Navigation;GNSSdenied Navigation;UAV Localization,Location awareness;Visualization;Accuracy;Image matching;Autonomous aerial vehicles;Cameras;Robustness;Particle filters;Satellite images;State estimation,,2,,27,IEEE,6 May 2025,8-10 April 2025,8-10 April 2025,IEEE,IEEE Conferences
Remote Inspection Techniques: A Review of Autonomous Robotic Inspection for Marine Vessels,R. Eckholdt Andersen; R. Yding Brogaard; E. Boukas,"Department of Electrical and Photonics Engineering, Technical University of Denmark, Kongens Lyngby, Denmark; FORCE Technology, Brøndby, Denmark; Department of Electrical and Photonics Engineering, Technical University of Denmark, Kongens Lyngby, Denmark",IEEE Transactions on Field Robotics,3 Jan 2025,2025,2,,1,20,"Due to the harsh environment and heavy use that modern marine vessels are subjected to, they are required to undergo periodic inspections to determine their current condition. The use of autonomous remote inspection systems can alleviate some of the dangers and shortcomings associated with manual inspection. While there has been research on the use of robotic platforms, none of the works in the literature evaluates the current state-of-the-art with respect to the specifications of the classification societies, who are the most important stakeholders among the end users. The aim of this article is to provide an overview of the existing literature and evaluate the works individually in collaboration with classification societies. The papers included in this review are either directly developed for, or have properties potentially transferable to, the marine vessel inspection process. To structure the review, an expertise-engineering separation is proposed based on the contributions of the individual paper. This separation shows which part of the inspection process has received the most attention, as well as where the shortcomings of each approach lay. The findings in this review indicate that while there are promising approaches, according to our metrics there is still a gap between the classification societies’ requirements and the state-of-the-art. Our results indicate that, even though there is a lot of quality work in the literature, there is a lack of integrated development activities that achieve a level of completeness sufficient for the classification societies to confidently use them.",2997-1101,,10.1109/TFR.2024.3499916,Innovations Fund Denmark through the Inspectrone Project (autonomous and high-level commanded system for remote inspection of marine vessels to support classification and commercial operations)(grant numbers:8090-00080B); European Commission through the AUTOASSESS Project (autonomous aerial inspection of GNSS-denied and confined critical infrastructures)(grant numbers:101120732); ,https://ieeexplore.ieee.org/stamp/stamp.jsp?arnumber=10753518,Autonomous robots;classification society;deep learning;marine vessel inspection;remote inspection technique,Regulation;Robot sensing systems;Transforms;Autonomous robots;Deep learning;Remote monitoring;Inspection;Marine vehicles,,13,,100,IEEE,15 Nov 2024,2025,,IEEE,IEEE Journals
GPS-VIO Fusion with Online Rotational Calibration,J. Song; P. J. Sanchez-Cuevas; A. Richard; R. T. Rajan; M. Olivares-Mendez,"Space Robotics (SpaceR) Research Group, Int. Centre for Security, Reliability and Trust (SnT), University of Luxembourg, Luxembourg; Advanced Centre for Aerospace Technologies (CATEC), Seville, Spain; Space Robotics (SpaceR) Research Group, Int. Centre for Security, Reliability and Trust (SnT), University of Luxembourg, Luxembourg; Signal Processing Systems, Faculty of Electrical Engineering (EEMCS), Delft University of Technology (TUD), Delft; Space Robotics (SpaceR) Research Group, Int. Centre for Security, Reliability and Trust (SnT), University of Luxembourg, Luxembourg",2024 IEEE International Conference on Robotics and Automation (ICRA),8 Aug 2024,2024,,,11906,11912,"Accurate global localization is crucial for autonomous navigation and planning. To this end, various GPS-aided Visual-Inertial Odometry (GPS-VIO) fusion algorithms are proposed in the literature. This paper presents a novel GPS-VIO system that is able to significantly benefit from the online calibration of the rotational extrinsic parameter between the GPS reference frame and the VIO reference frame. The behind reason is this parameter is observable. This paper provides novel proof through nonlinear observability analysis. We also evaluate the proposed algorithm extensively on diverse platforms, including flying UAV and driving vehicle. The experimental results support the observability analysis and show increased localization accuracy in comparison to state-of-the-art (SOTA) tightly-coupled algorithms.",,979-8-3503-8457-4,10.1109/ICRA57147.2024.10611466,,https://ieeexplore.ieee.org/stamp/stamp.jsp?arnumber=10611466,Sensor Fusion;State Estimation;Kalman Filter,Location awareness;Accuracy;Estimation;Filtering algorithms;Robot sensing systems;Calibration;Planning,,3,,31,IEEE,8 Aug 2024,13-17 May 2024,13-17 May 2024,IEEE,IEEE Conferences
Perception-Aware Autonomous Exploration in Feature-Limited Environments,M. Shi; R. de Silva; H. Yu; R. Polvara; M. Popović,"MAVLab, TU Delft, Delft, Netherlands; Lincoln Center for Autonomous Systems (L-CAS), School of Engineering and Physical Sciences, University of Lincoln, Lincoln, U.K.; MAVLab, TU Delft, Delft, Netherlands; Lincoln Center for Autonomous Systems (L-CAS), School of Engineering and Physical Sciences, University of Lincoln, Lincoln, U.K.; MAVLab, TU Delft, Delft, Netherlands",IEEE Robotics and Automation Letters,10 Jul 2026,2026,11,8,9970,9977,"Autonomous exploration in unknown environments relies on onboard state estimation for localisation and mapping. Existing exploration methods primarily maximise coverage efficiency, but often overlook that visual-inertial odometry (VIO) performance strongly depends on the availability of robust visual features. Consequently, exploration policies can drive a robot into feature-sparse regions where tracking degrades, leading to odometry drift, corrupted maps, and mission failure. We propose a hierarchical perception-aware exploration framework for a stereo-equipped uncrewed aerial vehicle (UAV) that explicitly incorporates perceptual quality into frontier selection and yaw planning during exploration. Our approach (i) associates each candidate frontier with an expected feature quality using a global feature map, prioritising visually informative subgoals, and (ii) optimises a continuous yaw trajectory along the planned path to maintain stable feature tracks. We evaluate our method in simulation across environments with varying texture levels and in real-world indoor experiments with largely textureless walls. Compared to baselines that ignore feature quality and/or omit continuous yaw optimisation, our method achieves more reliable feature tracking, reduced odometry drift, and up to 48% higher coverage before odometry error exceeds specified thresholds.",2377-3766,,10.1109/LRA.2026.3710053,,https://ieeexplore.ieee.org/stamp/stamp.jsp?arnumber=11594421,View planning for SLAM;motion and path planning;aerial systems: perception and autonomy,Tracking;Visualization;Trajectory;Optimization;Autonomous aerial vehicles;Odometry;Planning;Cameras;Fuels;Location awareness,,,,37,IEEE,3 Jul 2026,Aug. 2026,,IEEE,IEEE Journals
An Autonomous Continuous Positioning Method for Low-Altitude UAVs Based on Image Recognition in GNSS-Denied Environments,T. Du; Y. Lin,"School of Civil Engineering and Transportation, South China University of Technology, Guangzhou, China; School of Civil Engineering and Transportation, South China University of Technology, Guangzhou, China","2026 International Conference on Robotics, Automation and Intelligent Transportation Systems (RAITS)",2 Jul 2026,2026,,,1,9,"The article proposes a five-stage autonomous continuous positioning method that integrates inertial navigation and image recognition to address the prob-lem of accumulated positioning errors in unmanned aerial vehicles (UAV) in satellite-denied environments. This method first used inertial navigation (INS) for initial positioning to capture satellite image basemaps, and achieved aerial image preprocessing through heading angle correction, scale registration, and maximum inscribed rectangle cropping. Then, this study combined a U-Net semantic segmentation model to extract building areas, and innovatively adopted a two-stage matching strategy of template matching and SuperPoint & SuperGlue feature point matching to effectively over-come the interference of seasonal and lighting changes on matching. Finally, the height data was integrated into output three-dimensional coordinates. The experiment was based on the UAV-VisLOC dataset, and showed that twostage matching can reduce the average plane positioning error from 26.32 m in single-stage matching to 12.95 m, a decrease of 49.2%. The maximum error decreased from 68.74 m to 18.67 m. The proposed framework significantly improves the robustness and accuracy of positioning in complex environments, providing reliable technical support for urban low-altitude operations, emergency rescue, and other scenarios.",,979-8-3315-5807-9,10.1109/RAITS68656.2026.11580149,,https://ieeexplore.ieee.org/stamp/stamp.jsp?arnumber=11580149,GNSS-denied environment;UAV visual location;Dual-stage matching;Template-feature fusion,Equations;Satellites;Timing;Autonomous aerial vehicles;Modeling;Printing;Grounding;Global navigation satellite system;Satellite images;Pixel,,,,30,IEEE,2 Jul 2026,23-25 Jan. 2026,23-25 Jan. 2026,IEEE,IEEE Conferences
Human Gaze-Driven Spatial Tasking of an Autonomous MAV,L. Yuan; C. Reardon; G. Warnell; G. Loianno,"GRASP Laboratory, University of Pennsylvania, Philadelphia, PA, USA; U.S. Army Research Laboratory, Adelphi, MD, USA; U.S. Army Research Laboratory, Adelphi, MD, USA; Tandon School of Engineering, New York University, Brooklyn, NY, USA",IEEE Robotics and Automation Letters,18 Feb 2019,2019,4,2,1343,1350,"In this letter, we address the problem of providing human-assisted quadrotor navigation using a set of eye tracking glasses. The advent of these devices (i.e., eye tracking glasses, virtual reality tools, etc.) provides the opportunity to create new, noninvasive forms of interaction between humans and robots. We show how a set of glasses equipped with gaze tracker, a camera, and an inertial measurement unit (IMU) can be used to estimate the relative position of the human with respect to a quadrotor, and decouple the gaze direction from the head orientation, which allows the human to spatially task (i.e., send new 3-D navigation waypoints to) the robot in an uninstrumented environment. We decouple the gaze direction from head motion by tracking the human's head orientation using a combination of camera and IMU data. In order to detect the flying robot, we train and use a deep neural network. We experimentally evaluate the proposed approach, and show that our pipeline has the potential to enable gaze-driven autonomy for spatial tasking. The proposed approach can be employed in multiple scenarios including inspection and first response, as well as by people with disabilities that affect their mobility.",2377-3766,,10.1109/LRA.2019.2895419,Qualcomm Research and the ARL(grant numbers:W911NF-17-2-0181); ,https://ieeexplore.ieee.org/stamp/stamp.jsp?arnumber=8626140,,Task analysis;Glass;Robot sensing systems;Drones;Cameras;Navigation,,43,1,43,IEEE,25 Jan 2019,April 2019,,IEEE,IEEE Journals
The GRIFFIN Perception Dataset: Bridging the Gap Between Flapping-Wing Flight and Robotic Perception,J. P. Rodríguez-Gómez; R. Tapia; J. L. Paneque; P. Grau; A. Gómez Eguíluz; J. R. Martínez-de Dios; A. Ollero,"GRVC Robotics Lab Sevilla, Universidad de Sevilla, Seville, Spain; GRVC Robotics Lab Sevilla, Universidad de Sevilla, Seville, Spain; GRVC Robotics Lab Sevilla, Universidad de Sevilla, Seville, Spain; GRVC Robotics Lab Sevilla, Universidad de Sevilla, Seville, Spain; GRVC Robotics Lab Sevilla, Universidad de Sevilla, Seville, Spain; GRVC Robotics Lab Sevilla, Universidad de Sevilla, Seville, Spain; GRVC Robotics Lab Sevilla, Universidad de Sevilla, Seville, Spain",IEEE Robotics and Automation Letters,15 Feb 2021,2021,6,2,1066,1073,"The development of automatic perception systems and techniques for bio-inspired flapping-wing robots is severely hampered by the high technical complexity of these platforms and the installation of onboard sensors and electronics. Besides, flapping-wing robot perception suffers from high vibration levels and abrupt movements during flight, which cause motion blur and strong changes in lighting conditions. This letter presents a perception dataset for bird-scale flapping-wing robots as a tool to help alleviate the aforementioned problems. The presented data include measurements from onboard sensors widely used in aerial robotics and suitable to deal with the perception challenges of flapping-wing robots, such as an event camera, a conventional camera, and two Inertial Measurement Units (IMUs), as well as ground truth measurements from a laser tracker or a motion capture system. A total of 21 datasets of different types of flights were collected in three different scenarios (one indoor and two outdoor). To the best of the authors’ knowledge this is the first dataset for flapping-wing robot perception.",2377-3766,,10.1109/LRA.2021.3056348,European Research Council(grant numbers:788247); European Commission(grant numbers:H2020-2019-871479); ARM-EXTEND(grant numbers:DPI2017-8979-R); Spanish National R&D Plan; ,https://ieeexplore.ieee.org/stamp/stamp.jsp?arnumber=9345513,Data sets for robotic vision;vision-based navigation;aerial systems: Perception and autonomy;flapping-wing robots;event-based cameras,Robots;Robot sensing systems;Cameras;Sensors;Robot vision systems;Payloads;Drones,,34,,28,IEEE,2 Feb 2021,April 2021,,IEEE,IEEE Journals
Flexible Trinocular: Non-rigid Multi-Camera-IMU Dense Reconstruction for UAV Navigation and Mapping,T. Hinzmann; C. Cadena; J. Nieto; R. Siegwart,"Autonomous Systems Lab, Leonhardstrasse 21, LEE, ETH, the Swiss Federal Institute of Technology Zurich, Zurich, Switzerland; Autonomous Systems Lab, Leonhardstrasse 21, LEE, ETH, the Swiss Federal Institute of Technology Zurich, Zurich, Switzerland; Autonomous Systems Lab, Leonhardstrasse 21, LEE, ETH, the Swiss Federal Institute of Technology Zurich, Zurich, Switzerland; Autonomous Systems Lab, Leonhardstrasse 21, LEE, ETH, the Swiss Federal Institute of Technology Zurich, Zurich, Switzerland",2019 IEEE/RSJ International Conference on Intelligent Robots and Systems (IROS),28 Jan 2020,2019,,,1137,1142,"In this paper, we propose a visual-inertial framework able to efficiently estimate the camera poses of a non-rigid trinocular baseline for long-range depth estimation on-board a fast moving aerial platform. The estimation of the time-varying baseline is based on relative inertial measurements, a photometric relative pose optimizer, and a probabilistic wing model fused in an efficient Extended Kalman Filter (EKF) formulation. The estimated depth measurements can be integrated into a geo-referenced global map to render a reconstruction of the environment useful for local replanning algorithms. Based on extensive real-world experiments we describe the challenges and solutions for obtaining the probabilistic wing model, reliable relative inertial measurements, and vision-based relative pose updates and demonstrate the computational efficiency and robustness of the overall system under challenging conditions.",2153-0866,978-1-7281-4004-9,10.1109/IROS40897.2019.8967651,,https://ieeexplore.ieee.org/stamp/stamp.jsp?arnumber=8967651,,Navigation;Depth measurement;Computational modeling;Estimation;Probabilistic logic;Cameras;Robustness;Computational efficiency;Kalman filters;Intelligent robots,,6,,29,IEEE,28 Jan 2020,3-8 Nov. 2019,3-8 Nov. 2019,IEEE,IEEE Conferences
Side-Track: Pose-Aware Aerial Tracking with Semantic-Aware Anisotropic Planning,H. Hu; Y. Xing; Y. Zuo; B. Zhou; Q. Yang,"Faculty of Marine Science and Technology, Beijing Institute of Technology, Zhuhai, Zhuhai, China; School of Automation, Beijing Institute of Technology, Beijing, China; School of Automation, Beijing Institute of Technology, Beijing, China; Department of Mechanical and Energy Engineering, Southern University of Science and Technology, Shenzhen, China; School of Automation, Beijing Institute of Technology, Beijing, China",2026 41st Youth Academic Annual Conference of Chinese Association of Automation (YAC),4 Aug 2026,2026,,,1628,1633,"Autonomous aerial tracking of dynamic human targets is essential for applications like aerial cinematography and human-robot interaction. While state-of-the-art trackers have effectively addressed flight safety and target visibility in cluttered environments, they typically treat the target as a point mass and disregard its orientation. Consequently, these trackers often generate collision-free trajectories that awkwardly intrude into the target’s frontal zone or fail to maintain a desired viewing angle (e.g., a continuous side-profile shot).To address this, we propose a pose-aware trajectory tracking framework that incorporates the target’s orientation into both path finding and trajectory optimization. First, we design an anisotropic semantic-aware front-end that constructs a continuous potential field to penalize the target’s frontal region, naturally inducing detour behaviors and providing a semantically valid initial path. Second, we extend the MINCO trajectory optimization framework to create a relative view-constrained back-end, utilizing the analytical gradient of the relative bearing constraint to ensure precise pose maintenance, safety, and smoothness. Simulation results demonstrate that, compared to existing baselines, our method significantly reduces frontal intrusions and improves relative view consistency in obstacle-dense environments.",2837-8601,979-8-3195-2143-9,10.1109/YAC71005.2026.11615949,,https://ieeexplore.ieee.org/stamp/stamp.jsp?arnumber=11615949,Aerial tracking;semantic-aware planning;trajectory optimization,Tracking;Trajectory;Printing;Optimization;Robots;Drones;Equations;Anisotropic;Timing;Distance measurement,,,,22,IEEE,4 Aug 2026,8-10 May 2026,8-10 May 2026,IEEE,IEEE Conferences
Unleashing the Power of Discrete-Time State Representation: Ultrafast Target-based IMU-Camera Spatial-Temporal Calibration,J. Song; A. Richard; M. Olivares-Mendez,"Space Robotics (SpaceR) Research Group, Int. Centre for Security, Reliability and Trust (SnT), University of Luxembourg, Luxembourg; Space Robotics (SpaceR) Research Group, Int. Centre for Security, Reliability and Trust (SnT), University of Luxembourg, Luxembourg; Space Robotics (SpaceR) Research Group, Int. Centre for Security, Reliability and Trust (SnT), University of Luxembourg, Luxembourg",2026 IEEE International Conference on Robotics and Automation (ICRA),30 Sep 2026,2026,,,12755,12762,"Visual-inertial fusion is crucial for a large amount of intelligent and autonomous applications, such as robot navigation and augmented reality. To bootstrap and achieve optimal state estimation, the spatial-temporal displacements between IMU and cameras must be calibrated in advance. Most existing calibration methods adopt continuous-time state representation, more specifically the B-spline. Despite these methods achieve precise spatial-temporal calibration, they suffer from high computational cost caused by continuous-time state representation. To this end, we propose a novel and extremely efficient calibration method that unleashes the power of discrete-time state representation. Moreover, the weakness of discrete-time state representation in temporal calibration is tackled in this paper. With the increasing production of drones, cellphones and other visual-inertial platforms, if one million devices need calibration around the world, saving one minute for the calibration of each device means saving 2083 work days in total. To benefit both the research and industry communities, the open-source implementation is released at https://github.com/JunlinSong/DT-VI-Calib.",,979-8-3315-8160-2,10.1109/ICRA57385.2026.11696581,,https://ieeexplore.ieee.org/stamp/stamp.jsp?arnumber=11696581,,Arrays;Calibration;Timing;Cameras;Equations;Modeling;Measurement;Optimization;Printing;Tagging,,,,32,IEEE,30 Sep 2026,1-5 June 2026,1-5 June 2026,IEEE,IEEE Conferences
UWB-VO: Ultra-Wideband Anchor Assisted Visual Odometry,K. Li; S. Bu; Y. Dong; Y. Wang; X. Jia; Z. Xia,"School of Aeronautics, Northwestern Polytechnical University, xi'an, China; School of Aeronautics, Northwestern Polytechnical University, xi'an, China; School of Aeronautics, Northwestern Polytechnical University, xi'an, China; School of Aeronautics, Northwestern Polytechnical University, xi'an, China; School of Aeronautics, Northwestern Polytechnical University, xi'an, China; School of Aeronautics, Northwestern Polytechnical University, xi'an, China",2023 IEEE International Conference on Unmanned Systems (ICUS),21 Nov 2023,2023,,,943,950,"This paper proposes a novel tightly coupled simultaneous localization and mapping (SLAM) method that combines monocular vision and ultra-wideband (UWB) technology. The proposed approach utilizes UWB distance information to restore the scale of monocular SLAM with an error rate of less than 1%. Our approach joint optimizes the distance residual between the camera and anchor, and the reprojection error of the map point, to improve SLAM positioning accuracy and mitigate visual SLAM degradation in challenging environments. A novel UWB anchor position optimization method is proposed, which enables the system to complete initialization within 2 seconds. The experimental results show that the proposed fusion scheme achieves significantly higher accuracy in system scale estimation and positioning compared to current state-of-the-art SLAM and visual-inertial odometry algorithms.",2771-7372,979-8-3503-1630-8,10.1109/ICUS58632.2023.10318307,,https://ieeexplore.ieee.org/stamp/stamp.jsp?arnumber=10318307,SLAM;Sensor Fusion;UAV;UWB,Degradation;Visualization;Simultaneous localization and mapping;Error analysis;Optimization methods;Estimation;Cameras,,5,,21,IEEE,21 Nov 2023,13-15 Oct. 2023,13-15 Oct. 2023,IEEE,IEEE Conferences
FASTER: Fast and Safe Trajectory Planner for Navigation in Unknown Environments,J. Tordesillas; B. T. Lopez; M. Everett; J. P. How,"Aerospace Controls Laboratory, Massachusetts Institute of Technology, Cambridge, MA, USA; Jet Propulsion Laboratory, California Institute of Technology, Pasadena, CA, USA; Aerospace Controls Laboratory, Massachusetts Institute of Technology, Cambridge, MA, USA; Aerospace Controls Laboratory, Massachusetts Institute of Technology, Cambridge, MA, USA",IEEE Transactions on Robotics,4 Apr 2022,2022,38,2,922,938,"Planning high-speed trajectories for UAVs in unknown environments requires algorithmic techniques that enable fast reaction times to guarantee safety as more information about the environment becomes available. The standard approaches that ensure safety by enforcing a “stop” condition in the free-known space can severely limit the speed of the vehicle, especially in situations where much of the world is unknown. Moreover, the ad-hoc time and interval allocation scheme usually imposed on the trajectory also leads to conservative and slower trajectories. This work proposes FASTER (Fast and Safe Trajectory Planner) to ensure safety without sacrificing speed. FASTER obtains high-speed trajectories by enabling the local planner to optimize in both the free-known and unknown spaces. Safety is ensured by always having a safe back-up trajectory in the free-known space. The MIQP formulation proposed also allows the solver to choose the trajectory interval allocation. FASTER is tested extensively in simulation and in real hardware, showing flights in unknown cluttered environments with velocities up to 7.8 m/s, and experiments at the maximum speed of a skid-steer ground robot (2 m/s).",1941-0468,,10.1109/TRO.2021.3100142,Defense Advanced Research Projects Agency; Fast Lightweight Autonomy(grant numbers:HR0011-15-C-0110); Boeing Research and Technology; ,https://ieeexplore.ieee.org/stamp/stamp.jsp?arnumber=9592663,Convex decomposition;path planning;trajectory optimization;UAV,Trajectory;Safety;Resource management;Optimization;Planning;Aerospace electronics;Hardware,,176,,55,IEEE,28 Oct 2021,April 2022,,IEEE,IEEE Journals
A Comparison Between Framed-Based and Event-Based Cameras for Flapping-Wing Robot Perception,R. Tapia; J. P. Rodríguez-Gómez; J. A. Sanchez-Diaz; F. J. Gañán; I. G. Rodríguez; J. Luna-Santamaria; J. R. Martínez-De Dios; A. Ollero,"GRVC Robotics Lab Sevilla, Universidad de Sevilla, Seville, Spain; GRVC Robotics Lab Sevilla, Universidad de Sevilla, Seville, Spain; GRVC Robotics Lab Sevilla, Universidad de Sevilla, Seville, Spain; GRVC Robotics Lab Sevilla, Universidad de Sevilla, Seville, Spain; GRVC Robotics Lab Sevilla, Universidad de Sevilla, Seville, Spain; GRVC Robotics Lab Sevilla, Universidad de Sevilla, Seville, Spain; GRVC Robotics Lab Sevilla, Universidad de Sevilla, Seville, Spain; GRVC Robotics Lab Sevilla, Universidad de Sevilla, Seville, Spain",2023 IEEE/RSJ International Conference on Intelligent Robots and Systems (IROS),13 Dec 2023,2023,,,3025,3032,"Perception systems for ornithopters face severe challenges. The harsh vibrations and abrupt movements caused during flapping are prone to produce motion blur and strong lighting condition changes. Their strict restrictions in weight, size, and energy consumption also limit the type and number of sensors to mount onboard. Lightweight traditional cameras have become a standard off-the-shelf solution in many flapping-wing designs. However, bioinspired event cameras are a promising solution for ornithopter perception due to their microsecond temporal resolution, high dynamic range, and low power consumption. This paper presents an experimental comparison between frame-based and an event-based camera. Both technologies are analyzed considering the particular flapping-wing robot specifications and also experimentally analyzing the performance of well-known vision algorithms with data recorded onboard a flapping-wing robot. Our results suggest event cameras as the most suitable sensors for ornithopters. Nevertheless, they also evidence the open challenges for event-based vision on board flapping-wing robots.",2153-0866,978-1-6654-9190-7,10.1109/IROS55552.2023.10342500,,https://ieeexplore.ieee.org/stamp/stamp.jsp?arnumber=10342500,ornithopter UAV;flapping-wing aerial robot;event camera;computer vision,Vibrations;Power demand;Heuristic algorithms;Robot vision systems;Lighting;Cameras;High dynamic range,,14,,43,IEEE,13 Dec 2023,1-5 Oct. 2023,1-5 Oct. 2023,IEEE,IEEE Conferences
Autonomous Aerial Robot for High-Speed Search and Intercept Applications,A. Rodriguez-Ramos; A. Alvarez-Fernandez; H. Bavle; J. Rodriguez-Vazquez; L. Lu; M. Fernandez-Cortizas; R. A. S. Fernandez; A. Rodelgo; C. Santos; M. Molina; L. Merino; F. Caballero; P. Campoy,"Universidad Politécnica de Madrid, Centre for Automation and Robotics; Universidad Politécnica de Madrid, Centre for Automation and Robotics; Universidad Politécnica de Madrid, Centre for Automation and Robotics; Universidad Politécnica de Madrid, Centre for Automation and Robotics; Universidad Politécnica de Madrid, Centre for Automation and Robotics; Universidad Politécnica de Madrid, Centre for Automation and Robotics; Universidad Politécnica de Madrid, Centre for Automation and Robotics; Universidad Politécnica de Madrid, Centre for Automation and Robotics; Universidad de Alcalá de Henares; Universidad Politécnica de Madrid, Centre for Automation and Robotics; Universidad Pablo de Olavide; Universidad Pablo de Olavide; Universidad Politécnica de Madrid, Centre for Automation and Robotics",Field Robotics,25 Feb 2025,2022,2,,1320,1350,"In recent years, high-speed navigation and environment interaction in the context of aerial robotics has become a field of interest for several academic and industrial research studies. In particular, Search and Intercept (SaI) applications for aerial robots pose a compelling research area due to their potential usability in several environments. Nevertheless, SaI tasks involve a challenging development regarding sensory weight, onboard computation resources, actuation design, and algorithms for perception and control, among others. In this work, a fully autonomous aerial robot for high-speed object grasping has been proposed. As an additional subtask, our system is able to autonomously pierce balloons located in poles close to the surface. Our first contribution is the design of the aerial robot at an actuation and sensory level consisting of a novel gripper design with additional sensors enabling the robot to grasp objects at high speeds. The second contribution is a complete software framework consisting of perception, state estimation, motion planning, motion control, and mission control in order to rapidly and robustly perform the autonomous grasping mission. Our approach has been validated in a challenging international competition and has shown outstanding results, being able to autonomously search, follow, and grasp a moving object at 6 m/s in an outdoor environment.",2771-3989,,10.55417/fr.2022044,,https://ieeexplore.ieee.org/stamp/stamp.jsp?arnumber=10876016,MBZIRC;UAV;autonomous;outdoor;grasping,Grasping;Robots;Autonomous aerial vehicles;Sensors;Navigation;Cameras;State estimation;Heuristic algorithms;Robot kinematics;Hardware,,1,,,CCBY,25 Feb 2025,June 2022,,FRPS,FRPS Journals
Flying Co-Stereo: Enabling Long-Range Aerial Dense Mapping via Collaborative Stereo Vision of Dynamic-Baseline,Z. Wang; X. Zuo; W. Dong,"School of Mechanical Engineering, Shanghai Jiao Tong University, Shanghai, China; Department of Robotics, Mohamed Bin Zayed University of Artificial Intelligence, Abu Dhabi, UAE; School of Mechanical Engineering, Shanghai Jiao Tong University, Shanghai, China",IEEE Transactions on Robotics,16 Feb 2026,2026,42,,951,970,"For unmanned aerial vehicle (UAV) swarms operating in large-scale unknown environments, lightweight long-range mapping is crucial for enhancing safe navigation. Traditional stereo cameras constrained by a short fixed baseline suffer from limited perception ranges. To overcome this limitation, we present flying collaborative stereo (flying co-stereo), a cross-agent collaborative stereo vision system that leverages the wide-baseline spatial configuration of two UAVs for long-range dense mapping. However, realizing this capability presents several challenges. First, the independent motion of each UAV leads to a dynamic and continuously changing stereo baseline, making accurate and robust estimation difficult. Second, efficiently establishing feature correspondences across independently moving viewpoints is constrained by the limited computational capacity of onboard edge devices. To tackle these challenges, we introduce the flying co-stereo system within a novel collaborative dynamic-baseline stereo mapping (CDBSM) framework. We first develop a dual-spectrum visual-inertial-ranging estimator to achieve robust and precise online estimation of the baseline between the two UAVs. In addition, we propose a hybrid feature association strategy that integrates cross-agent feature matching—based on a computationally intensive yet accurate deep neural network—with intra-agent, optical-flow-based lightweight feature tracking. Furthermore, benefiting from the wide baselines between the two UAVs, our system accurately recovers long-range covisible 3-D sparse points. We then employ a monocular depth network to predict up-to-scale dense depth maps, which are refined using accurate metric scales derived from the triangulated sparse points via exponential fitting. Extensive real-world experiments demonstrate that the proposed flying co-stereo system achieves robust and accurate dynamic baseline estimation in complex environments while maintaining efficient feature matching with resource-constrained computers under varying viewpoints. Ultimately, our system achieves dense 3-D mapping at distances of up to 70 m with a relative error between 2.3% and 9.7%. This corresponds to up to a 350% improvement in maximum perception range and up to a 450% increase in coverage area compared to conventional stereo vision systems with fixed compact baselines.",1941-0468,,10.1109/TRO.2026.3658293,National Key R&D Program of China(grant numbers:2024YFB4707400); National Natural Science Foundation of China(grant numbers:52575028); ,https://ieeexplore.ieee.org/stamp/stamp.jsp?arnumber=11364195,Collaborative visual mapping;dynamic stereo baseline;flying robots,Cameras;Accuracy;Visualization;Collaboration;Stereo vision;Three-dimensional displays;Robots;Image reconstruction;Simultaneous localization and mapping;Autonomous aerial vehicles,,1,,78,IEEE,26 Jan 2026,2026,,IEEE,IEEE Journals
Dense visual-inertial navigation system for mobile robots,S. Omari; M. Bloesch; P. Gohl; R. Siegwart,"Skybotix AG, Zürich, Switzerland; Autonomous Systems Lab, ETH, Zürich, Switzerland; Skybotix AG, Zürich, Switzerland; Autonomous Systems Lab, ETH, Zürich, Switzerland",2015 IEEE International Conference on Robotics and Automation (ICRA),2 Jul 2015,2015,,,2634,2640,"Real-time dense mapping and pose estimation is essential for a wide range of navigation tasks in mobile robotic applications. We propose an odometry and mapping system that leverages the full photometric information from a stereo-vision system as well as inertial measurements in a probabilistic framework while running in real-time on a single low-power Intel CPU core. Instead of performing mapping and localization on a set of sparse image features, we use the complete dense image intensity information in our navigation system. By incorporating a probabilistic model of the stereo sensor and the IMU, we can robustly estimate the ego-motion as well as a dense 3D model of the environment in real-time. The probabilistic formulation of the joint odometry estimation and mapping process enables to efficiently reject temporal outliers in ego-motion estimation as well as spatial outliers in the mapping process. To underline the versatility of the proposed navigation system, we evaluate it in a set of experiments on a multi-rotor system as well as on a quadrupedal walking robot. We tightly integrate our framework into the stabilization-loop of the UAV and the mapping framework of the walking robot. It is shown that the dense framework exhibits good tracking and mapping performance in terms of accuracy as well as robustness in scenarios with highly dynamic motion patterns while retaining a relatively small computational footprint. This makes it an ideal candidate for control and navigation tasks in unstructured GPS-denied environments, for a wide range of robotic platforms with power and weight constraints. The proposed framework is released as an open-source ROS package.",1050-4729,978-1-4799-6923-4,10.1109/ICRA.2015.7139554,,https://ieeexplore.ieee.org/stamp/stamp.jsp?arnumber=7139554,,Cameras;Legged locomotion;Three-dimensional displays;Jacobian matrices;Estimation;Navigation,,28,,18,IEEE,2 Jul 2015,26-30 May 2015,26-30 May 2015,IEEE,IEEE Conferences
Robust Aerial Docking in Carrier-Centered Frame: A Relative State-Based Approach,X. Dong; Y. Cui; D. Li; B. Yang; J. Xiang; Z. Tu,"Hangzhou International Innovation Institute of Beihang University, Hangzhou, China; School of Aeronautics Science and Engineering, Beihang University, Beijing, China; School of Aeronautics Science and Engineering, Beihang University, Beijing, China; School of Aeronautics Science and Engineering, Beihang University, Beijing, China; School of Aeronautics Science and Engineering, Beihang University, Beijing, China; Institute of Unmanned System, Beihang University, Beijing, China",IEEE Robotics and Automation Letters,23 Dec 2025,2026,11,2,1802,1809,"Aerial docking of micro uncrewed aerial vehicles (UAVs) onto aerial carrier platforms is significantly affected by various disturbances, particularly in the terminal docking phase. The downwash generated by the micro UAV and gust wind can induce considerable disturbances to the carrier, resulting in position drift that compromises docking success. Conventional disturbance-rejection control on the carrier UAV is often insufficient to effectively suppress various disturbance. To address this challenge, this letter proposes an efficient aerial docking framework entirely formulated in the body-fixed reference frame of the carrier UAV. By modeling the relative dynamics of micro UAVs in the non-inertial carrier-centered frame, we design a docking trajectory planning and tracking control method that relies on relative state measurements without prior knowledge of the carrier UAV's moving trajectory in the world frame. This formulation converts the docking position deviation induced by the drift or unknown motion of the carrier UAV into a docking trajectory tracking error, thereby avoiding frequent trajectory replanning. Real-world results demonstrate that compared with prior works, proposed method achieves accurate docking performance under the carrier's unpredictable motion or drift due to wind gusts.",2377-3766,,10.1109/LRA.2025.3643302,Postdoctoral Research Funding of Hangzhou International Innovation Institute of Beihang University(grant numbers:2025BKZ084); Reward Funds for Research Project of Tianmushan Laboratory(grant numbers:TK-2024-D-010); Yunnan Provincial Science and Technology Talent and Platform Program(grant numbers:202505AT350001); ,https://ieeexplore.ieee.org/stamp/stamp.jsp?arnumber=11297837,Aerial docking;motion planning;micro UAVs;model predictive control,Autonomous aerial vehicles;Aerodynamics;Trajectory;Accuracy;Vehicle dynamics;Vectors;Predictive control;Translation;Trajectory planning;Rotors,,,,28,IEEE,11 Dec 2025,Feb. 2026,,IEEE,IEEE Journals
NOVA: Navigation via Object-Centric Visual Autonomy for High-Speed Target Tracking in Unstructured GPS-Denied Environments,A. Saviolo; G. Loianno,"Tandon School of Engineering, New York University, Brooklyn, NY, USA; Department of Electrical Engineering and Computer Sciences, University of California, Berkeley, Berkeley, CA, USA",IEEE Transactions on Field Robotics,14 Nov 2025,2025,2,,826,846,"Autonomous aerial target tracking in unstructured and global position system (GPS)-denied environments remains a fundamental challenge in robotics. Many existing methods rely on motion capture systems, premapped scenes, or feature-based localization to ensure safety and control, limiting their deployment in real-world conditions. We introduce NOVA, a fully onboard, object-centric framework that enables robust target tracking and collision-aware navigation using only a stereo camera and an inertial measurement unit (IMU). Rather than constructing a global map or relying on absolute localization, NOVA formulates perception, estimation, and control entirely in the target’s reference frame. A tightly integrated stack combines a lightweight object detector with stereo depth completion, followed by histogram-based filtering to infer robust target distances under occlusion and noise. These measurements feed a visual-inertial state estimator that recovers the full 6-DoF pose of the robot relative to the target. A nonlinear model predictive controller (NMPC) plans dynamically feasible trajectories in the target frame. To ensure safety, high-order control barrier functions (CBFs) are constructed online from a compact set of high-risk collision points extracted from depth, enabling real-time obstacle avoidance without maps or dense representations. We validate NOVA across challenging real-world scenarios, including urban mazes, forest trails, and repeated transitions through buildings with intermittent GPS loss and severe lighting changes that disrupt feature-based localization. Each experiment is repeated multiple times under similar conditions to assess resilience, showing consistent and reliable performance. NOVA achieves agile target following at speeds exceeding 50 km/h. These results show that high-speed, vision-based tracking is possible in the wild using only onboard sensing, with no reliance on external localization or assumptions on the environment structure.",2997-1101,,10.1109/TFR.2025.3625905,NSF CAREER(grant numbers:2546659); Defense Advanced Research Project Agency (DARPA) Young Faculty Award (YFA)(grant numbers:D22AP00156-00); ,https://ieeexplore.ieee.org/stamp/stamp.jsp?arnumber=11218180,Aerial robotics;control barrier functions (CBFs);depth completion;global position system (GPS)-denied environments;model predictive control;object detection;target tracking;vision-based navigation;visual-inertial odometry (VIO),Target tracking;Location awareness;Visualization;Real-time systems;Navigation;Global Positioning System;Trajectory;Collision avoidance;Autonomous aerial vehicles;Drones;Autonomous aerial vehicles;Predictive control,,3,,83,IEEE,27 Oct 2025,2025,,IEEE,IEEE Journals
A robotic system towards concrete structure spalling and crack database,L. Yang; B. Li; W. Li; Z. Liu; G. Yang; J. Xiao,"University of Chinese Academy of Sciences, Beijing, China; CCNY Robotics Lab, City University of New York, NY, USA; CCNY Robotics Lab, City University of New York, NY, USA; University of Chinese Academy of Sciences, Beijing, China; University of Chinese Academy of Sciences, Beijing, China; University of Chinese Academy of Sciences, Beijing, China",2017 IEEE International Conference on Robotics and Biomimetics (ROBIO),26 Mar 2018,2017,,,1276,1281,"Concrete spalling and crack inspection is a labor intensive and routine task. However, it plays an important role in structure health monitoring (SHM) of civil infrastructures. Autonomous inspection with robots has been regarded as one of the best ways to reduce both error and cost. This paper presents an automated approach using Unmanned Aerial Vehicle(UAV) and towards a Concrete Structure Spalling and Crack database (CSSC), which is by far the first released database for deep learning inspection. We aim locate the spalling and crack regions to assist 3D registration and visualization. For deep inspection, we provide a complete procedure of data searching, labeling, training, and post processing. We further present a visual Simultaneously Localization and Mapping(SLAM) approach for localization and reconstruction. Comparative experiments and field tests are illustrated, results show that we can achieve an accuracy over 70% for field tests, and more than 93% accuracy with CSSC database.",,978-1-5386-3742-5,10.1109/ROBIO.2017.8324593,,https://ieeexplore.ieee.org/stamp/stamp.jsp?arnumber=8324593,,Inspection;Databases;Concrete;Training;Three-dimensional displays;Labeling;Robots,,29,,22,IEEE,26 Mar 2018,5-8 Dec. 2017,5-8 Dec. 2017,IEEE,IEEE Conferences
A Model-based Approach to the Development and Verification of Robotic Systems for Competitions,M. Santos; M. C. Filho; A. Sampaio,"Centro de Informática, Universidade Federal de Pernambuco Recife, Pernambuco, Brazil; Centro de Informática, Universidade Federal de Pernambuco Recife, Pernambuco, Brazil; Centro de Informática, Universidade Federal de Pernambuco Recife, Pernambuco, Brazil","2023 Latin American Robotics Symposium (LARS), 2023 Brazilian Symposium on Robotics (SBR), and 2023 Workshop on Robotics in Education (WRE)",5 Dec 2023,2023,,,236,241,"This paper proposes the adoption of modern Software Engineering techniques in the context of the development of robotic systems. Particularly, we use a design language, RoboChart, and a tool set, RoboTool, which support modelling, verification (via model checking) and simulation of such systems, among other facilities. Our application domain is an Unmanned Aerial Vehicle (UAV) and its control system, targetting at competition challenges. This system needs to be capable to perform navigation tasks in indoor environments and achieve some goals like detecting and finding objects, landing spots and maintaining a stable flight. We emphasise the important role of a design model both concerning formal verification of classical and domain-specific properties and as a basis for a systematic strategy to develop trustworthy implementations",2643-685X,979-8-3503-1538-7,10.1109/LARS/SBR/WRE59448.2023.10333030,,https://ieeexplore.ieee.org/stamp/stamp.jsp?arnumber=10333030,,Systematics;Navigation;Education;Model checking;Autonomous aerial vehicles;Control systems;Indoor environment,,,,10,IEEE,5 Dec 2023,9-11 Oct. 2023,9-11 Oct. 2023,IEEE,IEEE Conferences
Tightly-Coupled EKF-Based Radar-Inertial Odometry,J. Michalczyk; R. Jung; S. Weiss,"Control of Networked Systems Group, University of Klagenfurt, Austria; Control of Networked Systems Group, University of Klagenfurt, Austria; Control of Networked Systems Group, University of Klagenfurt, Austria",2022 IEEE/RSJ International Conference on Intelligent Robots and Systems (IROS),26 Dec 2022,2022,,,12336,12343,"Multicopter Unmanned Aerial Vehicles (UAV) are small and agile robots with the potential to become prominent in performing autonomous tasks in various Global Navigation Satellite System (GNSS)-denied environments. These environments can potentially be rendered even more challenging due to external factors impairing the robot's perception, such as low or too bright light, permeation with aerosols or smoke. A precondition of autonomous operation, though, is the ability of a robot to accurately localize itself in the surrounding environment. Millimeter-wave Frequency Modulated Continuous Wave (FMCW) radar sensors are resilient to the aforementioned factors while being lightweight, inexpensive and highly accurate. In this paper, we present a Radar-Inertial Odometry (RIO) method for estimating the full 6DoF pose and 3D velocity of a UAV. In an Extended Kalman Filter (EKF) framework, we fuse range measurements and velocity measurements of 3D points detected by an FMCW radar sensor together with Inertial Measurement Unit (IMU) readings. In real experiments we show that our approach enables accurate state estimation of a UAV and that it exhibits improvements over similar existing state-of-the-art method.",2153-0866,978-1-6654-7927-1,10.1109/IROS47612.2022.9981396,,https://ieeexplore.ieee.org/stamp/stamp.jsp?arnumber=9981396,,Global navigation satellite system;Three-dimensional displays;Radar measurements;Spaceborne radar;Radar detection;Radar;Autonomous aerial vehicles,,52,,22,IEEE,26 Dec 2022,23-27 Oct. 2022,23-27 Oct. 2022,IEEE,IEEE Conferences
Real-Time Victim Positioning With One Search Agent Using Wi-Fi Fine Time Measurement,J. Bravo-Arrabal; C. S. Álvarez-Merino; M. Toscano-Moreno; J. Serón-Barba; J. J. Fernández-Lozano; J. A. Gómez-Ruiz; E. J. Khatib; R. B. Moreno; A. García-Cerezo,"Robotics and Mechatronics Group, Institute for Mechatronics Engineering and Cyber-Physical Systems (IMECH.UMA), University of Málaga, Málaga, Spain; Telecommunication Research Institute (TELMA), E.T.S. Ingeniería de Telecomunicación, CEI Andalucía Tech, University of Málaga, Málaga, Spain; Robotics and Mechatronics Group, Institute for Mechatronics Engineering and Cyber-Physical Systems (IMECH.UMA), University of Málaga, Málaga, Spain; Robotics and Mechatronics Group, Institute for Mechatronics Engineering and Cyber-Physical Systems (IMECH.UMA), University of Málaga, Málaga, Spain; Robotics and Mechatronics Group, Institute for Mechatronics Engineering and Cyber-Physical Systems (IMECH.UMA), University of Málaga, Málaga, Spain; Robotics and Mechatronics Group, Institute for Mechatronics Engineering and Cyber-Physical Systems (IMECH.UMA), University of Málaga, Málaga, Spain; Telecommunication Research Institute (TELMA), E.T.S. Ingeniería de Telecomunicación, CEI Andalucía Tech, University of Málaga, Málaga, Spain; Telecommunication Research Institute (TELMA), E.T.S. Ingeniería de Telecomunicación, CEI Andalucía Tech, University of Málaga, Málaga, Spain; Robotics and Mechatronics Group, Institute for Mechatronics Engineering and Cyber-Physical Systems (IMECH.UMA), University of Málaga, Málaga, Spain",IEEE Systems Journal,,2026,PP,99,1,12,"Remote, outdoor, unstructured, and disaster (ROUD) environments challenge victim localization because fixed infrastructure is scarce and nonline-of-sight propagation degrades radio measurements. This article presents, to the best of authors' knowledge, the first field-validated one search agent system for localizing static Wi-Fi round-trip time (RTT)-capable devices carried by simulated victims using a single mobile anchor instead of a predeployed access-point network. An uncrewed aerial vehicle (UAV) carries an IEEE 802.11mc fine time measurement (FTM) responder and a real-time kinematic (RTK) global navigation satellite system receiver; successive UAV poses act as virtual anchors for temporal multilateration. Victim-side smartphones exchange FTM packets with the UAV and forward RTT-based ranges through a robot operating system 2-enabled edge-cloud architecture. At a remote feedback information system (FIS), horizontal victim coordinates are estimated online and visualized through the search and rescue feedback information system (SARFIS). The system is evaluated over a 4.8-min flight interval in a mountainous ROUD environment with two simulated victims under different occlusion conditions. The deployed 2-D estimator yielded median-filtered horizontal mean errors of 7.60 m and 13.30 m for the partially and heavily occluded victims, respectively. An exploratory offline three-coordinate recomputation yielded corresponding horizontal mean errors of 7.21 and 8.71 m, although the flown geometry did not support reliable target-height estimation. The results show that a single moving FTM anchor can provide coarse victim-location regions in realistic ROUD conditions, but not precise point fixes under severe occlusion.",1937-9234,,10.1109/JSYST.2026.3722416,Spanish Ministerio de Ciencia; Innovación y Universidades; Gobierno de España(grant numbers:PID2021-122944OB-I00); MAORI project; European Union–NextGenerationEU; Juan Bravo-Arrabal; Innovation Fund Denmark; Independent Research Fund Denmark(grant numbers:10.46540/4264-00105B–NAMUR); ,https://ieeexplore.ieee.org/stamp/stamp.jsp?arnumber=11684766,Disaster robotics;fine time measurement (FTM);outdoor positioning;robot operating system 2 (ROS 2);real time;search and rescue (SAR);victim localization;Wi-Fi round-trip time (RTT),Location awareness;Wireless fidelity;Timing;Autonomous aerial vehicles;Distance measurement;Global navigation satellite system;Smart phones;Specific absorption rate;Synthetic aperture radar;Grounding,,,,,CCBY,9 Sep 2026,,,IEEE,IEEE Early Access Articles
Trust Your IMU: Consequences of Ignoring the IMU Drift,M. Valtonen Örnhag; P. Persson; M. Wadenbäck; K. Åström; A. Heyden,"Centre for Mathematical Sciences Lund University; Centre for Mathematical Sciences Lund University; Department of Electrical Engineering, Linköping University; Centre for Mathematical Sciences Lund University; Centre for Mathematical Sciences Lund University",2022 IEEE/CVF Conference on Computer Vision and Pattern Recognition Workshops (CVPRW),23 Aug 2022,2022,,,4467,4476,"In this paper, we argue that modern pre-integration methods for inertial measurement units (IMUs) are accurate enough to ignore the drift for short time intervals. This allows us to consider a simplified camera model, which in turn admits further intrinsic calibration. We develop the first-ever solver to jointly solve the relative pose problem with unknown and equal focal length and radial distortion profile while utilizing the IMU data. Furthermore, we show significant speed-up compared to state-of-the-art algorithms, with small or negligible loss in accuracy for partially calibrated setups.The proposed algorithms are tested on both synthetic and real data, where the latter is focused on navigation using unmanned aerial vehicles (UAVs). We evaluate the proposed solvers on different commercially available low-cost UAVs, and demonstrate that the novel assumption on IMU drift is feasible in real-life applications. The extended intrinsic auto-calibration enables us to use distorted input images, making tedious calibration processes obsolete, compared to current state-of-the-art methods. Code available at: https://github.com/marcusvaltonen/DronePoseLib.1",2160-7516,978-1-6654-8739-9,10.1109/CVPRW56347.2022.00493,,https://ieeexplore.ieee.org/stamp/stamp.jsp?arnumber=9857400,,Computer vision;Measurement units;Codes;Conferences;Inertial navigation;Distortion;Real-time systems,,11,,42,IEEE,23 Aug 2022,19-20 June 2022,19-20 June 2022,IEEE,IEEE Conferences
Air Bumper: A Collision Detection and Reaction Framework for Autonomous MAV Navigation,R. Wang; Z. Guo; Y. Chen; X. Wang; B. M. Chen,"Chinese University of Hong Kong, Shatin, N.T., Hong Kong; Chinese University of Hong Kong, Shatin, N.T., Hong Kong; Chinese University of Hong Kong, Shatin, N.T., Hong Kong; Chinese University of Hong Kong, Shatin, N.T., Hong Kong; Chinese University of Hong Kong, Shatin, N.T., Hong Kong",2024 IEEE International Conference on Robotics and Automation (ICRA),8 Aug 2024,2024,,,15735,15741,"Autonomous navigation in unknown environments with obstacles remains challenging for micro aerial vehicles (MAVs) due to their limited onboard computing and sensing resources. Although various collision avoidance methods have been developed, it is still possible for drones to collide with unobserved obstacles due to unpredictable disturbances, sensor limitations, and control uncertainty. Instead of completely avoiding collisions, this article proposes Air Bumper, a collision detection and reaction framework, for fully autonomous flight in 3D environments to improve flight safety. Our framework only utilizes the onboard inertial measurement unit (IMU) to detect and estimate collisions. We further design a collision recovery control for rapid recovery and collision-aware mapping to integrate collision information into general LiDAR-based sensing and planning frameworks. Our simulation and experimental results show that the drone can rapidly detect, estimate, and recover from collisions with obstacles in 3D space and continue the flight smoothly with the help of the collision-aware map. In addition, we will open-source the implementation of Air Bumper on GitHub1.",,979-8-3503-8457-4,10.1109/ICRA57147.2024.10611410,,https://ieeexplore.ieee.org/stamp/stamp.jsp?arnumber=10611410,,Three-dimensional displays;Uncertainty;Software algorithms;Software;Planning;Sensors;Trajectory,,5,,28,IEEE,8 Aug 2024,13-17 May 2024,13-17 May 2024,IEEE,IEEE Conferences
Fast Swarming of UAVs in GNSS-Denied Feature-Poor Environments Without Explicit Communication,J. Horyna; V. Krátký; V. Pritzl; T. Báča; E. Ferrante; M. Saska,"Multi-Robot Systems Group, Faculty of Electrical Engineering, Czech Technical University in Prague, Prague, Czech Republic; Multi-Robot Systems Group, Faculty of Electrical Engineering, Czech Technical University in Prague, Prague, Czech Republic; Multi-Robot Systems Group, Faculty of Electrical Engineering, Czech Technical University in Prague, Prague, Czech Republic; Multi-Robot Systems Group, Faculty of Electrical Engineering, Czech Technical University in Prague, Prague, Czech Republic; Department of Computer Science, Vrije Universiteit Amsterdam, Amsterdam, The Netherlands; Multi-Robot Systems Group, Faculty of Electrical Engineering, Czech Technical University in Prague, Prague, Czech Republic",IEEE Robotics and Automation Letters,25 Apr 2024,2024,9,6,5284,5291,"A decentralized swarm approach for the fast cooperative flight of Unmanned Aerial Vehicles (UAVs) in feature-poor environments without any external localization and communication is introduced in this letter. A novel model of a UAV neighborhood is proposed to achieve robust onboard mutual perception and flocking state feedback control, which is designed to decrease the inter-agent oscillations common in standard reactive swarm models employed in fast collective motion. The novel swarming methodology is supplemented with an enhanced Multi-Robot State Estimation (MRSE) strategy to increase the reliability of the purely onboard localization, which may be unreliable in real environments. Although MRSE and the neighborhood model may rely on information exchange between agents, we introduce a communication-less version of the swarming framework based on estimating communicated states to decrease dependence on the often unreliable communication networks of large swarms. The proposed solution has been verified by a set of complex real-world experiments to demonstrate its overall capability in different conditions, including a UAV interception-motivated task with a group velocity reaching the physical limits of the individual hardware platforms.",2377-3766,,10.1109/LRA.2024.3390596,CTU(grant numbers:SGS23/177/OHK3/3T/13); Grantová Agentura České Republiky(grant numbers:23-07517S); European Commission(grant numbers:CZ.02.01.01/00/22_008/0004590); Technology Innovation Institute - Sole Proprietorship LLC(grant numbers:TII/ATM/2032/2020); ,https://ieeexplore.ieee.org/stamp/stamp.jsp?arnumber=10508712,Distributed robot systems;swarm robotics;sensor fusion,Robot localization;State feedback;Autonomous aerial vehicles;Reliability;State estimation;Task analysis;Jamming,,21,,34,IEEE,25 Apr 2024,June 2024,,IEEE,IEEE Journals
"ORB-SLAM3: An Accurate Open-Source Library for Visual, Visual–Inertial, and Multimap SLAM",C. Campos; R. Elvira; J. J. G. Rodríguez; J. M. M. Montiel; J. D. Tardós,"Instituto de Investigación en Ingeniería de Aragón (I3A), Universidad de Zaragoza, Zaragoza, Spain; Instituto de Investigación en Ingeniería de Aragón (I3A), Universidad de Zaragoza, Zaragoza, Spain; Instituto de Investigación en Ingeniería de Aragón (I3A), Universidad de Zaragoza, Zaragoza, Spain; Instituto de Investigación en Ingeniería de Aragón (I3A), Universidad de Zaragoza, Zaragoza, Spain; Instituto de Investigación en Ingeniería de Aragón (I3A), Universidad de Zaragoza, Zaragoza, Spain",IEEE Transactions on Robotics,3 Dec 2021,2021,37,6,1874,1890,"This article presents ORB-SLAM3, the first system able to perform visual, visual-inertial and multimap SLAM with monocular, stereo and RGB-D cameras, using pin-hole and fisheye lens models. The first main novelty is a tightly integrated visual-inertial SLAM system that fully relies on maximum a posteriori (MAP) estimation, even during IMU initialization, resulting in real-time robust operation in small and large, indoor and outdoor environments, being two to ten times more accurate than previous approaches. The second main novelty is a multiple map system relying on a new place recognition method with improved recall that lets ORB-SLAM3 survive to long periods of poor visual information: when it gets lost, it starts a new map that will be seamlessly merged with previous maps when revisiting them. Compared with visual odometry systems that only use information from the last few seconds, ORB-SLAM3 is the first system able to reuse in all the algorithm stages all previous information from high parallax co-visible keyframes, even if they are widely separated in time or come from previous mapping sessions, boosting accuracy. Our experiments show that, in all sensor configurations, ORB-SLAM3 is as robust as the best systems available in the literature and significantly more accurate. Notably, our stereo-inertial SLAM achieves an average accuracy of 3.5 cm in the EuRoC drone and 9 mm under quick hand-held motions in the room of TUM-VI dataset, representative of AR/VR scenarios. For the benefit of the community we make public the source code.",1941-0468,,10.1109/TRO.2021.3075644,"Spanish government(grant numbers:PGC2018-096367-B-I00,DPI2017-91104-EXP); Aragón government(grant numbers:DGA-T45-17R); ",https://ieeexplore.ieee.org/stamp/stamp.jsp?arnumber=9440682,Computer vision;inertial navigation;simult- aneous localization and mapping,Simultaneous localization and mapping;Computer vision;Feature extraction;Inertial navigation;Robustness;Optimization,,4394,,83,IEEE,25 May 2021,Dec. 2021,,IEEE,IEEE Journals
Tracking 3-D Motion of Dynamic Objects Using Monocular Visual-Inertial Sensing,K. Qiu; T. Qin; W. Gao; S. Shen,"Department of Electronic and Computer Engineering, Hong Kong University of Science and Technology, China; Department of Electronic and Computer Engineering, Hong Kong University of Science and Technology, China; Department of Electronic and Computer Engineering, Hong Kong University of Science and Technology, China; Department of Electronic and Computer Engineering, Hong Kong University of Science and Technology, China",IEEE Transactions on Robotics,6 Aug 2019,2019,35,4,799,816,"Six degree-of-freedom (6-DoF) visual tracking of dynamic objects is fundamental to a large variety of robotics and augmented reality (AR) applications. A key to this problem is accurate distance measurement of dynamic objects, which is usually obtained via stereo cameras, RGB-D sensors, or LiDARs. In this paper, however, we address the problem using only a monocular camera rigidly mounted with a low-cost inertial measurement unit. This is a light-weight, small-size, and low-cost solution, which is particularly suitable for tracking dynamic objects on drones or on mobile phones. Starting from a generic image-based two-dimensional tracker, we propose a novel method to resolve the object scale ambiguity in monocular vision in a geometric manner based on correlation analysis. This enables accurate metric three-dimensional tracking of arbitrary objects without requiring any prior knowledge about the object shape or size. We discuss the applicability by analyzing the observability condition and degenerated cases for object scale recovery. Simulation and real-world experimental results with ground truth comparison, along with AR application examples, demonstrate the feasibility of the proposed 6-DoF tracking method.",1941-0468,,10.1109/TRO.2019.2909085,Hong Kong Research Grants Council Early Career Scheme(grant numbers:26201616); ,https://ieeexplore.ieee.org/stamp/stamp.jsp?arnumber=8705685,Computational geometry;three-dimensional (3-D) perception;simultaneous localization and mapping (SLAM);visual tracking,Cameras;Vehicle dynamics;Sensors;Estimation;Object tracking,,64,,42,IEEE,3 May 2019,Aug. 2019,,IEEE,IEEE Journals
Eudoxus: Characterizing and Accelerating Localization in Autonomous Machines Industry Track Paper,Y. Gan; Y. Bo; B. Tian; L. Xu; W. Hu; S. Liu; Q. Liu; Y. Zhang; J. Tang; Y. Zhu,University of Rochester; PerceptIn; University of Rochester; PerceptIn; PerceptIn; PerceptIn; Tianjin University; Beijing Institute of Technology; SCUT; University of Rochester,2021 IEEE International Symposium on High-Performance Computer Architecture (HPCA),22 Apr 2021,2021,,,827,840,"We develop and commercialize autonomous machines, such as logistic robots and self-driving cars, around the globe. A critical challenge to our—and any—autonomous machine is accurate and efficient localization under resource constraints, which has fueled specialized localization accelerators recently. Prior acceleration efforts are point solutions in that they each specialize for a specific localization algorithm. In real-world commercial deployments, however, autonomous machines routinely operate under different environments and no single localization algorithm fits all the environments. Simply stacking together point solutions not only leads to cost and power budget overrun, but also results in an overly complicated software stack. This paper demonstrates our new software-hardware co-designed framework for autonomous machine localization, which adapts to different operating scenarios by fusing fundamental algorithmic primitives. Through characterizing the software framework, we identify ideal acceleration candidates that contribute significantly to the end-to-end latency and/or latency variation. We show how to co-design a hardware accelerator to systematically exploit the parallelisms, locality, and common building blocks inherent in the localization framework. We build, deploy, and evaluate an FPGA prototype on our next-generation self-driving cars. To demonstrate the flexibility of our framework, we also instantiate another FPGA prototype targeting drones, which represent mobile autonomous machines. We achieve about $2 \times$ speedup and $4 \times$ energy reduction compared to widely-deployed, optimized implementations on general-purpose platforms.",2378-203X,978-1-6654-2235-2,10.1109/HPCA51647.2021.00074,,https://ieeexplore.ieee.org/stamp/stamp.jsp?arnumber=9407103,,Location awareness;Target tracking;Software algorithms;Stacking;Prototypes;Software;Autonomous automobiles,,42,,89,IEEE,22 Apr 2021,27 Feb.-3 March 2021,27 Feb.-3 March 2021,IEEE,IEEE Conferences
A Perching and Tilting Aerial Robot for Precise and Versatile Power Tool Work on Vertical Walls,R. Dautzenberg; T. Küster; T. Mathis; Y. Roth; C. Steinauer; G. Käppeli; J. Santen; A. Arranhado; F. Biffar; T. Kötter; C. Lanegger; M. Allenspach; R. Siegwart; R. Bähnemann,"Autonomous Systems Lab, ETH Zürich; Autonomous Systems Lab, ETH Zürich; Autonomous Systems Lab, ETH Zürich; Autonomous Systems Lab, ETH Zürich; Autonomous Systems Lab, ETH Zürich; Autonomous Systems Lab, ETH Zürich; Autonomous Systems Lab, ETH Zürich; Autonomous Systems Lab, ETH Zürich; Autonomous Systems Lab, ETH Zürich; Autonomous Systems Lab, ETH Zürich; Autonomous Systems Lab, ETH Zürich; Autonomous Systems Lab, ETH Zürich; Autonomous Systems Lab, ETH Zürich; Autonomous Systems Lab, ETH Zürich",2023 IEEE/RSJ International Conference on Intelligent Robots and Systems (IROS),13 Dec 2023,2023,,,1094,1101,"Drilling, grinding, and setting anchors on vertical walls are fundamental processes in everyday construction work. Manually doing these works is error-prone, potentially dangerous, and elaborate at height. Today, heavy mobile ground robots can perform automatic power tool work. However, aerial vehicles could be deployed in untraversable environments and reach inaccessible places. Existing drone designs do not provide the large forces, payload, and high precision required for using power tools. This work presents the first aerial robot design to perform versatile manipulation tasks on vertical concrete walls with continuous forces of up to 150 N. The platform combines a quadrotor with active suction cups for perching on walls and a lightweight, tiltable linear tool table. This combination minimizes weight using the propulsion system for flying, surface alignment, and feed during manipulation and allows precise positioning of the power tool. We evaluate our design in a concrete drilling application - a challenging construction process that requires high forces, accuracy, and precision. In 30 trials, our design can accurately pinpoint a target position despite perching imprecision. Nine visually guided drilling experiments demonstrate a drilling precision of 6 mm without further automation. Aside from drilling, we also demonstrate the versatility of the design by setting an anchor into concrete.",2153-0866,978-1-6654-9190-7,10.1109/IROS55552.2023.10342274,Swiss National Science Foundation's NCCR; ,https://ieeexplore.ieee.org/stamp/stamp.jsp?arnumber=10342274,,Drilling;Sensor placement;Uncertainty;Propulsion;Autonomous aerial vehicles;Visual servoing;Task analysis,,18,,33,IEEE,13 Dec 2023,1-5 Oct. 2023,1-5 Oct. 2023,IEEE,IEEE Conferences
A Robust Baro-Radar-Inertial Odometry M-Estimator for Multicopter Navigation in Cities and Forests,R. Girod; M. Hauswirth; P. Pfreundschuh; M. Biasio; R. Siegwart,"Autonomous Systems Lab, ETH Zürich, Zürich, Switzerland; Autonomous Systems Lab, ETH Zürich, Zürich, Switzerland; Autonomous Systems Lab, ETH Zürich, Zürich, Switzerland; Autonomous Systems Lab, ETH Zürich, Zürich, Switzerland; Autonomous Systems Lab, ETH Zürich, Zürich, Switzerland",2024 IEEE International Conference on Multisensor Fusion and Integration for Intelligent Systems (MFI),9 Oct 2024,2024,,,1,8,"Search and rescue operations require mobile robots to navigate unstructured indoor and outdoor environments. In particular, actively stabilized multirotor drones need precise movement data to balance and avoid obstacles. Combining radial velocities from on-chip radar with MEMS inertial sensing has proven to provide robust, lightweight, and consistent state estimation, even in visually or geometrically degraded environments. Statistical tests robustify these estimators against radar outliers. However, available work with binary outlier filters lacks adaptability to various hardware setups and environments. Other work has predominantly been tested in handheld static environments or automotive contexts. This work introduces a robust baro-radar-inertial odometry (BRIO) m-estimator for quadcopter flights in typical GNSS-denied scenarios. Extensive real-world closed-loop flights in cities and forests demonstrate robustness to moving objects and ghost targets, maintaining a consistent performance with 0.5 % to 3.2 % drift per distance traveled. Benchmarks on public datasets validate the system's generalizability. The code, dataset, and video are available at https://github.com/ethz-asVrio.",2767-9357,979-8-3503-6803-1,10.1109/MFI62651.2024.10705761,,https://ieeexplore.ieee.org/stamp/stamp.jsp?arnumber=10705761,,Vibrations;Forests;Navigation;Urban areas;Benchmark testing;Aerodynamics;Robustness;Odometry;Vehicle dynamics;Quadrotors,,13,,31,IEEE,9 Oct 2024,4-6 Sept. 2024,4-6 Sept. 2024,IEEE,IEEE Conferences
An Autonomous Quadrotor System for Robust High-Speed Flight Through Cluttered Environments Without GPS,M. Rigter; B. Morrell; R. G. Reid; G. B. Merewether; T. Tzanetos; V. Rajur; K. Wong; L. H. Matthies,"School of Aerospace, Mechanical and Mechatronics Engineering at The University of Sydney, Australia; School of Aerospace, Mechanical and Mechatronics Engineering at The University of Sydney, Australia; California Institute of Technology, USA; California Institute of Technology, USA; California Institute of Technology, USA; Georgia Institute of Technology, USA; School of Aerospace, Mechanical and Mechatronics Engineering at The University of Sydney, Australia; California Institute of Technology, USA",2019 IEEE/RSJ International Conference on Intelligent Robots and Systems (IROS),28 Jan 2020,2019,,,5227,5234,"Robust autonomous flight without GPS is key to many emerging drone applications, such as delivery, search and rescue, and warehouse inspection. These and other applications require accurate trajectory tracking through cluttered static environments, where GPS can be unreliable, while high-speed, agile, flight can increase efficiency. We describe the hardware and software of a quadrotor system that meets these requirements with onboard processing: a custom 300 mm wide quadrotor that uses two wide-field-of-view cameras for visualinertial motion tracking and relocalization to a prior map. Collision-free trajectories are planned offline and tracked online with a custom tracking controller. This controller includes compensation for drag and variability in propeller performance, enabling accurate trajectory tracking, even at high speeds where aerodynamic effects are significant. We describe a system identification approach that identifies quadrotor-specific parameters via maximum likelihood estimation from flight data. Results from flight experiments are presented, which 1) validate the system identification method, 2) show that our controller with aerodynamic compensation reduces tracking error by more than 50% in both horizontal flights at up to 8.5 m/s and vertical flights at up to 3.1 m/s compared to the state-of-the-art, and 3) demonstrate our system tracking complex, aggressive, trajectories.",2153-0866,978-1-7281-4004-9,10.1109/IROS40897.2019.8968127,,https://ieeexplore.ieee.org/stamp/stamp.jsp?arnumber=8968127,,Maximum likelihood estimation;Accuracy;Trajectory tracking;Propellers;Cameras;Aerodynamics;Trajectory;System identification;Quadrotors;Global Positioning System,,7,,31,IEEE,28 Jan 2020,3-8 Nov. 2019,3-8 Nov. 2019,IEEE,IEEE Conferences
SOS-Match: Segmentation for Open-Set Robust Correspondence Search and Robot Localization in Unstructured Environments,A. Thomas; J. Kinnari; P. C. Lusk; K. Kondo; J. P. How,"Department of Aeronautics and Astronautics, Massachusetts Institute of Technology; Saab Finland Oy, Helsinki, Finland; Department of Aeronautics and Astronautics, Massachusetts Institute of Technology; Department of Aeronautics and Astronautics, Massachusetts Institute of Technology; Department of Aeronautics and Astronautics, Massachusetts Institute of Technology",2024 IEEE/RSJ International Conference on Intelligent Robots and Systems (IROS),25 Dec 2024,2024,,,5613,5620,"We present SOS-Match, a novel framework for detecting and matching objects in unstructured environments. Our system consists of 1) a front-end mapping pipeline using a zero-shot segmentation model to extract object masks from images and track them across frames and 2) a frame alignment pipeline that uses the geometric consistency of object relationships to efficiently localize across a variety of conditions. We evaluate SOS-Match on the Båtvik seasonal dataset which includes drone flights collected over a coastal plot of southern Finland during different seasons and lighting conditions. Results show that our approach is more robust to changes in lighting and appearance than classical image feature-based approaches or global descriptor methods, and it provides more viewpoint invariance than learning-based feature detection and description approaches. SOS-Match localizes within a reference map up to 46x faster than other feature-based approaches and has a map size less than 0.5% the size of the most compact other maps. SOS-Match is a promising new approach for landmark detection and correspondence search in unstructured environments that is robust to changes in lighting and appearance and is more computationally efficient than other approaches, suggesting that the geometric arrangement of segments is a valuable localization cue in unstructured environments. We release our datasets at https://acl.mit.edu/SOS-Match/.",2153-0866,979-8-3503-7770-5,10.1109/IROS58592.2024.10801471,Saab; Boeing; ,https://ieeexplore.ieee.org/stamp/stamp.jsp?arnumber=10801471,,Location awareness;Image segmentation;Pipelines;Lighting;Sea measurements;Search problems;Robustness;Robot localization;Streams;Intelligent robots,,6,,38,IEEE,25 Dec 2024,14-18 Oct. 2024,14-18 Oct. 2024,IEEE,IEEE Conferences
Efficiently Range-Coupled Position Estimation for an Aerial Swarm With the Confidence Evaluation of Onboard Sensing,Y. Li; P. Zhang; Z. Mei; W. Dong,"State Key Laboratory of Mechanical System and Vibration, School of Mechanical Engineering, Shanghai Jiao Tong University, Shanghai, China; State Key Laboratory of Mechanical System and Vibration, School of Mechanical Engineering, Shanghai Jiao Tong University, Shanghai, China; State Key Laboratory of Mechanical System and Vibration, School of Mechanical Engineering, Shanghai Jiao Tong University, Shanghai, China; State Key Laboratory of Mechanical System and Vibration, School of Mechanical Engineering, Shanghai Jiao Tong University, Shanghai, China",IEEE/ASME Transactions on Mechatronics,15 Aug 2023,2023,28,4,2178,2188,"This work proposes an efficient range-coupled localization approach for aerial swarms considering the variance of onboard sensors in cluttered environments. First, a reciprocal bond estimation algorithm is proposed to estimate the position; it constructs an optimization framework based on the range-coupled observability analysis. Subsequently, considering the variable performance characteristics of onboard sensors in cluttered environments, a moving confidence evaluation algorithm is proposed to improve the resilience of the position estimation system by assessing the concurrent reliability of all sensors. Mathematically, the aforementioned two algorithms are integrally formulated using a nonlinear least-squares equation. Notably, solving this nonlinear problem is typically a low-efficiency process that deteriorates with the scale of the swarm. To overcome this issue, a gradient-aware Levenberg–Marquardt algorithm is herein proposed to enhance the computational efficiency of this system to solve this nonlinear least-squares problem. Finally, swirling experiments involving four drones are carried out to verify the performance of the proposed methods. The results demonstrate that the time cost of optimization in each servo period is only approximately 7.15 ms, and the computational efficiency exhibits at least a 2.78 times improvement over the existing methods. Meanwhile, even in a smoky environment, the estimation precision can be as great as 8 cm, which is comparable to results obtained using state-of-the-art methods.",1941-014X,,10.1109/TMECH.2022.3232796,National Natural Science Foundation of China(grant numbers:51975348); Shanghai Rising-Star Program(grant numbers:22QA1404400); ,https://ieeexplore.ieee.org/stamp/stamp.jsp?arnumber=10008917,Adaptive state estimation;aerial swarm;gradient-aware Levenberg–Marquardt;range-coupled,Sensors;Estimation;Location awareness;Observability;Visualization;Optimization;Fuses,,4,,28,IEEE,6 Jan 2023,Aug. 2023,,IEEE,IEEE Journals
Visual-Inertial-GNSS Fusion Positioning for Vehicles With Deep-Learning-Based Feature Extraction and Outlier Detection,S. Hu; G. Liu; M. Lyu; R. Wang; W. Zhao; B. Zhang,"Innovation Academy for Precision Measurement Science and Technology, Chinese Academy of Sciences, Wuhan, China; State Key Laboratory of Precision Geodesy, Innovation Academy for Precision Measurement Science and Technology, Chinese Academy of Sciences, Wuhan, China; Innovation Academy for Precision Measurement Science and Technology, Chinese Academy of Sciences, Wuhan, China; Innovation Academy for Precision Measurement Science and Technology, Chinese Academy of Sciences, Wuhan, China; Innovation Academy for Precision Measurement Science and Technology, Chinese Academy of Sciences, Wuhan, China; Innovation Academy for Precision Measurement Science and Technology, Chinese Academy of Sciences, Wuhan, China",IEEE Internet of Things Journal,24 Jul 2025,2025,12,15,29830,29843,"Reliable and continuous high-precision positioning is a fundamental requirement for navigation, guidance, and control of intelligent mobile platforms, such as autonomous vehicles, drones, and robots. However, achieving such positioning in complex urban environments remains a significant challenge due to Global Navigation Satellite System (GNSS) signal obstructions and multipath effects. Moreover, traditional visual feature extraction algorithms struggle with variations in lighting, perspectives, and noise, limiting their adaptability. Consequently, relying solely on a single sensor often fails to provide a stable and accurate positioning solution. This article addresses the challenges encountered in typical urban environments and proposes a Visual-Inertial-GNSS fusion positioning framework, in which deep-learning-based feature extraction is applied to the visual front-end process. The deep-learning-based feature extraction approach fully exploits image information to derive more accurate and robust features, thereby enabling reliable feature matching. Additionally, we introduce a K-means clustering-based outlier detection method to remove dynamic features and mismatched features, thereby enhancing optical flow tracking and overall positioning accuracy. Experimental results in urban environments demonstrate that the proposed approach achieves high-precision positioning results under challenging GNSS conditions and complex visual environments, with improvements of (29.6%, 10.0%, and 7.3%) over SIFT and (47.8%, 7.8%, and 15.5%) over ORB in the North-East-Down (N-E-D) directions. Moreover, in dynamic road environments, the proposed outlier detection method achieves accuracy improvements of 19.6%, 3.0%, and 4.0% in the N-E-D directions compared to the RANSAC-based method.",2327-4662,,10.1109/JIOT.2025.3569166,National Key Research Program of China Collaborative Precision Positioning Project(grant numbers:2016YFB0501900); ,https://ieeexplore.ieee.org/stamp/stamp.jsp?arnumber=10999043,Deep learning features;multisensor fusion;outlier detection and exclusion;urban areas,Feature extraction;Global navigation satellite system;Visualization;Accuracy;Vehicle dynamics;Navigation;Urban areas;Optimization;Anomaly detection;Pose estimation,,1,,46,IEEE,12 May 2025,"1 Aug.1, 2025",,IEEE,IEEE Journals
Improving Visual SLAM in Complex Nighttime Scenarios: A Robust Low-Light Solution,F. Huang; C. Yang; S. Luo; S. Li; Y. Xiang; J. Tang,"South China University of Technology, Guangzhou, China; South China University of Technology, Guangzhou, China; South China University of Technology, Guangzhou, China; South China University of Technology, Guangzhou, China; South China University of Technology, Guangzhou, China; South China University of Technology, Guangzhou, China","2025 5th International Conference on Electronics, Circuits and Information Engineering (ECIE)",29 Jul 2025,2025,,,718,723,"Traditional visual SLAM systems often degrade in nighttime scenarios due to challenges such as intense light pollution and localized illumination blind spots. To address these issues, this paper proposes an enhanced solution based on the VINS-MONO framework, with improvements in three key components: front-end visual odometry, data initialization, and back-end optimization. First, a brightness-adaptive feature management module is introduced in the front-end design. This module dynamically monitors global average brightness and local illumination variations to adjust feature selection and optical flow tracking parameters. By calculating dynamic thresholds based on neighborhood brightness, overexposed feature points are filtered out, while the feature extraction interval in non-overexposed regions is reduced to mitigate sparsity. Second, a motion-state-aware robust initialization method is proposed to resolve prolonged or failed initialization under low-light conditions. Finally, in the back-end optimization, global brightness information is utilized to dynamically adjust the sliding window size and adaptively balance the weights of IMU and visual residuals in the optimization equation. Experiments conducted across daytime and nighttime scenarios, using both handheld and drone platforms, demonstrate that the improved system achieves higher robustness and localization accuracy in complex nighttime scenarios. These results validate the effectiveness of the proposed approach.",,979-8-3315-1401-3,10.1109/ECIE65947.2025.11087004,National Key Research and Development Program of China; ,https://ieeexplore.ieee.org/stamp/stamp.jsp?arnumber=11087004,Visual SLAM;Nighttime scenarios;Brightness-adaptive feature management;Low-Light Conditions,Visualization;Simultaneous localization and mapping;Accuracy;Brightness;Feature extraction;Robustness;Artificial light;Optimization;Light sources;Visual odometry,,1,,12,IEEE,29 Jul 2025,23-25 May 2025,23-25 May 2025,IEEE,IEEE Conferences
CPU-Optimized Real-Time Object Detection and Pose Estimation for UAVs,A. Hashemi; V. Scognamiglio; R. Caccavale; A. Finzi; V. Lippiello,"Department of Electrical Engineering and Information Technology, PRISMA Lab, University of Naples Federico II, Naples, Italy; KrusH Labs B.V., Eindhoven, The Netherlands; Department of Electrical Engineering and Information Technology, PRISMA Lab, University of Naples Federico II, Naples, Italy; Department of Electrical Engineering and Information Technology, PRISMA Lab, University of Naples Federico II, Naples, Italy; Department of Electrical Engineering and Information Technology, PRISMA Lab, University of Naples Federico II, Naples, Italy",2026 International Conference on Unmanned Aircraft Systems (ICUAS),14 Jul 2026,2026,,,191,198,"The use of mobile robots is becoming increasingly common, especially for surveillance and search and rescue operations in disaster areas. During these operations, robots need to perceive the environment, detecting and estimating the pose of specific targets leveraging their on-board capabilities. Specifically, Unmanned Aerial Vehicles (UAVs), due to the limited payload, energy supply, and costs are often provided with low-cost and energy-efficient CPU-based companion computers, which may cause degraded performance, especially regarding vision applications. In this view, this work aims to present a CPU-based optimization of a real-time object position estimation suited for UAVs companion computers. The proposed pipeline, which implements quantization and inference optimization, has been tested over six state-of-the-art models for object detection on CPU-based hardware mounted on a drone. The validation has been carried out with real flights for estimating objects' positions.",2575-7296,979-8-3315-9316-2,10.1109/ICUAS69441.2026.11598740,EU(grant numbers:101136067); ,https://ieeexplore.ieee.org/stamp/stamp.jsp?arnumber=11598740,,Modeling;Quantization (signal);Optimization;Timing;Printing;Object detection;Autonomous aerial vehicles;Central Processing Unit;Conferences;Pipelines,,,,24,IEEE,14 Jul 2026,15-18 June 2026,15-18 June 2026,IEEE,IEEE Conferences
Deep Fusion of Ultra-Low-Resolution Thermal Camera and Gyroscope Data for Lighting-Robust and Compute-Efficient Rotational Odometry,F. Mohsen; A. Safa,"College of Science and Engineering, Hamad Bin Khalifa University, Doha, Qatar; College of Science and Engineering, Hamad Bin Khalifa University, Doha, Qatar",2025 IEEE/ACS 22nd International Conference on Computer Systems and Applications (AICCSA),5 Jan 2026,2025,,,1,7,"Accurate rotational odometry is crucial for autonomous robotic systems, particularly for small, powerconstrained platforms such as drones and mobile robots. This study introduces thermal-gyro fusion, a novel sensor fusion approach that integrates ultra-low-resolution thermal imaging with gyroscope readings for rotational odometry. Unlike RGB cameras, thermal imaging is invariant to lighting conditions and, when fused with gyroscopic data, mitigates drift-a common limitation of inertial sensors. We first develop a multimodal data acquisition system to collect synchronized thermal and gyroscope data, along with rotational speed labels, across diverse environments. Subsequently, we design and train a lightweight Convolutional Neural Network (CNN) that fuses both modalities for rotational speed estimation. Our analysis demonstrates that thermal-gyro fusion enables a significant reduction in thermal camera resolution without significantly compromising accuracy, thereby improving computational efficiency and memory utilization. These advantages make our approach well-suited for realtime deployment in resource-constrained robotic systems. Finally, to facilitate further research, we publicly release our dataset as supplementary material.",2161-5330,979-8-3315-5693-8,10.1109/AICCSA66935.2025.11315348,,https://ieeexplore.ieee.org/stamp/stamp.jsp?arnumber=11315348,Sensor fusion;thermal camera;odometry,Accuracy;Robot vision systems;Thermal sensors;Sensor fusion;Cameras;Gyroscopes;Thermal analysis;Complexity theory;Odometry;Convolutional neural networks,,,,29,IEEE,5 Jan 2026,19-22 Oct. 2025,19-22 Oct. 2025,IEEE,IEEE Conferences
Affordable Autonomy in Practice: Two Use Cases,D. Tappe; V. V. R. M. K. R. Muvva; N. Sperling; A. Nota; S. Saidi; T. Ishigooka; W. H. Widen; M. Wolf; S. Pitla; R. Ernst,"Technische Universität Braunschweig, Germany; University of Nebraska - Lincoln, Lincoln, Nebraska, USA; Technische Universität Braunschweig, Germany; Professorship Embedded Systems, Technische Universität Dortmund, Germany; Technische Universität Braunschweig, Germany; Technology Development and Functional Division, Astemo, Ltd., Japan; University of Miami, Coral Gables, Florida, USA; University of Nebraska - Lincoln, Lincoln, Nebraska, USA; University of Nebraska - Lincoln, Lincoln, Nebraska, USA; Technische Universität Braunschweig, Germany",2026 ACM/IEEE 17th International Conference on Cyber-Physical Systems (ICCPS),23 Jun 2026,2026,,,31,41,"The potential for system autonomy to drastically reduce service costs and increase operational availability is the primary driver behind the surging global demand for autonomous systems. However, as this demand grows, the industry faces a critical tradeoff between autonomy and affordability, where high-performance functionality typically requires expensive sensor suites and significant onboard computational power. This paper explores strategies for achieving robust autonomy within budget-constrained frameworks by utilizing the Operational Design Domain (ODD) to define minimal hardware requirements that ensure both technical feasibility and legal safety. Collectively, the contributions within this joint session demonstrate that robust autonomy can be achieved within budget-constrained frameworks through optimized system architectures and clever resource management. These strategies are validated through two use cases, ranging from precision agricultural drones to offloading automated driving functions of traditional road vehicles to the edge/cloud, highlighting how resource management and domain-specific design can enable autonomous technology across costsensitive industries.",,979-8-3195-4405-6,10.1109/ICCPS68698.2026.00010,Deutsche Forschungsgemeinschaft; ,https://ieeexplore.ieee.org/stamp/stamp.jsp?arnumber=11570725,autonomous systems design,Global navigation satellite system;Modeling;Equations;Printing;Timing;Location awareness;Cameras;Farming;Autonomous aerial vehicles;Roads,,,,32,IEEE,23 Jun 2026,11-14 May 2026,11-14 May 2026,IEEE,IEEE Conferences
"FAST-LIVO2: Fast, Direct LiDAR–Inertial–Visual Odometry",C. Zheng; W. Xu; Z. Zou; T. Hua; C. Yuan; D. He; B. Zhou; Z. Liu; J. Lin; F. Zhu; Y. Ren; R. Wang; F. Meng; F. Zhang,"Mechatronics and Robotic Systems (MaRS) Laboratory, Department of Mechanical Engineering, University of Hong Kong, Hong Kong, SAR, China; Mechatronics and Robotic Systems (MaRS) Laboratory, Department of Mechanical Engineering, University of Hong Kong, Hong Kong, SAR, China; Mechatronics and Robotic Systems (MaRS) Laboratory, Department of Mechanical Engineering, University of Hong Kong, Hong Kong, SAR, China; Mechatronics and Robotic Systems (MaRS) Laboratory, Department of Mechanical Engineering, University of Hong Kong, Hong Kong, SAR, China; Mechatronics and Robotic Systems (MaRS) Laboratory, Department of Mechanical Engineering, University of Hong Kong, Hong Kong, SAR, China; Mechatronics and Robotic Systems (MaRS) Laboratory, Department of Mechanical Engineering, University of Hong Kong, Hong Kong, SAR, China; Mechatronics and Robotic Systems (MaRS) Laboratory, Department of Mechanical Engineering, University of Hong Kong, Hong Kong, SAR, China; Mechatronics and Robotic Systems (MaRS) Laboratory, Department of Mechanical Engineering, University of Hong Kong, Hong Kong, SAR, China; Mechatronics and Robotic Systems (MaRS) Laboratory, Department of Mechanical Engineering, University of Hong Kong, Hong Kong, SAR, China; Mechatronics and Robotic Systems (MaRS) Laboratory, Department of Mechanical Engineering, University of Hong Kong, Hong Kong, SAR, China; Mechatronics and Robotic Systems (MaRS) Laboratory, Department of Mechanical Engineering, University of Hong Kong, Hong Kong, SAR, China; Information Science Academy, China Electronics Technology Group Corporation, Beijing, China; Information Science Academy, China Electronics Technology Group Corporation, Beijing, China; Mechatronics and Robotic Systems (MaRS) Laboratory, Department of Mechanical Engineering, University of Hong Kong, Hong Kong, SAR, China",IEEE Transactions on Robotics,11 Dec 2024,2025,41,,326,346,"This paper presents FAST-LIVO2, a fast and direct LiDAR-inertial-visual odometry framework designed for accurate and robust state estimation in SLAM tasks, enabling real-time robotic applications. FAST-LIVO2 integrates IMU, LiDAR, and image data through an efficient error-state iterated Kalman filter (ESIKF). To address the dimensional mismatch between LiDAR and image measurements, we adopt a sequential update strategy. Efficiency is further enhanced using direct methods for LiDAR and visual data fusion: the LiDAR module registers raw points without extracting features, while the visual module minimizes photometric errors without relying on feature extraction. Both LiDAR and visual measurements are fused into a unified voxel map. The LiDAR module constructs the geometric structure, while the visual module links image patches to LiDAR points, enabling precise image alignment. Plane priors from LiDAR points improve alignment accuracy and are refined dynamically during the process. Additionally, an on-demand raycast operation and real-time image exposure estimation enhance robustness. Extensive experiments on benchmark and custom datasets demonstrate that FAST-LIVO2 outperforms state-of-the-art systems in accuracy, robustness, and efficiency. Key modules are validated, and we showcase three applications: UAV navigation highlighting real-time capabilities, airborne mapping demonstrating high accuracy, and 3D model rendering (mesh-based and NeRF-based) showcasing suitability for dense mapping. Code and datasets are open-sourced on GitHub to benefit the robotics community.",1941-0468,,10.1109/TRO.2024.3502198,CETC ISA; Hong Kong General Research Fund(grant numbers:17206421); ,https://ieeexplore.ieee.org/stamp/stamp.jsp?arnumber=10757429,3-D reconstruction;aerial navigation;sensor fusion;simultaneous localization and mapping (SLAM),Laser radar;Visualization;Simultaneous localization and mapping;Accuracy;Feature extraction;Robots;Robot sensing systems;Cameras;Real-time systems;Odometry,,200,,59,IEEE,19 Nov 2024,2025,,IEEE,IEEE Journals
$D^{2}$SLAM: Decentralized and Distributed Collaborative Visual-Inertial SLAM System for Aerial Swarm,H. Xu; P. Liu; X. Chen; S. Shen,"Department of Electronic and Computer Engineering, Hong Kong University of Science and Technology, Hong Kong; Department of Electronic and Computer Engineering, Hong Kong University of Science and Technology, Hong Kong; Department of Electronic and Computer Engineering, Hong Kong University of Science and Technology, Hong Kong; Department of Electronic and Computer Engineering, Hong Kong University of Science and Technology, Hong Kong",IEEE Transactions on Robotics,18 Jul 2024,2024,40,,3445,3464,"Collaborative simultaneous localization and mapping (CSLAM) is essential for autonomous aerial swarms, laying the foundation for downstream algorithms, such as planning and control. To address existing CSLAM systems' limitations in relative localization accuracy, crucial for close-range UAV collaboration, this article introduces $D^{2}$SLAM—a novel decentralized and distributed CSLAM system. $D^{2}$SLAM innovatively manages near-field estimation for precise relative state estimation in proximity and far-field estimation for consistent global trajectories. Its adaptable front-end supports both stereo and omnidirectional cameras, catering to various operational needs and overcoming field-of-view challenges in aerial swarms. Experiments demonstrate $D^{2}$SLAM's effectiveness in accurate ego-motion estimation, relative localization, and global consistency. Enhanced by distributed optimization algorithms, $D^{2}$SLAM exhibits remarkable scalability and resilience to network delays, making it well suited for a wide range of real-world aerial swarm applications. We believe the adaptability and proven performance of $D^{2}$SLAM signify a notable advancement in autonomous aerial swarm technology.",1941-0468,,10.1109/TRO.2024.3422003,Research Grants Council General Research Fund(grant numbers:RMGS20EG20); HKUST-DJI Joint Innovation Laboratory; ,https://ieeexplore.ieee.org/stamp/stamp.jsp?arnumber=10582478,Aerial systems: perception and autonomy;multirobot systems;simultaneous localization and mapping (SLAM);swarms,Simultaneous localization and mapping;Robots;Location awareness;State estimation;Accuracy;Optimization;Task analysis,,77,,78,IEEE,2 Jul 2024,2024,,IEEE,IEEE Journals
Drivocopter: A concept Hybrid Aerial/Ground vehicle for long-endurance mobility,A. Kalantari; T. Touma; L. Kim; R. Jitosho; K. Strickland; B. T. Lopez; A. -A. Agha-Mohammadi,"Jet Propulsion Laboratory, California Institute of Technology, National Aeronautics and Space Administration; Jet Propulsion Laboratory, California Institute of Technology, National Aeronautics and Space Administration; Jet Propulsion Laboratory, California Institute of Technology, National Aeronautics and Space Administration; Jet Propulsion Laboratory, California Institute of Technology, National Aeronautics and Space Administration; Jet Propulsion Laboratory, California Institute of Technology, National Aeronautics and Space Administration; Jet Propulsion Laboratory, California Institute of Technology, National Aeronautics and Space Administration; Jet Propulsion Laboratory, California Institute of Technology, National Aeronautics and Space Administration",2020 IEEE Aerospace Conference,21 Aug 2020,2020,,,1,10,"Aerial robots show promise for increased capabilities in exploring unstructured and challenging environments. However, they are limited by payload capacity, flight times, and susceptibility to damage in case of collision. On the other hand, ground robots are able to carry larger payloads and have a lower cost of transport, at the price of limited mobility over challenging terrain. This paper presents a hybrid aerial/ground vehicle that combines the capabilities of both types of vehicles to enable multi-modal mobility in diverse and challenging environments, a lower cost of transport compared to purely aerial vehicles, increased payload capacity, and a design that is more robust to collisions and physical interaction within potentially cluttered and narrow spaces. The design consists of a UAV with four independently actuated spherical wheels which, in addition to providing traction for ground mobility, protect the propellers in collision. In comparison to hybrid vehicles with passive wheels presented in other designs, actuated wheels mitigates perception degradation in dusty environments caused by downwash from thrusting close to the ground. In addition, the integration of an end-to-end autonomy stack is presented which enables the control, planning, and autonomous navigation of the hybrid vehicle in unknown environments. The controls framework employs a geometric tracking controller for aerial trajectories and a cascaded position and velocity controller for ground mobility. We leverage motion primitives to locally plan collision-free paths and a differential flatness mapping to generate kinodynamically feasible trajectories for both terrestrial and aerial modalities in a unified manner. Lastly, we utilize a grid based A* search and probabilistic 3D mapping based on octrees to plan geometric aerial/ground paths to a goal. With this framework, we hope to demonstrate the capabilities of this hybrid aerial/ground vehicle in challenging unknown environments and improved energy efficiency for hybrid mobility over purely flying.",1095-323X,978-1-7281-2734-7,10.1109/AERO47225.2020.9172782,,https://ieeexplore.ieee.org/stamp/stamp.jsp?arnumber=9172782,,Costs;Propellers;Navigation;Wheels;Prototypes;Trajectory;Planning;State estimation;Collision avoidance;Payloads,,60,,26,IEEE,21 Aug 2020,7-14 March 2020,7-14 March 2020,IEEE,IEEE Conferences
Unmanned Aerial Sensor Placement for Cluttered Environments,A. Farinha; R. Zufferey; P. Zheng; S. F. Armanini; M. Kovac,"Aerial Robotics Laboratory, Imperial College London, London, U.K.; Aerial Robotics Laboratory, Imperial College London, London, U.K.; Aerial Robotics Laboratory, Imperial College London, London, U.K.; Aerial Robotics Laboratory, Imperial College London, London, U.K.; Aerial Robotics Laboratory, Imperial College London, London, U.K.",IEEE Robotics and Automation Letters,24 Aug 2020,2020,5,4,6623,6630,"Unmanned aerial vehicles (UAVs) have been shown to be useful for the installation of wireless sensor networks (WSNs). More notably, the accurate placement of sensor nodes using UAVs, opens opportunities for many industrial and scientific uses, in particular, in hazardous environments or inaccessible locations. This publication proposes and demonstrates a new aerial sensor placement method based on impulsive launching. Since direct physical interaction is not required, sensor deployment can be achieved in cluttered environments where the target location cannot be safely approached by the UAV, such as under the forest canopy. The proposed method is based on mechanical energy storage and an ultralight shape memory alloy (SMA) trigger. The developed aerial system weighs a total of 650 grams and can execute up to 17 deployments on a single battery charge. The system deploys sensors of 30 grams up to 4 meters from a target with an accuracy of $\pm$ 10 cm. The aerial deployment method is validated through more than 80 successful deployments in indoor and outdoor environments. The proposed approach can be integrated in field operations and complement other robotic or manual sensor placement procedures. This would bring benefits for demanding industrial applications, scientific field work, smart cities and hazardous environments [Video attachment: https://youtu.be/duPRXCyo6cY].",2377-3766,,10.1109/LRA.2020.3015459,"NERC and NPIF(grant numbers:NE/R012229/1); EURO fusion Consortium; Euratom research and training programme 2014–2018; European Commission(grant numbers:633053); NERC(grant numbers:NE/L002515/1); Grantham Institute - Climate Change and the Environment; Imperial College London; South East Asia Rainforest Research Partnership; Engineering and Physical Sciences Research Council(grant numbers:EP/R009953/1,EP/N018494/1,EP/R026173/1,EP/S031464/1); EU H2020 AeroTwin project(grant numbers:ID 810321); Royal Society Wolfson fellowship(grant numbers:RSWF/R1/18003); Brahmal Vasudevan; ",https://ieeexplore.ieee.org/stamp/stamp.jsp?arnumber=9164987,Aerial systems;applications;robotics in hazardous fields;sensor networks,Robot sensing systems;Trajectory;Forestry;Wireless sensor networks;Unmanned aerial vehicles;Maintenance engineering,,50,,26,CCBY,11 Aug 2020,Oct. 2020,,IEEE,IEEE Journals
Enforcing Vision-Based Localization using Perception Constrained N-MPC for Multi-Rotor Aerial Vehicles,M. Jacquet; A. Franchi,"LAAS-CNRS, Université de Toulouse, CNRS, Toulouse, France; Robotics and Mechatronics lab, Faculty of Electrical Engineering, Mathematics & Computer Science, University of Twente, Enschede, The Netherlands",2022 IEEE/RSJ International Conference on Intelligent Robots and Systems (IROS),26 Dec 2022,2022,,,1818,1824,"This work introduces a Nonlinear Model Predictive Control (N-MPC) for camera-equipped Unmanned Aerial Vehicles (UAVs), which controls at the motor level the UAV motion to ensure the quality of vision-based state estimation while performing other tasks. The controller ensures visibility over a sufficient amount of features, while optimizing their coverage, based on an assessment of the estimation quality. The controller works for the very broad class of generic multirotor UAVs, including platforms with any number of propellers, which can be both collinear, as in the quadrotor, and fixedly-tilted. The low-level inputs are computed in real-time and realistically constrained, in terms of maximum motor torque. This allows the platform to exploit its full actuation capabilities to maintain the visibility over the set of points of interest. Our implementation is tested in Gazebo simulations and in mocap-free real experiments, and features a visual-inertial state estimation based on Kalman filter. The software is provided open-source.",2153-0866,978-1-6654-7927-1,10.1109/IROS47612.2022.9981643,ANR(grant numbers:ANR-17-CE33-0007); ,https://ieeexplore.ieee.org/stamp/stamp.jsp?arnumber=9981643,,Torque;Tracking;Scalability;Autonomous aerial vehicles;Software;Real-time systems;Behavioral sciences,,6,,26,IEEE,26 Dec 2022,23-27 Oct. 2022,23-27 Oct. 2022,IEEE,IEEE Conferences
Autonomous Visual Inspection of Industrial Plants Using Unmanned Aerial Vehicles,V. Scognamiglio; R. Caccavale; P. Merone; A. d. Crescenzo; F. Ruggiero; V. Lippiello,"Department of Electrical Engineering and Information Technology, PRISMA Lab and CREATE Consortium, University of Naples Federico II, Naples, Italy; Department of Electrical Engineering and Information Technology, PRISMA Lab and CREATE Consortium, University of Naples Federico II, Naples, Italy; Department of Electrical Engineering and Information Technology, PRISMA Lab and CREATE Consortium, University of Naples Federico II, Naples, Italy; Department of Electrical Engineering and Information Technology, PRISMA Lab and CREATE Consortium, University of Naples Federico II, Naples, Italy; Department of Electrical Engineering and Information Technology, PRISMA Lab and CREATE Consortium, University of Naples Federico II, Naples, Italy; Department of Electrical Engineering and Information Technology, PRISMA Lab and CREATE Consortium, University of Naples Federico II, Naples, Italy",2024 International Conference on Unmanned Aircraft Systems (ICUAS),19 Jun 2024,2024,,,1148,1154,"The development of autonomous systems has spurred numerous innovative inspection strategies. Some operations, such as monitoring the condition of industrial structures, typically entail significant deployment of human resources and pose risks to human safety. In this context, this paper presents a visual inspection framework that leverages unmanned aerial vehicles to explore designated facilities, identifying structural damages such as cracks or fissures for inspection. The proposed approach integrates autonomous navigation and high-level decision-making capabilities to effectively explore predefined points of interest within partially known environments and to select and inspect candidate spots for further analysis. The framework is validated through both simulated and real-world experiments conducted in GPS-denied environments, utilizing only onboard UAV capabilities.",2575-7296,979-8-3503-5788-2,10.1109/ICUAS60882.2024.10556996,,https://ieeexplore.ieee.org/stamp/stamp.jsp?arnumber=10556996,,Visualization;Decision making;Inspection;Autonomous aerial vehicles;Safety;Industrial plants;Aircraft,,5,,23,IEEE,19 Jun 2024,4-7 June 2024,4-7 June 2024,IEEE,IEEE Conferences
Constrained-covisibility marginalization for efficient on-board stereo SLAM,M. A. Nitsche; G. I. Castro; T. Pire; T. Fischer; P. De Cristóforis,"ICC, Computer Science Research Institute (CONICET-UBA), Argentina; ICC, Computer Science Research Institute (CONICET-UBA), Argentina; ICC, Computer Science Research Institute (CONICET-UBA), Argentina; ICC, Computer Science Research Institute (CONICET-UBA), Argentina; ICC, Computer Science Research Institute (CONICET-UBA), Argentina",2017 European Conference on Mobile Robots (ECMR),9 Nov 2017,2017,,,1,6,"When targeting embedded applications such as on-board visual localization for small Unmanned Air Vehicles (UAV), available hardware generally becomes a limiting factor. For this reason, the usual strategy is to rely on pure motion integration and/or restricting the size of the map, i.e. performing visual odometry. Moreover, if monocular vision is employed, due to the additional computational cost of stereo vision, this requires dealing with the problem of unknown scale. In this work we discuss how the cost of the tracking task can be reduced without limiting the size of the global map. To do so, the notion of covisibility is strongly used which allows choosing a fixed and optimal set of points to be tracked. Moreover, this work delves into the concept of parallel tracking and mapping and presents some finer parallelization opportunities. Finally, we show how these strategies improve the computational times of a stereo visual SLAM framework called S-PTAM running on-board an embedded computer, close to camera frame-rates and with negligible precision loss.",,978-1-5386-1096-1,10.1109/ECMR.2017.8098655,,https://ieeexplore.ieee.org/stamp/stamp.jsp?arnumber=8098655,,Simultaneous localization and mapping;Cameras;Buildings;Optimization;Visualization,,4,,16,IEEE,9 Nov 2017,6-8 Sept. 2017,6-8 Sept. 2017,IEEE,IEEE Conferences
Decentralized Multi-robot Velocity Estimation for UAVs Enhancing Onboard Camera-based Velocity Measurements,J. Horyna; V. Kratky; E. Ferrante; M. Saska,"Multi-Robot Systems Group, Faculty of Electrical Engineering, Czech Technical University in Prague, Prague, Czech Republic; Multi-Robot Systems Group, Faculty of Electrical Engineering, Czech Technical University in Prague, Prague, Czech Republic; Autonomous Research Robotics Centre, Technology Innovative Institute, Masdar City, Abu Dhabi, United Arab Emirates; Multi-Robot Systems Group, Faculty of Electrical Engineering, Czech Technical University in Prague, Prague, Czech Republic",2022 IEEE/RSJ International Conference on Intelligent Robots and Systems (IROS),26 Dec 2022,2022,,,11570,11577,"Within the field of multi-robot systems, developing systems that rely only on onboard sensing without the use of external infrastructure (e.g. GNSS) has many potential applications. However, relying only on visual-based modalities for localization presents challenges in terms of accuracy and reliability. We introduce a decentralized multi-robot lateral velocity estimation method for Unmanned Aerial Vehicles (UAVs) to improve onboard measurements in case GNSS infrastructure is not available. This method relies on sharing the onboard measurements of neighbors, as well as the estimation of the relative motion of a focal UAV within the swarm, based on observation of coworking robots. The proposed velocity estimation method does not rely on centralized communication to achieve high reliability and scalability within the swarm system. The performance of the state estimation approach has been verified in simulations and real-world experiments. The results have shown that a swarm of UAVs using the proposed velocity estimator can stabilize individual robots when their primary onboard localization source is not reliable enough.",2153-0866,978-1-6654-7927-1,10.1109/IROS47612.2022.9981894,"UAE(grant numbers:TII/ATM/2032/2020); Czech Science Foundation (GACR)(grant numbers:22-24425S,20-10280S); CTU(grant numbers:SGS20/174/OHK3/3T/13); ",https://ieeexplore.ieee.org/stamp/stamp.jsp?arnumber=9981894,,Location awareness;Global navigation satellite system;Visualization;Tracking;Estimation;Autonomous aerial vehicles;Sensors,,4,,32,IEEE,26 Dec 2022,23-27 Oct. 2022,23-27 Oct. 2022,IEEE,IEEE Conferences
Comparison of Visual-Inertial Sensor Fusion Techniques for GNSS-Resilient Navigation,L. Turci; F. Vitiello; F. Causa; R. Opromolla; G. Fasano,"Università degli Studi di Napoli Federico II, Naples, Italy; Università degli Studi di Napoli Federico II, Naples, Italy; Università degli Studi di Napoli Federico II, Naples, Italy; Università degli Studi di Napoli Federico II, Naples, Italy; Università degli Studi di Napoli Federico II, Naples, Italy",2024 AIAA DATC/IEEE 43rd Digital Avionics Systems Conference (DASC),15 Nov 2024,2024,,,01,10,"This paper analyzes and compares different visual-inertial (V-INS) sensor fusion strategies, conceived to enable GNSS-resilient navigation of Unmanned Aerial Vehicles (UAV). The strategies share the same data fusion architecture, based on a loosely coupled Extended Kalman Filter (EKF), but have variable characteristics concerning the image processing and pose estimation pipelines. Specifically, four different geolocation strategies are investigated to retrieve range information about the detected visual features in the observed scene, exploiting a flat Earth assumption, a local flat Earth assumption, a Digital Elevation Model (DEM) intersection and a triangulation method, respectively. The latter approach, in particular, does not require any geometrical assumption or any a priori knowledge on the observed scene. Furthermore, an original approach to provide the EKF with a consistent estimate of the covariance associated to the visual-based pose solution is proposed. The navigation performance is evaluated by means of numerical simulations reproducing a straight trajectory with hovering and a curved trajectory, both over an almost flat and a mountain scenario. In the best case of the flat scenario, the percentage error on the position estimate, computed with respect to the UAV traveled distance, is less than 0.15%, and the error on the attitude angles estimate is less than 0.08°, while the Root Mean Square (RMS) values of the same quantities are about 0.09% and 0.04°, respectively. In the mountain scenario the performance is degraded but the maximum errors are still kept approximately within 1% and 1o, respectively.",2155-7209,979-8-3503-4961-0,10.1109/DASC62030.2024.10748659,,https://ieeexplore.ieee.org/stamp/stamp.jsp?arnumber=10748659,visual odometry;feature geolocation;visual-inertial navigation;sensor fusion;covariance,Earth;Visualization;Navigation;Geology;Pipelines;Data integration;Sensor fusion;Filtering algorithms;Autonomous aerial vehicles;Trajectory,,4,,23,IEEE,15 Nov 2024,29 Sept.-3 Oct. 2024,29 Sept.-3 Oct. 2024,IEEE,IEEE Conferences
Swarming Without an Anchor (SWA): Robot Swarms Adapt Better to Localization Dropouts Than a Single Robot,J. Horyna; R. Jung; S. Weiss; E. Ferrante; M. Saska,"Multi-Robot Systems Group, Faculty of Electrical Engineering, Czech Technical University in Prague, Prague, Czech Republic; Control of Networked Systems, Institute of Smart Systems Technologies, University of Klagenfurt, Klagenfurt, Austria; Control of Networked Systems, Institute of Smart Systems Technologies, University of Klagenfurt, Klagenfurt, Austria; Department of Computer Science, Vrije Universiteit Amsterdam, Amsterdam, The Netherlands; Multi-Robot Systems Group, Faculty of Electrical Engineering, Czech Technical University in Prague, Prague, Czech Republic",IEEE Robotics and Automation Letters,9 May 2025,2025,10,6,6207,6214,"In this letter, we present the Swarming Without an Anchor (SWA) approach to state estimation in swarms of UncrewedAerial Vehicles (UAVs) experiencing ego-localization dropout, where individual agents are laterally stabilized using relative information only. We propose to fuse decentralized state estimation with robust mutual perception and onboard sensor data to maintain accurate state awareness despite intermittent localization failures. Thus, the relative information used to estimate the lateral state of UAVs enables the identification of the unambiguous state of UAVs with respect to the local constellation. The resulting behavior reaches velocity consensus, as this task can be referred to as the double integrator synchronization problem. All disturbances and performance degradations except a uniform translation drift of the swarm as a whole is attenuated which is enabling new opportunities in using tight cooperation for increasing reliability and resilience of multi-UAV systems. Simulations and real-world experiments validate the effectiveness of our approach, demonstrating its capability to sustain cohesive swarm behavior in challenging conditions of unreliable or unavailable primary localization.",2377-3766,,10.1109/LRA.2025.3562786,"NYUAD Center for Artificial Intelligence and Robotics; Tamkeen; Research Institute Centers, New York University Abu Dhabi(grant numbers:CG010); CTU(grant numbers:SGS23/177/OHK3/3T/13); Grantová Agentura České Republiky(grant numbers:23-07517S); ",https://ieeexplore.ieee.org/stamp/stamp.jsp?arnumber=10971233,Distributed robot systems;swarm robotics;sensor fusion,Autonomous aerial vehicles;State estimation;Location awareness;Robot sensing systems;Resilience;Degradation;Global navigation satellite system;Navigation;Visualization;Silicon,,3,,32,IEEE,21 Apr 2025,June 2025,,IEEE,IEEE Journals
VisTune: Auto-Tuner for UAVs Using Vision-Based Localization,M. A. Humais; M. Chehadeh; R. Azzam; I. Boiko; Y. Zweiri,"Center for Autonomous Robotic Systems (KUCARS), Khalifa University, Abu Dhabi, UAE; Center for Autonomous Robotic Systems (KUCARS), Khalifa University, Abu Dhabi, UAE; Center for Autonomous Robotic Systems (KUCARS), Khalifa University, Abu Dhabi, UAE; Center for Autonomous Robotic Systems (KUCARS), Khalifa University, Abu Dhabi, UAE; Advanced Research and Innovation Center (ARIC), Abu Dhabi, UAE",IEEE Robotics and Automation Letters,16 Sep 2024,2024,9,10,9111,9118,"This letter presents VisTune, a method for automatic controller tuning specifically designed for UAVs using vision-based localization (VBL) for position control. In contrast to existing methods that involve manually flying the UAV to collect data for system identification and tuning, our approach leverages relay-based system identification and tuning, which autonomously generates stable oscillations without the need for a stabilizing controller. The entire process concludes within a few seconds. Prior work in vision-based position control of the UAVs often ignores the delay from the perception pipeline, which is quite significant and results in suboptimal tuning and poor control performance. Our approach accounts for perception delay and addresses practical issues, such as varying delays due to varying computation requirements and inevitable estimation errors, which pose challenges in applying relay-based identification and tuning. Typically, VBL system introduces over 100ms of delay, compared to less than 20ms delay when motion capture system is used. Moreover, we show that the perception delay identified by VisTune can be effectively used to temporally advance the feedforward acceleration signal to achieve better tracking performance. Finally, we demonstrate the robustness of the tuned controllers on a trajectory tracking task, reaching speeds of up to 2.1m/s with an RMS control error of only 0.054m. Under wind disturbance of 5m/s, we report an RMSE of 0.116m. A video of the experiments is available at https://youtu.be/hJoT8bn0K0o.",2377-3766,,10.1109/LRA.2024.3455934,Khalifa University Center for Autonomous Robotics(grant numbers:RC1-2018-KUCARS); ,https://ieeexplore.ieee.org/stamp/stamp.jsp?arnumber=10669205,Aerial systems: mechanics and control;aerial systems: perception and autonomy;vision-based navigation,Tuning;Delays;Autonomous aerial vehicles;Robot localization;Robustness;Position control;Oscillators,,3,,35,CCBY,6 Sep 2024,Oct. 2024,,IEEE,IEEE Journals
"Unmanned Aerial-Ground Systems for Wildfire Detection, Global Localization and Suppression",Q. Qin; E. Dilfanian; Y. Zhang; Y. Fu; H. Benzerrouk; H. Guiddir,"Department of Mechanical, Industrial and Aerospace Engineering, Concordia University, Montreal, Canada; Department of Mechanical, Industrial and Aerospace Engineering, Concordia University, Montreal, Canada; Department of Mechanical, Industrial and Aerospace Engineering, Concordia University, Montreal, Canada; Department of Mechanical, Industrial and Aerospace Engineering, Concordia University, Montreal, Canada; Rotors & Wings Aerogroup Saint-Hubert, Canada; Rotors & Wings Aerogroup Saint-Hubert, Canada",2025 33rd Mediterranean Conference on Control and Automation (MED),15 Jul 2025,2025,,,642,647,"This paper presents a new and comprehensive autonomous framework for wildfire detection, global localization, and suppression leveraging Unmanned Aerial Vehicles (UAVs) and Unmanned Ground Vehicles (UGVs). This work significantly expands upon existing research focusing solely on UAV-based wildfire mitigation. By synergistically combining the capabilities of UAVs with those of UGVs, our system enhances situational awareness and operational effectiveness. Notably, this approach integrates cutting-edge localization technologies, including the Simultaneous Localization and Mapping (SLAM) system for accurate global mapping of fire spots to enable near-meter-level precision tracking of wildfires even when obscured from view by vegetation or debris. To further enhance accuracy, we employ a motion model and an Iterated Extended Kalman Filter (iEKF) incorporating both Global Navigation Satellite Systems (GNSS) data and semantic vision information. Extensive simulations in cluttered environments confirm the efficacy of our proposed framework in supporting timely and accurate wildfire detection and suppression.",2473-3504,979-8-3315-7719-3,10.1109/MED64031.2025.11073311,Natural Sciences and Engineering Research Council of Canada; ,https://ieeexplore.ieee.org/stamp/stamp.jsp?arnumber=11073311,Unmanned aerial vehicles (UAVs);Unmanned Ground Vehicles (UGVs);Wildfires;SLAM;global localization;You only look once (YOLO);Iterated Extended Kalman Filter (iEKF),Location awareness;YOLO;Global navigation satellite system;Wildfires;Simultaneous localization and mapping;Accuracy;Vegetation mapping;Autonomous aerial vehicles;Land vehicles;Kalman filters,,2,,31,IEEE,15 Jul 2025,10-13 June 2025,10-13 June 2025,IEEE,IEEE Conferences
"Assisted Physical Interaction: Autonomous Aerial Robots with Neural Network Detection, Navigation, and Safety Layers",A. Berra; V. N. Sankaranarayanan; A. S. Seisa; J. Mellet; U. G. W. K. N. Gamage; S. G. Satpute; F. Ruggiero; V. Lippiello; S. Tolu; M. Fumagalli; G. Nikolakopoulos; M. Á. T. Soto; G. Heredia,"CATEC, Advanced Center for Aerospace Technologies, Seville, Spain; Department of Computer, Electrical and Space Engineering, Robotics and AI Team, Luleå University of Technology, Luleå, Sweden; Department of Computer, Electrical and Space Engineering, Robotics and AI Team, Luleå University of Technology, Luleå, Sweden; Department of Electrical Engineering and Information Technology, PRISMA Lab, University of Naples Federico II, Naples, Italy; Department of Electrical Engineering and Photonics, Automation and Control Group, Technical University of Denmark, Denmark; Department of Computer, Electrical and Space Engineering, Robotics and AI Team, Luleå University of Technology, Luleå, Sweden; Department of Electrical Engineering and Information Technology, PRISMA Lab, University of Naples Federico II, Naples, Italy; Department of Electrical Engineering and Information Technology, PRISMA Lab, University of Naples Federico II, Naples, Italy; Department of Electrical Engineering and Photonics, Automation and Control Group, Technical University of Denmark, Denmark; Department of Electrical Engineering and Photonics, Automation and Control Group, Technical University of Denmark, Denmark; Department of Computer, Electrical and Space Engineering, Robotics and AI Team, Luleå University of Technology, Luleå, Sweden; CATEC, Advanced Center for Aerospace Technologies, Seville, Spain; Robotics, Vision, and Control Group, School of Engineering, University of Seville, Seville, Spain",2024 International Conference on Unmanned Aircraft Systems (ICUAS),19 Jun 2024,2024,,,1354,1361,"The paper introduces a novel framework for safe and autonomous aerial physical interaction in industrial settings. It comprises two main components: a neural network-based target detection system enhanced with edge computing for reduced onboard computational load, and a control barrier function (CBF)-based controller for safe and precise maneuvering. The target detection system is trained on a dataset under challenging visual conditions and evaluated for accuracy across various unseen data with changing lighting conditions. Depth features are utilized for target pose estimation, with the entire detection framework offloaded into low-latency edge computing. The CBF-based controller enables the UAV to converge safely to the target for precise contact. Simulated evaluations of both the controller and target detection are presented, alongside an analysis of real-world detection performance.",2575-7296,979-8-3503-5788-2,10.1109/ICUAS60882.2024.10557050,,https://ieeexplore.ieee.org/stamp/stamp.jsp?arnumber=10557050,Aerial Physical Interaction;UAVs;Control Barrier Function;Neural Network;Edge Computing,Visualization;Pose estimation;Neural networks;Lighting;Object detection;Autonomous aerial vehicles;Aircraft navigation,,,,43,IEEE,19 Jun 2024,4-7 June 2024,4-7 June 2024,IEEE,IEEE Conferences
A Quadrotor Autonomous System for Warehouse Inspection: An Integrated Approach of Perception-Control-Planning,Q. Liao,"Shenzhen College of International Education, Shenzhen, Guangdong, China","2025 International Conference on Power, Electrical Engineering, Electronics and Control (PEEEC)",31 Mar 2026,2025,,,254,260,"This paper presents a tightly integrated perception-control-planning framework for autonomous quadrotor-based warehouse inspection. The perception module utilizes a lightweight VIO-SLAM pipeline, enhanced with semantic mapping, UWB fusion, and structural priors, to ensure robust localization in long, low-feature aisles while supporting multimodal inventory identification through barcode/OCR detection and RFID-based fusion. The control module employs a cascaded architecture that combines geometric outer-loop trajectory tracking with high-rate inner-loop attitude stabilization, augmented with disturbance estimation and safety-aware projection to guarantee stability and maneuverability in narrow, cluttered environments. The planning module utilizes corridor-based topological graphs and ESDF maps, introducing region-constrained D-JPS for global coverage planning and dynamic-resolution DVR-VFH+ for local obstacle avoidance. Executable trajectories are generated as minimum-snap splines, with mission-level logic for viewpoint-aware scheduling and uncertainty management. The system was validated through simulations in a ROS + PX4-SITL + Gazebo environment. Compared to baseline methods, D-JPS reduced average path length by 9.4 %, node count by 42 %, and improved path smoothness by 17 %. DVR-VFH+ demonstrated greater stability in dynamic and constrained environments. The UAV maintained altitude deviations within $\pm 0.05 ~\mathrm{m}$ and a minimum obstacle clearance of $\geq 0.4 ~\mathrm{m}$, achieving a 100 % success rate on all configured missions. These results confirm the proposed framework enables accurate, efficient, and safe autonomous inspection in challenging GPS-denied warehouse environments, offering a transferable architecture for future real-world deployment.",,979-8-3315-8536-5,10.1109/PEEEC67807.2025.00048,,https://ieeexplore.ieee.org/stamp/stamp.jsp?arnumber=11454995,Quadrotor;Inspection;DVR;JPS;Gazebo,Uncertainty;Trajectory tracking;Semantics;Pipelines;Inspection;Stability analysis;Planning;Trajectory;Splines (mathematics);Quadrotors,,,,12,IEEE,31 Mar 2026,15-17 Dec. 2025,15-17 Dec. 2025,IEEE,IEEE Conferences
LIO-MARS: Non-Uniform Continuous-Time Trajectories for Real-Time LiDAR-Inertial-Odometry,J. Quenzel; S. Behnke,"Oxford Robotics Institute, Dept. of Engineering Science, University of Oxford, U.K.; Autonomous Intelligent Systems Group, Computer Science Institute VI – Intelligent Systems and Robotics",IEEE Transactions on Robotics,,2026,PP,99,1,19,"Autonomous robotic systems heavily rely on environment knowledge to safely navigate. For search & rescue, a flying robot requires robust real-time perception, enabled by complementary sensors. IMU data constrains acceleration and rotation, whereas LiDAR measures accurate distances around the robot. Building upon the LiDAR odometry MARS, our LiDAR-inertial odometry (LIO) jointly aligns multi-resolution surfel maps with a Gaussian mixture model (GMM) using a non-uniform continuous-time B-spline trajectory. A novel adaptive knot spacing improves numerical stability by addressing variations in scan time through stretching and shrinking of the knot intervals. Moreover, we accelerate essential covariance and Mahalanobis distance computations with Kronecker products by a factor of 3.3. An unscented transform de-skews surfels, while a temporal subdivision into scan slices facilitates motion compensation during spline optimization. Complementary relative constraints from external odometry and preintegrated IMU pseudo-measurements further improve robustness and accuracy. Extensive evaluation showcases the state-of-the-art quality of our LIO-MARS w.r.t. recent LIO systems on various handheld, UGV and UAV-based datasets.",1941-0468,,10.1109/TRO.2026.3738457,,https://ieeexplore.ieee.org/stamp/stamp.jsp?arnumber=11714480,LiDAR;LiDAR- inertial - odometry;motion compensation;state estimation;surfel map,Laser radar;Timing;Splines (mathematics);Mars;Odometry;Trajectory;Distance measurement;Optimization;Measurement;Windows,,,,,IEEE,29 Sep 2026,,,IEEE,IEEE Early Access Articles
BISAG-SLAM: Brain-Inspired Multi-Perception Semantic SLAM for Aerial and Ground Cross Domain Collaboration,H. Zhong; Y. Du; D. Liu; M. Wang; R. Zhang; Z. Guo; X. Yang; M. Cong,"School of Mechanical Engineering, Dalian University of Technology, Dalian, China; School of Mechanical Engineering, Dalian Jiaotong University, Dalian, China; School of Mechanical Engineering, Dalian University of Technology, Dalian, China; School of Mechanical Engineering, Dalian Jiaotong University, Dalian, China; School of Mechanical Engineering, Dalian University of Technology, Dalian, China; School of Mechanical Engineering, Dalian Jiaotong University, Dalian, China; School of Mechanical Engineering, Dalian Jiaotong University, Dalian, China; School of Mechanical Engineering, Dalian University of Technology, Dalian, China",IEEE Internet of Things Journal,,2026,PP,99,1,1,"Accurate large-scale positioning for aerial-ground collaborative robotic systems is critical to IoT-enabled outdoor perception, monitoring, and asset inspection in complex environments. However, existing aerial-ground cross-domain SLAM systems still face pronounced cross-view appearance discrepancies, inaccurate localization in large-scale outdoor environments, and limited real-time mapping performance. To mitigate these issues, a new brain-inspired multi-perception semantic SLAM framework for aerial and ground cross-domain collaboration, termed BISAG-SLAM, is proposed to provide accurate large-scale position estimation and to construct semi-dense semantic maps. The framework further incorporates a GNSS-PS (GNSS and barometric pressure sensor) correction model to enhance localization accuracy in large-scale scenes. Inspired by the multi-path cue integration mechanism of the hippocampal-entorhinal navigation system, a compact neural-state encoding and loop-closure correction scheme that fuses multi-perception information is further developed to provide compact representations of long trajectories and to improve both mapping accuracy and real-time performance. In addition, a semantic topology histogram (STH) descriptor is employed to characterize map semantics. By exploiting semantic co-occurrence and local topological ordering encoded from aerial and ground trajectories, the proposed framework achieves collaborative construction of an aerial-ground semi-dense semantic map. Experiments conducted in a real campus environment, using data recorded by an RTK350 UAV and a mobile robot, result in a 3.21 km large-scale outdoor semi-dense semantic map. The relative translation errors on the overlapping segments of the aerial and ground trajectories are 4.05% and 5.68%, respectively. Meanwhile, the experimental results also show that the proposed system achieves favorable real-time performance, low communication payload, and low computational overhead, validating the effectiveness of the BISAG-SLAM framework for large-scale outdoor localization and mapping as well as resource-constrained aerial-ground collaborative applications.",2327-4662,,10.1109/JIOT.2026.3726631,,https://ieeexplore.ieee.org/stamp/stamp.jsp?arnumber=11664436,Brain-inspired SLAM;multi-perception;large-scale outdoor localization;cross-viewpoint semantic matching;semantic topological descriptor,Simultaneous localization and mapping;Grounding;Cells (biology);Brain;Global navigation satellite system;Modeling;Encoding;Visualization;Trajectory;Navigation,,,,,IEEE,24 Aug 2026,,,IEEE,IEEE Early Access Articles
Robust UAV Localization in GNSS-Denied Environments via Efficient Visual Scene Matching–Inertial Fusion,Z. Zhang; B. Zhang; M. Lv; S. Liu; J. Xue; H. Wei,"Northwest Institute of Mechanical & Electrical Engineering, Xi’an, China; School of Astronautics, Northwestern Polytechnic University, Xi’an, China; School of Astronautics, Northwestern Polytechnic University, Xi’an, China; School of Astronautics, Northwestern Polytechnic University, Xi’an, China; School of Astronautics, Northwestern Polytechnic University, Xi’an, China; School of Astronautics, Northwestern Polytechnic University, Xi’an, China",2025 6th International Conference on Computers and Artificial Intelligence Technology (CAIT),12 Mar 2026,2025,,,383,389,"In environments where Global Navigation Satellite Systems (GNSS) are degraded or unavailable, unmanned aerial vehicle (UAV) visual-inertial localization faces challenges including cross-domain scale inconsistency, accumulated inertial drift, and limited onboard computing resources. To address these issues, we propose a lightweight visual–inertial localization framework for onboard platforms that combines low-rate absolute corrections from satellite–to–aerial visual scene matching with high-rate relative motion constraints from inertial measurement unit (IMU) pre-integration. The two are fused via a loosely coupled Error-State Kalman Filter (ESKF), achieving real-time, robust localization through low-rate absolute correction + high-rate dead reckoning. To reduce the cross-domain search space and mitigate scale mismatch, we introduce a barometer-assisted adaptive satellite-image loading and ground sampling distance (GSD) normalization pipeline that dynamically selects satellite tiles and aligns scale between satellite and onboard imagery. On the vision side, an accelerated XFeat model delivers high-quality feature extraction and matching; On the fusion side, the ESKF effectively suppresses inertial drift and improves resilience to visual outliers and anomalous conditions. The full system is deployed on a NVIDIA Orin Nano embedded platform and validated in real flight tests, demonstrating accurate and robust localization in complex real-world scenarios.",,979-8-3315-5882-6,10.1109/CAIT68620.2025.11424858,,https://ieeexplore.ieee.org/stamp/stamp.jsp?arnumber=11424858,Visual scene matching;visual-inertial fusion;GNSS-denied environments;UAV localization;visual navigation;deep learning,Location awareness;Visualization;Global navigation satellite system;Accuracy;Satellites;Loading;Autonomous aerial vehicles;Feature extraction;Robustness;Vehicle dynamics,,,,17,IEEE,12 Mar 2026,12-14 Dec. 2025,12-14 Dec. 2025,IEEE,IEEE Conferences
Cooperative Visual–Range–Inertial Navigation for Multiple Unmanned Aerial Vehicles,C. Li; J. Wang; J. Liu; J. Shan,"Tsinghua University, Beijing, China; Beijing Institute of Technology, Beijing, China; Beijing Institute of Technology, Beijing, China; Beijing Institute of Technology, Beijing, China",IEEE Transactions on Aerospace and Electronic Systems,11 Dec 2023,2023,59,6,7851,7865,"In this article, the cooperative navigation issue is investigated for a group of unmanned aerial vehicles (UAVs). A distributed estimation architecture fusing range, visual, and intermittent position measurements is proposed. Relative range and co-observed features are utilized to construct direct and indirect geometric constraints between UAVs, respectively. Compared with its independent counterpart, the proposed collaborative estimation scheme is more accurate and robust, while maintaining scalability and efficiency in practical deployment. To solve the intractable problem of evaluating the cross covariance between local estimators during estimation, the covariance intersection (CI) algorithm is introduced into the distributed fusion scheme, where each UAV only estimates its own pose and covariance. Observability analysis is provided to gain insights about the system's identification properties. Finally, the algorithm is applied to a practical patrolling scenario of multiple UAVs, and both numerical and software-in-the-loop (SITL) simulations are performed to illustrate the feasibility and effectiveness of the proposed scheme.",1557-9603,,10.1109/TAES.2023.3297555,National Natural Science Foundation of China(grant numbers:62273043); ,https://ieeexplore.ieee.org/stamp/stamp.jsp?arnumber=10190134,Aerial systems;cooperative localization;multi unmanned aerial vehicle (UAV) systems;ultra-wideband (UWB);visual–inertial navigation,Autonomous aerial vehicles;Estimation;Cameras;Navigation;Visualization;Global navigation satellite system;Time measurement,,25,,54,IEEE,21 Jul 2023,Dec. 2023,,IEEE,IEEE Journals
A Visual/Inertial Relative Navigation Method for UAV Formation,W. Shao; L. Dou; H. Zhao; B. Wang; H. Xi; W. Yao,"College of Automation and Electronic Engineering, Qingdao University of Science and Technology, Qingdao; College of Automation and Electronic Engineering, Qingdao University of Science and Technology, Qingdao; College of Automation and Electronic Engineering, Qingdao University of Science and Technology, Qingdao; College of Automation and Electronic Engineering, Qingdao University of Science and Technology, Qingdao; College of Automation and Electronic Engineering, Qingdao University of Science and Technology, Qingdao; College of Automation and Electronic Engineering, Qingdao University of Science and Technology, Qingdao",2020 Chinese Control And Decision Conference (CCDC),11 Aug 2020,2020,,,1831,1836,"Nowadays, the task of determining positions for Unmanned Aerial Vehicles (UAVs) has been mainly handled by combining Inertial Navigation System (INS) with Global Positioning System (GPS). This paper presents a visual/inertial relative navigation method for UAV formation to overcome the disadvantages of GPS such as disturbed easily. Firstly, INS and visual navigation system are respectively studied. Secondly, the state and observation equations of the visual/inertial navigation system are established. And Muti-rate Kalman Filter (MKF) is designed to estimate the position errors. Finally, the performance of this method is analyzed via a simulation.",1948-9447,978-1-7281-5855-6,10.1109/CCDC49329.2020.9164765,,https://ieeexplore.ieee.org/stamp/stamp.jsp?arnumber=9164765,UAV Formation;Relative Navigation;Visual Navigation;Inertial Navigation;Muti-rate Kalman Filter,Visualization;Inertial navigation;Aircraft navigation;Unmanned aerial vehicles;Mathematical model;Cameras,,4,,16,IEEE,11 Aug 2020,22-24 Aug. 2020,22-24 Aug. 2020,IEEE,IEEE Conferences
Through-the-Lens Drone Filming,C. Huang; Z. Yang; Y. Kong; P. Chen; X. Yang; K. -T. Cheng,"Department of Electrical and Computer Engineering, University of California, Santa Barbara, Santa Barbara, CA, USA; Department of Electrical and Computer Engineering, University of California, Santa Barbara, Santa Barbara, CA, USA; Department of Electrical and Computer Engineering, University of California, Santa Barbara, Santa Barbara, CA, USA; College of Information and Engineering, Zhejiang University of Technology, Hangzhou, China; School of Electronics Information and Communications, Huazhong University of Science and Technology, Wuhan, Hubei, China; Hong Kong University of Science and Technology, Kowloon, HK",2018 IEEE/RSJ International Conference on Intelligent Robots and Systems (IROS),6 Jan 2019,2018,,,4692,4699,"Aerial filming in action scenes using a drone is difficult for inexperienced flyers because manipulating a remote controller and meeting the desired image composition are two independent, while concurrent, tasks. Existing systems attempt to utilize wearable GPS-based or infrared-based sensors to track the human movement and to assist in capturing footage. However, these sensors work only in either indoor (infrared-based) or outdoor environments (GPS-based), but not both. In this paper, we introduce a novel drone filming system which integrates monocular 3D human pose estimation and localization into a drone platform to remove the constraints imposed by wearable-sensor-based solutions. Meanwhile, given the estimated position, we propose a novel drone control system, called “through-the-lens drone filming”, to allow a cameraman to conveniently control the drone by manipulating a 3D model in the preview, which closes the gap between the flight control and the viewpoint design. Our system includes two key enabling techniques: 1) subject localization based on visual-inertial fusion, and 2) through-the-lens camera planning. This is the first drone camera system which allows users to capture human actions by manipulating the camera in a virtual environment. From the drone hardware, we integrate a gimbal camera and two GPUs into the limited space of a drone and demonstrate the feasibility of running the entire system onboard with insignificant delays, which are sufficient for filming in our real-time application. Experimental results, in both simulation and real-world scenarios, demonstrate that our techniques can greatly ease camera control and capture better videos.",2153-0866,978-1-5386-8094-0,10.1109/IROS.2018.8594333,,https://ieeexplore.ieee.org/stamp/stamp.jsp?arnumber=8594333,,Cameras;Drones;Three-dimensional displays;Sensors;Pose estimation;Solid modeling;Two dimensional displays,,25,,20,IEEE,6 Jan 2019,1-5 Oct. 2018,1-5 Oct. 2018,IEEE,IEEE Conferences
In-Flight Initialization of Global Visual-Inertial Estimators using Geospatial Data,C. Li; M. He; X. Lyu; Z. Meng,"Department of Precision Instrument, Tsinghua University, Beijing, China; Department of Precision Instrument, Tsinghua University, Beijing, China; Department of Precision Instrument, Tsinghua University, Beijing, China; Department of Precision Instrument, Tsinghua University, Beijing, China",2024 IEEE/RSJ International Conference on Intelligent Robots and Systems (IROS),25 Dec 2024,2024,,,13450,13457,"In this work, we propose a solution that leverages geospatial data to initialize the monocular visual-inertial navigation system. For Visual-Inertial Navigation Systems (VINS) operating on UAVs, the ability to perform initialization and relocalization in mid-air is essential. However, degenerate motion can cause VINS to lose scale, making traditional initialization algorithms less reliable. To address this issue, we fuse geographic information in the initialization process, and utilize a learning-based feature matching algorithm to associate the information with inertial states. The proposed approach demonstrates adaptability to the degenerate motions of UAVs and significantly surpasses the estimation accuracy of conventional VINS initialization algorithms. Compared to methods that assist initialization by using a laser-range-finder (LRF), the proposed method solely relies on low-cost satellite imagery and elevation information. We evaluate the proposed approach on a large-scale UAV dataset, and compare with existing methods. The results demonstrate the superior effectiveness of the proposed method.",2153-0866,979-8-3503-7770-5,10.1109/IROS58592.2024.10802622,National Natural Science Foundation of China; China Postdoctoral Science Foundation; ,https://ieeexplore.ieee.org/stamp/stamp.jsp?arnumber=10802622,,Meters;Accuracy;Navigation;Geospatial analysis;Satellite images;Rivers;Visual databases;Reliability;State estimation;Visual place recognition,,1,,31,IEEE,25 Dec 2024,14-18 Oct. 2024,14-18 Oct. 2024,IEEE,IEEE Conferences
Research on multi-sensor fusion navigation methods for aerial power operation drones,T. Li; Z. Zhu; H. Zhuo; Z. Yang; S. Jiang; C. Zhang,"Guangxi Key Laboratory of Intelligent Control and Maintenance for Power Equipment, Electric Power Science, Research Institute of Guangxi Power Grid Co. Ltd., Nanning, Guangxi, People's Republic of China; College of Automation Engineering, Nanjing University of Aeronautics and Astronautics, Nanjing, Jiangsu, People's Republic of China; Guangxi Key Laboratory of Intelligent Control and Maintenance for Power Equipment, Electric Power Science, Research Institute of Guangxi Power Grid Co. Ltd., Nanning, Guangxi, People's Republic of China; College of Automation Engineering, Nanjing University of Aeronautics and Astronautics, Nanjing, Jiangsu, People's Republic of China; Guangxi Key Laboratory of Intelligent Control and Maintenance for Power Equipment, Electric Power Science, Research Institute of Guangxi Power Grid Co. Ltd., Nanning, Guangxi, People's Republic of China; College of Automation Engineering, Nanjing University of Aeronautics and Astronautics, Nanjing, Jiangsu, People's Republic of China","4th International Conference on Electronic Information Engineering, Big Data and Computer Technology (EIBDCT 2025)",1 Oct 2025,2025,2025,,462,468,"To address the challenges posed by dense equipment configurations and intense electromagnetic interference in aerial power system operations, this study proposes a robust vision-centric multi-sensor fusion navigation system. The system is designed to enhance the operational efficiency and safety of unmanned aerial vehicles (UAVs) during critical tasks such as infrastructure inspection, obstacle clearance, repair, and maintenance. By leveraging continuous image sequences captured by high-resolution cameras, the system improves feature extraction and matching through the integration of optical flow tracking with traditional Oriented FAST and Rotated BRIEF (ORB) features. This ensures reliable localization in environments characterized by dynamic lighting conditions and dense obstructions. The framework incorporates an optimized visual-inertial odometry (VIO) module and a global navigation satellite system (GNSS), enabling seamless multi-sensor data fusion. Experimental validation on both public and custom datasets demonstrates that the enhanced VIO system achieves superior positional accuracy, while the fusion-based localization method significantly improves precision in complex operational scenarios, thereby advancing the autonomous navigation capabilities of UAVs in power system applications.",,978-1-83724-732-5,10.1049/icp.2025.2798,,https://ieeexplore.ieee.org/stamp/stamp.jsp?arnumber=11186449,,,,,,,,1 Oct 2025,21-23 Feb. 2025,21-23 Feb. 2025,IET,IET Conferences
Visual-Inertial Fusion for Indoor Autonomous Navigation of a Quadrotor Using ORB-SLAM,S. J. Haddadi; E. B. Castelan,"Department of Automation and Systems, Federal University of Santa Catarina, Florianopolis, Brazil; Department of Automation and Systems, Federal University of Santa Catarina, Florianopolis, Brazil","2018 Latin American Robotic Symposium, 2018 Brazilian Symposium on Robotics (SBR) and 2018 Workshop on Robotics in Education (WRE)",27 Dec 2018,2018,,,106,111,"This brief addresses the accuracy of the pose estimation of a Low-Cost Quadrotor using visual SLAM and sensor data fusion for making an autonomous indoor navigation in a known GPS-denied environment. To perform this approach, two kinds of modules are employed. For the former, a Simultaneous Localization and Mapping (SLAM) system is used. This SLAM system uses Oriented Fast and rotated BRIEF (ORB) features, also known as ORB_SLAM. The second module is Extended Kalman Filter (EKF) that is applied for combining the obtained pose from ORB_SLAM and Inertial Measurement Unit (IMU). Since in this paper the SLAM process is performed by the frontal monocular camera of Quadrotor, so developing scale factor estimation in order to calculate the scale of the map with minimum error is necessary. In addition, a Proportional Integral Derivative (PID) is utilized to conduct the maneuver of the robot. All of these processes are done by sending data via Wi-Fi to a ground station in order to perform the data processing. To show the performance of the proposed algorithm, two experiments are carried out on an AR-Drone 2.0 quadrotor. The first one is position holding that shows the robustness of the estimated position of the system in hovering situation after take-off. The second one is an indoor trajectory tracking that illustrates the difference between the downward camera output position and the estimated position.",,978-1-5386-7761-2,10.1109/LARS/SBR/WRE.2018.00028,,https://ieeexplore.ieee.org/stamp/stamp.jsp?arnumber=8588535,"Quadrotor, ORB-SLAM, Scale Factor Estimation, Sensor Fusion, Pose Estimation",Simultaneous localization and mapping;Cameras;Estimation;Visualization;Acceleration;Kalman filters,,14,,15,IEEE,27 Dec 2018,6-10 Nov. 2018,6-10 Nov. 2018,IEEE,IEEE Conferences
Loosely Coupled Stereo VINS Based on Point-Line Features Tracking With Feedback Loops,L. Zhang; W. Ye; J. Yan; H. Zhang; J. Betz; H. Yin,"Shanghai Research Institute for Intelligent Autonomous Systems, Tongji University, Shanghai, China; Department of Control Science and Engineering, School of Electronic and Information Engineering, Tongji University, Shanghai, China; Department of Control Science and Engineering, School of Electronic and Information Engineering, Tongji University, Shanghai, China; Department of Control Science and Engineering, School of Electronic and Information Engineering, Tongji University, Shanghai, China; Professorship of Autonomous Vehicle Systems, TUM School of Engineering and Design, Technical University Munich, Garching, Germany; Department of Control Science and Engineering, School of Electronic and Information Engineering, Tongji University, Shanghai, China",IEEE Transactions on Vehicular Technology,15 Aug 2024,2024,73,8,10916,10931,"Visual-inertial navigation system (VINS) is a state-of-the-art technology for estimating the motion and position of moving objects, such as drones and robots. Tightly coupled methods have high accuracy but low real-time performance, while loosely coupled systems are more efficient, especially for resource-constrained systems. This study proposes a real-time loosely coupled stereo VINS based on point-line features. Unlike filter-based or optimization-based approaches, the pose estimation process is modeled as a control system. Firstly, as a loosely coupled scheme, the inertial measurement unit (IMU) data is used as the core of the proposed system. Feedback loops are introduced to correct the IMU bias, including a visual-inertial inter-frame bias estimation feedback loop and a versatile quaternion-based filter (VQF) gyroscope bias estimation feedback loop. Secondly, the accelerometer inclination correction based on VQF is introduced in the IMU propagation stage to account for slow inclination drift. To achieve better visual-inertial calibration bias results, line features are introduced in the visual part to improve accuracy and robustness. The scale of the line features is controlled by judging distance and gradient thresholds to improve the real-time performance of the edge drawing lines (EDLines) algorithm. The proposed method is evaluated on the EuRoC MAV dataset and tested on the KITTI dataset. The comparisons with previous methods on benchmark datasets demonstrate the effectiveness of the proposed method in terms of localization accuracy and real-time performance.",1939-9359,,10.1109/TVT.2024.3370732,National Natural Science Foundation of China(grant numbers:62133011); National Key Research and Development Program of China(grant numbers:2020AAA0108100); Shanghai International Science and Technology Cooperation Project(grant numbers:22510712000); ,https://ieeexplore.ieee.org/stamp/stamp.jsp?arnumber=10452842,Loosely coupled;line features;real-time;stereo SLAM;visual-inertial system,Visualization;Real-time systems;Optimization;Feedback loop;Feature extraction;Location awareness;Cameras,,10,,46,IEEE,28 Feb 2024,Aug. 2024,,IEEE,IEEE Journals
Quaternion-Based Unscented Kalman Filter for 6-DoF Vision-Based Inertial Navigation in GPS-Denied Regions,K. Ghanizadegan; H. A. Hashim,"Department of Mechanical and Aerospace Engineering, Carleton University, Ottawa, ON, Canada; Department of Mechanical and Aerospace Engineering, Carleton University, Ottawa, ON, Canada",IEEE Transactions on Instrumentation and Measurement,11 Dec 2024,2025,74,,1,13,"This article investigates the orientation, position, and linear velocity estimation problem of a rigid-body moving in 3-D space with six degrees-of-freedom (6-DoF). The highly nonlinear navigation kinematics are formulated to ensure global representation of the navigation problem. A computationally efficient quaternion-based navigation unscented Kalman filter (QNUKF) is proposed to imitate the true nonlinear navigation kinematics and utilize onboard visual-inertial navigation (VIN) units to achieve successful Global Positioning System (GPS)-denied navigation. The proposed QNUKF is designed in the discrete form to operate based on the data fusion of photographs garnered by a vision unit (stereo or monocular camera) and information collected by a low-cost inertial measurement unit (IMU). The photographs are processed to extract feature points in 3-D space, while the six-axis IMU supplies angular velocity and accelerometer measurements expressed with respect to the body frame. Robustness and effectiveness of the proposed QNUKF have been confirmed through experiments on a real-world dataset collected by a drone navigating in 3-D and consisting of stereo images and six-axis IMU measurements. Also, the proposed approach is validated against state-of-the-art filtering techniques.",1557-9662,,10.1109/TIM.2024.3509582,"National Sciences and Engineering Research Council of Canada (NSERC)(grant numbers:RGPIN-2022-04937,DGECR-2022-00103); ",https://ieeexplore.ieee.org/stamp/stamp.jsp?arnumber=10772043,Inertial measurement unit (IMU);localization;navigation;sensor fusion;unmanned aerial vehicle (UAV);vision unit,Navigation;Sonar navigation;Quaternions;Three-dimensional displays;Estimation;Robot sensing systems;Kalman filters;Cameras;Accelerometers;Satellites,,21,,43,IEEE,2 Dec 2024,2025,,IEEE,IEEE Journals
Cooperative UWB-Based Localization for Outdoors Positioning and Navigation of UAVs aided by Ground Robots,Y. Xianjia; L. Qingqing; J. P. Queralta; J. Heikkonen; T. Westerlund,"Turku Intelligent Embedded and Robotic Systems (TIERS) Lab, University of Turku, Finland; Turku Intelligent Embedded and Robotic Systems (TIERS) Lab, University of Turku, Finland; Turku Intelligent Embedded and Robotic Systems (TIERS) Lab, University of Turku, Finland; Turku Intelligent Embedded and Robotic Systems (TIERS) Lab, University of Turku, Finland; Turku Intelligent Embedded and Robotic Systems (TIERS) Lab, University of Turku, Finland",2021 IEEE International Conference on Autonomous Systems (ICAS),6 Oct 2021,2021,,,1,5,"Unmanned aerial vehicles (UAVs) are becoming largely ubiquitous with an increasing demand for aerial data. Accurate navigation and localization, required for precise data collection in many industrial applications, often relies on RTK GNSS. These systems, able of centimeter-level accuracy, require a setup and calibration process and are relatively expensive. This paper addresses the problem of accurate positioning and navigation of UAVs through cooperative localization. Inexpensive ultra-wideband (UWB) transceivers installed on both the UAV and a support ground robot enable centimeter-level relative positioning. With fast deployment and wide setup flexibility, the proposed system is able to accommodate different environments and can also be utilized in GNSS-denied environments. Through extensive simulations and test fields, we evaluate the accuracy of the system and compare it to GNSS in urban environments where multipath transmission degrades accuracy. For completeness, we include visual-inertial odometry in the experiments and compare the performance with the UWB-based cooperative localization.",,978-1-7281-7289-7,10.1109/ICAS49788.2021.9551177,Academy of Finland; ,https://ieeexplore.ieee.org/stamp/stamp.jsp?arnumber=9551177,UAV;GNSS;Ultra-wideband;UWB;VIO;Localization;MAV;UGV;Cooperative localization;Navigation,Location awareness;Global navigation satellite system;Navigation;Urban areas;Estimation;Receivers;Unmanned aerial vehicles,,34,,35,IEEE,6 Oct 2021,11-13 Aug. 2021,11-13 Aug. 2021,IEEE,IEEE Conferences
Viewpoint-Tolerant Place Recognition Combining 2D and 3D Information for UAV Navigation,F. Maffra; Z. Chen; M. Chli,"Vision for Robotics Lab, ETH Zurich, Switzerland; Vision for Robotics Lab, ETH Zurich, Switzerland; Vision for Robotics Lab, ETH Zurich, Switzerland",2018 IEEE International Conference on Robotics and Automation (ICRA),13 Sep 2018,2018,,,2542,2549,"The booming interest in Unmanned Aerial Vehicles (UAV s) is fed by their potentially great impact, however progress is hindered by their limited perception capabilities. While vision-based odometry was shown to run successfully onboard UAV s, loop-closure detection to correct for drift or to recover from tracking failures, has so far, proven particularly challenging for UAVs. At the heart of this is the problem of viewpoint-tolerant place recognition; in stark difference to ground robots, UAVs can revisit a scene from very different viewpoints. As a result, existing approaches struggle greatly as the task at hand violates underlying assumptions in assessing scene similarity. In this paper, we propose a place recognition framework, which exploits both efficient binary features and noisy estimates of the local 3D geometry, which are anyway computed for visual-inertial odometry onboard the UAV. Attaching both an appearance and a geometry signature to each `location', the proposed approach demonstrates unprecedented recall for perfect precision as well as high quality loop-closing transformations on both flying and hand-held datasets exhibiting large viewpoint and appearance changes as well as perceptual aliasing.",2577-087X,978-1-5386-3081-5,10.1109/ICRA.2018.8460786,,https://ieeexplore.ieee.org/stamp/stamp.jsp?arnumber=8460786,,Simultaneous localization and mapping;Three-dimensional displays;Visualization;Vocabulary;Image recognition;Navigation,,36,,33,IEEE,13 Sep 2018,21-25 May 2018,21-25 May 2018,IEEE,IEEE Conferences
Multi-Sensor Fusion Framework Based on GPS State Detection,C. Xu; R. Li; Y. Shi; C. Zhou,"School of Automation Engineering, University of Electronic Science and Technology of China, Chengdu, PR, China; School of Automation Engineering, University of Electronic Science and Technology of China, Chengdu, PR, China; School of Automation Engineering, University of Electronic Science and Technology of China, Chengdu, PR, China; School of Automation Engineering, University of Electronic Science and Technology of China, Chengdu, PR, China",2023 2nd Conference on Fully Actuated System Theory and Applications (CFASTA),12 Sep 2023,2023,,,624,629,"In this paper, a GPS Fusion Framework Based on Graph optimization is proposed. Integrating visual inertial navigation odometer, a robust and high-precision UAV positioning algorithm for indoor and outdoor complex environments is completed. By using the proposed method, UAV platform can accurately obtain its own pose in indoor and outdoor, tunnel and other different environments. Compared with the pure visual positioning algorithm, the proposed multi-sensor fusion algorithm based on GPS state detection improves the positioning accuracy significantly. Finally, the algorithm is verified on the KITTI dataset and the quadrotor UAV platform. It is proven that the proposed algorithm has high precision and strong robustness.",,979-8-3503-3216-2,10.1109/CFASTA57821.2023.10243321,National Natural Science Foundation of China; Natural Science Foundation of Sichuan Province; ,https://ieeexplore.ieee.org/stamp/stamp.jsp?arnumber=10243321,GPS Fusion Framework;odometer;multi-sensor;UAV;visual positioning;KITTI dataset,Visualization;Inertial navigation;Autonomous aerial vehicles;Odometers;Robustness;Optimization;Global Positioning System,,2,,14,IEEE,12 Sep 2023,14-16 July 2023,14-16 July 2023,IEEE,IEEE Conferences
Research on High-Precision 3D Positioning and Map Construction Technology of Unmanned Aerial Vehicles in GIS Environment of Substations,H. Zhuo; K. Du; S. Jiang; T. Li,"Guangxi Electric Power Research Institute Guang Xi, China; Guangxi Electric Power Research Institute Guang Xi, China; Guangxi Electric Power Research Institute Guang Xi, China; Guangxi Electric Power Research Institute Guang Xi, China","2025 2nd International Conference on Computer Communication, Networks and Information Science (CCNIS)",5 Mar 2026,2025,,,21,24,"With the support of the GIS environment, the system integrates visual inertial navigation and depth feature extraction technologies to achieve high-precision three-dimensional positioning and map construction of the substation scene by unmanned aerial vehicles. In the working environment with complex metal structures and significant electromagnetic interference, the system adopts a multi-source information fusion method, effectively enhancing the accuracy and operational stability of three-dimensional positioning. Deep semantic segmentation is adopted to extract the structure of key facilities, ensuring that the core elements of map reconstruction have good recognition. The 3D mapping results are accurately aligned to the GIS coordinate system to achieve unified management and precise measurement of spatial information.",,979-8-3315-7247-1,10.1109/CCNIS69465.2025.00010,,https://ieeexplore.ieee.org/stamp/stamp.jsp?arnumber=11416178,GIS Environment;Drone positioning;Three-dimensional mapping;Multi-source information fusion;Semantic segmentation,Visualization;Solid modeling;Three-dimensional displays;Substations;Semantic segmentation;Metals;Inertial navigation;Autonomous aerial vehicles;Feature extraction;Image reconstruction,,,,5,IEEE,5 Mar 2026,14-16 Nov. 2025,14-16 Nov. 2025,IEEE,IEEE Conferences
Edged USLAM: Edge-Aware Event-Based SLAM with Learning-Based Depth Priors,Ş. Sarıözkan; H. Şahin; O. Álvarez-Tuñón; E. Kayacan,"Automatic Control Group (RAT), Paderborn University, Paderborn, Germany; Automatic Control Group (RAT), Paderborn University, Paderborn, Germany; EIVA A/S, IT University of Copenhagen (ITU), Denmark; Automatic Control Group (RAT), Paderborn University, Paderborn, Germany",2026 IEEE International Conference on Robotics and Automation (ICRA),30 Sep 2026,2026,,,21404,21411,"Conventional visual simultaneous localization and mapping (SLAM) algorithms often fail under rapid motion, low illumination, or abrupt lighting transitions due to motion blur and limited dynamic range. Event cameras mitigate these issues with high temporal resolution and high dynamic range (HDR), but their sparse, asynchronous outputs complicate feature extraction and integration with other sensors, e.g., inertial measurement units (IMUs) and standard cameras. We present Edged USLAM, a hybrid visual–inertial system that extends Ultimate SLAM (USLAM) with an edge-aware front-end and a lightweight depth module. The front-end enhances event frames for robust feature tracking and nonlinear motion compensation, while the depth module provides coarse, region-of-interest (ROI)-based scene depth to improve motion compensation and scale consistency. Evaluations across public benchmarks and real-world unmanned air vehicle (UAV) flights demonstrate that performance varies significantly by scenario. For instance, event-only methods like point–line event-based visual–inertial odometry (PL-EVIO) or learning-based pipelines such as deep event-based visual odometry (DEVO) excel in highly aggressive or extreme HDR conditions. In contrast, Edged USLAM provides superior stability and minimal drift in slow or structured trajectories, ensuring consistently accurate localization on real flights under challenging illumination. These findings highlight the complementary strengths of event-only, learning-based, and hybrid approaches, while positioning Edged USLAM as a robust solution for diverse aerial navigation tasks.",,979-8-3315-8160-2,10.1109/ICRA57385.2026.11696544,Horizon Europe; ,https://ieeexplore.ieee.org/stamp/stamp.jsp?arnumber=11696544,Visual-Inertial SLAM;Event-Based Vision;Deep Learning for Visual Perception;Perception in Aerial Systems,Lighting;Simultaneous localization and mapping;Printing;Event detection;Cameras;Timing;Tracking;Visualization;Real-time systems;Sequences,,,,37,IEEE,30 Sep 2026,1-5 June 2026,1-5 June 2026,IEEE,IEEE Conferences
A Novel Relocating Recognition Algorithm in Overlapping Region for Multi-UAVs Cluster,C. Li; X. Qi; J. Zhao; X. Liao; Z. Lin; H. Ma; X. Liang,"College of Information Science and Engineering, Northeastern University, Shenyang, China; College of Information Science and Engineering, Northeastern University, Shenyang, China; College of Information Science and Engineering, Northeastern University, Shenyang, China; Department of Electronic and Computer Engineering, Hong Kong University of Science and Technology, Hong Kong, China; High School Attached to Northeast Normal University, International Curriculum Center, Changchun, China; School of Automation Science and Engineering, South China University of Technology, Guangzhou, China; Science and Technology on Complex System Control and Intelligent Agent Cooperation Laboratory, Beijing Electro-Mechanical Engineering Institute, Beijing, China",2022 IEEE International Conference on Unmanned Systems (ICUS),29 Dec 2022,2022,,,1089,1094,"How improve the mapping efficiency and location accuracy of the multi-UAV cluster based on the distributed SLAM technology is a significant problem in overlapping regions. Therefore, this paper mainly proposes a novel relocation recognition algorithm for the multi-UAV cluster. First, the autonomous localization algorithm based on visual-inertial fusion is proposed. Then, the algorithm for vocabulary updating and relocating is designed. Finally, practical testing is implemented to verify and improve the efficiency of exploration ability and the accuracy of the autonomous navigation and positioning in the complex overlapping regions.",2771-7372,978-1-6654-8456-5,10.1109/ICUS55513.2022.9986862,"Natural Science Foundation of China(grant numbers:61873306,U1908213); ",https://ieeexplore.ieee.org/stamp/stamp.jsp?arnumber=9986862,UAV cluster;overlapping region;relocation;simultaneous localization and mapping,Location awareness;Vocabulary;Three-dimensional displays;Simultaneous localization and mapping;Clustering algorithms;Reliability;Data communication,,1,,20,IEEE,29 Dec 2022,28-30 Oct. 2022,28-30 Oct. 2022,IEEE,IEEE Conferences
Target Localization of Power Tower Mounting Points Based on Binocular Vision and Multi-Sensor Fusion,Y. Qiu; C. Zhang; S. Luo; C. Xie; Y. Wu; J. Sun,"Zhongshan Power Supply Bureau of Guangdong Power Grid, China Southern Power Grid, Zhongshan, China; Zhongshan Power Supply Bureau of Guangdong Power Grid, China Southern Power Grid, Zhongshan, China; Zhongshan Power Supply Bureau of Guangdong Power Grid, China Southern Power Grid, Zhongshan, China; Zhongshan Power Supply Bureau of Guangdong Power Grid, China Southern Power Grid, Zhongshan, China; Zhongshan Power Supply Bureau of Guangdong Power Grid, China Southern Power Grid, Zhongshan, China; Zhongshan Power Supply Bureau of Guangdong Power Grid, China Southern Power Grid, Zhongshan, China",2026 3rd International Conference on Smart Grid and Artificial Intelligence (SGAI),24 Jun 2026,2026,,,385,389,"Aiming at the problems of low accuracy, poor realtime performance, and susceptibility to GPS signal instability and fuselage vibration in the 3D localization of fall-protection device mounting points during UAV power tower inspections, this paper proposes a high-precision localization method based on binocular vision and multi-sensor fusion. The method first utilizes a binocular camera to construct a strong geometric constraint localization model based on collinearity equations. Secondly, it introduces RTK-GNSS (Real-Time Kinematic Global Navigation Satellite System) to provide a centimeter-level absolute position reference for the UAV. To further compensate for the instantaneous instability of RTK signals and attitude jitter during dynamic flight, Visual-Inertial Odometry (VIO) is introduced for assistance. Finally, an Extended Kalman Filter (EKF) is used to deeply fuse the binocular vision, RTK, IMU, and VIO data to achieve high-precision, high-robustness state estimation of the target point. Experimental results on a real-world power tower dataset collected in Zhongshan City, Guangdong Province, show that the Mean Absolute Error (MAE) and Root Mean Square Error (RMSE) of the proposed method are 3.9 cm and 5.2 cm, respectively. Compared to the non-RTK scheme (MAE 118.7 cm) and the RTK-only scheme (MAE 4.8 cm, RMSE 10.4 cm), both accuracy and stability are significantly improved. The results demonstrate that this method can achieve centimeter-level precise localization, effectively suppress dynamic environmental interference, and meet the needs of automated power inspection operations.",,979-8-3315-9044-4,10.1109/SGAI69026.2026.11565894,China Southern Power Grid(grant numbers:032000KC23110039); ,https://ieeexplore.ieee.org/stamp/stamp.jsp?arnumber=11565894,Power Tower;Target Localization;Binocular Vision;Multi-Sensor Fusion;RTK-GNSS;Extended Kalman Filter (EKF),Location awareness;Autonomous aerial vehicles;Equations;Modeling;Poles and towers;Printing;Cameras;Visualization;Accuracy;Image sensors,,,,15,IEEE,24 Jun 2026,15-17 May 2026,15-17 May 2026,IEEE,IEEE Conferences
An Improved Image Stitching Method Based on Vision-Inertial Fusion,T. Liu; B. Chen; B. Wang; D. Liu,"School of Electronics and Information Engineering, Harbin Institute of Technology, China; School of Electronics and Information Engineering, Harbin Institute of Technology, China; School of Electronics and Information Engineering, Harbin Institute of Technology, China; School of Electronics and Information Engineering, Harbin Institute of Technology, China",2024 IEEE International Instrumentation and Measurement Technology Conference (I2MTC),28 Jun 2024,2024,,,1,6,"To enhance the accuracy of autonomous navigation in Unmanned Aerial Vehicles (UAVs) and boost their autonomous sensing and measuring abilities in challenging real-world flying scenarios. This paper focuses on the mapping process in autonomous navigation of UAVs. The work aims to solve the problems in traditional Oriented FAST and Rotated BRIEF (ORB) feature extraction algorithm where feature points are prone to accumulate in areas with rich texture, and the limitation of Oriented FAST and Rotated BRIEF - Simultaneous Localization and Mapping 3 (ORB-SLAM3) system to construct dense maps. An improved image stitching method of visual-inertial fusion for dense mapping is proposed based on ORB-SLAM3. And the proposed method uses the obtained panoramic images to create dense maps. Firstly, the Scale Invariant Feature Transform (SIFT) algorithm is utilized during feature point extraction. The Random Sample Consensus (RANSAC) algorithm is applied for feature point optimization to obtain the best feature points for matching. Secondly, combining the posture information obtained by IMU pre-integration and the visual information will be used to compensate for the errors caused by the speed of the UAV and different angles of aerial photography. Then eliminating redundant and repeated pixels, and stitching adjacent pictures will help to get a panoramic picture. Finally, generate a dense map from the sparse point cloud map generated by ORB-SLAM3. Experiments based on the AirSim are performed to validate the proposed method. The result shows that the SIFT feature extraction method outperforms other methods, the improved image stitching method can effectively eliminate ghosting and pixel information loss problems in various environments, and the dense maps can also be achieved.",2642-2077,979-8-3503-8090-3,10.1109/I2MTC60896.2024.10560768,"National Natural Science Foundation of China(grant numbers:62201178,LH2023F103); ",https://ieeexplore.ieee.org/stamp/stamp.jsp?arnumber=10560768,ORB-SLAM3;Feature Extraction;SIFT;IMU;Image Stitching;Dense Mapping,Visualization;Accuracy;Transforms;Feature extraction;Autonomous aerial vehicles;Solids;Real-time systems,,1,,15,IEEE,28 Jun 2024,20-23 May 2024,20-23 May 2024,IEEE,IEEE Conferences
A Review of Visual SLAM Based on Unmanned Systems,C. -Z. Sun; B. Zhang; J. -K. Wang; C. -S. Zhang,"Anhui Finance and Trade Vocational College, Institute of Information Engineering, Hefei, China; School of Science, Beijing University of Posts and Telecommunications, Beijing, China; Department of Automation, University of Science and Technology of China, Hefei, China; Anhui Finance and Trade Vocational College, Institute of Information Engineering, Hefei, China",2021 2nd International Conference on Artificial Intelligence and Education (ICAIE),15 Sep 2021,2021,,,226,234,"Simultaneous Localization and Mapping (SLAM) consists of the immediate construction of the environment and the state estimation of the robot in it, while Visual SLAM (VSLAM) is the use of cameras and other visual sensors for SLAM. VSLAM has become an important part of mobile robots, drones, unmanned vehicles and other unmanned systems in unknown environments to achieve full-scale navigation and environmental perception. First, the principle of architecture, the mathematical models, the current research status and the algorithms of each part have been reviewed. Then, the research hotspots and current facing challenges on VSLAM were summarized from three parts: (i) VSLAM and deep learning; (ii) data processing of multi-sensor; (iii) VSLAM in visual/inertial navigation. Moreover, the research trend of VSLAM were further analyzed, including (i) deep learning and deep estimation, (ii) active and multi-robot VSLAM and (iii) semantic VSLAM. At last, the future development of VSLAM was discussed, which may provide a certain guiding significance for researchers in this area.",,978-1-6654-2492-9,10.1109/ICAIE53562.2021.00055,,https://ieeexplore.ieee.org/stamp/stamp.jsp?arnumber=9534555,simultaneous localization and mapping;environment perception;state estimation;deep learning,Deep learning;Visualization;Simultaneous localization and mapping;Navigation;Heuristic algorithms;Semantics;Pose estimation,,15,,40,IEEE,15 Sep 2021,18-20 June 2021,18-20 June 2021,IEEE,IEEE Conferences
Perception-aided Visual-Inertial Integrated Positioning in Dynamic Urban Areas,X. Bai; B. Zhang; W. Wen; L. -T. Hsu; H. Li,"The Hong Kong Polytechnic University, Kowloon, Hong Kong; The Hong Kong Polytechnic University, Kowloon, Hong Kong; The Hong Kong Polytechnic University, Kowloon, Hong Kong; The Hong Kong Polytechnic University, Kowloon, Hong Kong; Shenzhen Institutes of Advanced Technology, Chinese Academy of Sciences Shenzhen, China","2020 IEEE/ION Position, Location and Navigation Symposium (PLANS)",8 Jun 2020,2020,,,1563,1571,"Visual-inertial navigation systems (VINS) have been extensively studied in the past decades to provide positioning services for autonomous systems, such as autonomous driving vehicles (ADV) and unmanned aerial vehicles (UAV). Decent performance can be obtained by VINS in indoor scenarios with stable illumination and texture information. Unfortunately, applying the VINS in dynamic urban areas is still a challenging problem, due to the excessive dynamic objects which can significantly degrade the performance of VINS. Detecting and removing the features inside an image using the deep neural network (DNN) that belongs to unexpected objects, such as moving vehicles and pedestrians, is a straightforward idea to mitigate the impacts of dynamic objects on VINS. However, excessive exclusion of features can significantly distort the geometry distribution of visual features. Even worse, excessive removal can cause the unobservability of the system states. Instead of directly excluding the features that possibly belong to dynamic objects, this paper proposes to remodel the uncertainty of dynamic features. Then both the healthy and dynamic features are applied in the VINS. The experiment in a typical urban canyon is conducted to validate the performance of the proposed method. The result shows that the proposed method can effectively mitigate the impacts of the dynamic objects and improved accuracy is obtained.",2153-3598,978-1-7281-0244-3,10.1109/PLANS46316.2020.9109963,,https://ieeexplore.ieee.org/stamp/stamp.jsp?arnumber=9109963,Visual Odometry;INS;VINS;Navigation;Positioning;Urban Areas,Visualization;Uncertainty;Pedestrians;Navigation;Urban areas;Lighting;Artificial neural networks;Autonomous aerial vehicles;Vehicle dynamics;Visual odometry,,13,,43,IEEE,8 Jun 2020,20-23 April 2020,20-23 April 2020,IEEE,IEEE Conferences
