"Authors","Author full names","Author(s) ID","Title","Year","Source title","Volume","Issue","Art. No.","Page start","Page end","Cited by","DOI","Link","Abstract","Author Keywords","Index Keywords","Document Type","Publication Stage","Open Access","Source","EID"
"Prabhakar V.D.; Pandey V.K.; Sharma A.K.; Sandhan T.","Prabhakar, Vidit Datt (59485078800); Pandey, Vijay Kumar (59485209800); Sharma, Anuj Kumar (59139955600); Sandhan, Tushar (56043658100)","59485078800; 59485209800; 59139955600; 56043658100","Localization through RGB-D Camera for the Quad-rotor","2024","2024 15th International Conference on Computing Communication and Networking Technologies, ICCCNT 2024","","","","","","1","10.1109/ICCCNT61001.2024.10725903","https://www.scopus.com/pages/publications/85212943107?origin=resultslist","This paper presents a thorough investigation into the implementation of a localization system using a RGB-D camera that prioritizes computational efficiency. The study focuses on utilizing the Oak D Pro depth camera, which includes an in-built Inertial Measurement Unit. Visual Odometry is used to estimate the camera pose which is lighter in computation than other algorithms like Simultaneous Localization and Mapping. The IMU is used to obtain the camera pose due to the presence of drift during the camera's fast motion. The readings are fused together to get the correct camera pose by employing the Extended Kalman Filter for sensor fusion, achieving seamless integration of VO and IMU. This research explores the adaptation of Visual Inertial Odometry system for an autonomous Unmanned Aerial Vehicles applications, specifically for a quad-rotor/drone. © 2024 IEEE.","Extended Kalman Filter; Inertial Measurement Unit; Localization; Quad-rotor; RGB-D camera; Sensor Fusion; Unmanned Aerial Vehicle; Visual Inertial Odometry","Image segmentation; Robotics; Time difference of arrival; Unmanned aerial vehicles (UAV); Aerial vehicle; Inertial measurements units; Localisation; Localisation Systems; Odometry; Quad rotors; RGB-D camera; Sensor fusion; Unmanned aerial vehicle; Visual inertial odometry; Extended Kalman filters","Conference paper","Final","","Scopus","2-s2.0-85212943107"
"Zhihong Q.; Yijun W.","Zhihong, Qian (60619623000); Yijun, Wang (36703646500)","60619623000; 36703646500","Intelligent Unmanned Aerial Vehicles for Low-altitude Economy: A Review of the Technology Framework and Future Prospects; [低空经济赋能者：智能无人机技术体系综述与展望]","2026","Dianzi Yu Xinxi Xuebao/Journal of Electronics and Information Technology","48","1","","1","33","","10.11999/JEIT251246","https://www.scopus.com/pages/publications/105038031994?origin=resultslist","Significance The deep integration of new quality productive forces with the digital economy accelerates the development of the low-altitude economy and positions it as an emerging driver of global economic growth. Operating in airspace typically below 3 000 m, this industrial system supports diverse applications, including Unmanned Aerial Vehicle (UAV) logistics, Urban Air Mobility (UAM), industrial inspection, and public safety. Intelligent UAVs, characterized by cost efficiency, scalability, and autonomous capability, function as the core technical enabler of this ecosystem. Their deployment promotes a transition in aviation from centralized and isolated operation modes toward distributed, intelligent, and service-oriented aerial utilization. From a strategic perspective, intelligent UAVs contribute to industrial upgrading, urban infrastructure improvement, airspace security assurance, and regional economic development. Therefore, a systematic review and structured construction of an intelligent UAV technology framework is necessary to support future research, clarify key challenges, and promote sustained development of the low-altitude economy. Progress A holistic technology framework for intelligent UAVs is constructed, organized hierarchically from foundational technologies to application-oriented systems. The framework integrates four interrelated domains. Intelligent perception and navigation emphasize stable operation in complex environments through tightly coupled multi-sensor fusion and advanced state estimation methods, such as visual-inertial odometry, supported by multi-source adaptive positioning in Global Navigation Satellite System (GNSS)-denied scenarios. Wireless communication networks focus on reliable Beyond-Visual-Line-Of-Sight (BVLOS) connectivity by combining cellular network access, self-organizing flying ad hoc networks (FANETs) with intelligent topology control, and UAV-assisted edge computing for efficient resource scheduling. Autonomous decision-making and cooperative control evolve from classical rule-based approaches toward learning-based paradigms, where multi-agent reinforcement learning enables coordinated swarm behavior and adaptive task execution. Low-altitude security and airspace management provide essential system support through integrated detection and countermeasure technologies, supplemented by UAV cloud platforms and Unmanned aircraft system Traffic Management (UTM) for coordinated airspace operation. Conclusions The review indicates that UAVs are transitioning from isolated platforms to interconnected intelligent nodes embedded within the low-altitude economy system. Although substantial progress has been achieved across multiple technological domains, several critical challenges remain. Major technical constraints include maintaining communication reliability in complex low-altitude channels, addressing perception degradation in cluttered or deceptive environments, achieving robust autonomous cooperation under uncertainty, and overcoming the inherent limitations of existing energy and power technologies. These technical issues coexist with non-technical barriers, such as the establishment of adaptive regulatory and airspace governance frameworks, the formation of scalable and sustainable business models, and the enhancement of public acceptance. The analysis suggests that addressing these challenges requires deep integration of enabling technologies. A closed-loop evolution paradigm of “challenge-driven → technology fusion → system construction → feedback iteration” is proposed to describe the intrinsic iterative logic of technological development and to provide methodological guidance for future research and engineering practice. Prospects Future intelligent UAV development is expected to concentrate on several strongly coupled directions. Intelligent holistic communication will advance through deep integration of air-ground-space networks and Integrated Sensing And Communication (ISAC), forming a proactive data environment that supports predictive resource management and resilient connectivity. Cognitive swarm intelligence will promote the transformation of UAV clusters into cooperative cognitive systems by combining large language models for task comprehension with multi-agent reinforcement learning for decentralized decision-making, enabling emergent collective intelligence. High-assurance autonomous security will rely on formal verification of artificial intelligence models, explainable decision mechanisms, and extensive application of digital twins for virtual validation and certification, thereby strengthening operational trust. In parallel, green and sustainable technologies will influence the full lifecycle of UAV systems, encouraging advances in high-energy-density power solutions, including solid-state batteries and hydrogen fuel cells, the use of environmentally friendly materials, and artificial intelligence-based optimization of energy consumption and acoustic performance, which together support the long-term sustainability of the low-altitude economy. © (2026), (Science Press). All rights reserved.","Closed-loop evolution paradigm; Intelligent Unmanned Aerial Vehicle(UAV); Low-altitude economy; Technology system; 低空经济; 技术体系; 智能无人机; 闭环演进范式","Adaptive control systems; Advanced traffic management systems; Air navigation; Air traffic control; Air transportation; Aircraft control; Aircraft detection; Altitude control; Antennas; Communication satellites; Decision making; Digital avionics; Distributed computer systems; Fighter aircraft; Flight control systems; Global positioning system; Industrial economics; Intelligent agents; Mobile telecommunication systems; Regional planning; Unmanned aerial vehicles (UAV); Aerial vehicle; Closed-loop; Closed-loop evolution paradigm; Intelligent unmanned aerial vehicle; Low altitudes; Low-altitude economy; Technology system; 低空经济; 技术体系; 智能无人机; 闭环演进范式; Multi agent systems","Article","Final","","Scopus","2-s2.0-105038031994"
"Liang L.; Rao H.; Shen G.; Wang C.; Wu X.","Liang, Lebin (58637222900); Rao, Haotian (58637587100); Shen, Guohao (58637055200); Wang, Can (57223792573); Wu, Xinyu (7407065301)","58637222900; 58637587100; 58637055200; 57223792573; 7407065301","A Real-time Framework for UAV Indoor Self-Positioning and 3D Mapping Base on 2D Lidar, Stereo Camera and IMU","2023","Proceedings of the 2023 IEEE International Conference on Real-Time Computing and Robotics, RCAR 2023","","","","280","285","2","10.1109/RCAR58764.2023.10249971","https://www.scopus.com/pages/publications/85173623230?origin=resultslist","This paper proposed a real-time Unmanned Aerial Vehicle (UAV) autonomous localization framework based on onboard sensors, including 2D Lidar, Stereo Camera and Inertial Measurement Unit (IMU), built on the open-source VINS-Fusion software to achieve real-time and drift-free UAV pose estimation. The proposed framework eliminates the motion distortion of Lidar during UAV motion by combining Visual-Inertial Odometry (VIO). It obtains global localization information of Lidar by PL-ICP algorithm based on a global point cloud map. Graph optimization method is used to fuse the local positional estimation and the global information from the Lidar, which eliminate the cumulative error caused by VIO. The feasibility of the method is verified by experiments and compared with the method of only running Visual-Inertial Navigation Systems (VINS), the framework improves the accuracy of localization. In addition, we have implemented the construction of octree maps of 3D environments through the framework of this system. © 2023 IEEE.","","Air navigation; Antennas; Cameras; Indoor positioning systems; Inertial navigation systems; Open source software; Open systems; Stereo image processing; Unmanned aerial vehicles (UAV); 3-D mapping; Aerial vehicle; Inertial measurements units; Localisation; Odometry; On-board sensors; Open-source; Real- time; Self-positioning; Stereo cameras; Optical radar","Conference paper","Final","","Scopus","2-s2.0-85173623230"
"Mirchev A.; Kayalibay B.; van der Smagt P.; Bayer J.","Mirchev, Atanas (57189904045); Kayalibay, Baris (57219545154); van der Smagt, Patrick (6601929804); Bayer, Justin (35178930500)","57189904045; 57219545154; 6601929804; 35178930500","VARIATIONAL STATE-SPACE MODELS FOR LOCALISATION AND DENSE 3D MAPPING IN 6 DOF","2021","ICLR 2021 - 9th International Conference on Learning Representations","","","","","","4","","https://www.scopus.com/pages/publications/85123685311?origin=resultslist","We solve the problem of 6-DoF localisation and 3D dense reconstruction in spatial environments as approximate Bayesian inference in a deep state-space model. Our approach leverages both learning and domain knowledge from multiple-view geometry and rigid-body dynamics. This results in an expressive predictive model of the world, often missing in current state-of-the-art visual SLAM solutions. The combination of variational inference, neural networks and a differentiable raycaster ensures that our model is amenable to end-to-end gradient-based optimisation. We evaluate our approach on realistic unmanned aerial vehicle flight data, nearing the performance of state-of-the-art visual-inertial odometry systems. We demonstrate the applicability of the model to generative prediction and planning. © 2021 ICLR 2021 - 9th International Conference on Learning Representations. All rights reserved.","","Antennas; Domain Knowledge; Inference engines; State space methods; Three dimensional computer graphics; 3-D mapping; Approximate Bayesian inference; Domain knowledge; Localisation; Multiple view geometry; Predictive models; Rigidbody dynamics; Spatial environments; State of the art; State-space models; Bayesian networks","Conference paper","Final","","Scopus","2-s2.0-85123685311"
"Wang H.; Lan B.; Wei B.; Chen X.; Guo C.","Wang, Hao (60510847600); Lan, Bin (57222475093); Wei, Bangguo (59383012100); Chen, Xiangyang (59950882300); Guo, Chao (60511905300)","60510847600; 57222475093; 59383012100; 59950882300; 60511905300","Optimization and Acceleration of Visual-Inertial Navigation System for UAVs Based on Heterogeneous Computing Architecture","2026","Lecture Notes in Electrical Engineering","1502 LNEE","","","468","481","0","10.1007/978-981-95-4053-2_48","https://www.scopus.com/pages/publications/105033233371?origin=resultslist","We propose an optimization and acceleration solution for Visual-Inertial Navigation Systems (VINS) on UAVs based on heterogeneous computing architecture. As UAV application scenarios diversify, the requirements for autonomous navigation capabilities continue to increase. Visual-Inertial Navigation has become one of the mainstream technologies due to its advantages of low cost, rich information, and high reliability. However, real-time operation of VINS systems on resource-constrained UAV platforms still faces significant challenges, especially in highly dynamic and complex environments. Through a software-hardware co-design approach, this paper addresses the performance bottlenecks of VINS-Mono systems on UAV platforms. The main innovations include: proposing an initialization method combining optical flow and descriptors to improve system robustness in low-texture and fast-motion scenarios; designing an optical flow tracking strategy to replace OpenCV feature extraction, enhancing feature tracking efficiency through hardware acceleration interfaces; developing an adaptive feature selection algorithm to balance computational resources and precision in backend optimization. © The Author(s), under exclusive license to Springer Nature Singapore Pte Ltd. 2026.","computer vision; heterogeneous computing; real-time system optimization; UAV; visual-inertial navigation","Adaptive optics; Air navigation; Architecture; Computer architecture; Computer hardware; Computer vision; Feature extraction; Hardware-software codesign; Interactive computer systems; Real time systems; Visual servoing; Computing architecture; Heterogeneous computing; Inertial navigations; Optical-; Optimisations; Real - Time system; Real-time system optimization; System optimizations; UAV platform; Visual-inertial navigation; Unmanned aerial vehicles (UAV)","Conference paper","Final","","Scopus","2-s2.0-105033233371"
"Zhang Z.; Zhang B.; Lv M.; Liu S.; Xue J.; Wei H.","Zhang, Zhipeng (58107478000); Zhang, Buhong (57407417400); Lv, Meibo (57205167322); Liu, Sunhao (60586373600); Xue, Jingyuan (60586373700); Wei, Hairui (57667458600)","58107478000; 57407417400; 57205167322; 60586373600; 60586373700; 57667458600","Robust UAV Localization in GNSS-Denied Environments via Efficient Visual Scene Matching-Inertial Fusion","2025","2025 6th International Conference on Computers and Artificial Intelligence Technology, CAIT 2025","","","","383","389","0","10.1109/CAIT68620.2025.11424858","https://www.scopus.com/pages/publications/105036048446?origin=resultslist","In environments where Global Navigation Satellite Systems (GNSS) are degraded or unavailable, unmanned aerial vehicle (UAV) visual-inertial localization faces challenges including cross-domain scale inconsistency, accumulated inertial drift, and limited onboard computing resources. To address these issues, we propose a lightweight visual-inertial localization framework for onboard platforms that combines low-rate absolute corrections from satellite-to-aerial visual scene matching with high-rate relative motion constraints from inertial measurement unit (IMU) pre-integration. The two are fused via a loosely coupled Error-State Kalman Filter (ESKF), achieving real-time, robust localization through low-rate absolute correction + high-rate dead reckoning. To reduce the cross-domain search space and mitigate scale mismatch, we introduce a barometer-assisted adaptive satellite-image loading and ground sampling distance (GSD) normalization pipeline that dynamically selects satellite tiles and aligns scale between satellite and onboard imagery. On the vision side, an accelerated XFeat model delivers high-quality feature extraction and matching; On the fusion side, the ESKF effectively suppresses inertial drift and improves resilience to visual outliers and anomalous conditions. The full system is deployed on a NVIDIA Orin Nano embedded platform and validated in real flight tests, demonstrating accurate and robust localization in complex real-world scenarios.  © 2025 IEEE.","deep learning; GNSS-denied environments; UAV localization; visual navigation; Visual scene matching; visual-inertial fusion","","Conference paper","Final","","Scopus","2-s2.0-105036048446"
"Lazareva P.A.; Malikov A.I.; Degtyarev G.L.; Mannanov R.T.","Lazareva, P.A. (55799753900); Malikov, A.I. (60145879200); Degtyarev, G.L. (7003680344); Mannanov, R.T. (60145879300)","55799753900; 60145879200; 7003680344; 60145879300","Multimodal Visual Navigation of Unmanned Aerial Vehicles Using Satellite Maps and Thermal Imaging Cameras","2025","Russian Aeronautics","68","4","","825","832","0","10.3103/S106879982504004X","https://www.scopus.com/pages/publications/105035366084?origin=resultslist","Abstract: This paper examines the problem of visual navigation for unmanned aerial vehicles in low-light conditions. To ensure the day/night navigation, a method for cross-modal transformation of visible-light satellite imagery into thermal representations is proposed using the ThermalGen flow-based generative model. The resulting heat maps are used in an absolute visual localization algorithm based on matching data from an onboard LWIR camera with a transformed satellite reference image. The algorithm is integrated into a hybrid visual-inertial navigation module that fuses the results of absolute visual localization, visual odometry, and inertial measurements based on an extended Kalman filter. Testing on images transformed into thermal images demonstrated high accuracy in determining absolute coordinates and confirmed the viability of the proposed approach for nighttime navigation. © Allerton Press, Inc. 2025.","cross-modal image transformation; generative flow-based network; satellite map; thermal imaging LWIR camera; unmanned aerial vehicle; visual-inertial navigation","Antennas; Cameras; Computer vision; Geometrical optics; Inertial navigation systems; Infrared imaging; Satellite imagery; Three dimensional computer graphics; Unmanned aerial vehicles (UAV); Vision; Visual servoing; Aerial vehicle; Cross-modal; Cross-modal image transformation; Flow based; Generative flow-based network; Image transformations; Inertial navigations; Satellite map; Thermal imaging LWIR camera; Thermal-imaging; Unmanned aerial vehicle; Visual-inertial navigation; Air navigation","Article","Final","","Scopus","2-s2.0-105035366084"
"Kalaitzakis M.; Carroll S.; Ambrosi A.; Whitehead C.; Vitzilaios N.","Kalaitzakis, Michail (57210913629); Carroll, Sabrina (57219729191); Ambrosi, Anand (57219729157); Whitehead, Camden (57219724006); Vitzilaios, Nikolaos (25030734700)","57210913629; 57219729191; 57219729157; 57219724006; 25030734700","Experimental Comparison of Fiducial Markers for Pose Estimation","2020","2020 International Conference on Unmanned Aircraft Systems, ICUAS 2020","","","9213977","781","789","75","10.1109/ICUAS48674.2020.9213977","https://www.scopus.com/pages/publications/85094940225?origin=resultslist","Accurate localization is crucial for the autonomous navigation and control of Unmanned Aircraft Systems (UAS). In most applications, localization is provided from a Global Navigation Satellite System like GPS and Galileo or more recently from Visual Odometry, Visual-Inertial Odometry, and Simultaneous Localization and Mapping methods. In many cases though, especially when precise maneuvers are required, fiducial markers are used. Fiducial markers are able to provide accurate localization data and have been used in many applications where reliable pose measurements are needed for specific objects or locations. This paper presents an experimental comparison of four different open-source fiducial markers that are widely used in UAS applications (ARTag, AprilTag, ArUco, and STag). The fiducial markers are evaluated based on their localization capabilities as well as their computational efficiency. To facilitate the comparison, a ROS package for the STag marker is developed and publicly released. © 2020 IEEE.","","Air navigation; Computational efficiency; Global positioning system; Visual servoing; Autonomous navigation; Experimental comparison; Global Navigation Satellite Systems; Pose estimation; Pose measurement; Simultaneous localization and mapping; Unmanned aircraft system; Visual odometry; Unmanned aerial vehicles (UAV)","Conference paper","Final","","Scopus","2-s2.0-85094940225"
"Xu Z.; Zhu F.; Zhang Z.; Jian C.; Lv J.; Zhang Y.; Zhang X.","Xu, Zhuo (58822571600); Zhu, Feng (55200578500); Zhang, Zihang (59530803000); Jian, Chang (59530707300); Lv, Jiarui (59129410400); Zhang, Yuantai (7601313779); Zhang, Xiaohong (55715297700)","58822571600; 55200578500; 59530803000; 59530707300; 59129410400; 7601313779; 55715297700","PO-GVINS: A Tightly Coupled GNSS-Visual-Inertial Navigation Framework Using Pose-Only Representation","2025","IEEE Robotics and Automation Letters","10","10","","10830","10837","1","10.1109/LRA.2025.3606792","https://www.scopus.com/pages/publications/105015337765?origin=resultslist","Accurate and reliable positioning is essential for perception, decision-making, and other high-level applications in autonomous driving, autonomous aerial vehicles, and intelligent robotics. Due to the inherent limitations of standalone sensors, integrating heterogeneous sensors with complementary capabilities is an effective approach to achieving this goal. The visual-inertial navigation system (VINS) fuses visual cameras and inertial measurement units (IMUs) to explore unknown environments. It requires a priori knowledge of 3D features and jointly estimates camera poses and feature positions, which inevitably introduces feature linearization errors. Meanwhile, the dimensionality of the system state increases with abundant textures, degrading real-time performance. To eliminate accumulated errors from VINS, frameworks further fuse measurements from the Global Navigation Satellite System (GNSS), but still suffer from similar limitations. To address the aforementioned issues, we propose a filtering-based, tightly coupled GNSS-visual-inertial positioning framework with a pose-only formulation applied to VINS, termed PO-GVINS. We first apply the PO formulation to our VINS (PO-VINS). GNSS raw measurements are subsequently incorporated, with integer ambiguities resolved, to achieve accurate and drift-free state estimation. Extensive experiments demonstrate that the proposed PO-VINS significantly outperforms the multi-state constraint Kalman filter (MSCKF) and achieves accuracy comparable to that of optimization-based VINS. By further incorporating GNSS measurements, PO-GVINS achieves accurate, drift-free state estimation, making it a robust solution for positioning in challenging environments.  © 2016 IEEE.","global navigation satellite system; Multi-sensor fusion navigation; pose-only formulation; tightly coupling; visual-inertial system","Air navigation; Antennas; Cameras; Communication satellites; Decision making; Inertial navigation systems; Intelligent robots; Kalman filters; State estimation; Unmanned aerial vehicles (UAV); Drift-free; Global Navigation Satellite Systems; Inertial navigations; Inertial systems; Multi-sensor fusion; Multi-sensor fusion navigation; Pose-only formulation; Tightly coupling; Tightly-coupled; Visual-inertial system; Global positioning system","Article","Final","","Scopus","2-s2.0-105015337765"
"Aslan M.F.; Durdu A.; Sabanci K.","Aslan, Muhammet Fatih (57205362915); Durdu, Akif (55364612200); Sabanci, Kadir (56394515400)","57205362915; 55364612200; 56394515400","Visual-Inertial Image-Odometry Network (VIIONet): A Gaussian process regression-based deep architecture proposal for UAV pose estimation","2022","Measurement: Journal of the International Measurement Confederation","194","","111030","","","41","10.1016/j.measurement.2022.111030","https://www.scopus.com/pages/publications/85126838051?origin=resultslist","This study estimates the pose of Unmanned Aerial Vehicle (UAV) through artificial intelligence-based approaches and combines visual-inertial information in a different way than previous studies. For an effective fusion, the inertial data between both frames is normalized after denoising with the Savitzky-Golay technique and finally converted from numerical value to image. To strengthen these inertial image features with the change of motion between two frames, frames of Optical Flow (OF) are obtained and OF frames are combined with inertial images. Simultaneously, a parallel thread combines this OF frame with two consecutive raw frames. After features are extracted from inertial and camera data via Inception-v3, these features are fused and actual UAV poses are estimated via Gaussian Process Regression (GPR). Thanks to the smoothing process applied to these estimated values, a more stable pose estimation is provided. This proposed method is applied to the EuRoC dataset and our dataset produced in the Gazebo environment. The pose estimation results reveal that the proposed method has high performance compared to many previous studies. © 2022 Elsevier Ltd","Deep learning; Denoising; EuRoC; Gaussian process regression; Inertial image; UAV; Visual inertial odometry","Antennas; Deep learning; Gaussian distribution; Gaussian noise (electronic); Regression analysis; De-noising; Deep architectures; Deep learning; EuRoC; Gaussian process regression; Inertial image; Odometry; Pose-estimation; Vehicle pose; Visual inertial odometry; Unmanned aerial vehicles (UAV)","Article","Final","All Open Access; Green Open Access","Scopus","2-s2.0-85126838051"
"Dai B.; He Y.; Yang L.; Su Y.; Yue Y.; Xu W.","Dai, Bo (57193807315); He, Yuqing (23060003200); Yang, Liying (57020320900); Su, Yun (57210559914); Yue, Yufeng (57193681003); Xu, Weiliang (7404429185)","57193807315; 23060003200; 57020320900; 57210559914; 57193681003; 7404429185","SIMSF: A Scale Insensitive Multi-Sensor Fusion Framework for Unmanned Aerial Vehicles Based on Graph Optimization","2020","IEEE Access","8","","9110577","118273","118284","11","10.1109/ACCESS.2020.3000555","https://www.scopus.com/pages/publications/85092765684?origin=resultslist","Given the payload limitation of unmanned aerial vehicles (UAVs), lightweight sensors such as camera, inertial measurement unit (IMU), and GPS, are ideal onboard measurement devices. By fusing multiple sensors, accurate state estimations can be achieved. Robustness against sensor faults is also possible because of redundancy. However, scale estimation of visual systems (visual odometry or visual inertial odometry, VO/VIO) suffers from sensor noise and special-case movements such as uniform linear motion. Thus, in this paper, a scale insensitive multi-sensor fusion (SIMSF) framework based on graph optimization is proposed. This framework combines the local estimation of the VO/VIO and global sensors to infer the accurate global state estimation of UAVs in real time. A similarity transformation between the local frame of the VO/VIO and the global frame is estimated by optimizing the poses of the most recent UAV states. In particular, for VO, an initial scale is estimated by aligning the VO with the IMU and GPS measurements. Moreover, a fault detection method for VO/VIO is also proposed to enhance the robustness of the fusion framework. The proposed methods are tested on a UAV platform and evaluated in several challenging environments. A comparison between our results and the results from other state-of-the-art algorithms demonstrate the superior accuracy, robustness, and real-time performance of our system. Our work is also a general fusion framework, which can be extended to other platforms as well. © 2013 IEEE.","fusion framework; graph optimization; Multi-sensor fusion; scale insensitive; state estimation; unmanned aerial vehicle","Antennas; Fault detection; State estimation; Global state estimations; Inertial measurement unit; Multi-sensor fusion; On-board measurements; Real time performance; Similarity transformation; State-of-the-art algorithms; Uniform linear motions; Unmanned aerial vehicles (UAV)","Article","Final","All Open Access; Gold Open Access; Green Open Access","Scopus","2-s2.0-85092765684"
"Zhao S.; Li R.; Shi Y.; Li H.","Zhao, Sansan (57219439979); Li, Rui (57125146500); Shi, Yingjing (7404964386); Li, Haoran (56023457100)","57219439979; 57125146500; 7404964386; 56023457100","An Autonomous Visual-Inertial-Based Navigation System for Quadrotor","2021","Lecture Notes in Electrical Engineering","706 LNEE","","","404","414","0","10.1007/978-981-15-8458-9_43","https://www.scopus.com/pages/publications/85092689374?origin=resultslist","In this paper, we present a practical autonomous navigation system based on the visual-inertial of a quadrotor. Due to the practical engineering requirement of improving the applicability of the advanced visual-inertial navigation fusion algorithm and 3D mapping algorithm, we realize the on-line 3D trajectory planning and tracking control algorithm with full consideration of UAV dynamics design, and finally complete the quadrotor autonomous navigation system consisting of UAV, upper computer and other software and hardware components. The feasibility is verified by actual flight experiments. The results show that the quadrotor autonomous navigation system can achieve high-precision positioning, online 3D reconstruction and dynamic autonomous navigation in a complex unknown environment without GPS. The system has good accuracy and robustness in real-time, which provides a strong technical support for the subsequent expansion of platform function. © 2021, The Editor(s) (if applicable) and The Author(s), under exclusive license to Springer Nature Singapore Pte Ltd.","Autonomous navigation; Quadrotor; Trajectory planning; TSDF; Visual-inertial","Aircraft detection; Computer control systems; Computer hardware; Conformal mapping; Drones; Intelligent systems; Navigation; Navigation systems; Autonomous navigation; Autonomous navigation systems; High precision positioning; Inertial navigations; Practical engineering; Software and hardwares; Technical support; Unknown environments; Visual servoing","Conference paper","Final","","Scopus","2-s2.0-85092689374"
"Solomon E.; Vorwald C.; Hrishikeshavan V.; Chopra I.","Solomon, Eric (57196413118); Vorwald, Cyrus (57196420255); Hrishikeshavan, Vikram (24724344000); Chopra, Inderjit (7202808789)","57196413118; 57196420255; 24724344000; 7202808789","Visual odometry onboard a micro air vehicle using snapdragon flight","2017","7th AHS Technical Meeting on VTOL Unmanned Aircraft Systems and Autonomy","","","","","","4","","https://www.scopus.com/pages/publications/85032976476?origin=resultslist","Visual odometry has been demonstrated with success in drones through onboard flight computers. However, these methods often suffer from significant drift and are limited by the computational power of the onboard processors. In 2014, the Snapdragon Flight was released by Qualcomm as a robust flight computing platform. It couples fast, low-powered processors with a well-featured sensor array and a variety of options for usage with peripherals. This paper details a method of using the Snapdragon Flight in parallel with a smaller flight computer to create an extensible flight computing platform. In this process, visual inertial odometry is implemented on the Snapdragon Flight and is experimentally verified. The results show that simple uni- and bi-axial position tracking is feasible. Data of more complex scenarios is tested, but is not shown, as the results are not well understood at this point.","","Aircraft landing; Computer vision; Fighter aircraft; Micro air vehicle (MAV); Unmanned aerial vehicles (UAV); Vision; Computational power; Computing platform; Flight computers; Odometry; Onboard processors; Qualcomm; Visual odometry; VTOL/STOL aircraft","Conference paper","Final","","Scopus","2-s2.0-85032976476"
"Amaral G.; Martins J.J.; Martins P.; Dias A.; Almeida J.; Silva E.","Amaral, Guilherme (55973194200); Martins, João J. (57889560200); Martins, Pedro (59368235000); Dias, André (23008434200); Almeida, José (59516207500); Silva, Eduardo (23010538800)","55973194200; 57889560200; 59368235000; 23008434200; 59516207500; 23010538800","Data Fusion Approach for Unmodified UAV Tracking with Vision and mmWave Radar","2025","2025 International Conference on Unmanned Aircraft Systems, ICUAS 2025","","","","801","808","1","10.1109/ICUAS65942.2025.11007835","https://www.scopus.com/pages/publications/105007599926?origin=resultslist","The knowledge of the precise 3D position of a target in tracking applications is a fundamental requirement. The lack of a low-cost single sensor capable of providing the three-dimensional position (of a target) makes it necessary to use complementary sensors together. This research presents a Local Positioning System (LPS) for outdoor scenarios, based on a data fusion approach for unmodified UAV tracking, combining a vision sensor and mmWave radar. The proposed solution takes advantage of the radar's depth observation ability and the potential of a neural network for image processing. We have evaluated five data association approaches for radar data cluttered to get a reliable set of radar observations. The results demonstrated that the estimated target position is close to an exogenous ground truth obtained from a Visual Inertial Odometry (VIO) algorithm executed onboard the target UAV. Moreover, the developed system's architecture is prepared to be scalable, allowing the addition of other observation stations. It will increase the accuracy of the estimation and extend the actuation area. To the best of our knowledge, this is the first work that uses a mmWave radar combined with a camera and a machine learning algorithm to track a UAV in an outdoor scenario.  © 2025 IEEE.","Data fusion; Local Positioning System; mmWave Radar; Target tracking; Tensor Processing Unit","Aircraft detection; Image coding; Photointerpretation; Sensor data fusion; 3D positions; Local positioning system; Low-costs; Mm waves; Mmwave radar; Processing units; Single sensor; Targets tracking; Tensor processing unit; Tracking application; Image fusion","Conference paper","Final","","Scopus","2-s2.0-105007599926"
"Iyer V.V.; Johnson E.N.","Iyer, Venkatakrishnan V. (57220103755); Johnson, Eric N. (25934529500)","57220103755; 25934529500","Kinematically-Constrained Joint Pose Estimation of a UAS and Non-Cooperative Moving Platform","2026","AIAA Science and Technology Forum and Exposition, AIAA SciTech Forum 2026","","","","","","0","10.2514/6.2026-2173","https://www.scopus.com/pages/publications/105031182759?origin=resultslist","This work presents a Kinematically-Constrained VIO (KC-VIO) framework for jointly estimating the pose of an Uncrewed Aerial System (UAS) and a non-cooperative moving platform in GPS-denied environments. While standard Visual-Inertial Odometry (VIO) approaches model targets as unconstrained point masses governed by Random Walk (RW) processes, these models fail to capture physical motion constraints, leading to inconsistent state estimates and heading drift. To address this limitation, we fuse stereo vision and inertial measurements within an Extended Kalman Filter (EKF) that incorporates a kinematic bicycle model of the platform. By introducing a novel steering-angle state, we explicitly enforce non-holonomic constraints (zero side-slip) and couple the target’s linear and angular velocities, effectively constraining the evolution of the relative heading without requiring external global measurements. The formulation leverages both stationary and platform-based visual features and accounts for the cross-covariance between UAS and platform errors. Evaluation using real-world flight data demonstrates that, compared to standard Random Walk and simple Non-Holonomic Constraint models, the proposed kinematic formulation significantly reduces relative heading error and improves estimator consistency. © 2025, American Institute of Aeronautics and Astronautics Inc, AIAA. All rights reserved.","","Antennas; Aviation; Computer vision; Extended Kalman filters; Random processes; Stereo image processing; Stereo vision; Unmanned aerial vehicles (UAV); Aerial systems; Motion constraints; Moving platform; Non holonomic constraint; Non-cooperative; Odometry; Physical motion; Point mass; Pose-estimation; Random walk process; Kinematics","Conference paper","Final","","Scopus","2-s2.0-105031182759"
"Xianjia Y.; Qingqing L.; Queralta J.P.; Heikkonen J.; Westerlund T.","Xianjia, Yu (57537891700); Qingqing, Li (57196075310); Queralta, Jorge Pena (57208835064); Heikkonen, Jukka (7003349785); Westerlund, Tomi (8918911600)","57537891700; 57196075310; 57208835064; 7003349785; 8918911600","Cooperative UWB-based localization for outdoors positioning and navigation of UAVs aided by ground robots","2021","ICAS 2021 - 2021 IEEE International Conference on Autonomous Systems, Proceedings","","","","","","33","10.1109/ICAS49788.2021.9551177","https://www.scopus.com/pages/publications/85117531280?origin=resultslist","Unmanned aerial vehicles (UAVs) are becoming largely ubiquitous with an increasing demand for aerial data. Accurate navigation and localization, required for precise data collection in many industrial applications, often relies on RTK GNSS. These systems, able of centimeter-level accuracy, require a setup and calibration process and are relatively expensive. This paper addresses the problem of accurate positioning and navigation of UAVs through cooperative localization. Inexpensive ultra-wideband (UWB) transceivers installed on both the UAV and a support ground robot enable centimeter-level relative positioning. With fast deployment and wide setup flexibility, the proposed system is able to accommodate different environments and can also be utilized in GNSS-denied environments. Through extensive simulations and test fields, we evaluate the accuracy of the system and compare it to GNSS in urban environments where multipath transmission degrades accuracy. For completeness, we include visual-inertial odometry in the experiments and compare the performance with the UWB-based cooperative localization. © 2021 IEEE.","Cooperative localization; GNSS; Localization; MAV; Navigation; UAV; UGV; Ultra-wideband; UWB; VIO","Antennas; Global positioning system; Intelligent vehicle highway systems; Navigation; Radio transceivers; Robots; Unmanned aerial vehicles (UAV); Centimeter levels; Cooperative localization; GNSS; Ground robot; Localisation; MAV; UGV; Ultrawide band; VIO; Ultra-wideband (UWB)","Conference paper","Final","","Scopus","2-s2.0-85117531280"
"Wang Y.; Yang C.; Zhang C.","Wang, Yibin (57456944200); Yang, Chengwei (55706693900); Zhang, Cheng (58944275200)","57456944200; 55706693900; 58944275200","Loose Coupled Initialization Method for Visual Inertial Navigation in Outdoor Low Altitude Flight Environment","2021","2021 6th International Conference on Robotics and Automation Engineering, ICRAE 2021","","","","89","96","1","10.1109/ICRAE53653.2021.9657780","https://www.scopus.com/pages/publications/85124800600?origin=resultslist","In the outdoor low altitude flight environment, the inertial navigation self-alignment initialization method is difficult to apply to the dynamic environment, since the non-autonomous alignment method is not accurate in the case with large misalignment angles, and the method of using visual-information-assisted inertial navigation system initialization relies on the horizon extraction algorithm or the advance deployment of artificial landmarks, which is not flexible enough. To solve the problems above, a loose coupled inertial navigation system initialization method is proposed aided by visual information. First, the feature points are segmented into sky end and ground end at the vision front end. And the camera poses in the camera coordinate system are calculated using the visual structure from motion. Then the camera poses and the re-integration of acceleration and angular velocity measurements are aligned to obtain the initialized poses. The performance of our algorithm is verified by performing a low altitude flight simulation in three cases with a semi-physical simulation system.  © 2021 IEEE.","component; Fixed-wing UAV; Inertial navigation initialization; Low-altitude flight environment","Air navigation; Cameras; Fixed wings; Flight simulators; Unmanned aerial vehicles (UAV); Component; Fixed-wing UAV; Flight environment; Inertial navigation initialization; Inertial navigations; Initialization methods; Low-altitude flight; Low-altitude flight environment; Self-alignment; Visual information; Inertial navigation systems","Conference paper","Final","","Scopus","2-s2.0-85124800600"
"Smith M.; Eubanks B.; Tsengouras T.; Macdonald R.; Rinartz N.; Sarkar S.; Garcia M.R.","Smith, Matthew (59997840500); Eubanks, Brandon (57311930100); Tsengouras, Theodosis (59998570500); Macdonald, Rebecca (59998424100); Rinartz, Noah (59998424200); Sarkar, Sagar (58984477100); Garcia, Monica R. (59181262900)","59997840500; 57311930100; 59998570500; 59998424100; 59998424200; 58984477100; 59181262900","Uncrewed system localization using deliberate thermal features","2025","Proceedings of SPIE - The International Society for Optical Engineering","13477","","1347709","","","0","10.1117/12.3053910","https://www.scopus.com/pages/publications/105010698754?origin=resultslist","Although the topic of uncrewed aerial system (UAS) localization has been the subject of intensive research over the past two decades, several challenges remain. One of these challenges is localizing in visually degraded, Global Navigation Satellite System (GNSS)-denied environments, like one might find inside of a smoke filled building or dark underground structure. While visual-inertial odometry approaches are commonly used in situations where GNSS is unavailable, the accuracy and robustness of these methods are hampered in visually degraded environments because the visual features the system uses to estimate motion are partially or completely obscured. To overcome this issue, several research groups are exploring the use of infrared or thermal cameras to detect and track environmental-based thermal features to support localization. While these thermal-inertial odometry (TIO) approaches have had some success, the clarity and trackability of the environmental-based thermal features depend on several factors, including ambient temperature and time of day. As a result, the accuracy and repeatability of traditional TIO solutions may be limited. In this study, we explore adding deliberate thermal fiducials into an environment as a means to generate repeatable TIO results. In this initial, proof-of-concept study, an uncrewed ground vehicle (UGV) is used to deploy thermal markers of known size and shape in an unknown, visually degraded environment while a UAS equipped with a low-cost, infrared camera localizes itself based on these features. We analyze the accuracy of this deliberate thermal-based localization approach and discuss opportunities to expand and extend the research.  © SPIE. Downloading of the abstract is permitted for personal use only.","robotics; thermal inertial odometry; uncrewed system; unmanned system","Communication satellites; Computer vision; Explosives; Global positioning system; Intelligent vehicle highway systems; Navigation; Remote sensing; Robots; Temperature indicating cameras; Underground structures; Unmanned aerial vehicles (UAV); Vision; Aerial systems; Global Navigation Satellite Systems; Infra-red cameras; Localisation; Odometry; Thermal; Thermal features; Thermal inertial odometry; Uncrewed system; Unmanned system; Antennas","Conference paper","Final","","Scopus","2-s2.0-105010698754"
"Henawy J.; Li Z.; Yau W.-Y.; Seet G.","Henawy, John (57212479058); Li, Zhengguo (7409079258); Yau, Wei-Yun (7005822439); Seet, Gerald (35606432000)","57212479058; 7409079258; 7005822439; 35606432000","Accurate IMU Factor Using Switched Linear Systems for VIO","2021","IEEE Transactions on Industrial Electronics","68","8","9115849","7199","7208","24","10.1109/TIE.2020.3000097","https://www.scopus.com/pages/publications/85105635466?origin=resultslist","Accurate motion estimation plays a crucial role in state estimation of an unmanned aerial vehicle (UAV). This is usually carried out by fusing the kinematics of an inertial measurement unit (IMU) with the video output of a camera. However, the accuracy of existing approaches is hindered by the discretization effect of the model even at a high IMU sampling rate. In order to improve the accuracy, we propose a new IMU motion integration model for the IMU kinematics in continuous time. The kinematics are modeled using a switched linear system. A closed-form discrete formulation is derived to compute the mean measurement, the covariance matrix, and the Jacobian matrix. Thus, it is more accurate and more efficient for online estimation of visual-inertial odometry (VIO), particularly when there is a high dynamic change in the agent's motion or the agent travels with high speed. The proposed IMU factor framework is evaluated using both real public datasets and indoor environment under different scenarios of motion capture. Our evaluation shows that the proposed framework outperforms the state-of-the-art VIO approach by up to 22.71% accuracy improvement on the EuRoc dataset and 38.15% accuracy improvement for motion estimation under the indoor environment.  © 1982-2012 IEEE.","Factor-graph-based optimization; sensor fusion; switched linear system; Taylor expansion; visual-inertial odometry (VIO)","Antennas; Continuous time systems; Covariance matrix; Jacobian matrices; Kinematics; Linear systems; State estimation; Unmanned aerial vehicles (UAV); Accuracy Improvement; Discrete formulations; Discretization effects; Indoor environment; Inertial measurement unit; Integration models; On-line estimation; Switched linear system; Motion estimation","Article","Final","","Scopus","2-s2.0-85105635466"
"Hou B.; Ding X.; Bu Y.; Liu C.; Shou Y.; Xu B.","Hou, Bochao (58937297200); Ding, Xiaokun (56602103400); Bu, Yin (58938769400); Liu, Chang (57218493940); Shou, Yingxin (57200412644); Xu, Bin (57191205532)","58937297200; 56602103400; 58938769400; 57218493940; 57200412644; 57191205532","Visual Inertial Navigation Optimization Method Based on Landmark Recognition","2024","Communications in Computer and Information Science","2029 CCIS","","","212","223","2","10.1007/978-981-97-0885-7_18","https://www.scopus.com/pages/publications/85187691376?origin=resultslist","This study utilizes a low-cost, low-power, and highly accurate monocular visual-inertial odometry (VIO) as the navigation algorithm for unmanned aerial vehicles (UAV). However, VIO may experience positioning inaccuracies or even loss in cases of lighting changes and insufficient environmental textures. To mitigate the accumulation of errors in the algorithm, global localization information is introduced. In order to address the issue of positioning accuracy in the absence of Global Navigation Satellite Systems (GNSS), this paper proposes an optimized Visual-Inertial Navigation System (VINS) based on landmark recognition, considering the prior information of UAV flight missions. The system relies solely on visual and IMU information, employing the VINS-Mono algorithm for high-precision positioning. After flying a certain distance, the system recognizes landmarks from a landmark database and obtains their prior coordinate information. Finally, the pose graph and optimization algorithm are used to refine the pose of all keyframes. Experimental results indicate that this navigation system effectively reduces the accumulated errors of VINS and enhances the positioning accuracy in scenarios where GNSS signals are completely unavailable. © The Author(s), under exclusive license to Springer Nature Singapore Pte Ltd. 2024.","GNSS-denied; Target Recognition; VINS-Mono","Air navigation; Antennas; Global positioning system; Textures; Unmanned aerial vehicles (UAV); Aerial vehicle; Global navigation satellite system-denied; Global Navigation Satellite Systems; Inertial navigations; Landmark recognition; Odometry; Optimization method; Positioning accuracy; Target recognition; Visual-inertial navigation system-mono; Inertial navigation systems","Conference paper","Final","","Scopus","2-s2.0-85187691376"
"Li C.; He M.; Chen C.; Liu J.; Lyu X.; Huang G.; Meng Z.","Li, Chunyu (57221706174); He, Mengfan (58555192300); Chen, Chao (58882044800); Liu, Jiacheng (59293637000); Lyu, Xu (57217675858); Huang, Guoquan (56422882400); Meng, Ziyang (24169677800)","57221706174; 58555192300; 58882044800; 59293637000; 57217675858; 56422882400; 24169677800","GeoVINS: Geographic-Visual-Inertial Navigation System for Large-Scale Drift-Free Aerial State Estimation","2025","IEEE Transactions on Robotics","41","","","5835","5853","0","10.1109/TRO.2025.3613467","https://www.scopus.com/pages/publications/105017382868?origin=resultslist","This article introduces GeoVINS, a vision-based navigation framework designed for large-scale global state estimation. By utilizing geographic information from satellite orthoimagery, GeoVINS tackles scale ambiguity and accumulative drift problems inherent in standard visual-inertial simultaneous localization and mapping systems, and provides accurate, robust, and real-time global localization. In particular, to address the challenge of memory explosion issue for large-scale localization, we propose a novel aerial “classify-then-retrieve” aerial visual place recognition (VPR) approach, where geographic locations can be efficiently identified and memory usage can be reduced by 3 to 4 orders of magnitude compared to classical retrieval-based approaches. In addition, a hierarchical geographic data association scheme, enhanced by state-of-the-art deep learning-based feature matching, guarantees high efficiency and robustness against variations in appearance and viewpoint. Relying on the obtained three-dimensional (3-D) geographic information, GeoVINS achieves efficient global state initialization and precise motion tracking. To address GPU limitations in embedded devices, a collaborative CPU–GPU utilization approach is proposed, seamlessly integrating asynchronous global information to eliminate accumulative errors. Relying solely on satellite imagery and without requiring any other prior information, GeoVINS achieves rapid place recognition in unseen environments of city-scale (e.g., 2500 km2) on an embedded computing device with an inference time of 43 ms, and performs state estimation at a frequency of 25 Hz. The system enables autonomous aerial vehicle navigation as an alternative to Global Navigation Satellite System. © 2004-2012 IEEE.","Geo-localization; visual place recognition; visual terrain-relative navigation (VTRN); visual-inertial navigation system (VINS)","Air navigation; Antennas; Geographic information systems; Global positioning system; Graphics processing unit; Mapping; Program processors; Satellite imagery; Unmanned aerial vehicles (UAV); Geo-localisation; Geographic information; Geographics; Inertial navigations; Large-scales; Place recognition; Relative navigation; Visual place recognition; Visual terrain relative navigation; Visual-inertial navigation system; State estimation","Article","Final","","Scopus","2-s2.0-105017382868"
"Silva Cotta J.L.; Gutierrez H.; Bertaska I.R.; Inness J.P.; Rakoczy J.","Silva Cotta, Joao Leonardo (58527854700); Gutierrez, Hector (57204337172); Bertaska, Ivan R. (56032058900); Inness, John P. (58119172600); Rakoczy, John (6603937087)","58527854700; 57204337172; 56032058900; 58119172600; 6603937087","High-Altitude Precision Landing by Smartphone Video Guidance Sensor and Sensor Fusion","2024","Drones","8","2","37","","","7","10.3390/drones8020037","https://www.scopus.com/pages/publications/85187273913?origin=resultslist","This paper describes the deployment, integration, and demonstration of the Smartphone Video Guidance Sensor (SVGS) as novel technology for autonomous 6-DOF proximity maneuvers and high-altitude precision landing of UAVs via sensor fusion. The proposed approach uses a vision-based photogrammetric position and attitude sensor (SVGS) to support the precise automated landing of a UAV from an initial altitude above 100 m to ground, guided by an array of landing beacons. SVGS information is fused with other on-board sensors at the flight control unit to estimate the UAV’s position and attitude during landing relative to a ground coordinate system defined by the landing beacons. While the SVGS can provide mm-level absolute positioning accuracy depending on range and beacon dimensions, the proper operation of the SVGS requires a line of sight between the camera and the beacon, and readings can be disturbed by environmental lighting conditions and reflections. SVGS readings can therefore be intermittent, and their update rate is not deterministic since the SVGS runs on an Android device. The sensor fusion of the SVGS with on-board sensors enables an accurate and reliable update of the position and attitude estimates during landing, providing improved performance compared to state-of-art automated landing technology based on an infrared beacon, but its implementation must address the challenges mentioned above. The proposed technique also shows significant advantages compared with state-of-the-art sensors for High-Altitude Landing, such as those based on LIDAR. © 2024 by the authors.","autonomous landing; infrared beacon; LIDAR; sensor fusion; Smartphone Video Guidance Sensor; unmanned aerial vehicle; visual inertial odometry","Aircraft control; Aircraft landing; Altitude control; Electronic guidance systems; Inertial navigation systems; VTOL/STOL aircraft; Aerial vehicle; Autonomous landing; Guidance sensors; Infra red beacon; Odometry; Sensor fusion; Smart phones; Smartphone video guidance sensor; Unmanned aerial vehicle; Video guidance; Visual inertial odometry; Unmanned aerial vehicles (UAV)","Article","Final","All Open Access; Gold Open Access; Green Open Access","Scopus","2-s2.0-85187273913"
"Cioffi G.; Scaramuzza D.","Cioffi, Giovanni (57219521808); Scaramuzza, Davide (16550950000)","57219521808; 16550950000","Tightly-coupled Fusion of Global Positional Measurements in Optimization-based Visual-Inertial Odometry","2020","IEEE International Conference on Intelligent Robots and Systems","","","9341697","5089","5095","90","10.1109/IROS45743.2020.9341697","https://www.scopus.com/pages/publications/85102329473?origin=resultslist","Motivated by the goal of achieving robust, drift-free pose estimation in long-term autonomous navigation, in this work we propose a methodology to fuse global positional information with visual and inertial measurements in a tightly-coupled nonlinear-optimization-based estimator. Differently from previous works, which are loosely-coupled, the use of a tightly-coupled approach allows exploiting the correlations amongst all the measurements. A sliding window of the most recent system states is estimated by minimizing a cost function that includes visual re-projection errors, relative inertial errors, and global positional residuals. We use IMU preintegration to formulate the inertial residuals and leverage the outcome of such algorithm to efficiently compute the global position residuals. The experimental results show that the proposed method achieves accurate and globally consistent estimates, with negligible increase of the optimization computational cost. Our method consistently outperforms the loosely-coupled fusion approach. The mean position error is reduced up to 50% with respect to the loosely-coupled approach in outdoor Unmanned Aerial Vehicle (UAV) flights, where the global position information is given by noisy GPS measurements. To the best of our knowledge, this is the first work where global positional measurements are tightly fused in an optimization-based visual-inertial odometry algorithm, leveraging the IMU preintegration method to define the global positional factors. © 2020 IEEE.","","Agricultural robots; Antennas; Cost benefit analysis; Cost estimating; Cost functions; Errors; Knowledge management; Nonlinear programming; Unmanned aerial vehicles (UAV); Autonomous navigation; Computational costs; Inertial measurements; Non-linear optimization; Odometry algorithms; Position information; Positional information; Positional measurements; Intelligent robots","Conference paper","Final","All Open Access; Green Open Access","Scopus","2-s2.0-85102329473"
"Domnik M.; Proenca P.; Delaune J.; Thiem J.; Brockers R.","Domnik, Matthias (57211219149); Proenca, Pedro (55938476600); Delaune, Jeff (55427630900); Thiem, Jorg (57198293726); Brockers, Roland (56031230500)","57211219149; 55938476600; 55427630900; 57198293726; 56031230500","Dense 3D-reconstruction from monocular image sequences for computationally constrained UAS","2021","Proceedings - 2021 IEEE Winter Conference on Applications of Computer Vision, WACV 2021","","","","1819","1827","3","10.1109/WACV48630.2021.00186","https://www.scopus.com/pages/publications/85116095686?origin=resultslist","The ability to find safe landing sites over complex 3D terrain is an essential safety feature for fully autonomous small unmanned aerial systems (UAS), which requires on-board perception for 3D reconstruction and terrain analysis if the overflown terrain is unknown. This is a challenge for UAS that are limited in size, weight and computational power, such as small rotorcrafts executing autonomous missions on Earth, or in planetary applications such as the Mars Helicopter. For such a computationally constraint system, we propose a structure from motion approach that uses inputs from a single downward facing camera to produce dense point clouds of the overflown terrain in real time. In contrast to existing approaches, our method uses metric pose information from a visual-inertial odometry algorithm as camera pose priors, which allows deploying a fast pose refinement step to align camera frames such that a conventional stereo algorithm can be used for dense 3D reconstruction. We validate the performance of our approach with extensive evaluations in simulation, and demonstrate the feasibility with data from UAS flights. © 2021 IEEE.","","Antennas; Flight simulators; Image reconstruction; Landforms; Stereo image processing; Unmanned aerial vehicles (UAV); 3-d terrains; 3D reconstruction; Essential safeties; Landing site; Monocular image sequence; Reconstruction analysis; Safe landing; Safety features; Terrain analysis; Unmanned aerial systems; Cameras","Conference paper","Final","","Scopus","2-s2.0-85116095686"
"Lin H.-Y.; Chang K.-L.; Huang H.-Y.","Lin, Huei-Yung (8430638100); Chang, Kai-Lun (59169511000); Huang, Hsin-Ying (59210668200)","8430638100; 59169511000; 59210668200","Development of Unmanned Aerial Vehicle Navigation and Warehouse Inventory System Based on Reinforcement Learning","2024","Drones","8","6","220","","","22","10.3390/drones8060220","https://www.scopus.com/pages/publications/85197933129?origin=resultslist","In this paper, we present the exploration of indoor positioning technologies for UAVs, as well as navigation techniques for path planning and obstacle avoidance. The objective was to perform warehouse inventory tasks, using a drone to search for barcodes or markers to identify objects. For the indoor positioning techniques, we employed visual-inertial odometry (VIO), ultra-wideband (UWB), AprilTag fiducial markers, and simultaneous localization and mapping (SLAM). These algorithms included global positioning, local positioning, and pre-mapping positioning, comparing the merits and drawbacks of various techniques and trajectories. For UAV navigation, we combined the SLAM-based RTAB-map indoor mapping and navigation path planning of the ROS for indoor environments. This system enabled precise drone positioning indoors and utilized global and local path planners to generate flight paths that avoided dynamic, static, unknown, and known obstacles, demonstrating high practicality and feasibility. To achieve warehouse inventory inspection, a reinforcement learning approach was proposed, recognizing markers by adjusting the UAV’s viewpoint. We addressed several of the main problems in inventory management, including efficiently planning of paths, while ensuring a certain detection rate. Two reinforcement learning techniques, AC (actor–critic) and PPO (proximal policy optimization), were implemented based on AprilTag identification. Testing was performed in both simulated and real-world environments, and the effectiveness of the proposed method was validated. © 2024 by the authors.","indoor positioning; path planning; reinforcement learning; UAV; warehouse inventory inspection","Air navigation; Aircraft detection; Benchmarking; Global positioning system; Indoor positioning systems; Inertial navigation systems; Motion planning; Reinforcement learning; SLAM robotics; Aerial vehicle; Indoor positioning; Inventory systems; Navigation techniques; Obstacles avoidance; Positioning technologies; Reinforcement learnings; Simultaneous localization and mapping; Vehicle navigation; Warehouse inventory inspection; Drones","Article","Final","All Open Access; Gold Open Access; Green Open Access","Scopus","2-s2.0-85197933129"
"Moeini A.; Lynch A.F.; Zhao Q.","Moeini, Amir (56692459600); Lynch, Alan F. (57203195246); Zhao, Qing (55489390400)","56692459600; 57203195246; 55489390400","Visual-inertial-actuator odometry for multirotor UAVs with rotor drag and external disturbance","2023","International Journal of Dynamics and Control","12","8","","3064","3076","2","10.1007/s40435-023-01357-5","https://www.scopus.com/pages/publications/85185471786?origin=resultslist","Accurate knowledge of an unmanned aerial vehicle’s (UAV) state and external forces is crucial for motion control. One method to obtain this information is Visual-Inertial-Actuator Odometry (VIAO) which combines commonly available vision and inertial sensors with actuation data which consists of a model of the vehicle dynamics and input measurements. In this paper, we propose VIAO system based on the existing VIMO (Visual Inertial Model-Based Odometry) method. Our approach includes a dynamical model for a multirotor UAV with rotor drag. In addition, a disturbance observer is added for constant force estimation. The observer is integrated to the optimization-based method by adding a residual term to the cost functional. The proposed system can differentiate between the constant or slowly time-varying component of the external force and accelerometer bias. We evaluate the performance using a benchmark dataset and show an average of 21% improvement in position estimation accuracy. © The Author(s), under exclusive licence to Springer-Verlag GmbH Germany, part of Springer Nature 2024.","Force estimation; Rotor drag; Sliding-window optimization; UAV; Visual-inertial odometry","Actuators; Antennas; Benchmarking; Unmanned aerial vehicles (UAV); Aerial vehicle; Force estimation; Inertial actuators; Odometry; Rotor drag; Sliding Window; Sliding-window optimization; Unmanned aerial vehicle’s; Visual-inertial odometry; Windows optimizations; Drag","Article","Final","","Scopus","2-s2.0-85185471786"
"Xu Y.; Yu J.; Zhang S.; Xiang Y.; Jia H.; Wang Y.","Xu, Yuanfan (57210257201); Yu, Jincheng (60585932200); Zhang, Suquan (58934306200); Xiang, Yunfei (59642189400); Jia, Hongyang (57195607152); Wang, Yu (57200059982)","57210257201; 60585932200; 58934306200; 59642189400; 57195607152; 57200059982","Invited: Automatic Hardware/Software Design for High-Speed Autonomous Unmanned Aerial Vehicles Guided by a Flight Model","2024","Proceedings - Design Automation Conference","","","368","","","1","10.1145/3649329.3663516","https://www.scopus.com/pages/publications/85211089250?origin=resultslist","Autonomous Unmanned Aerial Vehicles (UAVs) are on the rise in the industrial and academic communities. Since most UAVs are severely size, weight, and power (SWaP) constrained, building computing system for high-speed UAVs is challenging. Current domain-specific hardware-software (HW-SW) designs for UAVs are mainly bottom-up, focusing on optimizing a single module in the whole system, such as visual-inertial odometry (VIO), depth estimation, or planning. But this leads to underdesign for flight speed as agile navigation depends on a tight combination of multiple modules. To find the optimal HW-SW design for systematic flight performance, we propose a top-down automatic design framework. A flight model is introduced to guide the inter-module and the intra-module HW-SW optimization towards the system-level goal. For the perception algorithms, we define the representative design space. And some critical non-AI operators are accelerated and profiled on embedded GPU to achieve better hardware performance. The design framework is evaluated on a micro UAV equipped with a Nvidia Jetson Orin NX. In a specific navigation scenario, the design found by our framework achieve 40% and 65% increase on flight speed than two manual design methods respectively. © 2024 Copyright held by the owner/author(s).","Design Automation; Hardware-Software Co-Design; Robotics","Analog storage; Computer graphics equipment; Graphics processing unit; Inertial navigation systems; Integrated circuit design; Micro air vehicle (MAV); Program processors; Robot programming; Aerial vehicle; Autonomous unmanned aerial vehicles; Design automations; Design frameworks; Flight models; Flight speed; Hardware/software codesign; Hardware/software design; High Speed; Industrial communities; Hardware-software codesign","Conference paper","Final","All Open Access; Gold Open Access","Scopus","2-s2.0-85211089250"
"Zhu J.; Yao C.; Janschek K.","Zhu, Jinyao (57224525750); Yao, Chao (57204976855); Janschek, Klaus (6603567575)","57224525750; 57204976855; 6603567575","Stereo visual-inertial fusion for UAV state estimation","2020","IFAC-PapersOnLine","53","","","9420","9425","1","10.1016/j.ifacol.2020.12.2412","https://www.scopus.com/pages/publications/85107736930?origin=resultslist","Visual-inertial fusion is frequently used for state estimation in aerial robotic applications due to the low-cost, simple hardware setup as well as the high accuracy. This work proposes a stereo visual-inertial fusion system based on the monocular method VINS-Mono, which tightly combines the visual and inertial measurements. Timing statistics are provided for the system running on an Intel NUC Mini-PC. The system real-time capability fulfills the requirements of the closed-loop control for a UAV. The proposed fusion system is evaluated in the public EuRoC MAV dataset and compared with several representative state-of-the-art open-sourced state estimators. According to the results, our method achieves competitive performance with relative low estimation errors in a computationally efficient manner. © 2020 The Authors. This is an open access article under the CC BY-NC-ND license (http://creativecommons.org/licenses/by-nc-nd/4.0)","Aerial robot; Sensor fusion; State estimation; Visual inertial odometry","Antennas; Closed loop control systems; Inertial confinement fusion; Laser fusion; State estimation; Closed-loop control; Competitive performance; Computationally efficient; Estimation errors; Inertial measurements; Real time capability; State Estimators; State of the art; Unmanned aerial vehicles (UAV)","Conference paper","Final","All Open Access; Gold Open Access","Scopus","2-s2.0-85107736930"
"Xie C.; Wu B.; Guo D.; Chen X.","Xie, Chen (57215281449); Wu, Binbin (57221562439); Guo, Daoxing (7403332608); Chen, Xiao (59738016500)","57215281449; 57221562439; 7403332608; 59738016500","Autonomous Navigation UAVs for Enhancing Information Freshness for Reconnaissance","2024","Electronics (Switzerland)","13","7","1354","","","4","10.3390/electronics13071354","https://www.scopus.com/pages/publications/85190256750?origin=resultslist","The demand for autonomous navigation UAVs in reconnaissance is steadily increasing. One crucial aspect of these missions is the freshness of reconnaissance information, which serves as a vital indicator of mission effectiveness. However, there is a lack of targeted investigation in the research on autonomous single/multi-UAV missions and joint path planning. Furthermore, the use of visual–inertial odometry (VIO) in rotary-wing UAVs can lead to significant positional drift during flight, which may result in the loss of the UAV and mission failure. This paper investigates joint planning problems in single/multi-UAV reconnaissance missions under both GPS-available and GPS-unavailable scenarios and proposes an integrated data collection and beacon-assisted localization approach. Finally, the numerical results demonstrate the effectiveness of the proposed scheme in enhancing the freshness of reconnaissance information. © 2024 by the authors.","autonomous UAVs; data collection; heuristic optimization; information freshness; localization drift; mission planning; path planning; reconnaissance; unmanned aerial vehicle","","Article","Final","All Open Access; Gold Open Access","Scopus","2-s2.0-85190256750"
"Zhang X.; Yuan W.; Zheng L.; Zhan X.; Ren Q.; Lin B.","Zhang, Xin (57192504994); Yuan, Wenhan (57188639374); Zheng, Lingxiao (57189710832); Zhan, Xingqun (8351858100); Ren, Qianyi (57226422305); Lin, Baojun (59058559500)","57192504994; 57188639374; 57189710832; 8351858100; 57226422305; 59058559500","Information sparsification for visual-inertial odometry by manipulating Bayes tree","2021","Aerospace Science and Technology","118","","107065","","","3","10.1016/j.ast.2021.107065","https://www.scopus.com/pages/publications/85114041969?origin=resultslist","A new information sparsification method is developed for visual-inertial odometry (VIO) used for exploratory unmanned aerial vehicles (UAV's). While most of the existing methods are designed for global (and thus postprocessing) bundle adjustment (BA) problems, our method is specifically designed to run incrementally on a local BA formulation in real time. The majority of the existing state-of-the-art methods are designed for pose graph optimization (PGO). Unlike PGO problems where the only variables to be optimized are robot poses, a combination of pose, velocity, and inertial measurement unit (IMU) bias is used in VIO. Existing approaches to sparsification cannot be directly applied to this formulation. Therefore, we design a trick to split the dense information matrix into two parts: IMU information and purely visual information and by doing so, existing methods of sparsification can be reused and applied to the purely visual information, which accounts for most of the nonzero entries within the dense information matrix. In addition, we design a new way of summarizing the dense information matrix: using Bayes tree in an incremental smoothing framework for fast data retrieval. Results using public benchmark dataset EuRoC show that the marginalized and sparsified smoother achieves the primary goal of power saving in terms of shortened pipeline cycle time while maintaining absolute trajectory accuracies comparable to that of the complete formulation and better than those offered by fellow sparsification solutions. © 2021 Elsevier Masson SAS","Bayes tree; Factor graph; GTSAM; Marginalization; Sparsification; Visual inertial odometry","Antennas; Forestry; Matrix algebra; Trees (mathematics); Bayes trees; Factor graphs; GTSAM; Inertial measurements units; Information matrix; Marginalization; Odometry; Pose graph optimizations; Sparsification; Visual inertial odometry; Unmanned aerial vehicles (UAV)","Article","Final","","Scopus","2-s2.0-85114041969"
"Hong E.; Lim J.","Hong, Euntae (57188748291); Lim, Jongwoo (7403453968)","57188748291; 7403453968","Visual-inertial odometry with robust initialization and online scale estimation","2018","Sensors (Switzerland)","18","12","4287","","","21","10.3390/s18124287","https://www.scopus.com/pages/publications/85058149841?origin=resultslist","Visual-inertial odometry (VIO) has recently received much attention for efficient and accurate ego-motion estimation of unmanned aerial vehicle systems (UAVs). Recent studies have shown that optimization-based algorithms achieve typically high accuracy when given enough amount of information, but occasionally suffer from divergence when solving highly non-linear problems. Further, their performance significantly depends on the accuracy of the initialization of inertial measurement unit (IMU) parameters. In this paper, we propose a novel VIO algorithm of estimating the motional state of UAVs with high accuracy. The main technical contributions are the fusion of visual information and pre-integrated inertial measurements in a joint optimization framework and the stable initialization of scale and gravity using relative pose constraints. To account for the ambiguity and uncertainty of VIO initialization, a local scale parameter is adopted in the online optimization. Quantitative comparisons with the state-of-the-art algorithms on the European Robotics Challenge (EuRoC) dataset verify the efficacy and accuracy of the proposed method. © 2018 by the authors. Licensee MDPI, Basel, Switzerland.","Optimization; Sensor fusion; UAV navigation; Visual-inertial odometry","Antennas; Optimization; Robots; Unmanned aerial vehicles (UAV); Inertial Measurement Unit (IMU); Odometry; Optimization-based algorithm; Quantitative comparison; Sensor fusion; State-of-the-art algorithms; Technical contribution; Unmanned aerial vehicle systems; Motion estimation","Article","Final","All Open Access; Gold Open Access; Green Open Access","Scopus","2-s2.0-85058149841"
"Merei A.; Mcheick H.; Ghaddar A.; Beltrame G.","Merei, Ahmad (57215545524); Mcheick, Hamid (6508070583); Ghaddar, Alia (36439481600); Beltrame, Giovanni (10043268700)","57215545524; 6508070583; 36439481600; 10043268700","ESLS: A Vision-Based Emergency Safe Landing System for UAVs","2025","Procedia Computer Science","272","","","277","285","1","10.1016/j.procs.2025.10.206","https://www.scopus.com/pages/publications/105023980027?origin=resultslist","Uncrewed Aerial Vehicles (UAVs) are increasingly used across a wide range of missions, including healthcare-related operations such as medical supply delivery and search and rescue (SAR). However, performing safe emergency landings remains a critical challenge, especially in GPS-denied or cluttered environments such as forests or disaster zones. This paper presents an Emergency Safe Landing System (ESLS) designed to support emergency descent in any mission context. ESLS integrates RTAB-MAP SLAM with visual-inertial odometry (VIO), combining data from an onboard IMU and RGB-D camera to enable real-time 3D mapping and localization. The system uses YOLO-v5 object detection fused with a binary occupancy map. This allows robust identification of unobstructed areas in dynamic and unstructured environments. ESLS supports two operational modes: (1) Emergency Safe Landing Zone Detection (ESLZD), which selects the safest available landing zone; and (2) Search-and-Rescue Mode (ESLZD-SAR), which prioritizes landing safely near a detected survivor. Simulation results in ArduPilot Gazebo show landing zone detection success rates of up to 98% and landing success rates of up to 96%, highlighting the system's potential for reliable deployment in both standard and SAR-specific UAV operations. © 2025 The Authors.","Emergency Landing; Obstacle Avoidance; Rescue (SAR); Search; SLAM; UAVs; Vision-Based Navigation","Aircraft detection; Aircraft landing; Antennas; Computer vision; Disasters; Global positioning system; Navigation; Object detection; Robotics; Vision; Emergency landing; Landing system; Obstacles avoidance; Rescue (search and rescue); Safe landing; Search; Search and rescue; SLAM; Uncrewed aerial vehicles; Vision based navigation; Collision avoidance; Unmanned aerial vehicles (UAV)","Conference paper","Final","All Open Access; Gold Open Access","Scopus","2-s2.0-105023980027"
"Jiang H.-R.; Gu F.; Teng T.-Q.; He Y.-Q.","Jiang, Hao-Ran (59945415200); Gu, Feng (35792118800); Teng, Tian-Qi (59986314900); He, Yu-Qing (23060003200)","59945415200; 35792118800; 59986314900; 23060003200","Distance gradient integrated monocular visual-inertial-UWB tightly coupled localization approach; [融合距离梯度的单目视觉-惯性-UWB 紧耦合导航定位方法]","2025","Kongzhi yu Juece/Control and Decision","40","8","","2566","2578","0","10.13195/j.kzyjc.2024.1444","https://www.scopus.com/pages/publications/105010345222?origin=resultslist","Visual-inertial odometry(VIO) is an efficient localization method in GPS-denied environments. However, due to sensor noise and accumulated errors, drift inevitably occurs, affecting the accuracy of localization. To address this issue, this paper proposes a monocular visual-inertial-UWB tightly coupled localization method that integrates distance gradient information. By constructing a residual model of the distance and its gradient information from the ultra-wideband(UWB) ranging sensor, the information from VIO and UWB is fused using factor graph optimization. The introduction of distance gradient information helps to correct velocity, thereby further suppressing drift in the navigation system and improving localization accuracy through tight multi-sensor fusion. The proposed method is experimentally validated on the EuRoc public dataset and an actual UAV platform, covering various flight conditions. The results show that the proposed method is highly feasible and demonstrates superior navigation and localization performance, achieving a 13.7% improvement in accuracy compared to similar methods using the same measurement information. © 2025 Northeast University. All rights reserved.","factor graph optimization; multi-sensor fusion; UAV navigation; ultra-wideband sensor; visual inertial odometry","Air navigation; Computer vision; Global positioning system; Inertial navigation systems; Unmanned aerial vehicles (UAV); Vision; Distance gradients; Factor graph optimization; Factor graphs; Graph optimization; Multi-sensor fusion; Odometry; UAV navigation; Ultra-wideband sensors; Ultrawide band; Visual inertial odometry; Ultra-wideband (UWB)","Article","Final","","Scopus","2-s2.0-105010345222"
"Jeon J.; Jung S.; Lee E.; Choi D.; Myung H.","Jeon, Jinwoo (57189073539); Jung, Sungwook (57188652703); Lee, Eungchang (57208104735); Choi, Duckyu (57189222724); Myung, Hyun (7004861367)","57189073539; 57188652703; 57208104735; 57189222724; 7004861367","Run Your Visual-Inertial Odometry on NVIDIA Jetson: Benchmark Tests on a Micro Aerial Vehicle","2021","IEEE Robotics and Automation Letters","6","3","9416140","5332","5339","76","10.1109/LRA.2021.3075141","https://www.scopus.com/pages/publications/85105096726?origin=resultslist","This letter presents benchmark tests of various visual(-inertial) odometry algorithms on NVIDIA Jetson platforms. The compared algorithms include mono and stereo, covering Visual Odometry (VO) and Visual-Inertial Odometry (VIO): VINS-Mono, VINS-Fusion, Kimera, ALVIO, Stereo-MSCKF, ORB-SLAM2 stereo, and ROVIO. As these methods are mainly used for unmanned aerial vehicles (UAVs), they must perform well in situations where the size of the processing board and weight is limited. Jetson boards released by NVIDIA satisfy these constraints as they have a sufficiently powerful central processing unit (CPU) and graphics processing unit (GPU) for image processing. However, in existing studies, the performance of Jetson boards as a processing platform for executing VO/VIO has not been compared extensively in terms of the usage of computing resources and accuracy. Therefore, this study compares representative VO/VIO algorithms on several NVIDIA Jetson platforms, namely NVIDIA Jetson TX2, Xavier NX, and AGX Xavier, and introduces a novel dataset 'KAIST VIO dataset' for UAVs. Including pure rotations, the dataset has several geometric trajectories that are harsh to visual(-inertial) state estimation. The evaluation is performed in terms of the accuracy of estimated odometry, CPU usage, and memory usage on various Jetson boards, algorithms, and trajectories. We present the results of the comprehensive benchmark test and release the dataset for the computer vision and robotics applications. © 2016 IEEE.","Performance evaluation and benchmarking; visual-inertial SLAM","Agricultural robots; Antennas; Benchmarking; Computer graphics; Computer graphics equipment; Computer vision; Graphics processing unit; Micro air vehicle (MAV); Program processors; Statistical tests; Benchmark tests; Computing resource; Geometric trajectory; Micro aerial vehicle; Odometry algorithms; Processing platform; Robotics applications; Visual odometry; Stereo image processing","Article","Final","","Scopus","2-s2.0-85105096726"
"Santoso F.; Garratt M.A.; Anavatti S.G.","Santoso, Fendy (26656215300); Garratt, Matthew A. (14015693000); Anavatti, Sreenatha G. (6506559082)","26656215300; 14015693000; 6506559082","Visual-inertial navigation systems for aerial robotics: Sensor fusion and technology","2017","IEEE Transactions on Automation Science and Engineering","14","1","7511659","260","275","95","10.1109/TASE.2016.2582752","https://www.scopus.com/pages/publications/84978264508?origin=resultslist","In this paper, we comprehensively discuss the current progress of visual-inertial (VI) navigation systems and sensor fusion research with a particular focus on small unmanned aerial vehicles, known as microaerial vehicles (MAVs). Such fusion has become very topical due to the complementary characteristics of the two sensing modalities. We discuss the pros and cons of the most widely implemented VI systems against the navigational and maneuvering capabilities of MAVs. Considering the issue of optimum data fusion from multiple heterogeneous sensors, we examine the potential of the most widely used advanced state estimation techniques (both linear and nonlinear as well as Bayesian and non-Bayesian) against various MAV design considerations. Finally, we highlight several research opportunities and potential challenges associated with each technique. © 2004-2012 IEEE.","Microaerial vehicles (MAVs); Sensor fusion; Visual-inertial (VI) navigation systems","Data fusion; Design; Inertial navigation systems; Maneuverability; Navigation systems; Robotics; Robots; Complementary characteristics; Design considerations; Estimation techniques; Heterogeneous sensors; Maneuvering capability; Micro aerial vehicle; Research opportunities; Small unmanned aerial vehicles; Air navigation","Article","Final","All Open Access; Green Open Access","Scopus","2-s2.0-84978264508"
"Michalczyk J.; Scheiber M.; Jung R.; Weiss S.","Michalczyk, Jan (57847971000); Scheiber, Martin (57215558646); Jung, Roland (57215558775); Weiss, Stephan (57212748175)","57847971000; 57215558646; 57215558775; 57212748175","Radar-Inertial Odometry for Closed-Loop Control of Resource-Constrained Aerial Platforms","2023","Proceedings of the 2023 IEEE International Symposium on Safety, Security, and Rescue Robotics, SSRR 2023","","","","61","68","4","10.1109/SSRR59696.2023.10499937","https://www.scopus.com/pages/publications/85191972857?origin=resultslist","In this paper, we present a Radar-Inertial Odom-etry (RIO) framework capable of running on a portable resource-constrained embedded computer in real-Time as a state estimator for closing the feedback control loop on an Unmanned Aerial Vehicle (UAV) platform. The presented framework ef-ficiently implements a RIO approach relying on the multi-state tightly-coupled Extended Kalman Filter (EKF) fusing instantaneous velocities of and distances to 3D points delivered by a lightweight, low-cost, off-The-shelf Frequency Modulated Continuous Wave (FMCW) radar with Inertial Measurement Unit (IMU) readings. The usage, accuracy and consistency of the implemented framework are improved compared to state-of-The-Art by the online calibration of the sensors' extrinsic parameters. Our method is particularly relevant for (but not limited to) UAVs, enabling them to navigate autonomously in Global Navigation Satellite System (GNSS)-denied environments using very affordable and accessible hardware. In addition, thanks to the properties of the radar sensor, we enable autonomous navigation in challenging conditions for robot perception due to external factors such as fog, darkness or strong illumination which might be encountered in disaster zones. We show in real-world closed-loop flight experiments the effectiveness and efficiency of our estimator. The beneficial impact of the online calibration on estimation accuracy and consistency is also shown. Moreover, we compare the presented approach to a state-of-The-Art vision-based algorithm (Visual-Inertial Odometry (VIO)) in visually degraded conditions.  © 2023 IEEE.","","Antennas; Calibration; Extended Kalman filters; Frequency modulation; Global positioning system; Radar measurement; Robots; Aerial platform; Closed-loop control; Condition; Embedded computers; Feedback control loops; Odometry; On-line calibration; Real- time; State Estimators; State of the art; Unmanned aerial vehicles (UAV)","Conference paper","Final","","Scopus","2-s2.0-85191972857"
"Sayre-Mccord T.; Guerra W.; Antonini A.; Arneberg J.; Brown A.; Cavalheiro G.; Fang Y.; Gorodetsky A.; McCoy D.; Quilter S.; Riether F.; Tal E.; Terzioglu Y.; Carlone L.; Karaman S.","Sayre-Mccord, Thomas (57188516800); Guerra, Winter (57194443251); Antonini, Amado (57207884835); Arneberg, Jasper (57207823448); Brown, Austin (57205484689); Cavalheiro, Guilherme (57207881510); Fang, Yajun (7403457553); Gorodetsky, Alex (57201198722); McCoy, Dave (57207877205); Quilter, Sebastian (57207875314); Riether, Fabian (57207875334); Tal, Ezra (56736082300); Terzioglu, Yunus (56298284500); Carlone, Luca (35145251300); Karaman, Sertac (24923242500)","57188516800; 57194443251; 57207884835; 57207823448; 57205484689; 57207881510; 7403457553; 57201198722; 57207877205; 57207875314; 57207875334; 56736082300; 56298284500; 35145251300; 24923242500","Visual-Inertial Navigation Algorithm Development Using Photorealistic Camera Simulation in the Loop","2018","Proceedings - IEEE International Conference on Robotics and Automation","","","8460692","2566","2573","28","10.1109/ICRA.2018.8460692","https://www.scopus.com/pages/publications/85060042428?origin=resultslist","The development of fast, agile micro Unmanned Aerial Vehicles (UAVs) has been limited by (i) on-board computing hardware restrictions, (ii) the lack of sophisticated vision-based perception and vision-in-the-loop control algorithms, and (iii) the absence of development environments where such systems and algorithms can be rapidly and easily designed, implemented, and validated. Here, we first present a new micro UAV platform that integrates high-rate cameras, inertial sensors, and an NVIDIA Jetson Tegra X1 system-on-chip compute module that boasts 256 GPU cores. The UAV mechanics and electronics were designed and built in house, and are described in detail. Second, we present a novel 'virtual reality' development environment, in which photorealistically-rendered synthetic on-board camera images are generated in real time while the UAV is in flight. This development environment allows us to rapidly prototype computing and sensing hardware as well as perception and control algorithms, using real physics, real interoceptive sensor data (e.g., from the on-board inertial measurement unit), and synthetic exteroceptive sensor data (e.g., from synthetic cameras). Third, we demonstrate repeated agile maneuvering with closed-loop vision-based perception and control algorithms, which we have developed using this environment. © 2018 IEEE.","","Agile manufacturing systems; Antennas; Inertial navigation systems; Maneuverability; Robotics; Robots; System-on-chip; Unmanned aerial vehicles (UAV); Virtual reality; Agile maneuvering; Computing hardware; Development environment; Exteroceptive sensor; Inertial measurement unit; Inertial navigation algorithms; Photo-realistic; Vision-based perception; Cameras","Conference paper","Final","","Scopus","2-s2.0-85060042428"
"Zhang H.; Ma J.; Liu H.; Guo P.; Deng H.; Xu K.; Ding X.","Zhang, Huaijie (57575666800); Ma, Jingya (57814361600); Liu, Haoyuan (57193813387); Guo, Pin (57202948887); Deng, Huichao (35791771500); Xu, Kun (54584606300); Ding, Xilun (7401929247)","57575666800; 57814361600; 57193813387; 57202948887; 35791771500; 54584606300; 7401929247","Indoor positioning technology of multi⁃rotor flying robot based on visual-inertial fusion; [视 觉 与 惯 性 融 合 的 多 旋 翼 飞 行 机 器 人室 内 定 位 技 术]","2023","Hangkong Xuebao/Acta Aeronautica et Astronautica Sinica","44","5","426964","","","6","10.7527/S1000-6893.2022.26964","https://www.scopus.com/pages/publications/85160955830?origin=resultslist","With the development of artificial intelligence technology，the application scenarios of UAV tend to be diverse. People’s demand for UAV is not only satisfied with flight，but also endows it with the role of flying robot，imposing higher requirements for its autonomous navigation，positioning in complex environment and intelligent cooperation. According to the positioning requirements of indoor scene，the indoor positioning of multi rotor flying robot is realized by integrating vision and inertial data. Besides，an image enhancement algorithm is added to the visual front end to improve the gray contrast of the image. Aiming at the drift problem in visual-inertial fusion positioning of flying robot，a strategy of feature point extraction and image frame release based on image information is proposed to improve the positioning accuracy. Aiming at the indoor autonomous tracking and landing task of flying robot，a flying robot autonomous landing system based on visual positioning is designed. Moreover，a flying robot model is built in Gazebo to verify its effectiveness. The positioning algorithms are compared and evaluated under the EuRoC dataset. A flying robot platform is built in the real scene for indoor positioning experiments. The task of autonomous tracking and landing of ground platform in indoor scene is completed. The error analysis is carried out by using the positioning truth value provided by the motion capture system. The results show that the positioning technology can meet the requirements of autonomous tracking and landing tasks in indoor scenes. © 2023 AAAS Press of Chinese Society of Aeronautics and Astronautics. All rights reserved.","autonomous tracking and landing; flying robot; indoor positioning; sensor data fusion; visual navigation","Image enhancement; Indoor positioning systems; Intelligent robots; Landing; Robot vision; Sensor data fusion; Application scenario; Artificial intelligence technologies; Autonomous landing; Autonomous tracking; Flying robots; Indoor positioning; Inertial fusion; Positioning technologies; Sensors data fusion; Visual Navigation; Unmanned aerial vehicles (UAV)","Article","Final","","Scopus","2-s2.0-85160955830"
"Tabassum T.E.; Petrunin I.; Rana Z.A.","Tabassum, Tarafder Elmi (58714883700); Petrunin, Ivan (7003772885); Rana, Zeeshan A. (36599001300)","58714883700; 7003772885; 36599001300","Position Uncertainty Reduction in Visual-Inertial Navigation Systems Using Multi-ML Error Compensation","2024","Proceedings of the International Technical Meeting of the Satellite Division of The Institute of Navigation, ION GNSS+","","2024","","1741","1755","1","10.33012/2024.19790","https://www.scopus.com/pages/publications/105012771881?origin=resultslist","In the absence of signals from global navigation satellite systems (GNSS), visual-inertial navigation systems (VINS) are usually utilized in urban air mobility (UAM) applications which require reliable navigation in complex urban areas. This paper focuses on improving vision-based alternatives to GNSS navigation solutions with position uncertainty correction for safe and uninterrupted flights. The novel contribution introduces multiple machine-learning aided hybrid visual-inertial odometry (multi-ML hybrid VIO) that utilizes gated recurrent unit (GRU) based error compensators to enhance positioning within complex environments by reducing the impacts of various sources of uncertainty. Unlike state-of-the-art systems that lack evidence of demonstrating performance enhancement with position uncertainty correction within VIO architectures, the proposed framework simultaneously reduces position uncertainty and improves accuracy. Furthermore, training and testing datasets are generated using MATLAB incorporating unreal engine simulation environment for UAVs to replicate complex scenarios including environmental conditions, illumination variations, weather effects and flight dynamics where traditional VIO systems tend to fail. The proposed hybrid VIO architecture has been validated under combinations of complex scenarios including various sources of uncertainty such as sensor noise, feature tracking error, environmental dynamics, weather effects and lighting conditions for extended flights. The comparison results have demonstrated reduction in horizontal positioning RMSE errors: 1.7m for VIO with VO error compensation 2.18m for VIO with KF error compensation, 1.4m for multi-ML hybrid VIO. Furthermore, it demonstrates generalization ability over seen and unseen fault scenarios that indicates performance improvement of 89% in 3D position compared to VIO with VO error compensation, VIO with KF error compensation, and ESKF-based VIO. Additionally, experimental results demonstrate overall horizontal position uncertainty reduction by 79% for test 1 and 22% for test 2. Finally, this work represents a step forward in improving the safety and effectiveness of UAV navigation by providing vision-based alternative to GNSS solution for uninterrupted flights. © 2024 The Institute of Navigation. All Rights Reserved.","","Air navigation; Air transportation; Communication satellites; Compensation (personnel); Computer architecture; Flight dynamics; Flight simulators; Flight testing; Global positioning system; Learning systems; Machine learning; Statistical tests; Unmanned aerial vehicles (UAV); Complex urban area; Global Navigation Satellite Systems; Inertial navigations; Position uncertainties; Sources of uncertainty; Uncertainty corrections; Uncertainty reduction; Urban air; Vision based; Weather effect; Error compensation","Conference paper","Final","","Scopus","2-s2.0-105012771881"
"Villalobos G.; Petrunin I.; Shin H.-S.; Gilmour J.","Villalobos, G. (59242367000); Petrunin, I. (7003772885); Shin, H.-S. (10642381400); Gilmour, J. (59242091300)","59242367000; 7003772885; 10642381400; 59242091300","Robust Multi-Sensor Navigation in GNSS Degraded Environments","2023","AIAA SciTech Forum and Exposition, 2023","","","","","","2","10.2514/6.2023-2242","https://www.scopus.com/pages/publications/85177673873?origin=resultslist","The success of an Unmanned Aircraft Vehicle for effective operation beyond visual line of sight is linked to the system’s ability to maintain precise positioning during stationary and maneuvering flight under all encountered conditions, such as sensor measurement degradation or unavailability. Therefore, unmanned operations demand a resilient, accurate, and integral navigation system. Sensor fusion increases data redundancy by combining measurements from complementary sensors, such as Global Navigation Satellite Systems GNSS, Visual Inertial Navigation Systems VINS, and Light Detection and Ranging Systems LIDAR. This research aims to propose an enhanced adaptative sensor switching mechanism within a multi-sensor navigation system for improved robustness in GNSS-degraded environments accounting for accuracy through the interaction between different sensor models by means of their probability of failure. The switching is driven by a real-time process that dynamically adapts to sensor loss and degradation environments based solely on each sensor’s adaptative probability of failure and their interaction. This approach is developed based on previous research and is improved to account for the dependency of heuristic determination for sensor uncertainty models. The simulation is achieved with the help of the UAV Toolbox from MATLAB and the positioning signals modeled through ground truth manipulation with existing error models to test and evaluate the proposed methodology. The results presented show an improvement by mitigating the heuristic dependency and Markov chain sensitivity reported in previous research. © 2023, American Institute of Aeronautics and Astronautics Inc, AIAA. All rights reserved.","","Air navigation; Failure analysis; Global positioning system; Maneuverability; MATLAB; Optical radar; Sensor data fusion; Unmanned aerial vehicles (UAV); Aircraft vehicles; Condition; Line of Sight; Lines-of-sight; Manoeuvring flight; Multi-sensors navigations; Precise positioning; Probability of failure; Unmanned aircrafts; Visual line; Inertial navigation systems","Conference paper","Final","All Open Access; Green Open Access","Scopus","2-s2.0-85177673873"
"Dai B.; He Y.; Gu F.; Yang L.; Xu W.","Dai, Bo (57193807315); He, Yuqing (23060003200); Gu, Feng (35792118800); Yang, Liying (57020320900); Xu, Weiliang (7404429185)","57193807315; 23060003200; 35792118800; 57020320900; 7404429185","Multi-sensor fusion for unmanned aerial vehicles based on the combination of filtering and optimization; [结合滤波与优化的无人机多传感器融合方法]","2020","Scientia Sinica Informationis","50","12","","1919","1931","7","10.1360/SSI-2019-0237","https://www.scopus.com/pages/publications/85098949782?origin=resultslist","Accurate and real-time state estimation is the first step to realize safe flight and operation of unmanned aerial vehicles (UAVs). Multi-sensor fusion, e.g., vision, IMU, and GPS, can improve the accuracy of state estimation and even make it work when some sensor is unavailable. Thus, this paper proposes a multi-sensor fusion method based on the combination of filtering and optimization to achieve locally accurate and globally drift-free state estimation. The proposed method has two components, i.e., the Kalman filter and global optimization. The Kalman filter is considered the main structure of the fusion framework, which fuses a local sensor (IMU) and global sensors (aligned global visual inertial odometry, GPS, magnetometer, and barometer sensors) to obtain global state estimation in real time. Global optimization estimates the transformation between local base frame of the visual inertial odometry and global base frame to obtain an accurate global visual estimation. However, given discontinuity of optimization and odometry delay, the aligned visual odometry is then input into the Kalman filter to achieve accurate and drift-free state estimation in real time. Finally, flight and localization tests on a practical UAV were conducted. The experimental results demonstrate the effectiveness and robustness of the proposed multi-sensor fusion method. © 2020, Science China Press. All right reserved.","Global optimization; Kalman filter; Multi-sensor fusion; State estimation; Unmanned aerial vehicles","","Article","Final","All Open Access; Bronze Open Access","Scopus","2-s2.0-85098949782"
"Chen H.; Zhang L.; Li D.; Xu J.; Yang W.; Yang Z.","Chen, Huilin (39060953000); Zhang, Li (55919529800); Li, Danyang (57213815798); Xu, Jingao (57205489180); Yang, Weiqi (59141232400); Yang, Zheng (58431749000)","39060953000; 55919529800; 57213815798; 57205489180; 59141232400; 58431749000","REFLoc: A Resilient Evolutionary Fusion Framework for Robust Indoor Localization","2024","IEEE Transactions on Instrumentation and Measurement","73","","5021413","","","9","10.1109/TIM.2024.3403196","https://www.scopus.com/pages/publications/85194043463?origin=resultslist","Location awareness is becoming increasingly crucial in unmanned aerial vehicles (UAVs). However, in the absence of global positioning system (GPS) signals in indoor scenes, how to obtain accurate positioning results has become a frontier issue that has attracted much attention. This article proposes a resilient evolutionary multisensor fusion localization framework named 'REFLoc' to achieve accurate indoor positioning of UAVs. Motivated by the ease of deployment and the wide feasibility of precise indoor localization, we introduce ultrawideband (UWB) as global localization. The global localization provides the absolute position information of the UAV indoors, but it may be affected by signal blocking, occlusion, or interference. To address these noise effects, we introduce a hybrid threshold wavelet denoising (HTWD) algorithm to effectively preprocess UWB data. We also integrate visual-inertial odometry (VIO) as the support of local tracking to provide continuous and high-frequency motion estimation. We dynamically adjust the weight parameters and noise covariance matrices by using the resilient evolutionary fusion method. Then, we further seamlessly integrate the global localization and local tracking results in the optimized EKF framework. This improves the robustness of the system to environmental changes and outliers. We evaluate the performance of REFLoc in public datasets and the real world, and the experimental results show that the proposed framework can effectively improve the robustness and accuracy of the UAVs' localization.  © 1963-2012 IEEE.","Indoor localization; resilient evolutionary fusion; ultrawideband (UWB); unmanned aerial vehicle (UAV); visual inertial odometry (VIO)","Antennas; Covariance matrix; Frequency estimation; Global positioning system; Indoor positioning systems; Ultra-wideband (UWB); Unmanned aerial vehicles (UAV); Aerial vehicle; Global localization; Indoor localization; Localisation; Odometry; Resilient evolutionary fusion; Ultra-wideband; Ultrawide band; Unmanned aerial vehicle; Visual inertial odometry; Motion estimation","Article","Final","","Scopus","2-s2.0-85194043463"
"Zhao B.; Hellwich O.; Hu T.; Zhou D.; Niu Y.; Shen L.","Zhao, Boxin (55469084300); Hellwich, Olaf (6701327873); Hu, Tianjiang (14021374900); Zhou, Dianle (55968946900); Niu, Yifeng (56222112100); Shen, Lincheng (7401704588)","55469084300; 6701327873; 14021374900; 55968946900; 56222112100; 7401704588","Employing smartphone as on-board navigator in unmanned aerial vehicles: Implementation and experiments","2015","Industrial Robot","42","4","","306","313","4","10.1108/IR-01-2015-0016","https://www.scopus.com/pages/publications/84931028080?origin=resultslist","Purpose: This study aims to investigate if smartphone sensors can be used in an unmanned aerial vehicle (UAV) localization system. With the development of technology, smartphones have been tentatively used in micro-UAVs due to their lightweight, inexpensiveness and flexibility. In this study, a Samsung Galaxy S3 smartphone is selected as an on-board sensor platform for UAV localization in Global Positioning System (GPS)-denied environments and two main issues are investigated: Are the phone sensors appropriate for UAV localization? If yes, what are the boundary conditions of employing them? Design/methodology/approach: Efficient accuracy estimation methodologies for the phone sensors are proposed without using any expensive instruments. Using these methods, one can estimate his phone sensors accuracy at any time without special instruments. Then, a visual-inertial odometry scheme is introduced to evaluate the phone sensors-based path estimation performance. Findings: Boundary conditions of using smartphone in a UAV navigation system are found. Both indoor and outdoor localization experiments are carried out and experimental results validate the effectiveness of the boundary conditions and the corresponding implemented scheme. Originality/value: With the phone as a payload, UAVs can be further realized in smaller scale at lower cost, which will be used widely in the field of industrial robots. © Emerald Group Publishing Limited [ISSN 0143-991X].","Mems sensor calibration; Navigation; Smartphone; Unmanned aerial vehicles (UAV)","Agricultural robots; Air navigation; Boundary conditions; Global positioning system; Indoor positioning systems; Industrial robots; Mobile antennas; Navigation; Smartphones; Accuracy estimation; Design/methodology/approach; Localization system; MEMS sensors; Micro UAVs; On-board sensors; Outdoor localizations; Path estimation; Unmanned aerial vehicles (UAV)","Article","Final","","Scopus","2-s2.0-84931028080"
"Li Y.; Xiong Z.; Wang J.; Gao G.","Li, Yanfei (59706376200); Xiong, Zhi (12762452800); Wang, Jingqi (57215218661); Gao, Guanhong (58164329600)","59706376200; 12762452800; 57215218661; 58164329600","A Visual-Inertial Localization Method Based on Motion Feature Constraints","2025","Lecture Notes in Electrical Engineering","1338 LNEE","","","65","74","0","10.1007/978-981-96-2204-7_7","https://www.scopus.com/pages/publications/105000828356?origin=resultslist","The method of fusing visual and inertial information for localization has been shown to deliver stable navigational outcomes when the unmanned aerial vehicle (UAV) undergoes large attitude changes. However, when the UAV’s motion state changes such as sudden stopping and prolonged hovering to identify the search target, the drift noise of the IMU and insufficient constraints of the visual features results in diminished precision of localization. Furthermore, if there is interference from dynamic objects in the environment currently, incorrect visual measurement information will be introduced. To tackle the issue, this research advances a method for visual-inertial navigation anchored in the motion feature constraints, which introduces a zero-velocity update factor into optimization without increasing the number of sensors to detect the zero-velocity state of the UAV and improve the localization accuracy. By designing UAV experiments, it is proved that the method outlined in this paper indeed improves the precision of positioning in dynamic scenes where the UAV’s trajectory appears a long-time hovering compared to VINS-Fusion. © The Author(s), under exclusive license to Springer Nature Singapore Pte Ltd. 2025.","Multi-source Fusion; Navigation and Positioning; Nonlinear Optimization; UAV; Zero-velocity Update","Aeroassist; Helicopters; Inertial navigation systems; Nonlinear programming; Aerial vehicle; Inertial localizations; Localisation; Motion features; Multi-source fusion; Navigation and positioning; Non-linear optimization; Unmanned aerial vehicle; Zero velocity; Zero-velocity update; Unmanned aerial vehicles (UAV)","Conference paper","Final","","Scopus","2-s2.0-105000828356"
"Kreinberg J.; Iuga I.; Zaugg G.; Pong P.W.T.","Kreinberg, Jonathon (58639524800); Iuga, Ion (58638845400); Zaugg, Gottfried (58638407000); Pong, Philip W. T. (57218887054)","58639524800; 58638845400; 58638407000; 57218887054","Lidar-VIO Based Mapping of Elevator Shaft with UAV for Verification of Spatial Dimensions","2023","6th International Conference on Electrical Engineering and Green Energy, CEEGE 2023","","","","301","308","0","10.1109/CEEGE58447.2023.10246629","https://www.scopus.com/pages/publications/85173718515?origin=resultslist","Current methods utilized for the inspection of spatial dimensions of elevator shafts currently entail the need to take manual measurements at various levels of the shaft. Utilizing a UAV to collect spatial dimensions has potential to allow inspectors to complete their jobs in a safer manner and to boost the accuracy and consistency of inspection procedures. The study presented tests the feasibility of a designed UAV based system that hosts a miniaturized simultaneous localization and mapping (SLAM) scheme for usage of generating a point cloud of an elevator shaft environment for spatial dimension inspection. Secondary usages of the scheme are further demonstrated for cases where the scheme is employed while not mounted on a UAV. Average horizontal measurement accuracy for the system employed in flight is found to be 6.57 cm, and there is little difference in accuracy for mapping performed not in flight. Visual inertial odometry is investigated for pose estimation reliability in dark environments and environments with little structural information to process. Further sensor characterizations are performed to characterize properties of point clouds generated of a laboratory, a hallway, and an elevator shaft.  © 2023 IEEE.","Lidar; Robotics; ROS; SLAM; UAV; VIO","Elevators; Inspection; Mapping; Optical radar; Robotics; 'current; Elevator shafts; Inspection procedures; Localization schemes; Manual measurements; Point-clouds; ROS; Simultaneous localization and mapping; Spatial dimension; VIO; Unmanned aerial vehicles (UAV)","Conference paper","Final","","Scopus","2-s2.0-85173718515"
"Hu Z.; Butt M.Z.; Nasir N.; Salleh M.B.","Hu, Zhanhao (59917888400); Butt, Muhammad Zohaib (56524092200); Nasir, Nazri (57227128700); Salleh, Mohd Badrul (56492383500)","59917888400; 56524092200; 57227128700; 56492383500","Vision-based autonomous navigation for quadrotor UAVs in unknown and constrained environments","2025","International Journal of Intelligent Robotics and Applications","9","4","","1743","1754","4","10.1007/s41315-025-00462-2","https://www.scopus.com/pages/publications/105006829671?origin=resultslist","The demand for autonomous UAV navigation in complex environments is growing rapidly. However, most existing studies focus on simulations, lacking real-world validation under challenging conditions. This study systematically evaluates a vision-based navigation framework combining VINS-Mono for localization and Ego-Planner for path planning in GPS-denied, low-light, high-obstacle-density environments. Unlike traditional approaches that struggle with UAV high-frequency motion and dynamic constraints, VINS-Mono provides accurate high-frequency positioning via visual-inertial fusion. At the same time, Ego-Planner enables smooth, dynamically feasible real-time trajectory generation. Real-world experiments on three randomly generated maps (minimum obstacle spacing: 0.8 m (twice UAV wheelbase); obstacle density: 0.72 obstacles/m2) achieved a minimum 70% success rate, with 87% of trajectories smoother than A* in simulations. Results demonstrate the framework’s robustness, though challenges such as field-of-view constraints and sensor-induced localization errors affecting replanning remain. This study presents a real-world evaluation of vision-based UAV navigation in constrained environments, offering insights into its feasibility and limitations. The findings contribute to improving trajectory optimization and UAV autonomy in constrained GPS-denied scenarios. © The Author(s) 2025.","Real-world validation; Unknown constrained environments; Vision-based UAV autonomous navigation","Drones; Global positioning system; Motion planning; Target drones; Autonomous navigation; Autonomous UAV; High frequency HF; Obstacle densities; Quad rotors; Real-world; Real-world validation; Unknown constrained environment; Vision based; Vision-based UAV autonomous navigation; Micro air vehicle (MAV)","Article","Final","All Open Access; Hybrid Gold Open Access","Scopus","2-s2.0-105006829671"
"Wicaksono M.; Shin S.Y.","Wicaksono, Muhammad (58612412500); Shin, Soo Young (8983941500)","58612412500; 8983941500","GO-SLAM: GPS-Aided Visual-Inertial SLAM for Adaptive UAV Navigation in Outdoor-Indoor Environments","2025","IEEE Transactions on Instrumentation and Measurement","74","","7503408","","","8","10.1109/TIM.2025.3538081","https://www.scopus.com/pages/publications/105001207525?origin=resultslist","This article introduces a GPS-aided visual-inertial simultaneous localization and mapping (SLAM) system named GO-SLAM. This proposed system optimizes uncrewed aerial vehicles (UAVs)-based search and rescue (SAR) operations by enabling efficient navigation in transition areas between indoor and outdoor environments. Therefore, the UAV addresses challenges posed by intermittent GPS signals and limited features for visual odometry (VO). GO-SLAM optimizes local pose estimation by leveraging available GPS signals and inertial data from visual-inertial odometry (VIO). The system incorporates kinodynamic path search, which employs a hierarchical, time-optimal trajectory planning method to ensure comprehensive coverage. The efficacy of GO-SLAM is evaluated through scenarios involving transition areas with unreliable or absent GPS signals, followed by simulations and real-world experiments to validate its adaptive navigation capabilities. © 2025 IEEE. All rights reserved,","Adaptive navigation; GPS signal; search and rescue; uncrewed aerial vehicle (UAV); visual simultaneous localization and mapping (SLAM); visual-inertial odometry (VIO)","Air navigation; Indoor positioning systems; Inertial navigation systems; Photomapping; SLAM robotics; Unmanned aerial vehicles (UAV); Adaptive navigation; GPS signals; Indoor environment; Odometry; Search and rescue; Simultaneous localization and mapping; Uncrewed aerial vehicles; Vehicle navigation; Visual inertial odometry; Visual simultaneous localization and mappings; Global positioning system","Article","Final","","Scopus","2-s2.0-105001207525"
"Omotuyi O.; Kumar M.","Omotuyi, Oyindamola (57219802191); Kumar, Manish (16413127900)","57219802191; 16413127900","UAV Visual-Inertial Dynamics (VI-D) Odometry using Unscented Kalman Filter","2021","IFAC-PapersOnLine","54","20","","814","819","11","10.1016/j.ifacol.2021.11.272","https://www.scopus.com/pages/publications/85124583408?origin=resultslist","Different approaches to Visual-Inertial odometry(VIO) has been presented in literature. However, few research works exploits the quadrotor translational and rotational dynamics and the known thrust and torque inputs. Additional information from the dynamics with known control inputs improves the state estimation. This paper is focused on the estimation of the quadrotor UAV 6 DOF pose by fusing the information from the dynamics of the quadrotor coupled with visual-inertial measurements using an Unscented Kalman Filter. The thrust and torque inputs drives the prediction model while the VIO system provides 6 DOF pose, velocity and unbiased angular velocity of the vehicle. The results shows that our approach improves the state estimates by about 2-5% in translation and 37% in rotation. Copyright © 2021 The Authors. This is an open access article under the CC BY-NC-ND license (https://creativecommons.org/licenses/by-nc-nd/4.0/)","EKF; Estimation and filtering; UKF; Unmanned Aerial Vehicle (UAV); Visual-Inertial Odometry(VIO)","Antennas; Dynamics; Extended Kalman filters; State estimation; Estimation and filtering; Inertial dynamics; Odometry; Quad rotors; Thrust and torques; Translational dynamics; UKF; Unmanned aerial vehicle; Unscented Kalman Filter; Visual-inertial odometry; Unmanned aerial vehicles (UAV)","Conference paper","Final","All Open Access; Gold Open Access","Scopus","2-s2.0-85124583408"
"Asil U.; Nasibov E.","Asil, Ufuk (57222479301); Nasibov, Efendi (56007375900)","57222479301; 56007375900","Adaptive Covariance and Quaternion-Focused Hybrid Error-State EKF/UKF for Visual-Inertial Odometry","2025","International Journal of Computational Intelligence Systems","18","1","206","","","2","10.1007/s44196-025-00942-0","https://www.scopus.com/pages/publications/105012844084?origin=resultslist","This study presents an innovative hybrid Visual-Inertial Odometry (VIO) method for Unmanned Aerial Vehicles (UAVs) that is resilient to environmental challenges and capable of dynamically assessing sensor reliability. Built upon a loosely coupled sensor fusion architecture, the system utilizes a novel hybrid Quaternion-focused Error-State EKF/UKF (Qf-ES-EKF/UKF) architecture to process inertial measurement unit (IMU) data. This architecture first propagates the entire state using an Error-State Extended Kalman Filter (ESKF) and then applies a targeted Scaled Unscented Kalman Filter (SUKF) step to refine only the orientation. This sequential process blends the accuracy of SUKF in quaternion estimation with the overall computational efficiency of ESKF. The reliability of visual measurements is assessed via a dynamic sensor confidence score based on metrics, such as image entropy, intensity variation, motion blur, and inference quality, adapting the measurement noise covariance to ensure stable pose estimation even under challenging conditions. Comprehensive experimental analyses on the EuRoC MAV dataset demonstrate key advantages: an average improvement of 49% in position accuracy in challenging scenarios, an average of 57% in rotation accuracy over ESKF-based methods, and SUKF-comparable accuracy achieved with approximately 48% lower computational cost than a full SUKF implementation. These findings demonstrate that the presented approach strikes an effective balance between computational efficiency and estimation accuracy, and significantly enhances UAV pose estimation performance in complex environments with varying sensor reliability. © The Author(s) 2025.","Adaptive fltering; ESKF; Hybrid filtering; Loosely coupled; SUKF; VIO","Antennas; Architecture; Errors; Extended Kalman filters; Spurious signal noise; Unmanned aerial vehicles (UAV); Adaptive fltering; Aerial vehicle; Error-state; Error-state extended kalman filter; Hybrid filtering; Loosely coupled; Odometry; Scaled unscented kalman filter; Unscented Kalman Filter; Visual-inertial odometry; Computational efficiency","Article","Final","All Open Access; Gold Open Access; Green Open Access","Scopus","2-s2.0-105012844084"
"Liu D.; Wu J.; Du Y.; Zhang R.; Cong M.","Liu, Dong (57137089900); Wu, Jingyuan (57215268463); Du, Yu (56424435200); Zhang, Runqi (58296575700); Cong, Ming (16306181000)","57137089900; 57215268463; 56424435200; 58296575700; 16306181000","SBC-SLAM: Semantic Bioinspired Collaborative SLAM for Large-Scale Environment Perception of Heterogeneous Systems","2024","IEEE Transactions on Instrumentation and Measurement","73","","5018110","1","10","17","10.1109/TIM.2024.3385825","https://www.scopus.com/pages/publications/85190174229?origin=resultslist","Recently, there have been efforts to enable collaborative simultaneous localization and mapping (SLAM) of heterogeneous unmanned aerial vehicle (UAV)/unmanned ground vehicle (UGV) in large-scale dynamic environments. However, the challenges of collaborative localization introduced by the view differences between aerial and ground robots, high cost of storing, reusing the metric map, greatly limit the application of traditional visual SLAM algorithms in cross-domain robot collaborative SLAM. To address these issues, this article introduces a semantic-based bioinspired SLAM frame work for operating mobile robots equipped with a visual system in unstructured large-scale outdoor environments. This system forms a semidense semantic map through bioinspired tightly coupled visual inertial odometry, which can encode the sensory cues and self-motion cues with biological neural models in a compact and efficient manner. The topological information of semantic feature points serves as visually robust scene descriptor. It enables UAVs and UGVs to recognize the same scene with view variation. The proposed system is tested in both synthetic and real-world large-scale unstructured environments. Proposed system achieving a similar level of accuracy with about 20% of the key frame information required by traditional algorithms. It successfully registered heterogeneous robot's trajectory in both simulation and real environment, with errors under 10%. Its accuracy shows advantage to previous algorithms.  © 1963-2012 IEEE.","Brain inspired simultaneous localization and mapping (SLAM); large-scale environment measurement; semantic metric map; view robust scene descriptor; visual SLAM","Antennas; Mapping; Robots; Unmanned aerial vehicles (UAV); Brain inspired SLAM; Brain-inspired; Descriptors; Large-scale environment measurement; Large-scales; Location awareness; Metric maps; Odometry; Semantic metric map; Semantic metrics; Simultaneous localization and mapping; View robust scene descriptor; Visual simultaneous localization and mappings; Semantics","Article","Final","","Scopus","2-s2.0-85190174229"
"Col G.D.; Karjalainen V.; Hakala T.; Honkavaara E.","Col, Guglielmo Del (60207222500); Karjalainen, Väinö (58846863600); Hakala, Teemu (26325493600); Honkavaara, Eija (55927897800)","60207222500; 58846863600; 26325493600; 55927897800","Autonomous Drone Navigation in Forest Environments Using Deep Learning","2025","International Archives of the Photogrammetry, Remote Sensing and Spatial Information Sciences - ISPRS Archives","48","2/W11-2025","","87","93","0","10.5194/isprs-archives-XLVIII-2-W11-2025-87-2025","https://www.scopus.com/pages/publications/105022735589?origin=resultslist","Autonomous drone navigation in dense forests remains challenging due to unreliable GNSS signals, difficulty detecting thin branches, and cumulative drift in Visual-Inertial Odometry (VIO). This work investigates a deep learning-based navigation solution using a simulation-to-reality approach, focusing on boreal forests where fine obstacles and dense foliage are prevalent. A vision-based system was deployed, combining a semantically-enhanced depth autoencoder for small-branch detection and a Collision Prediction Network (CPN) based on motion primitive evaluation. The system, trained using RotorS and Aerial Gym simulations data, was implemented on a custom drone featuring a RealSense D435i and a RealSense T265 sensor suite and NVIDIA Orin NX for onboard processing. Real-world tests in open, lightly vegetated, and dense forests revealed robust performance against larger obstacles but highlighted limitations in thin-branch avoidance and odometry drift in highly cluttered environments. While simulation results were satisfactory, real-world trials achieved moderate success (60 m flights), demonstrating the potential of the framework for forestry applications. As future directions, integrating higher-resolution sensors, RGB-depth fusion, a y-velocity integration and possibly a small lidar, to address current gaps are proposed. The findings underscore the need for real-world validation beyond simulation to bridge the perception-action gap in complex environments. © Author(s) 2025. CC BY 4.0 License.","Autonomous navigation; deep learning; forest environments; obstacle avoidance; trajectory planning; UAV","Air navigation; Aircraft detection; Antennas; Collision avoidance; Computer vision; Drones; Flight simulators; Forest ecology; Forestry; Learning systems; Motion estimation; Vision; Autonomous navigation; Boreal forests; Deep learning; Forest environments; GNSS signals; Navigation solution; Obstacles avoidance; Odometry; Real-world; Trajectory Planning; Deep learning","Conference paper","Final","All Open Access; Gold Open Access; Green Open Access","Scopus","2-s2.0-105022735589"
"Fei S.; Li J.; Li L.; Liang J.; Hu J.; Zhang D.; Han J.","Fei, Sicheng (59704497900); Li, Jingfeng (58755507600); Li, Lei (57218274159); Liang, Jie (59704138100); Hu, Jinwen (55499469900); Zhang, Dingwen (56024706800); Han, Junwei (60198881800)","59704497900; 58755507600; 57218274159; 59704138100; 55499469900; 56024706800; 60198881800","Transformer Based Visual Inertial Odometry","2025","Lecture Notes in Electrical Engineering","1353 LNEE","","","567","575","0","10.1007/978-981-96-2264-1_54","https://www.scopus.com/pages/publications/105000700532?origin=resultslist","Visual inertial odometry (VIO) is a sensor fusion technology used for positioning and navigation. It combines visual sensor and inertial sensor information to estimate the movement and location of the UAV in real time. In recent years deep learning based approaches VIO have shown outstanding performance than traditional geometric methods. However, VIO tasks usually need to capture long-distance feature dependencies to ensure the continuity and consistency of camera motion trajectories in time series. In this study, we introduce a new end to end transformer based VIO framework, named VIO-former, to enable the model to better understand motion features in video sequences. Comprehensive quantitative and qualitative evaluation is conducted on KITTI datasets to test our method. The experimental results shows that our approach can achieve superior performance when compared with the existing methods. © The Author(s), under exclusive license to Springer Nature Singapore Pte Ltd. 2025.","Sensor fusion; Transformer; Visual inertial odometry","Deep learning; Inertial navigation systems; Fusion technology; Inertial sensor; Odometry; Performance; Real- time; Sensor fusion; Sensor informations; Transformer; Visual inertial odometry; Visual sensor","Conference paper","Final","","Scopus","2-s2.0-105000700532"
"Zhang B.; Shao X.; Wang Y.; Sun G.; Yao W.","Zhang, Bing (57851672000); Shao, Xiangyu (57203188091); Wang, Yankun (57225158984); Sun, Guanghui (35103657700); Yao, Weiran (56808696100)","57851672000; 57203188091; 57225158984; 35103657700; 56808696100","R-LVIO: Resilient LiDAR-Visual-Inertial Odometry for UAVs in GNSS-denied Environment","2024","Drones","8","9","487","","","7","10.3390/drones8090487","https://www.scopus.com/pages/publications/85205107315?origin=resultslist","In low-altitude, GNSS-denied scenarios, Unmanned aerial vehicles (UAVs) rely on sensor fusion for self-localization. This article presents a resilient multi-sensor fusion localization system that integrates light detection and ranging (LiDAR), cameras, and inertial measurement units (IMUs) to achieve state estimation for UAVs. To address challenging environments, especially unstructured ones, IMU predictions are used to compensate for pose estimation in the visual and LiDAR components. Specifically, the accuracy of IMU predictions is enhanced by increasing the correction frequency of IMU bias through data integration from the LiDAR and visual modules. To reduce the impact of random errors and measurement noise in LiDAR points on visual depth measurement, cross-validation of visual feature depth is performed using reprojection error to eliminate outliers. Additionally, a structure monitor is introduced to switch operation modes in hybrid point cloud registration, ensuring accurate state estimation in both structured and unstructured environments. In unstructured scenes, a geometric primitive capable of representing irregular planes is employed for point-to-surface registration, along with a novel pose-solving method to estimate the UAV’s pose. Both private and public datasets collected by UAVs validate the proposed system, proving that it outperforms state-of-the-art algorithms by at least 12.6%. © 2024 by the authors.","LiDAR-visual-inertial odometry; Multi-sensor fusion; point-to-surface alignment; structure quantification","Aircraft detection; Frequency estimation; Global positioning system; Random errors; Synthetic apertures; Time difference of arrival; Velocity measurement; Aerial vehicle; Inertial measurements units; Light detection and ranging; Light detection and ranging-visual-inertial odometry; Low altitudes; Multi-sensor fusion; Odometry; Point-to-surface alignment; Structure quantification; Surface alignment; Unmanned aerial vehicles (UAV)","Article","Final","All Open Access; Gold Open Access; Green Open Access","Scopus","2-s2.0-85205107315"
"Xie M.-R.; Jung S.-Y.; Chen K.-W.","Xie, Ming-Ru (57433489000); Jung, Shing-Yun (57196000842); Chen, Kuan-Wen (55884042700)","57433489000; 57196000842; 55884042700","Three-Dimensional Drone Exploration with Saliency Prediction in Real Unknown Environments","2023","Aerospace","10","5","488","","","2","10.3390/aerospace10050488","https://www.scopus.com/pages/publications/85160714042?origin=resultslist","In this paper, we propose a three-dimensional autonomous drone exploration system (ADES) with a lightweight and low-latency saliency prediction model to explore unknown environments. Several studies have applied saliency prediction in drone exploration. However, these studies are not sufficiently mature. For example, the computational complexity and the size of the developed prediction models have not been considered. In addition, some studies have only proposed saliency prediction models without actually applying them to drones. The ADES system proposed in this paper has a small and fast saliency prediction model and uses a novel drone exploration approach based on visual-inertial odometry to solve the practical problems encountered during drone exploration, such as collisions with and the repeated exploration of salient objects. The proposed ADES system performs comparably to the state-of-the-art, multiple-discontinuous-image saliency prediction network TA-MSNet and enables drones to explore unknown environments with high efficiency. © 2023 by the authors.","automation; drone exploration; location awareness; prediction methods; UAV exploration","","Article","Final","All Open Access; Gold Open Access; Green Open Access","Scopus","2-s2.0-85160714042"
"Zhuo H.; Du K.; Jiang S.; Li T.","Zhuo, Haoze (57813150100); Du, Ke (60585270500); Jiang, Shenchao (60584870100); Li, Tailin (60584975500)","57813150100; 60585270500; 60584870100; 60584975500","Research on High-Precision 3D Positioning and Map Construction Technology of Unmanned Aerial Vehicles in GIS Environment of Substations","2025","Proceedings - 2nd International Conference on Computer Communication, Networks and Information Science, CCNIS 2025","","","","21","24","0","10.1109/CCNIS69465.2025.00010","https://www.scopus.com/pages/publications/105035830657?origin=resultslist","With the support of the GIS environment, the system integrates visual inertial navigation and depth feature extraction technologies to achieve high-precision three-dimensional positioning and map construction of the substation scene by unmanned aerial vehicles. In the working environment with complex metal structures and significant electromagnetic interference, the system adopts a multi-source information fusion method, effectively enhancing the accuracy and operational stability of three-dimensional positioning. Deep semantic segmentation is adopted to extract the structure of key facilities, ensuring that the core elements of map reconstruction have good recognition. The 3D mapping results are accurately aligned to the GIS coordinate system to achieve unified management and precise measurement of spatial information. © 2025 IEEE.","Drone positioning; GIS Environment; Multi-source information fusion; Semantic segmentation; Three-dimensional mapping","Air navigation; Electromagnetic wave emission; Geographic information systems; Information fusion; Mapping; Metal working; Partial discharges; Remote sensing; Robotics; Semantic Segmentation; Three dimensional computer graphics; Unmanned aerial vehicles (UAV); 3D positioning; Aerial vehicle; Drone positioning; GIS environment; High-precision; Map constructions; Multi-source information fusion; Semantic segmentation; Three dimensional mapping; Three-dimensional positioning; Antennas; Semantics","Conference paper","Final","","Scopus","2-s2.0-105035830657"
"Bautista N.; Gutierrez H.; Inness J.; Rakoczy J.","Bautista, Nicolas (57191371257); Gutierrez, Hector (57204337172); Inness, John (58119172600); Rakoczy, John (6603937087)","57191371257; 57204337172; 58119172600; 6603937087","Precision Landing of a Quadcopter Drone by Smartphone Video Guidance Sensor in a GPS-Denied Environment","2023","Sensors","23","4","1934","","","11","10.3390/s23041934","https://www.scopus.com/pages/publications/85148969285?origin=resultslist","This paper describes the deployment, integration, and demonstration of a Smartphone Video Guidance Sensor (SVGS) as a novel technology for autonomous 6-DOF proximity maneuvers and precision landing of a quadcopter drone. The proposed approach uses a vision-based photogrammetric position and attitude sensor (SVGS) to estimate the position of a landing target after video capture. A visual inertial odometry sensor (VIO) is used to provide position estimates of the UAV in a ground coordinate system during flight on a GPS-denied environment. The integration of both SVGS and VIO sensors enables the accurate updating of position setpoints during landing, providing improved performance compared with VIO-only landing, as shown in landing experiments. The proposed technique also shows significant operational advantages compared with state-of-the-art sensors for indoor landing, such as those based on augmented reality (AR) markers. © 2023 by the authors.","autonomous landing; GPS-denied environment; smartphone video guidance sensor; unmanned aerial vehicle; visual inertial odometry","Air navigation; Antennas; Augmented reality; Drones; Global positioning system; Inertial navigation systems; Landing; Aerial vehicle; Autonomous landing; GPS-denied environment; Guidance sensors; Odometry; Smart phones; Smartphone video guidance sensor; Unmanned aerial vehicle; Video guidance; Visual inertial odometry; Smartphones","Article","Final","All Open Access; Gold Open Access; Green Open Access","Scopus","2-s2.0-85148969285"
"Xu C.; Li R.; Shi Y.; Zhou C.","Xu, Chengan (58637264800); Li, Rui (57125146500); Shi, Yingjing (7404964386); Zhou, Chen (58637447700)","58637264800; 57125146500; 7404964386; 58637447700","Multi-Sensor Fusion Framework Based on GPS State Detection","2023","Proceedings of the 2nd Conference on Fully Actuated System Theory and Applications, CFASTA 2023","","","","624","629","2","10.1109/CFASTA57821.2023.10243321","https://www.scopus.com/pages/publications/85173614972?origin=resultslist","In this paper, a GPS Fusion Framework Based on Graph optimization is proposed. Integrating visual inertial navigation odometer, a robust and high-precision UAV positioning algorithm for indoor and outdoor complex environments is completed. By using the proposed method, UAV platform can accurately obtain its own pose in indoor and outdoor, tunnel and other different environments. Compared with the pure visual positioning algorithm, the proposed multi-sensor fusion algorithm based on GPS state detection improves the positioning accuracy significantly. Finally, the algorithm is verified on the KITTI dataset and the quadrotor UAV platform. It is proven that the proposed algorithm has high precision and strong robustness.  © 2023 IEEE.","GPS Fusion Framework; KITTI dataset; multi-sensor; odometer; UAV; visual positioning","Aircraft detection; Global positioning system; GPS fusion framework; High-precision; KITTI dataset; Multi sensor; Multi-sensor fusion; Odometer; Positioning algorithms; State Detection; UAV platform; Visual positioning; Unmanned aerial vehicles (UAV)","Conference paper","Final","","Scopus","2-s2.0-85173614972"
"Liu T.; Chen B.; Wang B.; Liu D.","Liu, Tao (58843030800); Chen, Bo (56383136100); Wang, Benkuan (57190277160); Liu, Datong (24776023100)","58843030800; 56383136100; 57190277160; 24776023100","An Improved Image Stitching Method Based on Vision-Inertial Fusion","2024","Conference Record - IEEE Instrumentation and Measurement Technology Conference","","","","","","2","10.1109/I2MTC60896.2024.10560768","https://www.scopus.com/pages/publications/85197770113?origin=resultslist","To enhance the accuracy of autonomous navigation in Unmanned Aerial Vehicles (UAVs) and boost their autonomous sensing and measuring abilities in challenging real-world flying scenarios. This paper focuses on the mapping process in autonomous navigation of UAVs. The work aims to solve the problems in traditional Oriented FAST and Rotated BRIEF (ORB) feature extraction algorithm where feature points are prone to accumulate in areas with rich texture, and the limitation of Oriented FAST and Rotated BRIEF - Simultaneous Localization and Mapping 3 (ORB-SLAM3) system to construct dense maps. An improved image stitching method of visual-inertial fusion for dense mapping is proposed based on ORB-SLAM3. and the proposed method uses the obtained panoramic images to create dense maps. Firstly, the Scale Invariant Feature Transform (SIFT) algorithm is utilized during feature point extraction. The Random Sample Consensus (RANSAC) algorithm is applied for feature point optimization to obtain the best feature points for matching. Secondly, combining the posture information obtained by IMU pre-integration and the visual information will be used to compensate for the errors caused by the speed of the UAV and different angles of aerial photography. Then eliminating redundant and repeated pixels, and stitching adjacent pictures will help to get a panoramic picture. Finally, generate a dense map from the sparse point cloud map generated by ORB-SLAM3. Experiments based on the AirSim are performed to validate the proposed method. The result shows that the SIFT feature extraction method outperforms other methods, the improved image stitching method can effectively eliminate ghosting and pixel information loss problems in various environments, and the dense maps can also be achieved. © 2024 IEEE.","Dense Mapping; Feature Extraction; Image Stitching; IMU; ORB-SLAM3; SIFT","Air navigation; Antennas; Extraction; Feature extraction; Fusion reactions; Image enhancement; Image fusion; Pixels; Robotics; Textures; Unmanned aerial vehicles (UAV); Aerial vehicle; Dense mapping; Features extraction; Image stitching; Image stitching methods; IMU; Invariant feature transforms; Oriented FAST and rotated BRIEF-SLAM3; Scale invariant feature transform; Scale invariant features; Mapping","Conference paper","Final","","Scopus","2-s2.0-85197770113"
"Du S.; Xu M.; Li Y.; Fang W.; Liu Q.; Yi P.; Hong Y.","Du, Siyuan (57788845900); Xu, Mengyuan (57224906719); Li, Yixuan (59646592600); Fang, Wen (57202733340); Liu, Qingwen (56127740700); Yi, Peng (55585611900); Hong, Yiguang (57218665453)","57788845900; 57224906719; 59646592600; 57202733340; 56127740700; 55585611900; 57218665453","Multiview Landmark-Assisted UAV Swarm 6-DoF Pose Estimation Using Resonant Beam and VIO","2025","IEEE Internet of Things Journal","12","15","","31511","31525","1","10.1109/JIOT.2025.3573755","https://www.scopus.com/pages/publications/105006888118?origin=resultslist","As an essential aerial platform in Internet of Things (IoT) applications, UAV swarms require high-precision attitude estimation in GPS-limited and dynamic environments, which supports higher-level IoT functions, such as smart logistics, disaster response, and environmental monitoring. However, most odometry-based pose estimation methods in dynamic scenarios without GPS encounter issues with cumulative errors over time. In this article, we propose a method to reduce these cumulative errors by constraining the absolute positioning of visual-inertial odometry (VIO) using relative poses obtained from multiview landmark and resonant-beam (RBeam) sensors between UAVs. For synchronous moments, we estimate the six Degree-of-Freedom (DoF) relative pose using the Angle of Arrival and Time of Flight data from the RBeam, combined with nonlinear optimization. For asynchronous moments, a two-stage visual estimation method is introduced, combining multicamera epipolar geometry for rotation recovery and depth reconstruction optimization for translation recovery, enabling the estimation of asynchronous relative poses (ARPs). Finally, we design a global objective function based on a sliding window and factor graph, integrating RBeam, multiview landmark, and VIO for absolute 6-DoF pose optimization of the UAV swarm. Simulation results demonstrate that optimizing with the addition of RBeam synchronous relative poses improves overall positioning accuracy by 32.94% compared to pure VIO. Incorporating both RBeam synchronous and visual ARPs further enhances overall positioning accuracy by 37.65%. Additionally, the UAV’s attitude benefits from the rotational constraints provided by the RBeam, achieving over 30% improvement in the pitch and yaw directions. © 2014 IEEE.","Deep reconstruction optimization; multicamera epipolar geometry; resonant beam positioning","Emergency services; Flow visualization; Nonlinear programming; Target drones; Beam positioning; Deep reconstruction optimization; Epipolar geometry; Multi-camera epipolar geometry; Multi-cameras; Odometry; Optimisations; Relative pose; Resonant beam positioning; Resonant beams; Global positioning system","Article","Final","","Scopus","2-s2.0-105006888118"
"Cai Q.; Jiang B.; Wu Y.; Xu H.","Cai, Qiuji (58515246700); Jiang, Bo (57210374625); Wu, Yutao (57437492600); Xu, Hong (57218297708)","58515246700; 57210374625; 57437492600; 57218297708","A Distributed SLAM with UWB-VIO Fusion Framework for Enhanced Relative Localization of Multi-UAVs System","2023","2023 4th International Conference on Computer Vision, Image and Deep Learning, CVIDL 2023","","","","284","290","7","10.1109/CVIDL58838.2023.10166845","https://www.scopus.com/pages/publications/85166292818?origin=resultslist","The most critical challenge of multi-UAV (unmanned aerial vehicles) systems accomplishing a common mission is to maintain relative localization among UAVs. However, it remains an open and challenging research topic in infrastructure-less environments. In this paper, we propose a novel distributed visual-inertial ultra-wideband (UWB) fusion framework for global localization that overcomes the problem of state estimation in GPS-denied areas, which reduces computational issues confronted by centralized Simultaneous Localization and Mapping (SLAM). Firstly, our solution integrates a UWB ranging front-end on each UAV for ranging and uses Visual-Inertial Odometry (VIO) to estimate the self-motion of each UAV. Using a front-end that fuses UWB measurements with VIO, we correct potential drift issues caused by VIO and perform distributed loop closure detection among multiple UAV s to achieve relative pose estimation. Additionally, we propose a consistency measurement filtering method with the adaptive threshold in three-dimensional space to improve the accuracy of state estimation under continuous non-line-of-sight (NLOS) conditions. Lastly, by using distributed outlier rejection to remove erroneous estimates and fusing measurements from both front-end and back-end pose graph optimization modules, we employ a sliding window method to recover the complete trajectory and guarantee global consistency of pose estimates. We believe our method provides a comprehensive solution for the global localization in multi-UAV systems, eliminating the environmental constraints of previous positioning methods and providing opportunities for other researchers to apply UAV cluster motion planning techniques in complex environments.  © 2023 IEEE.","multi-UAV systems; relative localization; SLAM; UWB-VIO fusion","Aircraft detection; Antennas; Motion planning; State estimation; Ultra-wideband (UWB); Front end; Global localization; Multi UAV; Multi-UAV system; Odometry; Relative localization; Simultaneous localization and mapping; UAV systems; Ultra-wideband-visual-inertial odometry fusion; Ultrawide band; Unmanned aerial vehicles (UAV)","Conference paper","Final","","Scopus","2-s2.0-85166292818"
"Jun M.; Lilian Z.; Xiaofeng H.; Hao Q.; Xiaoping H.","Jun, Mao (56510904900); Lilian, Zhang (57226252944); Xiaofeng, He (57190496099); Hao, Qu (57226243452); Xiaoping, Hu (22735804800)","56510904900; 57226252944; 57190496099; 57226243452; 22735804800","A 2D Georeferenced Map Aided Visual-Inertial System for Precise UAV Localization","2022","IEEE International Conference on Intelligent Robots and Systems","2022-October","","","4455","4462","15","10.1109/IROS47612.2022.9982254","https://www.scopus.com/pages/publications/85146326872?origin=resultslist","Precise geolocalization is crucial for unmanned aerial vehicles (UAVs). However, most current deployed UAVs rely on the global navigation satellite systems (GNSS) for geolocalization. In this paper, we propose to use a lightweight visual-inertial system with a 2D georeferenced map to obtain accurate geodetic positions for UAVs. The proposed system firstly integrates a micro inertial measurement unit (MIMU) and a monocular camera to build a visual-inertial odometry (VIO) to consecutively estimate the UAV's motion states and reconstruct the 3D position of the observed visual features in the local world frame. To obtain the geolocation, the visual features tracked by the odometry are further registered to the 2D georeferenced map. While most conventional methods perform image-level aerial image registration, we propose to align the reconstructed 3D points with the map, and then use the registered 3D points to relocalize the vehicle in the geodetic frame, which helps to improve the geolocalization accuracy. Finally, a pose graph is deployed to fuse the geolocation from the point registration and the local navigation result from the visual-inertial odometry (VIO) to obtain smooth and drift-free geolocalization results. We have validated the proposed method by installing the sensors to a UAV body rigidly and have conducted two real-world flights in different environments with unknown initials. The results show that the proposed method can achieve less than 4m position error in flight at about 100m high and less than 9m position error in flight at about 300m high. © 2022 IEEE.","","Antennas; Geodesy; Global positioning system; Image enhancement; Image reconstruction; 'current; Aerial vehicle; Geo-localisation; Geolocations; Global Navigation Satellite Systems; Inertial systems; Odometry; Position errors; Vehicle localization; Visual feature; Unmanned aerial vehicles (UAV)","Conference paper","Final","","Scopus","2-s2.0-85146326872"
"Lyu P.; He R.; Lai J.-Z.; Yang Z.-H.; Yuan C.","Lyu, Pin (56651981200); He, Rong (60001519900); Lai, Ji-Zhou (8861922500); Yang, Zi-Han (57257292500); Yuan, Cheng (57202113935)","56651981200; 60001519900; 8861922500; 57257292500; 57202113935","A Semantic Information Aided Visual/Inertial Fusion Localization Method of UAV; [一种基于语义信息辅助的无人机视觉/惯性融合定位方法]","2022","Navigation Positioning and Timing","9","4","","60","69","4","10.19306/j.cnki.2095-8110.2022.04.007","https://www.scopus.com/pages/publications/105010883474?origin=resultslist","Vision sensors play an important role in the indoor positioning of unmanned aerial vehicles (UAVs). The traditional visual odometry calculation method based on feature points describes and matches through the underlying brightness relationship, which has insufficient anti-interference ability, and may cause matching errors or even failures. The accuracy and robustness of the navigation system need to be improved. Due to the rich semantic information in the indoor en-vironment. a semantic information aided visual/inertial fusion localization method of UAV is pro-posed. Firstly, the indoor semantic information is factored and fused with the traditional visual odometry method. Then, based on the inertial pre-integration method, inertial constraint is added to the factor graph optimization to further improve the positioning accuracy and robustness of the UAV in complex dynamic situations. Finally, the positioning accuracy of the algorithm is analyzed through the UAV indoor flight experiment. The experimental results show that the proposed method has higher accuracy and robustness than the traditional visual odometry method. © 2022 China Astronautic Publishing House Co Ltd. All rights reserved.","Factor graph optimization; Semantic information; UAV; Visual/inertial localization","","Article","Final","","Scopus","2-s2.0-105010883474"
"Brogaard R.Y.; Boukas E.","Brogaard, Rune Y. (57221553959); Boukas, Evangelos (51261053200)","57221553959; 51261053200","Autonomous GPU-based UAS for inspection of confined spaces: Application to marine vessel classification","2024","Robotics and Autonomous Systems","172","","104590","","","7","10.1016/j.robot.2023.104590","https://www.scopus.com/pages/publications/85178667945?origin=resultslist","Inspection of confined spaces poses a series of health risks to human surveyors, and therefore a need for robotic solutions arises. In this paper, we design and demonstrate a real-time system for collecting 3D structural and visual data from a series of inspection points within a prior map of a confined space. The system consists of a GPU accelerated 3D point cloud registration and a visual inertial odometry estimate fused in an Unscented Kalman Filter. Using the state-of-the-art deep learning-based feature descriptors, FCGF –and the robust Teaser++ 3D registration algorithm– point clouds from a narrow field of view, time-of-flight, camera can be registered to a prior map of the environment, to provide accurate cm-level absolute pose estimates. The uncertainty of the system is furthermore estimated on the basis of the novel GPU-based Stein ICP algorithm. Visual defects, represented by augmented reality fiducial markers, are automatically detected during inspection, and their positions are estimated in the map frame of the confined space. The performance of the system has been evaluated in realtime onboard a small UAV, within a mock-up model of a water ballast tank from a marine vessel, where the UAV was able to navigate and inspect the ambiguous and featureless environment. All defects were estimated within ＋/−10 cm of their actual position. © 2023 The Authors","Absolute localization; Inspection; Machine learning; UAV","Augmented reality; Defects; Graphics processing unit; Health risks; Inspection; Interactive computer systems; Learning systems; Real time systems; Uncertainty analysis; Unmanned aerial vehicles (UAV); Absolute localization; Confined space; Localisation; Machine-learning; Marine vessels; Real - Time system; Robotic solutions; Structural data; Vessel classification; Visual data; Deep learning","Article","Final","All Open Access; Green Open Access; Hybrid Gold Open Access","Scopus","2-s2.0-85178667945"
"Luo X.-L.; Lv J.-H.; Sun G.","Luo, Xin-long (26663614000); Lv, Jia-hui (57219584280); Sun, Geng (7402760480)","26663614000; 57219584280; 7402760480","Continuation methods with the trusty time-stepping scheme for linearly constrained optimization with noisy data","2022","Optimization and Engineering","23","1","","329","360","7","10.1007/s11081-020-09590-z","https://www.scopus.com/pages/publications/85100071673?origin=resultslist","The nonlinear optimization problem with linear constraints has many applications in engineering fields such as the visual-inertial navigation and localization of an unmanned aerial vehicle maintaining the horizontal flight. In order to solve this practical problem efficiently, this paper constructs a continuation method with the trusty time-stepping scheme for the linearly equality-constrained optimization problem at every sampling time. At every iteration, the new method only solves a system of linear equations other than the traditional optimization method such as the sequential quadratic programming (SQP) method, which needs to solve a quadratic programming subproblem. Consequently, the new method can save much more computational time than SQP. Numerical results show that the new method works well for this problem and its consumed time is about one fifth of that of SQP (the built-in subroutine fmincon.m of the MATLAB2018a environment) or that of the traditional dynamical method (the built-in subroutine ode15s.m of the MATLAB2018a environment). Furthermore, we also give the global convergence analysis of the new method. © 2021, The Author(s), under exclusive licence to Springer Science+Business Media, LLC part of Springer Nature.","Continuation method; Differential-algebraic dynamical system; Noisy data; Trust-region technique; Unmanned aerial vehicle; Visual-inertial localization","Air navigation; Antennas; Constrained optimization; Iterative methods; Quadratic programming; Equality-constrained optimization; Global conver-gence; Inertial navigations; Linearly constrained optimization; Non-linear optimization problems; Sequential Quadratic Programming method; System of linear equations; Time-stepping schemes; Numerical methods","Article","Final","","Scopus","2-s2.0-85100071673"
"Priyanshu R.; Agarwal M.; Kumar P.","Priyanshu, Ratan (60608949600); Agarwal, Mohit (57198019454); Kumar, Paawan (60103779700)","60608949600; 57198019454; 60103779700","A High-Fidelity Digital Twin Framework for Multi-Modal Sim-to-Real Transfer for Robust UAV Autonomy","2026","Proceeding of International Conference on Computing, Communication, Control and Cyber-Physical Systems, I5CPS 2026","","","","","","0","10.1109/I5CPS67958.2026.11452535","https://www.scopus.com/pages/publications/105037434120?origin=resultslist","Autonomous Unmanned Aerial Vehicle (UAV) navigation remains an important challenge under GNSS-denied and communication-jammed conditions. Visual-Inertial Odometry (VIO) systems experience compounding biases, while traditional simulators cannot properly model real-world visual and wireless phenomena with sufficient fidelity, leading to ""the reality gap.""In this paper, we introduce a new dual-fidelity DT paradigm that jointly leverages Unreal Engine 5 (UE5) for real-time visual and dynamic simulations and the high-fidelity robotics simulator, Colosseum-AirSim. We describe how this DT infrastructure can enable high-quality S2R learning by creating synthetic images with DR and using efficient AI models like ResNet-18 for real-time semantic image segmentation, achieving mIoU of 87.0% or higher. This significantly surpasses state-of-the-art performance reported with pure simulation learning or real-image learning alone. These high-fidelity DT-infrastructure capabilities enable high-quality communication-aware, context-aware, autonomous functioning with localization under HITL control for real-world applications such as smart urban networks or disaster response operations. © 2026 IEEE.","Colosseum; Digital Twin; GPS-Denied Navigation; Semantic Segmentation; Sim-to-Real; UAV Autonomy; Un-real Engine 5","Air navigation; Antennas; Computer vision; Digital twin; Engines; Global positioning system; Intelligent robots; Semantic Segmentation; Semantics; Visual communication; Visual servoing; Aerial vehicle; Colosseum; GPS-denied navigations; High-fidelity; Real-world; Semantic segmentation; Sim-to-real; Un-real engine 5; Unmanned aerial vehicle autonomy; Vehicle autonomy; Unmanned aerial vehicles (UAV)","Conference paper","Final","","Scopus","2-s2.0-105037434120"
"Do H.V.; Kim Y.H.; Kwon Y.S.; Kang S.H.; Kim H.J.; Song J.W.","Do, Hoang Viet (57215270530); Kim, Yong Hun (57205240822); Kwon, Yeong Seo (57443095900); Kang, San Hee (57443477700); Kim, Hak Ju (57443284100); Song, Jin Woo (55500862300)","57215270530; 57205240822; 57443095900; 57443477700; 57443284100; 55500862300","An Adaptive Approach based on Multi-State Constraint Kalman Filter for UAVs","2021","International Conference on Control, Automation and Systems","2021-October","","","481","485","3","10.23919/ICCAS52745.2021.9649897","https://www.scopus.com/pages/publications/85124239364?origin=resultslist","High accurate and robust motion estimation plays a fundamental role in the autonomous navigation system, especially for Visual Inertial Navigation System (VINS). The consistent of extended Kalman Filter (EKF)-based estimator highly relies on the prior information of the process noise (Q) and the measurement noise (R) covariance matrices. In this paper, we apply an adaptation rule to the well-known Multi-State Constraint Kalman Filter (MSCKF) using innovation and residual information for a monocular VINS that is mounted in a drone. The shortcoming of MSCKF is that the state vector grows as the number of detected features increasing. Since the vision process can give different estimated results due to various error sources such as the ambiguity or the quality of the camera, each epoch should have different weighting factors. Therefore, Q and R covariance matrices should be adapted. It is shown through the simulation that the proposed algorithm has more robustness and accuracy against the conventional approach which has fixed values of Q and R covariance matrices.  © 2021 ICROS.","Adaptive; Multi State Constrain Kalman Filter; Unmanned Aerial Vehicles; Visual Inertial Navigation System","Adaptive filtering; Air navigation; Antennas; Covariance matrix; Extended Kalman filters; Motion estimation; Unmanned aerial vehicles (UAV); Accurate motion; Adaptive; Adaptive approach; Autonomous navigation systems; Covariance matrices; Multi state constrain kalman filter; Multi-state; Robust motion estimation; State constraints; Visual inertial navigation system; Inertial navigation systems","Conference paper","Final","","Scopus","2-s2.0-85124239364"
"George A.; Koivumäki N.; Hakala T.; Suomalainen J.; Honkavaara E.","George, Anand (58076018600); Koivumäki, Niko (57219447873); Hakala, Teemu (26325493600); Suomalainen, Juha (8265648400); Honkavaara, Eija (55927897800)","58076018600; 57219447873; 26325493600; 8265648400; 55927897800","Visual-Inertial Odometry Using High Flying Altitude Drone Datasets †","2023","Drones","7","1","36","","","24","10.3390/drones7010036","https://www.scopus.com/pages/publications/85146825225?origin=resultslist","Positioning of unoccupied aerial systems (UAS, drones) is predominantly based on Global Navigation Satellite Systems (GNSS). Due to potential signal disruptions, redundant positioning systems are needed for reliable operation. The objective of this study was to implement and assess a redundant positioning system for high flying altitude drone operation based on visual-inertial odometry (VIO). A new sensor suite with stereo cameras and an inertial measurement unit (IMU) was developed, and a state-of-the-art VIO algorithm, VINS-Fusion, was used for localisation. Empirical testing of the system was carried out at flying altitudes of 40–100 m, which cover the common flight altitude range of outdoor drone operations. The performance of various implementations was studied, including stereo-visual-odometry (stereo-VO), monocular-visual-inertial-odometry (mono-VIO) and stereo-visual-inertial-odometry (stereo-VIO). The stereo-VIO provided the best results; the flight altitude of 40–60 m was the most optimal for the stereo baseline of 30 cm. The best positioning accuracy was (Formula presented.) m for a 800 m-long trajectory. The performance of the stereo-VO degraded with the increasing flight altitude due to the degrading base-to-height ratio. The mono-VIO provided acceptable results, although it did not reach the performance level of the stereo-VIO. This work presented new hardware and research results on localisation algorithms for high flying altitude drones that are of great importance since the use of autonomous drones and beyond visual line-of-sight flying are increasing and will require redundant positioning solutions that compensate for potential disruptions in GNSS positioning. The data collected in this study are published for analysis and further studies. Data Set: https://doi.org/10.23729/f4c5d2d0-eddb-40a1-89ce-601c252dab35. © 2023 by the authors.","outdoor drone; remote sensing; stereo-VIO; UAS; UAV; VIO; vislam","Aircraft detection; Flight paths; Global positioning system; Inertial navigation systems; Stereo image processing; Stereo vision; Aerial systems; Flight altitudes; Odometry; Outdoor drone; Remote-sensing; Stereo-visual-inertial-odometry; Unoccupied aerial system; Vislam; Visual-inertial odometry; Drones","Article","Final","All Open Access; Gold Open Access; Green Open Access","Scopus","2-s2.0-85146825225"
"Jiang S.; Cheng Y.; Zhang J.","Jiang, Shang (59454668200); Cheng, Yuyao (56565794500); Zhang, Jian (56014789300)","59454668200; 56565794500; 56014789300","Vision-guided unmanned aerial system for rapid multiple-type damage detection and localization","2023","Structural Health Monitoring","22","1","","319","337","58","10.1177/14759217221084878","https://www.scopus.com/pages/publications/85132678965?origin=resultslist","Unmanned aerial systems (UASs) are increasingly applied for bridge inspection. A vision-guided UAS with a lightweight convolutional neural network is developed to detect and locate bridge cracks, spalling, and corrosion. The contributions are as follows: (1) To address the problem that traditional UASs are global positioning system (GPS) required while GPS signals under bridge bottom generally are weak. A vision-guided UAS is designed and applied, in which a stereo vision-inertial fusion method is used to provide position data instead of GPS and an ultrasonic ranger is applied to avoid obstacles. (2) Most of the deep learning-based damage detection methods are offline detection, which is unsuitable for UAS-based inspection because the endurance time is limited. To solve this problem, a lightweight end-to-end object detection network is proposed, by replacing the backbone of the original You Only Look Once v3 network with MobileNetv2, and the proposed network of much faster inference speed can be transplanted to the onboard computer of the designed UAS so that real-time edge computing can be performed during inspection. (3) A damage location method based on vision positioning data and simultaneous localization and mapping is also proposed to meet the urgent needs of locating damage in the whole structure. Finally, the proposed system is applied to inspect a long-span bridge to detect and locate the most common damages: crack, spalling, and corrosion with high accuracy and efficiency, which verified the practicability of the system. © The Author(s) 2022.","bridge inspection; convolutional neural network; simultaneous localization and mapping; Unmanned aerial system; visual-inertial odometry","Aircraft detection; Antennas; Convolution; Convolutional neural networks; Corrosion; Cracks; Deep learning; Global positioning system; Mapping; Object detection; Stereo image processing; Stereo vision; Unmanned aerial vehicles (UAV); Bridge inspection; Convolutional neural network; Detection and localization; Fusion methods; Inertial fusion; Odometry; Simultaneous localization and mapping; System signals; Unmanned aerial systems; Visual-inertial odometry; Damage detection","Article","Final","","Scopus","2-s2.0-85132678965"
"Divan B.N.Y.; Iorpenda M.J.; Willert V.","Divan, Batchaya Noumeme Yacynte (59453888300); Iorpenda, Msuega Jnr (57204243401); Willert, Volker (8987807400)","59453888300; 57204243401; 8987807400","Getting Started with a Simple Visual-Inertial Odometry","2024","2024 22nd International Conference on Research and Education in Mechatronics, REM 2024","","","","231","236","0","10.1109/REM63063.2024.10735689","https://www.scopus.com/pages/publications/85210862826?origin=resultslist","This paper presents the development and evaluation of a basic monocular visual-inertial odometry (VIO) algorithm tailored for drone navigation. The primary goal is to present a minimal, easy-to-understand algorithm for beginners to the field. Therefore, the method utilises proven, simple, non-computationally intensive computer vision algorithms. To solve the unknown scale problem, monocular visual odometry estimates are fused with scale estimates extracted from inertial measurement unit (IMU) data. We tested the algorithm on various datasets, including the real-world KITTI dataset and a custom dataset recorded with a Tello DJI drone in a controlled lab environment. Moreover, the algorithm's adaptability and performance were further validated in an Unreal-Engine simulated environment utilizing Microsoft AirSim for the simulation of the drone's physics. Although simple, the proposed method is versatile for short-term odometry especially for slow continuous movements.  © 2024 IEEE.","Optical flow; Simulation; Unmanned Aerial Vehicles (UAV); Visual Inertial Odometry","Aircraft control; Inertial navigation systems; Time difference of arrival; Windows operating system; Aerial vehicle; Computer vision algorithms; Odometry; Odometry algorithms; Optical-; Simple++; Simulation; Unmanned aerial vehicle; Visual inertial odometry; Visual odometry; Drones","Conference paper","Final","","Scopus","2-s2.0-85210862826"
"Wang X.; Li X.; Liao J.; Feng S.; Li S.; Zhou Y.","Wang, Xuanbin (57378192600); Li, Xingxing (36617696300); Liao, Jianchi (57194172066); Feng, Shaoquan (57218911958); Li, Shengyu (57221943864); Zhou, Yuxuan (57423744300)","57378192600; 36617696300; 57194172066; 57218911958; 57221943864; 57423744300","Tightly-coupled stereo visual-inertial-LiDAR SLAM based on graph optimization; [基于图优化的紧耦合双目视觉/惯性/激光雷达SLAM方法]","2022","Cehui Xuebao/Acta Geodaetica et Cartographica Sinica","51","8","","1744","1756","24","10.11947/j.AGCS.2022.20210503","https://www.scopus.com/pages/publications/85140587409?origin=resultslist","Simultaneous localization and mapping (SLAM) technology based on a single sensor has gradually been unable to meet the increasingly complex application scenarios of the intelligent mobile carriers such as mobile robots, unmanned aerial vehicles, and self-driving cars. In order to further improve the localization and mapping performance of the mobile carriers in complex environments, multi-sensor fusion SLAM has become a hotspot of current research. In this contribution, we present a graph-optimization based and tightly-coupled stereo visual-inertial-LiDAR SLAM termed S-VIL SLAM, which integrates the LiDAR observations into a visual-inertial system. In this work, the IMU measurements, visual features, and laser point cloud features are jointly optimized in a sliding window. Moreover, a vision enhanced loop-closure algorithm of LiDAR is designed in this paper by using the complementary characteristics between vision and LiDAR, which further improves the global positioning and mapping accuracy of the multi-sensor fusion SLAM. We perform vehicle-borne experiments in outdoor environments to assess the performance of the proposed approach. The experimental results indicate that the proposed S-VIL odometry outperforms the state-of-the-art tightly coupled visual-inertial odometry (VIO) and LiDAR odometry in terms of pose estimation accuracy. The proposed loop-closure algorithm can effectively detect the loop closure of trajectories in large-scale scenes and achieve high-precision pose graph optimization. The point cloud map after loop closure optimization has good resolution and global consistency. © 2022 SinoMaps Press. All rights reserved.","graph optimization; LiDAR; multi-sensor fusion; SLAM; VIO","Antennas; Autonomous vehicles; Intelligent robots; Optical radar; Stereo image processing; Graph optimization; LiDAR; Mobile carriers; Multi-sensor fusion; Odometry; Performance; Point-clouds; Simultaneous localization and mapping; Tightly-coupled; Visual-inertial odometry; accuracy assessment; algorithm; GPS; lidar; optimization; performance assessment; sensor; Mapping","Article","Final","","Scopus","2-s2.0-85140587409"
"Agarwal A.; Crouse J.R.; Johnson E.N.","Agarwal, Ankit (57219729164); Crouse, Jacob R. (57219252330); Johnson, Eric N. (25934529500)","57219729164; 57219252330; 25934529500","Evaluation of a Commercially Available Autonomous Visual Inertial Odometry Solution for Indoor Navigation","2020","2020 International Conference on Unmanned Aircraft Systems, ICUAS 2020","","","9213962","372","381","11","10.1109/ICUAS48674.2020.9213962","https://www.scopus.com/pages/publications/85094937374?origin=resultslist","In this paper, an Unmanned Aerial System (UAS) navigation solution using the Intel RealSense T265, a commercially available Visual Inertial Odometry device, is developed and presented in conjunction with an Extended Kalman Filter framework. Comparisons of raw and estimated position and yaw angle data from the device are made against ground truth measurements obtained via a motion capture system. Preliminary results from hand-carry tests show promising localization capability as the device continues to gather information about its environment. Further localization improvements may be achievable with varied software configurations. The performance of the Extended Kalman Filter during closed-loop flight is also evaluated, and shows smoothing of noisy measurements from the T265 and generally precise trajectory following capabilities. Future work to extend this characterization shall involve testing the performance of the device across varying flight envelopes, and especially for longer durations. © 2020 IEEE.","","Antennas; Extended Kalman filters; Flight envelopes; Indoor positioning systems; Unmanned aerial vehicles (UAV); Ground truth; In-door navigations; Motion capture system; Navigation solution; Noisy measurements; Software configuration; Trajectory following; Unmanned aerial systems; Air navigation","Conference paper","Final","","Scopus","2-s2.0-85094937374"
"Chen L.J.; Henawy J.; Kocer B.B.; Seet G.G.L.","Chen, Leong Jing (57214442935); Henawy, John (57212479058); Kocer, Basaran Bahadir (57189056551); Seet, Gerald Gim Lee (35606432000)","57214442935; 57212479058; 57189056551; 35606432000","Aerial robots on the way to underground: An experimental evaluation of VINS-mono on visual-inertial odometry camera","2019","IEEE International Conference on Data Mining Workshops, ICDMW","2019-November","","8955516","91","96","13","10.1109/ICDMW.2019.00024","https://www.scopus.com/pages/publications/85078769708?origin=resultslist","In recent years, applications of unmanned aerial vehicles (UAV) have been well received by a wide range of users due to its versatility and cost-effectiveness. When the UAVs operate outside without any surroundings, it can be possible to integrate global positioning system (GPS) into the UAV. However, GPS is ineffective to determine the position of UAV when the signal is weak or absent, such as operating in an indoor environment and tunnel network. To accurately determine the position of a UAV, another approach is to endow different sensors such as LIDAR, inertial measurement unit (IMU) and camera. In this paper, we present an experimental evaluation of a visual-inertial odometry application using VINS-Mono state estimator coupled with visual-inertial sensors. The objective of the experiment is to determine the effectiveness of the setup in an indoor environment, where the GPS signal is fully absent. In the experiment, a UAV capable of self-localization has been constructed with the integration of onboard computer, camera, and IMU. First, camera and IMU calibrations, as well as their hardware synchronization, have been set. Second, experimental evaluations have conducted to compare the UAV localization performance with ground truth data at motion analysis laboratory equipped with OptiTrack tracking system. Finally, a comparison study is given to determine the robustness and reliability of VINS-Mono state estimator and the UAV system using various flight velocities and environment features settings. Based on extensive evaluations, it is capable to localize a UAV in a GPS-denied environment, with an average root mean square error kept under 25 cm over an average flight duration within 2 minutes. © 2019 IEEE.","Aerial robot; Indoor localization; UAV; Visual inertial odometry","Antennas; Cameras; Cost effectiveness; Data mining; Global positioning system; Mean square error; State estimation; Unmanned aerial vehicles (UAV); Aerial robots; Experimental evaluation; Indoor environment; Indoor localization; Inertial measurement unit; Localization performance; Odometry; Root mean square errors; Aircraft detection","Conference paper","Final","","Scopus","2-s2.0-85078769708"
"Lee H.; McCrink M.H.; Gregory J.W.","Lee, Hongyun (57203414313); McCrink, Matthew H. (24339048900); Gregory, James W. (11439579000)","57203414313; 24339048900; 11439579000","Visual-inertial odometry for unmanned aerial vehicle using deep learning","2019","AIAA Scitech 2019 Forum","","","","","","6","10.2514/6.2019-1410","https://www.scopus.com/pages/publications/85083942358?origin=resultslist","This paper presents the development of a visual-inertial odometry system trained using deep learning methods. Many visual-inertial odometry works have shown robust performance in both indoor and outdoor environments on several different systems such as aerial and ground vehicles, or hand-held cameras. However, these methods require meticulous calibrations since each camera has different intrinsic parameters, and each environment has different scale factors that require unique parameter tuning processes. These systems are also typically computationally constrained, necessitating efficient algorithms and implementations for real-time, real-world use. In this work, an algorithmic and computational architecture is presented which demonstrates that the process of the optical and the scaling parameter estimation can be skipped by the training of a neural network based on optical flow of two consecutive raw images. A demonstration system was developed using stereoscopic imaging cameras and a commonly available inertial system. Details on the training and implementation for this architecture are presented along with a systematic estimate of the uncertainty in the computed state estimates. Baseline trials indicate mean velocity errors on the order of 1.7 m/s for an unaided visual inertial system with no external aiding sensors. © 2019 by the American Institute of Aeronautics and Astronautics, Inc. All rights reserved.","","Aviation; Cameras; Ground vehicles; Mobile antennas; Network architecture; Real time systems; Stereo image processing; Uncertainty analysis; Unmanned aerial vehicles (UAV); Computational architecture; Hand-held cameras; Inertial systems; Intrinsic parameters; Outdoor environment; Parameter-tuning; Robust performance; Stereoscopic imaging camera; Deep learning","Conference paper","Final","","Scopus","2-s2.0-85083942358"
"Udugama U.V.B.L.; Vosselman G.; Nex F.","Udugama, U.V.B.L. (57203093011); Vosselman, G. (6602209960); Nex, F. (35234314600)","57203093011; 6602209960; 35234314600","MONO-HYDRA: REAL-TIME 3D SCENE GRAPH CONSTRUCTION FROM MONOCULAR CAMERA INPUT WITH IMU","2023","ISPRS Annals of the Photogrammetry, Remote Sensing and Spatial Information Sciences","10","1-W1-2023","","439","445","1","10.5194/isprs-annals-X-1-W1-2023-439-2023","https://www.scopus.com/pages/publications/85183046908?origin=resultslist","The ability of robots to autonomously navigate through 3D environments depends on their comprehension of spatial concepts, ranging from low-level geometry to high-level semantics, such as objects, places, and buildings. To enable such comprehension, 3D scene graphs have emerged as a robust tool for representing the environment as a layered graph of concepts and their relationships. However, building these representations using monocular vision systems in real-time remains a difficult task that has not been explored in depth. This paper puts forth a real-time spatial perception system Mono-Hydra, combining a monocular camera and an IMU sensor setup, focusing on indoor scenarios. However, the proposed approach is adaptable to outdoor applications, offering flexibility in its potential uses. The system employs a suite of deep learning algorithms to derive depth and semantics. It uses a robocentric visual-inertial odometry (VIO) algorithm based on square-root information, thereby ensuring consistent visual odometry with an IMU and a monocular camera. This system achieves sub-20 cm error in real-time processing at 15 fps, enabling real-time 3D scene graph construction using a laptop GPU (NVIDIA 3080). This enhances decision-making efficiency and effectiveness in simple camera setups, augmenting robotic system agility. We make Mono-Hydra publicly available at: https://github.com/UAV-Centre-ITC/Mono_Hydra. © Author(s) 2023. CC BY 4.0 License.","3D scene graphs; Deep learning; Real-time Mapping; Spatial understanding; Visual Inertial odometry","Cameras; Decision making; Deep learning; Learning algorithms; Real time systems; Three dimensional computer graphics; Vision; 3d scene graph; 3D scenes; Deep learning; Monocular cameras; Odometry; Real- time; Real-time mapping; Scene-graphs; Spatial understanding; Visual inertial odometry; Semantics","Conference paper","Final","All Open Access; Gold Open Access; Green Open Access","Scopus","2-s2.0-85183046908"
"Gu N.; Xing F.; You Z.","Gu, Nianzu (57290012600); Xing, Fei (16837670300); You, Zheng (57210459029)","57290012600; 16837670300; 57210459029","Gnss spoofing detection based on coupled visual/inertial/gnss navigation system","2021","Sensors","21","20","6769","","","35","10.3390/s21206769","https://www.scopus.com/pages/publications/85116794587?origin=resultslist","Spoofing attacks are one of the severest threats for global navigation satellite systems (GNSSs). This kind of attack can damage the navigation systems of unmanned air vehicles (UAVs) and other unmanned vehicles (UVs), which are highly dependent on GNSSs. A novel method for GNSS spoofing detection based on a coupled visual/inertial/GNSS positioning algorithm is proposed in this paper. Visual inertial odometry (VIO) has high accuracy for state estimation in the short term and is a good supplement for GNSSs. Coupled VIO/GNSS navigation systems are, un-fortunately, also vulnerable when the GNSS is subject to spoofing attacks. The method proposed in this article involves monitoring the deviation between the VIO and GNSS under an optimization framework. A modified Chi‐square test triggers the spoofing alarm when the detection factors be-come abnormal. After spoofing detection, the optimal estimation algorithm is modified to prevent it being deceived by the spoofed GNSS data and to enable it to carry on positioning. The performance of the proposed spoofing detection method is evaluated through a real‐world visual/iner-tial/GNSS dataset and a real GNSS spoofing attack experiment. The results indicate that the proposed method works well even when the deviation caused by spoofing is small, which proves the efficiency of the method. © 2021 by the authors. Licensee MDPI, Basel, Switzerland.","Chi‐square testing; Coupled visual/inertial/GNSS system; GNSS spoofing; Spoofing detection; Visual inertial odometry","Unmanned aerial vehicles (UAV); Chi‐square testing; Coupled visual/inertial/global navigation satellite system system; Global navigation satellite system spoofing; Global Navigation Satellite Systems; GNSS navigation; Odometry; Spoofing attacks; Spoofing detection; Visual inertial odometry; algorithm; article; Global positioning system","Article","Final","All Open Access; Gold Open Access; Green Open Access","Scopus","2-s2.0-85116794587"
"Jiang H.; Gu F.; He Y.; Bao Y.","Jiang, Haoran (59945415200); Gu, Feng (35792118800); He, Yuqing (23060003200); Bao, Yifeng (59232835300)","59945415200; 35792118800; 23060003200; 59232835300","Derivative-Enhanced Fusion Approach of Camera-IMU-UWB for GNSS-Denied UAV Navigation","2025","Lecture Notes in Electrical Engineering","1374 LNEE","","","379","389","0","10.1007/978-981-96-3552-8_36","https://www.scopus.com/pages/publications/105008058197?origin=resultslist","Visual-Inertial Odometry (VIO) is commonly used for unmanned aerial vehicle (UAV) navigation in GNSS-denied areas. However, drift due to sensor noise and cumulative errors presents a significant challenge, especially in environments with sparse features or long trajectories. In this work, we introduce a tightly-coupled fusion approach that fuses visual, inertial and Ultra-Wideband (UWB) distance measurements for UAV navigation. We specifically utilize UWB with a single anchor as the global sensor, effectively reducing localization drift and enhancing accuracy. Furthermore, we innovate the use of distance data with a “derivative-enhanced” approach, coupling distance derivatives extracted from distance data with positions and velocities. Simulation experiments were conducted using the public EuRoC dataset with simulated UWB measurements. Our method, when compared with the latest single anchor visual-inertial-UWB odometry, demonstrates a notable improvement in reducing odometry system drift and enhances localization accuracy by 14.7%. © Beijing HIWING Scientific and Technological Information Institute 2025.","multi-sensor fusion; UAV navigation; ultra-wideband sensor; visual-inertial odometry","Air navigation; Antennas; Computer vision; Global positioning system; Inertial navigation systems; Unmanned aerial vehicles (UAV); Vision; Visual servoing; Aerial vehicle; Multi-sensor fusion; Noise errors; Odometry; Sensors noise; Ultra-wideband sensors; Ultrawide band; Unmanned aerial vehicle navigation; Vehicle navigation; Visual-inertial odometry; Ultra-wideband (UWB)","Conference paper","Final","","Scopus","2-s2.0-105008058197"
"Ghanizadegan K.; Hashim H.A.","Ghanizadegan, Khashayar (59490899100); Hashim, Hashim A. (57191054010)","59490899100; 57191054010","Quaternion-Based Unscented Kalman Filter for 6-DoF Vision-Based Inertial Navigation in GPS-Denied Regions","2025","IEEE Transactions on Instrumentation and Measurement","74","","8500713","","","11","10.1109/TIM.2024.3509582","https://www.scopus.com/pages/publications/105001150169?origin=resultslist","This article investigates the orientation, position, and linear velocity estimation problem of a rigid-body moving in 3-D space with six degrees-of-freedom (6-DoF). The highly nonlinear navigation kinematics are formulated to ensure global representation of the navigation problem. A computationally efficient quaternion-based navigation unscented Kalman filter (QNUKF) is proposed to imitate the true nonlinear navigation kinematics and utilize onboard visual-inertial navigation (VIN) units to achieve successful Global Positioning System (GPS)-denied navigation. The proposed QNUKF is designed in the discrete form to operate based on the data fusion of photographs garnered by a vision unit (stereo or monocular camera) and information collected by a low-cost inertial measurement unit (IMU). The photographs are processed to extract feature points in 3-D space, while the six-axis IMU supplies angular velocity and accelerometer measurements expressed with respect to the body frame. Robustness and effectiveness of the proposed QNUKF have been confirmed through experiments on a real-world dataset collected by a drone navigating in 3-D and consisting of stereo images and six-axis IMU measurements. Also, the proposed approach is validated against state-of-the-art filtering techniques. ©1963-2012 IEEE.","Inertial measurement unit (IMU); localization; navigation; sensor fusion; unmanned aerial vehicle (UAV); vision unit","Aerial photography; Kalman filters; Medical imaging; Nonlinear filtering; Photomapping; Sensor data fusion; Stereo image processing; Stereo vision; Time difference of arrival; Unmanned aerial vehicles (UAV); Aerial vehicle; Global positioning; Inertial measurement unit; Inertial measurements units; Localisation; Sensor fusion; Six degrees of freedom; Unmanned aerial vehicle; Unscented Kalman Filter; Vision unit; Global positioning system","Article","Final","All Open Access; Green Open Access","Scopus","2-s2.0-105001150169"
"Lin Z.; Xu W.; Wang W.","Lin, Ziyue (57883603200); Xu, Wenbo (58327761000); Wang, Wei (57784677900)","57883603200; 58327761000; 57784677900","A Moving Target Tracking System of Quadrotors with Visual-Inertial Localization","2023","Proceedings - IEEE International Conference on Robotics and Automation","2023-May","","","3296","3302","5","10.1109/ICRA48891.2023.10161323","https://www.scopus.com/pages/publications/85168661699?origin=resultslist","This paper implements a vision-based moving target tracking system of quadrotors with visual-inertial localization in GNSS-denied indoor environments. We use the visual-inertial odometry to estimate the states of the UAV by minimizing visual and inertial residuals, and estimate the states of the target with extended Kalman Filter from visual detection. This research formulates the target tracking problem as optimization-based trajectory generation where a weighted sum cost function jointly penalizes the tracking error, the control cost of the trajectory and the trajectory length, while enforcing the safety and feasibility constraints. We present a strategy that represents the trajectory as piecewise Bézier curves using Bernstein polynomial basis. Due to the special properties of Bézier curves, the position of the entire trajectory and its derivatives can be directly bounded within the safe spaces, thus this facilitating the dynamics of the quadrotor. The proposed strategy can generate smooth and collision-free tracking trajectories and is time and space efficient. We conduct simulations and real-world experiments to validate the effectiveness of our system. © 2023 IEEE.","","Aircraft detection; Clutter (information theory); Cost functions; Kalman filters; Unmanned aerial vehicles (UAV); Indoor environment; Inertial localizations; Moving target tracking; Odometry; Quad rotors; Target tracking systems; Targets tracking; Tracking problem; Vision based; Visual detection; Trajectories","Conference paper","Final","","Scopus","2-s2.0-85168661699"
"Feng Z.; Li J.; Zhang L.; Chen C.","Feng, Zheyu (57206248495); Li, Jianwen (20433817200); Zhang, Lundong (56667412200); Chen, Chen (57209010293)","57206248495; 20433817200; 56667412200; 57209010293","Online spatial and temporal calibration for monocular direct visual-inertial odometry","2019","Sensors (Switzerland)","19","10","2273","","","11","10.3390/s19102273","https://www.scopus.com/pages/publications/85066288144?origin=resultslist","Owing to the nonlinearity in visual-inertial state estimation, sufficiently accurate initial states, especially the spatial and temporal parameters between IMU (Inertial Measurement Unit) and camera, should be provided to avoid divergence. Moreover, these parameters are required to be calibrated online since they are likely to vary once the mechanical configuration slightly changes. Recently, direct approaches have gained popularity for their better performance than feature-based approaches in little-texture or low-illumination environments, taking advantage of tracking pixels directly. Based on these considerations, we perform a direct version of monocular VIO (Visual-inertial Odometry), and propose a novel approach to initialize the spatial-temporal parameters and estimate them with all other variables of interest (IMU pose, point inverse depth, etc.). We highlight that our approach is able to perform robust and accurate initialization and online calibration for the spatial and temporal parameters without utilizing any prior information, and also achieves high-precision estimates even when large temporal offset occurs. The performance of the proposed approach was verified through the public UAV (Unmanned Aerial Vehicle) dataset. © 2019 by the authors. Licensee MDPI, Basel, Switzerland.","Direct approach; Online calibration; Spatial-temporal parameters; Visual-inertial odometry","Antennas; Calibration; Textures; Unmanned aerial vehicles (UAV); Direct approach; Feature based approaches; Inertial measurement unit; Mechanical configurations; Odometry; On-line calibration; Spatial temporals; UAV (unmanned aerial vehicle); Parameter estimation","Article","Final","All Open Access; Gold Open Access; Green Open Access","Scopus","2-s2.0-85066288144"
"Liu P.; Chen J.; Lu X.; Tang X.; Fan J.; Zhou W.","Liu, Pengbo (60194317300); Chen, Jianxin (60194678700); Lu, Xun (60193950800); Tang, Xin (57201588896); Fan, Junchuan (59294090600); Zhou, Wenjie (59253560700)","60194317300; 60194678700; 60193950800; 57201588896; 59294090600; 59253560700","Formation Maintenance Method for Multi-UAV in Unknown Environments","2025","2025 4th International Conference on Artificial Intelligence, Internet of Things and Cloud Computing Technology, AIoTC 2025","","","","366","369","1","10.1109/AIoTC66747.2025.11198761","https://www.scopus.com/pages/publications/105021821994?origin=resultslist","The rapid development of automation technology has significantly contributed to the increasingly widespread application of Multiple Unmanned Aerial Vehicles (multi-UAV). However, in GPS-denied, anchorless and network- infrastructurefree unknown environments, multi-UAV faces challenges in accuracy. This paper proposes a formation maintenance method for multi-UAV in unknown environments. By leveraging Ultra Wide Band (UWB) ranging and communication devices, this method aims to enhance formation maintenance accuracy through adaptive fusion of UWB and Visual-Inertial Odometry (VIO) coordinates, prioritized trilateration, and Adaptive Extended Kalman Filtering (AEKF). The experimental results from the EuRoc dataset and a three-UAV system illustrate that the proposed method shows feasibility in maintaining and reconstructing formations while avoiding collisions. © 2025 IEEE.","formation maintenance; leaderfollower method; Multiple Unmanned Aerial Vehicles (multi-UAV); Ultra Wide Band (UWB); Visual-Inertial Odometry (VIO)","Antennas; Automation; Computer vision; Global positioning system; Kalman filters; Maintenance; Navigation; Unmanned aerial vehicles (UAV); Visual communication; Aerial vehicle; Formation maintenances; Leader-follower; Leaderfollower method; Multiple unmanned aerial vehicle; Odometry; Ultra wide band; Ultra-wide; Visual-inertial odometry; Wide-band; Ultra-wideband (UWB)","Conference paper","Final","","Scopus","2-s2.0-105021821994"
"Kao P.-Y.; Chang H.-J.; Tseng K.-W.; Chen T.; Luo H.-L.; Hung Y.-P.","Kao, Peng-Yuan (56875229400); Chang, Hsiu-Jui (58303594100); Tseng, Kuan-Wei (57222984515); Chen, Timothy (57898094700); Luo, He-Lin (55533949700); Hung, Yi-Ping (26643286300)","56875229400; 58303594100; 57222984515; 57898094700; 55533949700; 26643286300","VIUNet: Deep Visual-Inertial-UWB Fusion for Indoor UAV Localization","2023","IEEE Access","11","","","61525","61534","33","10.1109/ACCESS.2023.3279292","https://www.scopus.com/pages/publications/85161042517?origin=resultslist","Camera, inertial measurement unit (IMU), and ultra-wideband (UWB) sensors are commonplace solutions to unmanned aerial vehicle (UAV) localization problems. The performance of a localization system can be improved by integrating observations from different sensors. In this paper, we propose a learning-based UAV localization method using the fusion of vision, IMU, and UWB sensors. Our model consists of visual-inertial (VI) and UWB branches. We combine the estimation results of both branches to predict global poses. To evaluate our method, we augment a public VI dataset with UWB simulations and conduct a real-world experiment. The experimental results show that our method provides more robust and accurate results than VI/UWB-only localization. Our codes and data are available at https://imlabntu.github.io/VIUNet/.  © 2013 IEEE.","deep learning; sensor fusion; ultra-wideband; Visual-inertial odometry","Computer vision; Deep learning; Indoor positioning systems; Robotics; Ultra-wideband (UWB); Unmanned aerial vehicles (UAV); Deep learning; Location awareness; Odometry; Sensor fusion; Sensor systems; Ultrawide band; Visual-inertial odometry; Antennas","Article","Final","All Open Access; Gold Open Access; Green Open Access","Scopus","2-s2.0-85161042517"
"Wu Z.; Dong S.; Yuan M.; Cui J.; Zhao L.; Tong C.","Wu, Zeyan (57860667200); Dong, Shaopeng (15834142800); Yuan, Mei (57204145323); Cui, Jin (55977544600); Zhao, Longfei (56075032800); Tong, Chengbin (57860089800)","57860667200; 15834142800; 57204145323; 55977544600; 56075032800; 57860089800","Rotate artificial potential field algorithm toward 3D real-time path planning for unmanned aerial vehicle","2023","Proceedings of the Institution of Mechanical Engineers, Part G: Journal of Aerospace Engineering","237","4","","940","955","16","10.1177/09544100221113198","https://www.scopus.com/pages/publications/85136672821?origin=resultslist","As one of the key technologies in the development of Unmanned Aerial Vehicle (UAV), the path planning method has an intuitive impact on the real-time performance of UAV. Most existing path planning algorithms have drawbacks in global optimization ability or optimization speed, and cannot meet the requirements of practical applications. To improve the effectiveness and practicability of the path planning algorithm for UAV obstacle avoidance, this paper proposes the Rotate Artificial Potential Field (R-APF) method based on the traditional artificial potential field method. By introducing a new potential field function and stimulating rotating repulsive force, the R-APF solves the problems of local minimum as well as inaccessibility to targets near obstacles, respectively. Convergence of the algorithm is discussed to demonstrate the feasibility of R-APF. This paper also designs and implements algorithm feasibility verification experiments, obstacle shuttle experiments, as well as running time, and efficiency comparison experiments. In addition, the improved Visual-Inertial Navigation System obstacle detection algorithm is introduced to carry out physical verification experiments. Theoretical proof and experimental results show the proposed R-APF method has higher obstacle avoidance capability, shorter running time, and higher success rate compared to other algorithms, and is promising in practical application. © IMechE 2022.","artificial potential field method; goal non-reachable with obstacles nearby; local minimum problem; obstacle avoidance path planning; unmanned aerial vehicle","Air navigation; Antennas; Collision avoidance; Global optimization; Inertial navigation systems; Obstacle detectors; Unmanned aerial vehicles (UAV); Aerial vehicle; Artificial potential fields; Artificial potential fields method; Goal non-reachable with obstacle nearby; Local minimum problem; Obstacle avoidance path planning; Obstacles avoidance; Path-planning algorithm; Running time; Unmanned aerial vehicle; Motion planning","Article","Final","","Scopus","2-s2.0-85136672821"
"Li P.; Garratt M.; Lambert A.","Li, Ping (56182827200); Garratt, Matthew (14015693000); Lambert, Andrew (7202198614)","56182827200; 14015693000; 7202198614","Sensing and control of a quadrotor using a visual inertial fusion method","2015","ICCAS 2015 - 2015 15th International Conference on Control, Automation and Systems, Proceedings","","","7364912","231","236","2","10.1109/ICCAS.2015.7364912","https://www.scopus.com/pages/publications/84966392094?origin=resultslist","A visual inertial fusion method is proposed in this paper for the state estimation and control of a low-cost Unmanned Aerial Vehicle. A binary template matching algorithm is combined with a gradient based algorithm to compute optic flow (OF). The proposed OF method is capable of handling large displacement, illumination variation and gives subpixel accuracy. With a ground plane assumption, the Jacobian motion model is employed to solve for the unscaled linear velocity, which is fused with inertial measurements in an Extended Kalman Filter (EKF) framework to estimate metric speed and altitude. A number of flight tests have been conducted both indoors and outdoors to evaluate the performance of the proposed approach. © 2015 Institute of Control, Robotics and Systems - ICROS.","Optic Flow; Unmanned Aerial Vehicle; Visual Inertial Fusion","Algorithms; Extended Kalman filters; Fusion reactions; Laser fusion; Template matching; Unmanned aerial vehicles (UAV); Binary template matching; Gradient based algorithm; Illumination variation; Inertial fusion; Inertial measurements; Large displacements; Optic flow; Subpixel accuracy; Inertial confinement fusion","Conference paper","Final","","Scopus","2-s2.0-84966392094"
"Maisto P.; Scognamiglio V.; Selvaggio M.; Lippiello V.","Maisto, Paolo (60581571800); Scognamiglio, Vincenzo (26768197100); Selvaggio, Mario (57188639260); Lippiello, Vincenzo (6603433534)","60581571800; 26768197100; 57188639260; 6603433534","A Localization Strategy for Low-cost UAVs Sewers Inspection","2026","2026 IEEE/SICE International Symposium on System Integration, SII 2026","","","","806","812","0","10.1109/SII64115.2026.11404663","https://www.scopus.com/pages/publications/105035767676?origin=resultslist","Inspecting sewers represents a significant challenge as these environments pose considerable safety risks to human operators. In this view, drones capable of autonomous flight can be used to perform inspection tasks reducing human exposure. However, sewer environments are typically confined, featureless, and poorly lit, hence, standard algorithms for the localization in GNSS-denied environments, such as Visual-Inertial Odometry (VIO), often fail. In addition, drone localization is further complicated by rotor-induced turbulence, and vibrations, that affect sensor measurements. This paper presents a low-cost multisensor-based method for robust pose reconstruction of Unmanned Aerial Vehicles (UAVs) to enable reliable navigation in visually degraded, GPS-denied environments. The proposed framework leverages environmental geometry, specifically obstacle and wall distances, to estimate relative motion and correct drift via a speed control strategy that maximizes the distance from any obstacle. The approach is validated through both simulation and real-world experiments, demonstrating its effectiveness in representative scenarios.  © 2026 IEEE.","","Air navigation; Antennas; Costs; Drones; Sewers; Visual servoing; Aerial vehicle; Autonomous flight; Human exposures; Human operator; Inspection tasks; Localisation; Low-costs; Safety risks; Sewer inspection; Standard algorithms; Inspection","Conference paper","Final","","Scopus","2-s2.0-105035767676"
"Zhu Q.; Zhang D.; Lai J.; Wang D.; Lyu P.; Yuan C.; Yong C.","Zhu, Qianqian (58064104900); Zhang, Di (60001741000); Lai, Jizhou (8861922500); Wang, Dayuan (60000389500); Lyu, Pin (56651981200); Yuan, Cheng (57202113935); Yong, Chengyou (59404725400)","58064104900; 60001741000; 8861922500; 60000389500; 56651981200; 57202113935; 59404725400","A monocular visual-inertial odometry for low-altitude aircrafts with depth optimization assisted by range measurements; [基于测距信息辅助深度优化的低空飞行器单目视觉惯性里程计]","2024","Navigation Positioning and Timing","11","6","","100","112","2","10.19306/j.cnki.2095-8110.2024.06.008","https://www.scopus.com/pages/publications/105010946964?origin=resultslist","In the unknown scenarios where satellite signals are obstructed, the visual-inertial fusion technology can serve as an effective alternative to satellites, providing accurate navigation information for aircraft. However, in the low-altitude scene, traditional visual-inertial odometry (VIO) schemes face problems such as inaccurate scale estimation, prone to divergence, and low accuracy. To address these problems, a monocular VIO for low-altitude aircrafts with depth optimization supported by laser rangefinder and barometer is proposed to improve the accuracy of scale recovery. First, a robust initialization method of depth estimation based on baseline constraint and reference altitude is designed, where the length of the baseline is constrained to improve the accuracy of triangulation, and an initial depth selection mechanism supported by reference altitude is constructed for optimal depth selection. Then, a depth adaptive filling strategy based on the aircraft maneuvering state and plane assumption is introduced to suppress the positioning divergence problem caused by scale loss. Finally, based on the multi-state constrained Kalman filter (MSCKF), the position and attitude of the aircraft is updated by integrating the inertial information and the visual information modified by range measurements. To verify the proposed method, a UAV test platform equipped with visual/inertial/range sensors is constructed to perform test verification in a low-altitude scene. The result shows that compared to the traditional algorithm, the proposed method improves the positioning accuracy by an average of 61%. © 2024 China Astronautic Publishing House Co Ltd. All rights reserved.","Low-altitude aircrafts; Multi-state constrained Kalman filter; Range sensors; Scale recovery; Visual-inertial odometry","","Article","Final","","Scopus","2-s2.0-105010946964"
"Wang Z.; Li X.; Zhang Y.; Huang P.","Wang, Zhixiang (58608079200); Li, Xudong (59293091600); Zhang, Yizhai (35793024200); Huang, Panfeng (8608333800)","58608079200; 59293091600; 35793024200; 8608333800","Localization, Planning, and Control of a UAV for Rapid Complete Coverage Bridge Inspection in Large-Scale Intermittent GPS Environments","2024","IEEE Transactions on Control Systems Technology","32","4","","1357","1369","16","10.1109/TCST.2024.3366695","https://www.scopus.com/pages/publications/85186098971?origin=resultslist","In this article, we tackle the problem of automated visual inspection using a quadrotor unmanned aerial vehicle (UAV) in large-scale intermittent Global Positioning System (GPS) environments. There are mainly three main challenges in this task including drift-free localization in intermittent GPS environments, coverage planning for maximizing inspection efficiency, and safe flight in disturbance environments. An aerial system, comprising localization, planning, and control components, is presented to address the aforementioned challenges. In this system, a localization method called intermittent GPS-aided visual inertial odometry (IGVIO) is devised to achieve precision absolute localization under intermittent GPS by fusion of visual inertial odometry (VIO). A hierarchical time-optimal trajectory planning method called HTOP is also proposed to maximize the efficiency of complete coverage inspection, and finally, a nonlinear model predictive control (NMPC) scheme is leveraged to achieve robust trajectory tracking despite potential external disturbances. Compared with the state-of-the-art time-optimal planners, the proposed planner has key improvements in stability, coverage, efficiency, and optimality, which implies our proposal is more suitable for rapid complete coverage bridge inspection. The proposal is tested in real-world experiments with a commercial quadrotor, which demonstrates that our aerial system can meet the practicability demands of automated visual inspection. © 1993-2012 IEEE.","Aerial system; coverage planning; intermittent Global Positioning System (GPS)-aided visual inertial odometry (VIO); model predictive control; visual inspection","Antennas; Efficiency; Free flight; Global positioning system; Inspection; Trajectories; Unmanned aerial vehicles (UAV); Aerial systems; Complete coverages; Coverage planning; Intermittent global positioning system -aided visual inertial odometry; Localisation; Location awareness; Model-predictive control; Odometry; System environment; Visual inspection; Model predictive control","Article","Final","","Scopus","2-s2.0-85186098971"
"Li C.; Wang J.; Liu J.; Shan J.","Li, Chunyu (57221706174); Wang, Jianan (36728577300); Liu, Junhui (55900015100); Shan, Jiayuan (8961542600)","57221706174; 36728577300; 55900015100; 8961542600","Cooperative Visual-Range-Inertial Navigation for Multiple Unmanned Aerial Vehicles","2023","IEEE Transactions on Aerospace and Electronic Systems","59","6","","7851","7865","23","10.1109/TAES.2023.3297555","https://www.scopus.com/pages/publications/85165345989?origin=resultslist","In this article, the cooperative navigation issue is investigated for a group of unmanned aerial vehicles (UAVs). A distributed estimation architecture fusing range, visual, and intermittent position measurements is proposed. Relative range and co-observed features are utilized to construct direct and indirect geometric constraints between UAVs, respectively. Compared with its independent counterpart, the proposed collaborative estimation scheme is more accurate and robust, while maintaining scalability and efficiency in practical deployment. To solve the intractable problem of evaluating the cross covariance between local estimators during estimation, the covariance intersection (CI) algorithm is introduced into the distributed fusion scheme, where each UAV only estimates its own pose and covariance. Observability analysis is provided to gain insights about the system's identification properties. Finally, the algorithm is applied to a practical patrolling scenario of multiple UAVs, and both numerical and software-in-the-loop (SITL) simulations are performed to illustrate the feasibility and effectiveness of the proposed scheme.  © 1965-2011 IEEE.","Aerial systems; cooperative localization; multi unmanned aerial vehicle (UAV) systems; ultra-wideband (UWB); visual-inertial navigation","Antennas; Global positioning system; Inertial navigation systems; Ultra-wideband (UWB); Unmanned aerial vehicles (UAV); Aerial systems; Aerial vehicle; Cooperative localization; Global Navigation Satellite Systems; Inertial navigations; Multi -unmanned aerial vehicle system; Ultrawide band; Unmanned aerial vehicle systems; Visual inertial navigation; Visual range; Air navigation","Article","Final","","Scopus","2-s2.0-85165345989"
"Li T.; Zhu Z.; Zhuo H.; Yang Z.; Jiang S.; Zhang C.","Li, Tailin (58309777600); Zhu, Zekun (58618370500); Zhuo, Haoze (57813150100); Yang, Zhong (7405432786); Jiang, Shengchao (58310351000); Zhang, Chi (60103035300)","58309777600; 58618370500; 57813150100; 7405432786; 58310351000; 60103035300","Research on multi-sensor fusion navigation methods for aerial power operation drones","2025","IET Conference Proceedings","2025","20","","462","468","0","10.1049/icp.2025.2798","https://www.scopus.com/pages/publications/105027288248?origin=resultslist","To address the challenges posed by dense equipment configurations and intense electromagnetic interference in aerial power system operations, this study proposes a robust vision-centric multi-sensor fusion navigation system. The system is designed to enhance the operational efficiency and safety of unmanned aerial vehicles (UAVs) during critical tasks such as infrastructure inspection, obstacle clearance, repair, and maintenance. By leveraging continuous image sequences captured by high-resolution cameras, the system improves feature extraction and matching through the integration of optical flow tracking with traditional Oriented FAST and Rotated BRIEF (ORB) features. This ensures reliable localization in environments characterized by dynamic lighting conditions and dense obstructions. The framework incorporates an optimized visual-inertial odometry (VIO) module and a global navigation satellite system (GNSS), enabling seamless multi-sensor data fusion. Experimental validation on both public and custom datasets demonstrates that the enhanced VIO system achieves superior positional accuracy, while the fusion-based localization method significantly improves precision in complex operational scenarios, thereby advancing the autonomous navigation capabilities of UAVs in power system applications. © The Institution of Engineering & Technology 2025.","Aerial Robots; Multi-Sensor Fusion; Nonlinear Optimization; State Estimation; Visual Navigation","Air navigation; Antennas; Communication satellites; Computer vision; Drones; Global optimization; Global positioning system; Sensor data fusion; Visual servoing; Aerial robots; Aerial vehicle; Electromagnetics; Equipment configuration; Multi-sensor fusion; Navigation methods; Non-linear optimization; Odometry; Power operation; Visual Navigation; State estimation","Conference paper","Final","","Scopus","2-s2.0-105027288248"
"Jiang S.; Yang Y.; Gu S.; Li J.; Hou Y.","Jiang, Shang (59454668200); Yang, Yifan (59861389000); Gu, Siyang (57944683700); Li, Jiahui (59865050500); Hou, Yingyan (57747964600)","59454668200; 59861389000; 57944683700; 59865050500; 57747964600","Bridge Geometric Shape Measurement Using LiDAR–Camera Fusion Mapping and Learning-Based Segmentation Method","2025","Buildings","15","9","1458","","","6","10.3390/buildings15091458","https://www.scopus.com/pages/publications/105004853293?origin=resultslist","The rapid measurement of three-dimensional bridge geometric shapes is crucial for assessing construction quality and in-service structural conditions. Existing geometric shape measurement methods predominantly rely on traditional surveying instruments, which suffer from low efficiency and are limited to sparse point sampling. This study proposes a novel framework that utilizes an airborne LiDAR–camera fusion system for data acquisition, reconstructs high-precision 3D bridge models through real-time mapping, and automatically extracts structural geometric shapes using deep learning. The main contributions include the following: (1) A synchronized LiDAR–camera fusion system integrated with an unmanned aerial vehicle (UAV) and a microprocessor was developed, enabling the flexible and large-scale acquisition of bridge images and point clouds; (2) A multi-sensor fusion mapping method coupling visual-inertial odometry (VIO) and Li-DAR-inertial odometry (LIO) was implemented to construct 3D bridge point clouds in real time robustly; and (3) An instance segmentation network-based approach was proposed to detect key structural components in images, with detected geometric shapes projected from image coordinates to 3D space using LiDAR–camera calibration parameters, addressing challenges in automated large-scale point cloud analysis. The proposed method was validated through geometric shape measurements on a concrete arch bridge. The results demonstrate that compared to the oblique photogrammetry method, the proposed approach reduces errors by 77.13%, while its detection time accounts for 4.18% of that required by a stationary laser scanner and 0.29% of that needed for oblique photogrammetry. © 2025 by the authors.","3D reconstruction; bridge geometric shape; deep learning; LiDAR; point cloud","Arch bridges; Bridge approaches; Photogrammetry; Precision balances; Reconstruction (structural); 3D reconstruction; Bridge geometric shape; Deep learning; Fusion systems; Geometric shape; Large-scales; LiDAR; Odometry; Point-clouds; Shape measurements; Photomapping","Article","Final","All Open Access; Gold Open Access; Green Open Access","Scopus","2-s2.0-105004853293"
"Akkala S.R.; Allaka H.","Akkala, Sainath Reddy (60579675400); Allaka, Himabindu (57205426517)","60579675400; 57205426517","Resilient Navigation for UAVs: GNSS Attack Detection and Seamless Transition to Visual-Inertial Localization","2025","Proceedings of 2025 IEEE 22nd India Council International Conference, INDICON 2025","","","","","","0","10.1109/INDICON68490.2025.11392970","https://www.scopus.com/pages/publications/105036216094?origin=resultslist","Modern aerial surveillance and autonomous drone operations rely heavily on Global Navigation Satellite System (GNSS) technology for precise navigation and mission execution. However, this dependency exposes critical systems to significant vulnerabilities from signal interference, including malicious spoofing and jamming attacks, which can compromise operational integrity. This paper presents a resilient navigation framework designed to ensure mission continuity in GNSS-compromised environments by integrating real-time attack detection with a seamless transition to alternative navigation methodologies. We first demonstrate these critical vulnerabilities by conducting controlled signal injection attacks on commercial navigation modules using portable software-defined radio (SDR) platforms. Addressing these risks, we propose and validate the core components of an autonomous framework that intelligently detects signal anomalies and seamlessly transitions the navigation state from GNSS-dependent to a map-aided visual-inertial or any other situational awareness-based localization mode. This system is designed to enable robust autonomous navigation in GNSS-denied or degraded environments, ensuring resilience for a wide range of mission scenarios. Experimental validation confirms the system's ability to detect malicious interference in real-time and execute a rapid, reliable handover to sensor-based localization, ensuring operational continuity and safety even under adverse GNSS signal condition. © 2025 IEEE.","3D map-based localization; autonomous drones; GNSS-denied environments; GPS Jamming; GPS spoofing; Regenerative Navigation; security resilience; sensor fusion; UAV Security; Visual-Inertial Odometry (VIO)","Air navigation; Aircraft detection; Antennas; Communication satellites; Drones; Jamming; Network security; Radio; Radio navigation; Robotics; Security systems; 3d map-based localization; 3D maps; Autonomous drone; Global navigation satellite system-denied environment; Global Navigation Satellite Systems; GPS jamming; GPS spoofing; Localisation; Odometry; Regenerative navigation; Security resilience; Sensor fusion; UAV security; Visual-inertial odometry; Global positioning system","Conference paper","Final","","Scopus","2-s2.0-105036216094"
"Zeng Q.; Yu H.; Ji X.; Tao X.; Hu Y.","Zeng, Qingxi (25958513700); Yu, Haonan (57325108700); Ji, Xufang (58602368700); Tao, Xiaodong (57312362200); Hu, Yixuan (57312582800)","25958513700; 57325108700; 58602368700; 57312362200; 57312582800","Fast and Robust Semidirect Monocular Visual-Inertial Odometry for UAV","2023","IEEE Sensors Journal","23","20","","25254","25262","10","10.1109/JSEN.2023.3309907","https://www.scopus.com/pages/publications/85171551676?origin=resultslist","State estimation is critical for achieving autonomous navigation of the unmanned aerial vehicle (UAV). We present a fast and robust monocular visual-inertial odometry (VIO) algorithm, which achieves real-time pose estimation for UAV. A semidirect method for tracking is used in the front end to address the problem of the slow running speed of traditional VIO on onboard computing platforms, which preserves the fast performance of direct methods and the robustness of feature-based methods. Edgelet features are added to the Shi-Tomasi feature extraction to enhance the robustness of VIO in low-texture environments. Furthermore, a quadtree-based feature extraction algorithm is employed to filter features, which effectively addresses the issue of feature accumulation. In the back end of the VIO system, a sliding-window-based nonlinear optimization method is used to fuse image and inertial information. We evaluate our approach on the public European robotics challenges micro aerial vehicle (EuRoC MAV) dataset and compare it with the state-of-the-art VIO algorithms. The experimental results demonstrate that our proposed VIO system is capable of operating in challenging scenarios with fast motion, image blur, and weak texture features. Moreover, our proposed VIO system achieves comparable accuracy to the state-of-the-art VIO algorithms while improving tracking speed by 54.28% compared to VINS-Mono.  © 2001-2012 IEEE.","Computer vision; monocular visual-inertial odometry (VIO); state estimation; unmanned aerial vehicle (UAV)","Air navigation; Antennas; Bandpass filters; Extraction; Nonlinear programming; Robot vision; State estimation; Unmanned aerial vehicles (UAV); Vision; Aerial vehicle; Autonomous navigation; Direct method; Features extraction; Monocular visual-inertial odometry; Odometry; Odometry algorithms; Robustness; State of the art; Unmanned aerial vehicle; Feature extraction","Article","Final","","Scopus","2-s2.0-85171551676"
"Zhang X.; Yuan W.; Zhan X.; Chi C.; Ren Q.; Gong W.; Lin B.","Zhang, Xin (57192504994); Yuan, Wenhan (57188639374); Zhan, Xingqun (8351858100); Chi, Cheng (57215686224); Ren, Qianyi (57226422305); Gong, Wenbin (57359541700); Lin, Baojun (59058559500)","57192504994; 57188639374; 8351858100; 57215686224; 57226422305; 57359541700; 59058559500","A cliquey subgraph approach to sparsified UAV visual inertial odometry by surjective Bayes-tree-to-factor-graph mapping","2022","Aerospace Science and Technology","120","","107250","","","2","10.1016/j.ast.2021.107250","https://www.scopus.com/pages/publications/85120399184?origin=resultslist","A new method is proposed to improve trajectory estimation accuracy by visual inertial odometry (VIO) subject to information sparsification. Current practices assume that the result of sparsification, i.e. a subgraph of a factor graph, takes the form of a tree and impose mutually independencies upon its nodes. However, this oversimplification may undermine a close approximation to the complete information matrix and eventually results in excessive estimation errors. Therefore, we propose to use a cliquey subgraph with preserved mutual correlation between selected pairs of the nodes. Sparsification is further accelerated by the new discovery that connectivity between arbitrary nodes can be directly read from Bayes tree, by transforming its surjective mapping to the underlying factor graph to a bijective mapping through a downstream-upstream traversing operation. Results from public dataset EuRoC indicate that the proposed method, while maintaining low computational profile, achieves lower absolute trajectory error (ATE) than that of the existing ones in the easy- and hard-level sequences and performs equally well in medium-level sequences. This result renders the proposed method a potent candidate for power saving in visual navigation-purposed application specific integrated circuit (ASIC) chip designs. © 2021 Elsevier Masson SAS","Bayes tree; Cliquey subgraph; Factor graph; Sparsification; Surjective mapping; Visual inertial odometry","Forestry; Trees (mathematics); Unmanned aerial vehicles (UAV); Bayes trees; Cliquey subgraph; Factor graphs; Level sequence; Odometry; Sparsification; Subgraphs; Surjective; Surjective mapping; Visual inertial odometry; Mapping","Article","Final","","Scopus","2-s2.0-85120399184"
"Xia Y.; Li H.; Pan G.; Xue W.; Fan Z.; Qi N.; Huo M.","Xia, Yingdong (59445296500); Li, Heli (59446466100); Pan, Guiqi (59446234400); Xue, Wenlin (59444823100); Fan, Zichen (57211708403); Qi, Naiming (55608032800); Huo, Mingying (55277345800)","59445296500; 59446466100; 59446234400; 59444823100; 57211708403; 55608032800; 55277345800","A monocular inertial UAV SLAM algorithm leveraging feature clustering","2024","Proceedings - 2024 16th International Conference on Intelligent Human-Machine Systems and Cybernetics, IHMSC 2024","","","","56","60","1","10.1109/IHMSC62065.2024.00020","https://www.scopus.com/pages/publications/85210486877?origin=resultslist","Generally, the power grid covers a vast area, making transportation inconvenient. Patrolling the lines requires a significant amount of manpower and time. Manual ground patrols are limited in terms of viewing angles, leading to high workloads and risks for inspectors, while the traditional inspection methods struggle to provide structured and standardized data. On the contrary, unmanned aerial vehicle (UAV) inspections are not constrained by geographical obstacles, operate at high speeds, and when integrated with SLAM algorithms, they can efficiently accomplish inspection tasks. This article aims to enhance UAV inspection in complex environments by optimizing SLAM. To address the scale information deficiency in the original single-sensor SLAM, Visual-Inertial Odometry (VIO) was employed in this study. However, in environments with weak textures and low lighting, like during rain and snow, VIO exhibits subpar mapping performance and consumes excessive computing power. To address this issue, the system introduces an enhanced bag-of-words loopback module that iteratively optimizes front-end feature recognition screening rules to conserve computing power. It also enhances the visual feature extraction and maintenance scheme and develops a robust VIO algorithm based on the clustered feature point set of each frame. Ultimately, the system effectively utilizes the EuRoc UAV sensing sequence as input to achieve a smaller absolute trajectory error compared to the OKVIS algorithm. The results of this study have important reference value for the inspection UAV to perceive the real physical environment and build a digital model in a complex environment. © 2024 IEEE.","feature clustering; UAV; visual-inertial SLAM","Aircraft detection; Cluster analysis; Clustering algorithms; Intelligent systems; Photomapping; SLAM robotics; Aerial vehicle; Complex environments; Computing power; Feature clustering; Odometry; Power grids; SLAM algorithm; Unmanned aerial vehicle; Vehicle inspections; Visual-inertial SLAM; Unmanned aerial vehicles (UAV)","Conference paper","Final","","Scopus","2-s2.0-85210486877"
"Turci L.; Vitiello F.; Causa F.; Opromolla R.; Fasano G.","Turci, Lorenzo (58451518200); Vitiello, Federica (57223874961); Causa, Flavia (57193775010); Opromolla, Roberto (56368337300); Fasano, Giancarmine (16174945500)","58451518200; 57223874961; 57193775010; 56368337300; 16174945500","Comparison of Visual-Inertial Sensor Fusion Techniques for GNSS-Resilient Navigation","2024","AIAA/IEEE Digital Avionics Systems Conference - Proceedings","","","","","","1","10.1109/DASC62030.2024.10748659","https://www.scopus.com/pages/publications/85211211598?origin=resultslist","This paper analyzes and compares different visual-inertial (V-INS) sensor fusion strategies, conceived to enable GNSS-resilient navigation of Unmanned Aerial Vehicles (UAV). The strategies share the same data fusion architecture, based on a loosely coupled Extended Kalman Filter (EKF), but have variable characteristics concerning the image processing and pose estimation pipelines. Specifically, four different geolocation strategies are investigated to retrieve range information about the detected visual features in the observed scene, exploiting a flat Earth assumption, a local flat Earth assumption, a Digital Elevation Model (DEM) intersection and a triangulation method, respectively. The latter approach, in particular, does not require any geometrical assumption or any a priori knowledge on the observed scene. Furthermore, an original approach to provide the EKF with a consistent estimate of the covariance associated to the visual-based pose solution is proposed. The navigation performance is evaluated by means of numerical simulations reproducing a straight trajectory with hovering and a curved trajectory, both over an almost flat and a mountain scenario. In the best case of the flat scenario, the percentage error on the position estimate, computed with respect to the UAV traveled distance, is less than 0.15%, and the error on the attitude angles estimate is less than 0.08°, while the Root Mean Square (RMS) values of the same quantities are about 0.09% and 0.04°, respectively. In the mountain scenario the performance is degraded but the maximum errors are still kept approximately within 1% and 1o, respectively. © 2024 IEEE.","covariance; feature geolocation; sensor fusion; visual odometry; visual-inertial navigation","Global positioning system; Inertial navigation systems; Sensor data fusion; Triangulation; Unmanned aerial vehicles (UAV); Aerial vehicle; Covariance; Feature geolocation; Fusion techniques; Geolocations; Inertial navigations; Inertial sensor; Sensor fusion; Visual odometry; Visual-inertial navigation; Extended Kalman filters","Conference paper","Final","","Scopus","2-s2.0-85211211598"
"Zheng X.; Wen W.; Hsu L.-T.","Zheng, Xi (58391525900); Wen, Weisong (57202599234); Hsu, Li-Ta (35219760300)","58391525900; 57202599234; 35219760300","Tightly-coupled Line Feature-aided Visual Inertial Localization within Lightweight 3D Prior Map for Intelligent Vehicles","2023","IEEE Conference on Intelligent Transportation Systems, Proceedings, ITSC","","","","6019","6026","2","10.1109/ITSC57777.2023.10422196","https://www.scopus.com/pages/publications/85186528251?origin=resultslist","Visual-inertial navigation system (VINS) is widely used for autonomous platforms but suffers from drifting over a long time. To remedy this situation, a lightweight 3D prior map-aided visual-inertial navigation system is presented in this paper, which tightly couples the visual-inertial data stream with a lightweight prior map involving 3D line information. To fill the gaps between 3D maps and 2D images, the mutual geometric feature of line segments is utilized to connect these two types of information in different dimensions. By detecting and matching line features in two data sources, the line pairs are utilized as constraints in the nonlinear optimization model and added to the existing factor graph framework in a tightly coupled form. Meanwhile, a fast line feature tracking strategy is employed to monitor and remove extreme outliers, which will further improve the reliability of this structural characteristic during the cross-modality localization. The effectiveness of the proposed method is evaluated by public indoor unmanned aerial vehicles (UAV) datasets, and outdoor unmanned ground vehicles (UGV) datasets generated by the CARLA simulator. © 2023 IEEE.","","Air navigation; Antennas; Ground vehicles; Intelligent vehicle highway systems; Nonlinear programming; Unmanned aerial vehicles (UAV); 2D images; 3D maps; Autonomous platforms; Data stream; Geometric feature; Inertial localizations; Line features; Line-segments; Map image; Tightly coupled lines; Inertial navigation systems","Conference paper","Final","","Scopus","2-s2.0-85186528251"
"Cao L.; Liu J.; Lei J.; Zhang W.; Chen Y.; Hyyppä J.","Cao, Long (59657701500); Liu, Jingbin (36086611900); Lei, Jietao (57218933045); Zhang, Wei (59492137900); Chen, Yongsen (59657905500); Hyyppä, Juha (7004260140)","59657701500; 36086611900; 57218933045; 59492137900; 59657905500; 7004260140","Real-time motion state estimation of feature points based on optical flow field for robust monocular visual-inertial odometry in dynamic scenes","2025","Expert Systems with Applications","274","","126813","","","5","10.1016/j.eswa.2025.126813","https://www.scopus.com/pages/publications/85219066905?origin=resultslist","Vision-based odometry and simultaneous localization and mapping (SLAM) technologies are widely utilized in various applications such as robotics, autonomous driving, augmented reality, and unmanned aerial vehicles (UAVs). In principle, vision-based odometry and SLAM solutions hold on the assume that the surrounding environment keeps static without moving objects. However, real-world environments typically involve moving objects such as pedestrians and vehicles, which will decrease the robustness and accuracy of localization and mapping. Existing studies mitigate the adverse effect of moving objects on localization and mapping by using semantic segmentation or object detection methods, but these methods are computationally expensive and prone to errors, such as misidentifying parked vehicles or undefined moving objects. To tackle these challenges, we propose a motion state estimation method that clusters feature points using optical flow field and quantifiably estimates their motion states, including stationary, lowly dynamic, and highly dynamic motion. In general, the proposed method can be applied to vision based either odometry or SLAM systems. In this study, we incorporate the proposed method with the widely used monocular visual-inertial odometry (VIO), in which the estimated motion states are used to weight feature points in bundle adjustment optimization, thus improving the localization in dynamic scenes. Experiments on public datasets and an embedded hardware platform demonstrate that our method improves positioning accuracy by 27.5%-93.9% in dynamic datasets, with greater improvements in higher-dynamic scenes with more moving objects, and our method can run in real time on low-cost hardware. © 2025 Elsevier Ltd","Dynamic Scenes; Optical flow field; Visual SLAM; Visual-inertial Odometry","Augmented reality; Digital storage; Optical flows; SLAM robotics; Unmanned aerial vehicles (UAV); Dynamic scenes; Localization and mappings; Motion state; Moving objects; Odometry; Optical flow fields; Simultaneous localization and mapping; Vision based; Visual simultaneous localization and mappings; Visual-inertial odometry; Semantic Segmentation","Article","Final","","Scopus","2-s2.0-85219066905"
"Wang S.; Gou G.; Sui H.; Zhou Y.; Zhang H.; Li J.","Wang, Sheng (59872087000); Gou, Guohua (58455585700); Sui, Haigang (8591370500); Zhou, Yufeng (58430430500); Zhang, Hao (59290223700); Li, Jiajie (58434592800)","59872087000; 58455585700; 8591370500; 58430430500; 59290223700; 58434592800","CDSFusion: Dense Semantic SLAM for Indoor Environment Using CPU Computing","2022","Remote Sensing","14","4","979","","","11","10.3390/rs14040979","https://www.scopus.com/pages/publications/85125761956?origin=resultslist","Unmanned Aerial Vehicles (UAVs) require the ability to robustly perceive surrounding scenes for autonomous navigation. The semantic reconstruction of the scene is a truly functional understanding of the environment. However, high-performance computing is generally not available on most UAVs, so a lightweight real-time semantic reconstruction method is necessary. Existing methods rely on GPU, and it is difficult to achieve real-time semantic reconstruction on CPU. To solve the problem, an indoor dense semantic Simultaneous Localization and Mapping (SLAM) method using CPU computing is proposed in this paper, named CDSFusion. The CDSFusion is the first system integrating RGBD-based Visual-Inertial Odometry (VIO), semantic segmentation and 3D reconstruction in real-time on a CPU. In our VIO method, the depth information is introduced to improve the accuracy of pose estimation, and FAST features are used for faster tracking. In our semantic reconstruction method, the PSPNet (Pyramid Scene Parsing Network) pre-trained model is optimized to provide the semantic information in real-time on the CPU, and the semantic point clouds are fused using Voxblox. The experimental results demonstrate that camera tracking is accelerated without loss of accuracy in our VIO, and a 3D semantic map is reconstructed in real-time, which is comparable to one generated by the GPU-dependent method. © 2022 by the authors. Licensee MDPI, Basel, Switzerland.","3D semantic reconstruction; CPU computing; Dense semantic SLAM; Indoor environment; RGBD-based VIO","Air navigation; Antennas; Image reconstruction; Indoor positioning systems; Robotics; Semantic Segmentation; 3d semantic reconstruction; CPU computing; Dense semantic simultaneous localization and mapping; Indoor environment; Odometry; Real- time; Real-time semantics; Reconstruction method; RGBD-based visual-inertial odometry; Simultaneous localization and mapping; Semantics","Article","Final","All Open Access; Gold Open Access; Green Open Access","Scopus","2-s2.0-85125761956"
"Yuan Y.; Liu H.; Zhao C.","Yuan, Yanna (59736981000); Liu, Huimin (59736737600); Zhao, Chenqiang (59736504600)","59736981000; 59736737600; 59736504600","Research on Sensor Data Spatiotemporal Synchronization Technology for Onboard Visual Navigation Systems","2025","2025 IEEE 5th International Conference on Power, Electronics and Computer Applications, ICPECA 2025","","","","155","159","1","10.1109/ICPECA63937.2025.10928832","https://www.scopus.com/pages/publications/105002569839?origin=resultslist","Against the backdrop of the rapid development of unmanned aerial vehicle (UAV) technology, onboard visual navigation systems have become the core support technology for achieving precise positioning and efficient map construction of UAVs. This paper deeply explores the key technologies of sensor data spatiotemporal synchronization in onboard visual navigation systems, aiming to solve the synchronization issues in multi-sensor data fusion in variable environments, and enhance the navigation accuracy and reliability of UAVs. The research covers both spatial and temporal synchronization dimensions, with a focus on the technical implementation of Visual-Inertial Odometry (VIO). For spatial synchronization, a target-based method is proposed to construct an error equation for solving the extrinsic parameters between the camera and the Inertial Measurement Unit (IMU), achieving precise alignment of sensor coordinate systems through the identification and matching of visual target feature points. In terms of temporal synchronization, considering the data frequency differences between the camera and IMU, this paper designs a time alignment strategy that realizes efficient temporal alignment of data through data buffering and timestamp matching. Additionally, the initialization and local sliding window optimization process of the Visual-Inertial Odometry are detailed, achieving high-precision fusion of visual and inertial data through feature extraction, optical flow tracking, and motion structure recovery. Experimental results show that the methods proposed in this paper can technically provide strong support for the autonomous flight of UAVs, effectively improving the navigation performance of UAVs in complex environments, and enhancing the robustness of the system.  © 2025 IEEE.","Onboard Visual Navigation; Sensor Fusion; Spatiotemporal Synchronization; Visual-Inertial Odometry","Building materials; Concrete buildings; Electric towers; Ground supports; Inertial navigation systems; Religious buildings; Sensor data fusion; Solar buildings; Visual servoing; Water towers; Odometry; Onboard visual navigation; Sensor fusion; Sensors data; Spatial synchronization; Spatiotemporal synchronization; Temporal synchronization; Visual Navigation; Visual navigation systems; Visual-inertial odometry; Unmanned aerial vehicles (UAV)","Conference paper","Final","","Scopus","2-s2.0-105002569839"
"Zhang X.; Cui Y.; Ren Y.; Duan G.; Zhang H.","Zhang, Xiaoyue (24337142900); Cui, Yue (59302643200); Ren, Yanchao (59302514000); Duan, Guodong (59302643300); Zhang, Huanrui (57216790205)","24337142900; 59302643200; 59302514000; 59302643300; 57216790205","Loop Detection Method Based on Neural Radiance Field BoW Model for Visual Inertial Navigation of UAVs","2024","Remote Sensing","16","16","3038","","","3","10.3390/rs16163038","https://www.scopus.com/pages/publications/85202444932?origin=resultslist","The loop closure detection (LCD) methods in Unmanned Aerial Vehicle (UAV) Visual Inertial Navigation System (VINS) are often affected by issues such as insufficient image texture information and limited observational perspectives, resulting in constrained UAV positioning accuracy and reduced capability to perform complex tasks. This study proposes a Bag-of-Words (BoW) LCD method based on Neural Radiance Field (NeRF), which estimates camera poses from existing images and achieves rapid scene reconstruction through NeRF. A method is designed to select virtual viewpoints and render images along the flight trajectory using a specific sampling approach to expand the limited observational angles, mitigating the impact of image blur and insufficient texture information at specific viewpoints while enlarging the loop closure candidate frames to improve the accuracy and success rate of LCD. Additionally, a BoW vector construction method that incorporates the importance of similar visual words and an adapted virtual image filtering and comprehensive scoring calculation method are designed to determine loop closures. Applied to VINS-Mono and ORB-SLAM3, and compared with the advanced BoW model LCDs of the two systems, results indicate that the NeRF-based BoW LCD method can detect more than 48% additional accurate loop closures, while the system’s navigation positioning error mean is reduced by over 46%, validating the effectiveness and superiority of the proposed method and demonstrating its significant importance for improving the navigation accuracy of VINS. © 2024 by the authors.","Bag-of-Words; loop closure detection; NeRF; VINS","Aircraft detection; Image analysis; Image enhancement; Image reconstruction; Image sampling; Image texture; Photomapping; Unmanned aerial vehicles (UAV); Aerial vehicle; Bag of words; Bag-of-words models; Detection methods; Inertial navigations; Loop closure; Loop closure detection; Neural radiance field; Texture information; Visual inertial navigation system; Inertial navigation systems","Article","Final","All Open Access; Gold Open Access; Green Open Access","Scopus","2-s2.0-85202444932"
"Lee E.M.; Myung H.","Lee, Eungchang Mason (57208104735); Myung, Hyun (7004861367)","57208104735; 7004861367","Analysis on the performance of VIO according to Trajectory Planning of UAV","2020","International Conference on Control, Automation and Systems","2020-October","","9268220","967","971","6","10.23919/ICCAS50221.2020.9268220","https://www.scopus.com/pages/publications/85098096462?origin=resultslist","Recently, Unmanned Aerial Vehicles (UAVs) have been widely researched to accomplish tasks such as structural inspection, drone racing, and exploration of an unknown environment. To make the most of UAV and correctly estimate its pose with inexpensive and light-weight sensors such as Inertial Measurement Unit (IMU) and cameras, Visual Inertial Odometry (VIO) has been intensively researched. There were a few analyses on the performance of VIO methods where only estimated pose error and utilization of the computing resources were considered. However, the performance of them according to trajectory planning was not treated. Trajectory planning can be one of the main reasons for the drift of localization from VIO since the sensors acquire the data at their sampling rates. In this paper, we analyze the performance of VIO on various trajectories that have different orders of polynomials for the desired position over time and hence different velocity, acceleration, and the first, second derivative of acceleration, using simulator which reflects the real dynamics of UAV. As a result, the higher the order of polynomial for trajectory, the better performance of VIO can be observed. © 2020 Institute of Control, Robotics, and Systems - ICROS.","Control; Indoor Navigation; Trajectory Planning; Unmanned Aerial Vehicle; Visual Inertial Odometry","Antennas; Trajectories; Computing resource; Desired position; Inertial measurement unit; Sampling rates; Second derivatives; Structural inspections; Trajectory Planning; Unknown environments; Unmanned aerial vehicles (UAV)","Conference paper","Final","","Scopus","2-s2.0-85098096462"
"Liu Q.; Wang Z.; Wang H.","Liu, Quanpan (57211205322); Wang, Zhengjie (8278533000); Wang, Huan (57196431079)","57211205322; 8278533000; 57196431079","Stereo Visual Inertial Odometry for Unmanned Aerial Vehicle Autonomous Flight","2020","Lecture Notes in Electrical Engineering","593","","","550","562","0","10.1007/978-981-32-9686-2_62","https://www.scopus.com/pages/publications/85072973220?origin=resultslist","Visual–inertial SLAM system is very popular in the near decade for the navigation of unmanned aerial vehicle (UAV) system, because it is effective in the environments without the Global Position System (GPS). Due to size and weight constraints, only inexpensive and small sensors can be used. Therefore, there are still challenges in the computational efficiency and robustness of MAV autonomous flight algorithm. We present S-VIO: an optimization-based stereo visual-inertial odometry. Our approach starts with inertial measurement units (IMU) pre-integration, in which IMU measurements is accumulated between several frames using measurement pre-integration. After the initial state estimation converges, a highly precision stereo vision-inertial odometry is obtained by fusing IMU measurements and feature observations. Our approach is validated on the EuRoC MAV datasets. Experimental results prove that our S-VIO has higher accuracy and robustness than the most advanced visual-inertial fusion methods in some challenging situations. © 2020, Springer Nature Singapore Pte Ltd.","IMU pre-integration; Navigation of UAV; SLAM; Stereo camera; Visual-inertial odometry","Air navigation; Antennas; Computational efficiency; Integration; Intelligent systems; Stereo image processing; Unmanned aerial vehicles (UAV); Autonomous flight algorithms; Global position systems; Inertial measurement unit; Odometry; Pre-integration; SLAM; Stereo cameras; Unmanned aerial vehicle systems; Stereo vision","Conference paper","Final","","Scopus","2-s2.0-85072973220"
"Li L.; Wang Y.; Gui X.; Chen J.; Li Z.; Han Y.","Li, Leilei (59801360100); Wang, Yixiang (57686664200); Gui, Xunya (57218506626); Chen, Jiabin (8656235900); Li, Zucheng (57218507047); Han, Yongqiang (55489223900)","59801360100; 57686664200; 57218506626; 8656235900; 57218507047; 55489223900","Visual-inertial positioning method based on priori feature map matching constraints; [基于先验特征地图匹配约束的视觉/惯性定位方法]","2022","Zhongguo Guanxing Jishu Xuebao/Journal of Chinese Inertial Technology","30","1","","44","50","10","10.13695/j.cnki.12-1222/o3.2022.01.007","https://www.scopus.com/pages/publications/85130046367?origin=resultslist","Monocular visual-inertial positioning system is widely used due to its low cost and high autonomy. However, visual-inertial odometry generates large cumulative errors after a long period of operation, which cannot provide accurate pose estimation, and there are feature point tracking failures in the system with complex light and road conditions, which cannot solve the current position with low stability. To address the above problems, a priori feature map matching method based on nonlinear optimization is proposed. The pose graph established by monocular visual-inertial SLAM is used to constrain the residual estimation of the system. By calculating the similarity between the current frame and the historical frames in the feature map, and using the bit-pose of the map for error constraint if the similarity between them is higher than a certain threshold, the cumulative error is eliminated and the stability of the system is improved. The map matching method is verified using data from an UAV flying at an altitude of about 6.4 km for 15 minutes. The experimental results show that the proposed map matching algorithm improves the navigation accuracy (RMSE) by 91% in the case where the time-consuming increase is less than 20% compared with the unused map matching algorithm, and can effectively reduce the cumulative errors of monocular vision-inertial system and improve the stability of the system. © 2022, Editorial Department of Journal of Chinese Inertial Technology. All right reserved.","Loop detection; Map-matching; Pose graph; SLAM","Errors; Gesture recognition; Nonlinear programming; Cumulative errors; Feature map; Loop detection; Map matching; Map-matching algorithm; Map-matching method; Matching constraints; Pose graph; Positioning methods; SLAM; System stability","Article","Final","","Scopus","2-s2.0-85130046367"
"Luo S.; Yang C.; Huang F.; Li S.; Xiang Y.; Tang J.","Luo, Shaowen (60050972300); Yang, Cui (55648274000); Huang, Fuchang (60051257700); Li, Siya (60050833200); Xiang, Youjun (14625770500); Tang, Jie (56331385900)","60050972300; 55648274000; 60051257700; 60050833200; 14625770500; 56331385900","LVIO-GSMAP: Robust LiDAR-Visual-Inertial UAV System With Gaussian Mapping","2025","2025 5th International Conference on Electronics, Circuits and Information Engineering, ECIE 2025","","","","713","717","0","10.1109/ECIE65947.2025.11087050","https://www.scopus.com/pages/publications/105013461742?origin=resultslist","This paper presents a robust SLAM framework that integrates LiDAR-Visual-Inertial Odometry (LVIO) with 3D Gaussian Splatting (3DGS) to address critical challenges in outdoor environments, including photometric degradation, weak textures, and motion blur. Traditional LiDAR-Visual-Inertial Odometry systems struggle under these conditions, while existing 3DGS-based SLAM methods are limited to indoor scenes due to their reliance on dense RGB-D inputs. Our approach introduces two key innovations: First, a state estimation pipeline that transitions entirely to LiDAR-Inertial Odometry (LIO) when photometric reliability drops, leveraging LIVO architecture to achieve millimeter-level accuracy and robustness. Second, an outdoor-capable 3DGS reconstruction system that utilizes geometrically consistent LiDAR point clouds from the LVIO frontend, overcoming the scalability limitations of neural implicit representations in large-scale environments. Our system achieves real-time performance at 25 Hz while maintaining high-fidelity mapping. This work bridges the gap between robust odometry and photorealistic reconstruction for outdoor SLAM, enabling reliable operation in complex, outdoors environments. © 2025 IEEE.","3D Gaussian Splatting; LiDAR-Visual-Inertial Odometry; Multi-Sensor Fusion; Outdoor SLAM","Computer vision; Gaussian distribution; Mapping; SLAM robotics; State estimation; Textures; Vision; 3d gaussian splatting; Gaussians; LiDAR-visual-inertial odometry; Multi-sensor fusion; Odometry; Outdoor environment; Outdoor SLAM; Photometrics; Splatting; UAV systems; Optical radar","Conference paper","Final","","Scopus","2-s2.0-105013461742"
"Kou K.; Qian F.; Liu D.; Wang L.; Zhou S.","Kou, Kunhu (24366286400); Qian, Feng (58478763900); Liu, Dengpan (59231249600); Wang, Liying (55376624200); Zhou, Shaolei (7404166268)","24366286400; 58478763900; 59231249600; 55376624200; 7404166268","Quick Initialization Method of Monocular VIO on MAV","2024","Lecture Notes in Electrical Engineering","1207 LNEE","","","240","252","0","10.1007/978-981-97-3336-1_22","https://www.scopus.com/pages/publications/85199330767?origin=resultslist","The visual inertial odometry can effectively realize the autonomous pose estimation of the MAV, and the key to the robust operation and recovery of the VIO is the initialization process. In order to quickly and accurately provide the necessary initial value for the nonlinear optimization of the visual inertial odometry, this paper proposes a method that makes full use of the on-board sensor of the MAV to initialize the visual inertial odometry. This method uses a two-stage processor. In the MAV flight control system, the IMU deviation and initial attitude estimation are carried out through complementary filtering, and the basic principles of multi-view geometry are comprehensively used in the mission control computer to achieve pure visual SLAM. On this basis, the least squares method is used to realize the alignment of the world coordinate system and the camera coordinate system, and the external rotation parameters of the camera and the IMU are estimated online. The altitude change rate of the on-board altitude sensor of the UAV is used to initialize the camera scale information, so as to provide a comprehensive initial value for the nonlinear solution of the back-end of the visual inertial odometry. Through experimental verification, this method can meet the requirements of the initialization accuracy of the visual inertial odometer, accurately calculate the external parameters of rotation, stably and continuously estimate the posture of the MAV, and then realize the posture control of the MAV. The initialization method proposed in this paper takes about 6.7% less time than the classic method. © The Author(s), under exclusive license to Springer Nature Singapore Pte Ltd. 2024.","Complementary Filtering; Initialization; Micro Air Vehicle; Simultaneous Localization and Mapping; Visual Inertial Oodometry","Computer control systems; Flight control systems; Least squares approximations; Micro air vehicle (MAV); Nonlinear programming; Robotics; Complementary filtering; Initialization; Initialization methods; Micro air-vehicles; Non-linear optimization; Odometry; Pose-estimation; Robust operation; Simultaneous localization and mapping; Visual inertial oodometry; Cameras","Conference paper","Final","","Scopus","2-s2.0-85199330767"
"Elmi Tabassum T.; Petrunin I.; Rana Z.A.","Elmi Tabassum, Tarafder (59741906000); Petrunin, Ivan (7003772885); Rana, Zeeshan A. (36599001300)","59741906000; 7003772885; 36599001300","A Comparative Analysis of Hybrid Sensor Fusion Schemes for Visual-Inertial Navigation","2025","IEEE Transactions on Instrumentation and Measurement","74","","8506415","","","3","10.1109/TIM.2025.3555758","https://www.scopus.com/pages/publications/105003088538?origin=resultslist","Visualinertial odometry (VIO) has been extensively studied for navigation in GNSS-denied environments, but its performance can be heavily impacted by the complexity of the navigation environments such as weather conditions, illumination variation, flight dynamics, and environmental structure. Hybrid fusion approaches integrating neural networks (NNs), especially gated recurrent units (GRUs) with the Kalman filters (KFs), such as error-state KF (ESKF) have shown promising results mitigating system nonlinearities due to challenging environmental conditions data issues, there is a lack of systematic studies quantitively analyzing and comparing performance differences unhand. To address this gap and enable robust navigation in complex conditions, this study proposes and systematically analyses the performance of three hybrid fusion schemes for VIO-based navigation of autonomous aerial vehicles (AAVs). These three hybrid VIO schemes include visual odometry (VO) error compensation using NN, KF error compensation using NN, and prediction of Kalman gain using NN. The comparative analysis is performed using data generated in MATLAB incorporating the unreal engine involving diverse challenging environmental conditions: fog, rain, illumination level variability, and variability in the number of features available for extraction during the AAV flight in the urban environment. The results demonstrate the performance improvement achieved by hybrid VIO fusion schemes compared to ESKF-based traditional fusion methods in the presence of multiple visual failure modes. Comparative analysis reveals notable improvement achieved by method 1 with enhancements of 93% in sunny, 91% in foggy, and 90% in rainy conditions than the other two hybrid VIO architectures. © 1963-2012 IEEE.","Error compensation; failure modes; hybrid visual-inertial odometry (VIO); Kalman filter (KF); neural networks (NNs); robustness","Air navigation; Building materials; Electric towers; Global positioning system; Hybrid vehicles; Inertial navigation systems; Kalman filters; Recurrent neural networks; Religious buildings; Sensor data fusion; Solar buildings; Comparative analyzes; Environmental conditions; Error-state; Hybrid fusions; Hybrid visual inertial odometry; Neural-networks; Odometry; Performance; Robustness; State kalman filter; Unmanned aerial vehicles (UAV)","Article","Final","","Scopus","2-s2.0-105003088538"
"Han H.; Wang Z.; Wu D.","Han, Haoyuan (59561177700); Wang, Zijun (59561601000); Wu, Di (57200496100)","59561177700; 59561601000; 57200496100","Monitoring Jackfruit Growth Based on YOLOv8 with Unmanned Aerial Vehicles","2024","Proceedings of 2024 IEEE International Conference on Unmanned Systems, ICUS 2024","","","","1641","1646","0","10.1109/ICUS61736.2024.10839928","https://www.scopus.com/pages/publications/85218070188?origin=resultslist","Jackfruit trees are usually tall, making manual monitoring methods inefficient for jackfruit cultivation. In this paper, we propose utilizing an unmanned aerial vehicle (UAV) equipped with the YOLOv8 algorithm for jackfruit growth monitoring, alongside Visual-Inertial Navigation System Fusion (Vins-Fusion) for positioning and integrated front-end and back-end trajectory optimization techniques. We collect sample data by photographing jackfruit and searching for images on the internet. The data are annotated using LabelImg and then used to train the deep learning model. The trained model is deployed on the UAV, which is equipped with a Jetson module and a depth camera, to achieve aerial detection of jackfruit ripeness and determine if they are rotten, using the YOLOv8 algorithm. Finally, we discuss the experimental results, focusing on training loss, validation loss, precision, recall, and mean average precision (mAP), and flight recognition capability. The results demonstrate that the UAV can efficiently, autonomously, and accurately detect the ripeness of jackfruit and determine whether it is rotten. © 2024 IEEE.","B-spline; deep learning; jackfruit; unmanned aerial vehicle (UAV); Visual-Inertial Navigation System Fusion (Vins-Fusion); YOLOv8","Aerial photography; Aircraft detection; Deep learning; Linear programming; Splines; Unmanned aerial vehicles (UAV); Aerial vehicle; B splines; Deep learning; Inertial navigations; Jackfruit; Manual monitoring; Monitoring methods; Unmanned aerial vehicle; Visual-inertial navigation system fusion; YOLOv8; Inertial navigation systems","Conference paper","Final","","Scopus","2-s2.0-85218070188"
"Du S.; Xu M.; Fang W.; Xiong M.; Liu Q.; Yi P.; Hong Y.","Du, Siyuan (57788845900); Xu, Mengyuan (57200330930); Fang, Wen (57202733340); Xiong, Mingliang (57203242347); Liu, Qingwen (56127740700); Yi, Peng (55585611900); Hong, Yiguang (57218665453)","57788845900; 57200330930; 57202733340; 57203242347; 56127740700; 55585611900; 57218665453","Integrated Resonant Beam and VIO for UAV Position and Attitude Sensing in Air-Ground Vehicular Network","2025","IEEE Transactions on Vehicular Technology","","","","","","0","10.1109/TVT.2025.3628254","https://www.scopus.com/pages/publications/105020945714?origin=resultslist","In air-ground vehicular networks, unmannedaerial vehicles (UAVs) often serve as airborne communication relays or sensing nodes, where accurate position and attitude estimation is critical for ensuring stable beam alignment, reliable link establishment, and precise mission execution. However, in GNSS-denied or infrastructure-free environments, conventional visual-inertial odometry (VIO) systems suffer from cumulative drift over time and distance. To address this challenge, we propose a blueresonant beam sensing (RBS)-aided pose estimation method that leverages spatially separated laser cavities to extract relative positions and attitudes between UAVs. Specifically, we estimate the angle of arrival (AoA) of beam spots through resonant beam (RB) mapping and perform time-of-flight (ToF) ranging to compute relative poses, where pitch and yaw are directly obtained from AoA, and roll is estimated via a nonlinear optimization decoupled from VIO attitudes. Furthermore, we integrate RBS and VIO using a factor graph optimization framework, where sensor fusion is adaptively weighted based on measurement uncertainty and error models. Simulation results demonstrate that our method significantly improves relative attitude estimation in yaw and pitch dimensions, and enhances overall swarm localization accuracy by 22% to 39% with different swarm scales compared to VIO-only methods. Additionally, it outperforms existing VIO-UWB-Visual fusion approaches, achieving an accuracy gain of nearly 10%. © 1967-2012 IEEE.","factor graph optimization; multi-sensor integration; resonant beam sensing; UAV swarm localization","","Article","Article in press","","Scopus","2-s2.0-105020945714"
"Wang F.; Geng J.","Wang, Feng (57853356500); Geng, Jianghui (55956877800)","57853356500; 55956877800","GNSS PPP-RTK tightly coupled with low-cost visual-inertial odometry aiming at urban canyons","2023","Journal of Geodesy","97","7","66","","","30","10.1007/s00190-023-01749-7","https://www.scopus.com/pages/publications/85163956886?origin=resultslist","High-precision positioning is essential for emerging mass-market applications such as autonomous driving, unmanned aerial vehicles and intelligent transportation in complex urban canyons. Without global navigation satellite system (GNSS) reference stations, the real-time kinematic precise point positioning (PPP-RTK) technique is widely used in these fields because of its fast and accurate absolute positioning capability. However, in complex urban canyons, the performance of PPP-RTK deteriorates dramatically due to the satellite signal obstruction and interference. In contrast, inertial navigation system (INS) and visual navigation can provide precise relative pose estimation, but they suffer from serious error accumulation. Therefore, there is a strong complementary advantage between GNSS and INS/Vision navigation and positioning. In this study, a tightly coupled PPP-RTK/INS/Vision integration model is developed, aiming at improving the performance of PPP-RTK in terms of precision and availability to achieve robust positioning in complex urban canyons. Vehicle-borne experiments with different typical urban scenarios were carried out. We found that the positioning precision, availability and the ambiguity fixing rate of PPP-RTK can be significantly improved by tightly coupling with INS and Vision. The positioning precision of tightly coupled micro-electro-mechanical system (MEMS)-based PPP-RTK/INS/Vision is 6 cm, 5 cm and 10 cm in the east, north and up components, respectively, with an ambiguity fixing rate of 83.6% in typical urban environments, which are comparable to the statistics of a tactical-based PPP-RTK/INS tight integration. Even in complex urban canyons, the positioning precision of tightly coupled MEMS-based PPP-RTK/INS/Vision solution can still reach 11 cm, 7 cm and 13 cm in the east, north and up components, respectively, exhibiting improvements of over 90% compared to GNSS-only PPP-RTK. These results indicate that PPP-RTK tightly coupled with low-cost MEMS-IMU and monocular vision can provide high-precision and high-reliability navigation and positioning solutions even in complex urban environments. © 2023, Springer-Verlag GmbH Germany, part of Springer Nature.","PPP-RTK; PPP-RTK/INS/Vision tightly coupled integration; Urban canyons navigation","canyon; GNSS; image analysis; image classification; performance assessment; reliability analysis; satellite data; satellite imagery","Article","Final","","Scopus","2-s2.0-85163956886"
"Wang S.; Liang Y.; Lin J.; Gan Y.; Zhong M.; Yin X.; Peng B.","Wang, Shuai (57201042141); Liang, Yuntao (24822676000); Lin, Jiongxun (60235271600); Gan, Yuxi (59238016500); Zhong, Mengping (60211145000); Yin, Xia (7401674503); Peng, Bao (36830576800)","57201042141; 24822676000; 60235271600; 59238016500; 60211145000; 7401674503; 36830576800","TSFNet: A Two-Stage Fusion Network for Visual–Inertial Odometry","2025","Mathematics","13","23","3842","","","0","10.3390/math13233842","https://www.scopus.com/pages/publications/105024591079?origin=resultslist","In autonomous operations of unmanned aerial vehicles (UAVs), accurate pose estimation is a core prerequisite for achieving autonomous navigation, obstacle avoidance, and task execution. To address the challenge of localization in GNSS-denied environments, Visual–Inertial Odometry (VIO) has emerged as a mainstream solution due to its outstanding performance. However, existing deep learning-based VIO methods exhibit limitations in their multi-modal fusion mechanisms. These methods typically employ simple concatenation or attention mechanisms for feature fusion. Furthermore, enhancements in accuracy are often accompanied by significant computational overhead. This makes it difficult for models to effectively handle complex, dynamic scenes while remaining lightweight. To this end, this paper proposes TSFNet (Two-stage Sequential Fusion Network), an efficient two-stage sequential fusion network. In the first stage, the network employs a lightweight visual backbone and a bidirectional recurrent network in parallel to extract spatial and motion features, respectively. A gated fusion unit is employed to achieve adaptive intra-frame feature fusion, dynamically balancing the contributions of different modalities. In the second stage, the fused features are organized into sequences and fed into a dedicated temporal network to explicitly model inter-frame motion dynamics. This decoupled fusion architecture significantly enhances the model’s representational capacity. Experimental results demonstrate that TSFNet achieves superior performance on both the EuRoC and Zurich Urban MAV datasets. Notably, on the Zurich Urban MAV dataset, it reduces the localization Root Mean Square Error (RMSE) by 62% compared to the baseline model, while simultaneously reducing the number of parameters and computational load by 76.65% and 24.30%, respectively. This research confirms that the decoupled two-stage fusion strategy is an effective approach for realizing high-precision, lightweight VIO systems. © 2025 by the authors.","deep learning; gating mechanism; pose estimation; visual-inertial odometry","","Article","Final","All Open Access; Gold Open Access; Green Open Access","Scopus","2-s2.0-105024591079"
"Dai H.; Jing G.; Yang D.; Li Y.; Ren Z.; Yan D.","Dai, Haotian (60619566300); Jing, Guifei (57202984549); Yang, Dongkai (8258613500); Li, Yige (60027518800); Ren, Zongbin (60619458800); Yan, Dayu (57203995070)","60619566300; 57202984549; 8258613500; 60027518800; 60619458800; 57203995070","Distributed Cooperative Localization for Multiuav System in GNSS Constrained Environment","2025","2025 International Ubiquitous Positioning, Indoor Navigation and Location-Based Services Conference, UPINLBS 2025","","","","","","","10.1109/UPINLBS68186.2025.11468423","https://www.scopus.com/pages/publications/105038052649?origin=resultslist","In GNSS-constrained environments, singleUAV localization based on visual-inertial odometry (VIO) or inertial navigation systems (INS) degrades rapidly due to error accumulation. We propose a distributed cooperative localization method for multi-UAV systems. Under a Fisher Information Matrix (FIM)-Extended Kalman Filter (EKF) fusion framework, pairwise constraints among UAVs are formed via networked relative measurements, and a sequential 'measurement scheduling and covariance update' strategy is used to suppress error diffusion. We cast measurement scheduling as a partially observable multi-agent reinforcement learning problem and develop a Multi-Agent Double-Dueling DQN (MAD3QN) policy under centralized training and decentralized execution. Simulation results show that, compared with the MADQNbased strategy, MAD3QN reduces localization uncertainty by 32.24 % on average. The approach provides an efficient, scalable solution for distributed cooperative localization in GNSS-constrained environments. © 2025 IEEE.","Cooperative localization; GNSS constrained environment; Kalman filter; Multi-UAV system; Reinforcement learning","Air navigation; Covariance matrix; Extended Kalman filters; Fisher information matrix; Inertial navigation systems; Intelligent agents; Multi agent systems; Robotics; Unmanned aerial vehicles (UAV); Cooperative localization; GNSS constrained environment; Inertial navigations; Localisation; Measurement scheduling; Multi UAV; Multi-UAV system; Odometry; Reinforcement learnings; UAV systems; Reinforcement learning","Conference paper","Final","","Scopus","2-s2.0-105038052649"
"Karrer M.; Chli M.","Karrer, Marco (57192434503); Chli, Margarita (25654656600)","57192434503; 25654656600","Distributed Variable-Baseline Stereo SLAM from two UAVs","2021","Proceedings - IEEE International Conference on Robotics and Automation","2021-May","","","82","88","24","10.1109/ICRA48506.2021.9560944","https://www.scopus.com/pages/publications/85125484543?origin=resultslist","Visual-Inertial Odometry (VIO) has been widely used and researched to control and aid the automation of navigation of robots especially in the absence of absolute position measurements, such as GPS. However, when the observable landmarks in the scene lie far away, as in high-altitude flights for example, the fidelity of the metric scale estimate in VIO greatly degrades. Aiming to tackle this issue, in this work, we utilize the virtual stereo setup formed by two Unmanned Aerial Vehicles (UAVs), equipped with one camera and one Inertial Measurement Unit (IMU) each, exploiting their view overlap and relative distance measurements between them using onboard Ultra-Wideband (UWB) modules to enable collaborative VIO. In particular, we propose a decentralized collaborative estimation scheme, where each agent holds its own local map, achieving a low pose estimation latency, while ensuring consistency of each agents' estimates via consensus-based optimization. Following a thorough evaluation in photorealistic simulations, we demonstrate the effectiveness of the approach at high-altitude flights of up to 160m, going significantly beyond the capabilities of state-of-the-art VIO methods. Finally, we show the advantage of actively adjusting the baseline on-the-fly over a fixed, target baseline, resulting in a significant reduction of the estimation error. © 2021 IEEE","","Flight simulators; Robots; Ultra-wideband (UWB); Absolute position measurements; Aerial vehicle; Collaborative estimation; Decentralised; Inertial measurements units; Odometry; One camera; Overlap distance; Relative distances; Ultrawide band; Antennas","Conference paper","Final","All Open Access; Green Open Access","Scopus","2-s2.0-85125484543"
"Li T.; Zhang H.; Gao Z.; Niu X.; El-Sheimy N.","Li, Tuan (57194206040); Zhang, Hongping (55358578100); Gao, Zhouzheng (55235759400); Niu, Xiaoji (9241611900); El-Sheimy, Naser (59454510300)","57194206040; 55358578100; 55235759400; 9241611900; 59454510300","Tight fusion of a monocular camera, mems-imu, and single-frequency multi-gnss rtk for precise navigation in gnss-challenged environments","2019","Remote Sensing","11","6","610","","","146","10.3390/rs11060610","https://www.scopus.com/pages/publications/85112529225?origin=resultslist","Precise position, velocity, and attitude is essential for self-driving cars and unmanned aerial vehicles (UAVs). The integration of global navigation satellite system (GNSS) real-time kinematics (RTK) and inertial measurement units (IMUs) is able to provide high-accuracy navigation solutions in open-sky conditions, but the accuracy will be degraded severely in GNSS-challenged environments, especially integrated with the low-cost microelectromechanical system (MEMS) IMUs. In order to navigate in GNSS-denied environments, the visual–inertial system has been widely adopted due to its complementary characteristics, but it suffers from error accumulation. In this contribution, we tightly integrate the raw measurements from the single-frequency multi-GNSS RTK, MEMS-IMU, and monocular camera through the extended Kalman filter (EKF) to enhance the navigation performance in terms of accuracy, continuity, and availability. The visual measurement model from the well-known multistate constraint Kalman filter (MSCKF) is combined with the double-differenced GNSS measurement model to update the integration filter. A field vehicular experiment was carried out in GNSS-challenged environments to evaluate the performance of the proposed algorithm. Results indicate that both multi-GNSS and vision contribute significantly to the centimeter-level positioning availability in GNSS-challenged environments. Meanwhile, the velocity and attitude accuracy can be greatly improved by using the tightly-coupled multi-GNSS RTK/INS/Vision integration, especially for the yaw angle. © 2019 by the authors.","High-precision; Monocular visual-inertial odometry; Multi-GNSS (GPS/BeiDou/GLONASS); RTK/INS integration; State estimation","Antennas; Cameras; Electromechanical devices; Extended Kalman filters; Integration; MEMS; Navigation; Complementary characteristics; Global Navigation Satellite Systems; Inertial measurement unit; Integration filters; Micro  electromechanical system (MEMS); Navigation performance; Navigation solution; Visual measurements; Global positioning system","Article","Final","All Open Access; Gold Open Access; Green Open Access","Scopus","2-s2.0-85112529225"
"Lazareva P.A.; Malikov A.I.; Degtyarev G.L.; Mannanov R.T.","Lazareva, P.A. (55799753900); Malikov, A.I. (60145879200); Degtyarev, G.L. (7003680344); Mannanov, R.T. (60145879300)","55799753900; 60145879200; 7003680344; 60145879300","Development of an Algorithm for Absolute Visual-Inertial Navigation of Unmanned Aerial Vehicles","2025","Russian Aeronautics","68","2","","449","455","0","10.3103/S1068799825020217","https://www.scopus.com/pages/publications/105019050647?origin=resultslist","Abstract: The paper considers approaches to navigation of unmanned aerial vehicles in the absence of satellite signals using computer vision algorithms. A comparative analysis of absolute navigation methods using the pre-loaded satellite maps is carried out. An algorithm is proposed for the season-invariant visual-inertial navigation based on the image feature matching using the SIFT algorithm with correction based on signals from an inertial measurement unit computationally optimized for the real time use. The results of the algorithm testing using the real unmanned aerial vehicle flight data are presented in comparison with the reference data from a satellite navigation system. © Allerton Press, Inc. 2025.","autonomous navigation; reference satellite map; unmanned aerial vehicle; visual-inertial navigation; visual-inertial odometry","Air navigation; Antennas; Computer vision; Flight testing; Inertial navigation systems; Satellite navigation aids; Satellites; Vision; Visual servoing; Aerial vehicle; Autonomous navigation; Inertial navigations; Odometry; Reference satellite map; Reference satellites; Satellite signals; Unmanned aerial vehicle; Visual-inertial navigation; Visual-inertial odometry; Unmanned aerial vehicles (UAV)","Article","Final","","Scopus","2-s2.0-105019050647"
"Vallés F.P.; Magree D.P.; Johnson E.N.","Vallés, Federico Paredes (57197715262); Magree, Daniel P. (36666993400); Johnson, Eric N. (25934529500)","57197715262; 36666993400; 25934529500","Direct feature correspondence in vision-aided inertial navigation for unmanned aerial vehicles","2017","2017 International Conference on Unmanned Aircraft Systems, ICUAS 2017","","","7991446","221","229","0","10.1109/ICUAS.2017.7991446","https://www.scopus.com/pages/publications/85034101171?origin=resultslist","This paper proposes a novel method for corresponding visual measurements to map points in a visual-inertial navigation system. The algorithm is based on the minimization of the photometric error on sparse locations of the image region, and realizes a gain in robustness that comes from the elimination of the need of feature-extraction for correspondence. The system is compared to a standard approach based on feature extraction, within a visual-inertial EKF formulation. High-fidelity simulation results show the proposed method improves the horizontal RMS error by means of increasing the number of features corresponded by the algorithm. © 2017 IEEE.","","Extraction; Feature extraction; Inertial navigation systems; Navigation; Navigation systems; Unmanned aerial vehicles (UAV); Feature correspondence; High-fidelity simulations; Image regions; RMS errors; Vision-aided inertial navigation; Visual measurements; Air navigation","Conference paper","Final","","Scopus","2-s2.0-85034101171"
"Hao Y.; He M.; Liu Y.; Liu J.; Meng Z.","Hao, Yun (57221957228); He, Mengfan (58555192300); Liu, Yuzhen (57205611960); Liu, Jiacheng (59293637000); Meng, Ziyang (24169677800)","57221957228; 58555192300; 57205611960; 59293637000; 24169677800","Range–Visual–Inertial Odometry with Coarse-to-Fine Image Registration Fusion for UAV Localization","2023","Drones","7","8","540","","","14","10.3390/drones7080540","https://www.scopus.com/pages/publications/85169155084?origin=resultslist","In Global Navigation Satellite System (GNSS)-denied environments, image registration has emerged as a prominent approach to utilize visual information for estimating the position of Unmanned Aerial Vehicles (UAVs). However, traditional image-registration-based localization methods encounter limitations, such as strong dependence on the prior initial position information. In this paper, we propose a systematic method for UAV geo-localization. In particular, an efficient range–visual–inertial odometry (RVIO) is proposed to provide local tracking, which utilizes measurements from a 1D Laser Range Finder (LRF) to suppress scale drift in the odometry. To overcome the differences in seasons, lighting conditions, and other factors between satellite and UAV images, we propose an image-registration-based geo-localization method in a coarse-to-fine manner that utilizes the powerful representation ability of Convolutional Neural Networks (CNNs). Furthermore, to ensure the accuracy of global optimization, we propose an adaptive weight assignment method based on the evaluation of the quality of image-registration-based localization. The proposed method is extensively evaluated in both synthetic and real-world environments. The results demonstrate that the proposed method achieves global drift-free estimation, enabling UAVs to accurately localize themselves in GNSS-denied environments. © 2023 by the authors.","coarse-to-fine image registration; localization; range–visual–inertial odometry","Global positioning system; Image fusion; Image registration; Inertial navigation systems; Range finders; Satellites; Scales (weighing instruments); Time difference of arrival; Unmanned aerial vehicles (UAV); Aerial vehicle; Coarse to fine; Coarse-to-fine image registration; Fine images; Global Navigation Satellite Systems; Images registration; Localisation; Localization method; Odometry; Range–visual–inertial odometry; Convolutional neural networks","Article","Final","All Open Access; Gold Open Access; Green Open Access","Scopus","2-s2.0-85169155084"
"Blanchard N.; Parker A.; Mahalanobis A.; Shkarayev S.","Blanchard, Nicolas (58979167300); Parker, Amber (59713837500); Mahalanobis, Abhijit (35575819100); Shkarayev, Sergey (6701379532)","58979167300; 59713837500; 35575819100; 6701379532","Train of Autonomous Aerial Vehicles for Subterranean Exploration with SLAM Capabilities","2025","AIAA Science and Technology Forum and Exposition, AIAA SciTech Forum 2025","","","","","","0","10.2514/6.2025-2067","https://www.scopus.com/pages/publications/105026921134?origin=resultslist","This work realizes a system of drones for the exploration of caves and lava tubes. The presented system consists of lightweight quadcopters that employ Visual-Inertial Odometry for real-time localization and Time of Flight occupancy grid mapping for real-time 3D mapping, yielding similar results to the online SLAM solution but without the need for a 360 degree 3D LiDAR scanner. A waypoint-based Leader-Follower algorithm and a custom MAVLink-based ground station are deployed to control the system and direct the swarm of UAVs in a train configuration. Software-in-the-Loop simulations and complete system flight tests in an artificial cave environment area conducted to evaluate system communication, navigation, and 3D mapping ability. Robust leader-follower configuration, 3D occupancy mapping at resolutions of 0.05 meter, and accurate localization in GPS-denied and low-light conditions are all demonstrated. © 2025, American Institute of Aeronautics and Astronautics Inc, AIAA. All rights reserved.","","Aircraft communication; Flight simulators; SLAM robotics; Training aircraft; Unmanned aerial vehicles (UAV); 3-D mapping; Aerial vehicle; Grid mapping; Leader-follower; Occupancy grids; Odometry; Real- time; Real-time localization; Time-of flight; Waypoints; Caves","Conference paper","Final","","Scopus","2-s2.0-105026921134"
"Allak E.; Brommer C.; Dallenbach D.; Weiss S.","Allak, Eren (57207816572); Brommer, Christian (57205327640); Dallenbach, Diego (57219921317); Weiss, Stephan (57212748175)","57207816572; 57205327640; 57219921317; 57212748175","AMADEE-18: Vision-Based Unmanned Aerial Vehicle Navigation for Analog Mars Mission (AVI-NAV)","2020","Astrobiology","20","11","","1321","1337","9","10.1089/ast.2019.2036","https://www.scopus.com/pages/publications/85096081572?origin=resultslist","As a part of the AMADEE-18 analog Mars mission, designed to study challenges associated with human-based exploration of the Red Planet, we focused our team efforts on testing means to localize an unmanned aerial vehicle (UAV) on Mars. Robot helicopters, such as the one selected for a technology demonstration as a part of NASA's Mars 2020 mission, are small and their performance is computationally limited. An essential aspect of navigation and path planning of an autonomous helicopter is accurate localization of the robot. In the absence of a global positioning system, a computationally efficient localization technology that can be applied on Mars is visual-inertial odometry (VIO). The AMADEE-18 mission provided an opportunity to test the feasibility of a state-of-the-art VIO algorithm and the camera in a Mars-like analog environment. The flight datasets included different terrain structures that challenged the functionality of VIO algorithms. The experiment has yielded valuable insights into the desired surface structure, texture, and mission times for surface relative navigation of UAV on Mars.  © 2020, Mary Ann Liebert, Inc., publishers.","Analog; Earth Mars; Extreme environments; Mars; Mars Exploration Rovers; State estimation","algorithm; article; extreme environment; feasibility study; global positioning system; helicopter; human; robotics; unmanned aerial vehicle; vision","Article","Final","","Scopus","2-s2.0-85096081572"
"Song S.; Jung S.; Kim H.; Myung H.","Song, Seungwon (57207387854); Jung, Sungwook (57188652703); Kim, Hyungjin (57206210478); Myung, Hyun (7004861367)","57207387854; 57188652703; 57206210478; 7004861367","A method for mapping and localization of quadrotors for inspection under bridges using camera and 3D-LiDAR","2018","Proceedings of the 7th Asia-Pacific Workshop on Structural Health Monitoring, APWSHM 2018","","","","1061","1068","4","","https://www.scopus.com/pages/publications/85064594350?origin=resultslist","Bridge inspection is necessary to maintain the safety of bridges built in many places. Recently, taking pictures or capturing 3D data of all parts of the bridge for inspection are performed using quadrotors instead of humans. Since manual control of the UAV needs time and human resources, researchers are developing localization methods under the bridge using a camera or a 3D LiDAR sensor. However, there are difficulties in localization under large bridges due to lack of features. In this paper, we present a novel method for mapping and localization under large bridges by combining visual inertial state estimate and 3D LiDAR data. Due to lack of features, we combine multiple state estimation like visual inertial odometry, GPS, and 3D LiDAR data into one supernode. Then NDT (Normal distributions transform) and Plane ICP (Iterative closest point) are performed to match each node and to optimize the path using constraints. Generated 3D point cloud map contains LiDAR reflection intensity and appropriate camera images to inspect the bridge more efficiently. The 3D point cloud map results are compared with other 3D point cloud maps generated using visual inertial odometry only. © APWSHM 2018. All rights reserved.","Bridge inspection; Slam; Uav","Cameras; Inspection; Iterative methods; Mapping; Nondestructive examination; Normal distribution; Optical radar; State estimation; Unmanned aerial vehicles (UAV); 3D point cloud; Bridge inspection; Iterative Closest Points; Localization method; Mapping and localization; Reflection intensity; Slam; State estimates; Structural health monitoring","Conference paper","Final","","Scopus","2-s2.0-85064594350"
"Choi J.; Marsim K.C.; Jeong M.; Ryoo K.; Kim J.; Myung H.","Choi, Junho (57209418366); Marsim, Kevin Christiansen (58682215200); Jeong, Myeongwoo (57234397000); Ryoo, Kihwan (58682442900); Kim, Jeewon (57222030808); Myung, Hyun (7004861367)","57209418366; 58682215200; 57234397000; 58682442900; 57222030808; 7004861367","Multi-unmanned Aerial Vehicle Pose Estimation Based on Visual-inertial-range Sensor Fusion","2023","Journal of Institute of Control, Robotics and Systems","29","11","","859","865","8","10.5302/J.ICROS.2023.23.0135","https://www.scopus.com/pages/publications/85175860572?origin=resultslist","Multi-robot state estimation is crucial for real-time and accurate operation, especially in complex environments where a global navigation satellite system cannot be used. Many researchers employ multiple sensor modalities, including cameras, LiDAR, and ultra-wideband (UWB), to achieve real-time state estimation. However, each sensor has specific requirements that might limit its usage. While LiDAR sensors demand a high payload capacity, camera sensors must have matching image features between robots, and UWB sensors require known fixed anchor locations for accurate positioning. This study introduces a robust localization system with a minimal sensor setup that eliminates the need for the previously mentioned requirements. We used an anchor-free UWB setup to establish a global coordinate system, unifying all robots. Each robot performs visual-inertial odometry to estimate its ego-motion in its local coordinate system. By optimizing the local odometry from each robot using inter-robot range measurements, the positions of the robots can be robustly estimated without relying on an extensive sensor setup or infrastructure. Our method offers a simple yet effective solution for achieving accurate and real-time multi-robot state estimation in challenging environments without relying on traditional sensor requirements. © ICROS 2023.","multi-robot localization; relative pose estimation; sensor fusion; swarm robots; visual-inertial-range odometry","Antennas; Cameras; Industrial robots; Multipurpose robots; Optical radar; Robot applications; Swarm intelligence; Ultra-wideband (UWB); Unmanned aerial vehicles (UAV); Inertial ranges; Multi-Robot localization; Odometry; Pose-estimation; Real- time; Relative pose; Relative pose estimation; Sensor fusion; Swarm robots; Visual-inertial-range odometry; State estimation","Article","Final","","Scopus","2-s2.0-85175860572"
"Baldini F.; Anandkumar A.; Murray R.M.","Baldini, Francesca (57191981174); Anandkumar, Animashree (57513141600); Murray, Richard M. (55921248200)","57191981174; 57513141600; 55921248200","Learning Pose Estimation for UAV Autonomous Navigation and Landing Using Visual-Inertial Sensor Data","2020","Proceedings of the American Control Conference","2020-July","","9147400","2961","2966","29","10.23919/ACC45564.2020.9147400","https://www.scopus.com/pages/publications/85089567250?origin=resultslist","In this work, we propose a robust network-in-the-loop control system for autonomous navigation and landing of an Unmanned-Aerial-Vehicle (UAV). To estimate the UAV's absolute pose, we develop a deep neural network (DNN) architecture for visual-inertial odometry, which provides a robust alternative to traditional methods. We first evaluate the accuracy of the estimation by comparing the prediction of our model to traditional visual-inertial approaches on the publicly available EuRoC MAV dataset. The results indicate a clear improvement in the accuracy of the pose estimation up to 25% over the baseline. Finally, we integrate the data-driven estimator in the closed-loop flight control system of Airsim, a simulator available as a plugin for Unreal Engine, and we provide simulation results for autonomous navigation and landing. © 2020 AACC.","","Air navigation; Antennas; Deep learning; Deep neural networks; Flight control systems; Flight simulators; Navigation; Predictive analytics; Unmanned aerial vehicles (UAV); Autonomous navigation; Closed loops; Data driven; Inertial sensor; Odometry; Plug-ins; Pose estimation; Robust network; Visual servoing","Conference paper","Final","All Open Access; Green Open Access","Scopus","2-s2.0-85089567250"
"Ren W.; Jiang K.; Chen X.; Wen T.; Yang D.","Ren, Weining (57219342589); Jiang, Kun (56723438700); Chen, Xinxin (57221864027); Wen, Tuopu (57205540026); Yang, Diange (57209452086)","57219342589; 56723438700; 57221864027; 57205540026; 57209452086","Adaptive sensor fusion of camera, GNSS and IMU for autonomous driving navigation","2020","2020 4th CAA International Conference on Vehicular Control and Intelligence, CVCI 2020","","","9338655","113","118","7","10.1109/CVCI51460.2020.9338655","https://www.scopus.com/pages/publications/85101136600?origin=resultslist","The Visual-Inertial navigation system(VINS) has become a popular navigation approach in the field of unmanned aerial vehicles(UAV) or robotics. While its performance under autonomous driving scenario is not satisfactory due to the fact that autonomous driving scenario is more challenging and dynamic than the UAV scenario. Thus, the Visual-Inertial navigation system will collapse occasionally and thus undermine the navigation result. In this work, we propose a adaptive mechanism that could switch between three modes, only VINs, only GNSS and VINSGNSS fusion. When Visual-Inertial component breaks down, our algorithm could only rely on the GNSS signal until VINS recovers. Similarly, when GNSS signal is not very accurate, our system could only rely on the VINS-Mono. We demonstrate our algorithm under challenging scenarios such as night sight and high speed road and do both qualitative analysis and quantitative analysis.  © 2020 IEEE.","Adaptive Mechanism; GNSS; Sensor Fusion; Visual- Inertial","Air navigation; Antennas; Autonomous vehicles; Inertial navigation systems; Navigation; Unmanned aerial vehicles (UAV); Adaptive mechanism; Adaptive sensor fusion; Autonomous driving; GNSS signals; High Speed; Qualitative analysis; Global positioning system","Conference paper","Final","","Scopus","2-s2.0-85101136600"
"Vempati A.S.; Gilitschenski I.; Nieto J.; Beardsley P.; Siegwart R.","Vempati, Anurag Sai (55932000800); Gilitschenski, Igor (55415577300); Nieto, Juan (7103127889); Beardsley, Paul (7005022858); Siegwart, Roland (35926876800)","55932000800; 55415577300; 7103127889; 7005022858; 35926876800","Onboard real-time dense reconstruction of large-scale environments for UAV","2017","IEEE International Conference on Intelligent Robots and Systems","2017-September","","8206189","3479","3486","15","10.1109/IROS.2017.8206189","https://www.scopus.com/pages/publications/85041952848?origin=resultslist","In this paper, we propose a GPU parallelized SLAM system capable of using photometric and inertial data together with depth data from an active RGB-D sensor to build accurate dense 3D maps of indoor environments. We describe several extensions to existing dense SLAM techniques that allow us to operate in real-time onboard memory constrained robotic platforms. Our primary contribution is a memory management algorithm that scales to large scenes without being limited by GPU memory resources. Moreover, by integrating a visual-inertial odometry system, we robustly track the camera pose even on an agile platform such as a quadrotor UAV. Our robust camera tracking framework can deal with fast camera motions and varying environments by relying on depth, color and inertial motion cues. Global consistency is achieved via regular checking for loop closures in conjunction with a pose graph, as a basis for corrective deformation of the 3D map. Our efficient SLAM system is capable of producing highly dense meshes up to 5mm resolution at rates close to 60Hz fully onboard a UAV. Experimental validations both in simulation and on a real-world platform, show that our approach is fast, more robust and more memory efficient than state-of-the-art techniques, while obtaining better or comparable accuracy. © 2017 IEEE.","","Cameras; Indoor positioning systems; Robotics; Unmanned aerial vehicles (UAV); Experimental validations; Global consistency; Indoor environment; Inertial motions; Memory management algorithms; Primary contribution; Robotic platforms; State-of-the-art techniques; Intelligent robots","Conference paper","Final","","Scopus","2-s2.0-85041952848"
"Chen D.; Jiang J.; Wang Z.; Li S.","Chen, Dechao (56118671600); Jiang, Jianan (59236932300); Wang, Zhixiong (57735728400); Li, Shuai (58667863100)","56118671600; 59236932300; 57735728400; 58667863100","A new visual-inertial odometry scheme for unmanned systems in unified framework of zeroing neural networks","2025","Neurocomputing","617","","129017","","","11","10.1016/j.neucom.2024.129017","https://www.scopus.com/pages/publications/85210373052?origin=resultslist","In recent years, multi-sensor fusion has gained significant attention from researchers and is used extensively in simultaneous localization and mapping (SLAM) applications, such as visual-inertial odometry (VIO). This technology primarily utilizes visual and odometry measurements for unmanned aerial vehicles (UAVs) to estimate their position, orientation, and environment. However, in most previous works, the input error data of sensors in the system were considered independent. To improve system precision and fully utilize sensor data, a new method called Multi-State Constraint Kalman Filter with NearSAC (MSCKF-NearSAC), based on the MSCKF, is proposed. This method eliminates outliers by limiting the range of selected points, which significantly improves the success rate of feature point matching in the front-end. Furthermore, the MSCKF-ZNN method is proposed for the back-end, and combines zeroing neural network (ZNN) (originated from the Hopfield-type neural network) and error state, resulting in an exponentially converging output trajectory error, thus improving the trajectory precision of the SLAM system. The proposed algorithms, MSCKF-NearSAC and MSCKF-ZNN, are used in the excellent work of the stereo multi-state constraint Kalman filter system (S-MSCKF). A plethora of comparison experiments, utilizing precise measurement and calibration techniques, are conducted on open-source datasets and real-world environments. Experimental results demonstrate that the introduced approach exhibits higher stability in contrast to other algorithms. © 2024 The Authors","MSCKF; Simultaneous localization and mapping; Unmanned system measurement; Visual-inertial odometry; Zeroing neural network","Hopfield neural networks; Inertial navigation systems; Mapping; SLAM robotics; Stereo image processing; Unmanned aerial vehicles (UAV); MSCKF; Multi-state; Neural-networks; Odometry; Simultaneous localization and mapping; System measurement; Unmanned system; Unmanned system measurement; Visual-inertial odometry; Zeroing neural network; accuracy; algorithm; Article; artificial neural network; calibration; gyroscope sensor; methodology; prediction; simulation; unmanned aerial vehicle; visual inertial odometry scheme; zeroing neural network; Kalman filters","Article","Final","All Open Access; Hybrid Gold Open Access","Scopus","2-s2.0-85210373052"
"Kim J.; Lin K.; Nogar S.M.; Larkin D.; Korpela C.M.","Kim, Jinho (57191058181); Lin, Kevin (57226407926); Nogar, Stephen M. (55806059500); Larkin, Dominic (55389604100); Korpela, Christopher M. (23094136000)","57191058181; 57226407926; 55806059500; 55389604100; 23094136000","Detecting and Localizing Objects on an Unmanned Aerial System (UAS) Integrated with a Mobile Device","2021","2021 International Conference on Unmanned Aircraft Systems, ICUAS 2021","","","9476850","738","743","7","10.1109/ICUAS51884.2021.9476850","https://www.scopus.com/pages/publications/85111414279?origin=resultslist","There is a strong need for Unmanned Aerial Systems (UAS) that can navigate autonomously using visual information for GPS denied and other degraded environments. In this paper, a system architecture is proposed that utilizes visual-inertial odometry (VIO) and object recognition and localization for a quadrotor UAS. It also incorporates communication with an Android Team Awareness Kit (ATAK) device, allowing users to share situational awareness of the UAS in real-time. The system architecture is validated through experiments in which a human is detected and localized as the object of interest.  © 2021 IEEE.","","Air navigation; Computer architecture; Mobile antennas; Object detection; Object recognition; Object recognition and localization; Odometry; Quad rotors; Real time; Situational awareness; System architectures; Unmanned aerial systems; Visual information; Unmanned aerial vehicles (UAV)","Conference paper","Final","","Scopus","2-s2.0-85111414279"
"Diep J.; Gomez-Casco D.; Villamide X.O.; Swinden R.D.; Crosta P.","Diep, Johann (57876511300); Gomez-Casco, David (57191054154); Villamide, Xurxo Otero (57192920775); Swinden, Richard Dennis (36024371900); Crosta, Paolo (37016932900)","57876511300; 57191054154; 57192920775; 36024371900; 37016932900","Performance Analysis of Mass-Market GNSS Receivers in UAV Applications","2022","2022 10th Workshop on Satellite Navigation Technology, NAVITEC 2022","","","","","","2","10.1109/NAVITEC53682.2022.9847551","https://www.scopus.com/pages/publications/85137340157?origin=resultslist","Unmanned aerial vehicles have become a crucial technology in a wide variety of fields. The availability and integrity of exact positioning feedback information are of paramount importance for the safety of many UAV applications. Global navigation satellite system receivers provide reliable and accurate positioning solutions in outdoor environments. However, they suffer strong performance degradation in harsher scenarios such as forests, urban canyons, or indoor environments. This paper addresses the performance of GNSS receivers installed on a drone. They were tested in different scenarios such as under open sky or in adverse conditions of signal reception. The solutions offered by the receivers were compared to RTK reference trajectories. Moreover, the advantage of including a stereo tracking camera in the setup to obtain a more accurate reference trajectory in some scenarios was analyzed. The results give insights on the accuracy and the quality of the measurements of current GNSS technologies in aerial applications.  © 2022 IEEE.","GNSS receivers; RTK reference; SLAM; UAV; visual-inertial navigation","Antennas; Global positioning system; Navigation; Signal receivers; Stereo image processing; Aerial vehicle; Availability and integrities; Crucial technology; GNSS receivers; Inertial navigations; Performances analysis; Reference trajectories; RTK reference; SLAM; Visual-inertial navigation; Unmanned aerial vehicles (UAV)","Conference paper","Final","","Scopus","2-s2.0-85137340157"
"Lee J.-C.; Chen C.-C.; Shen C.-T.; Lai Y.-C.","Lee, Jyun-Cheng (58026076600); Chen, Chih-Chun (57194902857); Shen, Chang-Te (58025291900); Lai, Ying-Chih (16646131600)","58026076600; 57194902857; 58025291900; 16646131600","Landmark-Based Scale Estimation and Correction of Visual Inertial Odometry for VTOL UAVs in a GPS-Denied Environment","2022","Sensors","22","24","9654","","","15","10.3390/s22249654","https://www.scopus.com/pages/publications/85144500956?origin=resultslist","With the rapid development of technology, unmanned aerial vehicles (UAVs) have become more popular and are applied in many areas. However, there are some environments where the Global Positioning System (GPS) is unavailable or has the problem of GPS signal outages, such as indoor and bridge inspections. Visual inertial odometry (VIO) is a popular research solution for non-GPS navigation. However, VIO has problems of scale errors and long-term drift. This study proposes a method to correct the position errors of VIO without the help of GPS information for vertical takeoff and landing (VTOL) UAVs. In the initial process, artificial landmarks are utilized to improve the positioning results of VIO by the known landmark information. The position of the UAV is estimated by VIO. Then, the accurate position is estimated by the extended Kalman filter (EKF) with the known landmark, which is used to obtain the scale correction using the least squares method. The Inertial Measurement Unit (IMU) data are used for integration in the time-update process. The EKF can be updated with two measurements. One is the visual odometry (VO) estimated directly by a landmark. The other is the VIO with scale correction. When the landmark is detected during takeoff phase, or the UAV is returning to the takeoff location during landing phase, the trajectory estimated by the landmark is used to update the scale correction. At the beginning of the experiments, preliminary verification was conducted on the ground. A self-developed UAV equipped with a visual–inertial sensor to collect data and a high-precision real time kinematic (RTK) to verify trajectory are applied to flight tests. The experimental results show that the method proposed in this research effectively solves the problems of scale and the long-term drift of VIO. © 2022 by the authors.","artificial landmark; data fusion; extended Kalman filter; non-GPS navigation; scale correction; visual inertial odometry","Aircraft landing; Antennas; Data fusion; Extended Kalman filters; Least squares approximations; Navigation; Unmanned aerial vehicles (UAV); Aerial vehicle; Artificial landmark; Long term drift; Non-global positioning system navigation; Odometry; Scale correction; Scale estimation; System signals; Vertical take-off and landings; Visual inertial odometry; Global positioning system","Article","Final","All Open Access; Gold Open Access; Green Open Access","Scopus","2-s2.0-85144500956"
"Maffra F.; Chen Z.; Chli M.","Maffra, Fabiola (56442763200); Chen, Zetao (55865362200); Chli, Margarita (25654656600)","56442763200; 55865362200; 25654656600","Viewpoint-Tolerant Place Recognition Combining 2D and 3D Information for UAV Navigation","2018","Proceedings - IEEE International Conference on Robotics and Automation","","","8460786","2542","2549","41","10.1109/ICRA.2018.8460786","https://www.scopus.com/pages/publications/85063152892?origin=resultslist","The booming interest in Unmanned Aerial Vehicles (UAV s) is fed by their potentially great impact, however progress is hindered by their limited perception capabilities. While vision-based odometry was shown to run successfully onboard UAV s, loop-closure detection to correct for drift or to recover from tracking failures, has so far, proven particularly challenging for UAVs. At the heart of this is the problem of viewpoint-tolerant place recognition; in stark difference to ground robots, UAVs can revisit a scene from very different viewpoints. As a result, existing approaches struggle greatly as the task at hand violates underlying assumptions in assessing scene similarity. In this paper, we propose a place recognition framework, which exploits both efficient binary features and noisy estimates of the local 3D geometry, which are anyway computed for visual-inertial odometry onboard the UAV. Attaching both an appearance and a geometry signature to each 'location', the proposed approach demonstrates unprecedented recall for perfect precision as well as high quality loop-closing transformations on both flying and hand-held datasets exhibiting large viewpoint and appearance changes as well as perceptual aliasing. © 2018 IEEE.","","Antennas; Large dataset; Robotics; Robots; Unmanned aerial vehicles (UAV); 3D information; Binary features; Loop closing; Perception capability; Perceptual aliasing; Place recognition; Tracking failure; Vision based; Aircraft detection","Conference paper","Final","All Open Access; Green Open Access","Scopus","2-s2.0-85063152892"
"Cong Y.; Su W.; Jiang N.; Zong W.; Li L.; Xu Y.; Xu T.; Wu P.","Cong, Yangzi (57209344180); Su, Wenbin (59596940700); Jiang, Nan (57200941219); Zong, Wenpeng (57195476364); Li, Long (58040860400); Xu, Yan (57198771804); Xu, Tianhe (8661734100); Wu, Paipai (58943968300)","57209344180; 59596940700; 57200941219; 57195476364; 58040860400; 57198771804; 8661734100; 58943968300","Adaptive Covariance Matrix for UAV-Based Visual–Inertial Navigation Systems Using Gaussian Formulas","2025","Sensors","25","15","4745","","","1","10.3390/s25154745","https://www.scopus.com/pages/publications/105013383635?origin=resultslist","In a variety of UAV applications, visual–inertial navigation systems (VINSs) play a crucial role in providing accurate positioning and navigation solutions. However, traditional VINS struggle to adapt flexibly to varying environmental conditions due to fixed covariance matrix settings. This limitation becomes especially acute during high-speed drone operations, where motion blur and fluctuating image clarity can significantly compromise navigation accuracy and system robustness. To address these issues, we propose an innovative adaptive covariance matrix estimation method for UAV-based VINS using Gaussian formulas. Our approach enhances the accuracy and robustness of the navigation system by dynamically adjusting the covariance matrix according to the quality of the images. Leveraging the advanced Laplacian operator, detailed assessments of image blur are performed, thereby achieving precise perception of image quality. Based on these assessments, a novel mechanism is introduced for dynamically adjusting the visual covariance matrix using a Gaussian model according to the clarity of images in the current environment. Extensive simulation experiments across the EuRoC and TUM VI datasets, as well as the field tests, have validated our method, demonstrating significant improvements in navigation accuracy of drones in scenarios with motion blur. Our algorithm has shown significantly higher accuracy compared to the famous VINS-Mono framework, outperforming it by 18.18% on average, as well as the optimization rate of RMS, which reaches 65.66% for the F1 dataset and 41.74% for F2 in the field tests outdoors. © 2025 by the authors.","adaptive covariance matrix; drones/UAV; image quality assessment; motion blur; visual–inertial navigation system","Air navigation; Covariance matrix; Drones; Gaussian distribution; Image enhancement; Image quality; Mathematical operators; Robustness (control systems); Adaptive covariance matrix; Covariance matrices; Drone/UAV; Field test; Gaussians; Image quality assessment; Inertial navigations; Motion blur; Navigation accuracy; Visual–inertial navigation system; algorithm; article; controlled study; covariance; diagnosis; drone; human; image quality; motion; navigation system; quality control; simulation; velocity; Inertial navigation systems","Article","Final","All Open Access; Gold Open Access; Green Open Access","Scopus","2-s2.0-105013383635"
"Bai H.; Taylor C.N.","Bai, He (35338971800); Taylor, Clark N. (15078644000)","35338971800; 15078644000","Control-enabled observability in visual-inertial odometry","2017","2017 International Conference on Unmanned Aircraft Systems, ICUAS 2017","","","7991364","822","829","7","10.1109/ICUAS.2017.7991364","https://www.scopus.com/pages/publications/85034012844?origin=resultslist","Visual-inertial odometry (VIO) is a nonlinear estimation problem where control inputs, such as acceleration and angular velocity, play a significant role in the estimation performance. In this paper, we examine effects of controls on the VIO problem. We first analyze the effects of acceleration and angular velocity inputs on state observability of the VIO problem. Representing the vehicle dynamics and the measurement equation in the line of sight coordinates, we prove observability properties for several VIO scenarios, including constant acceleration with no rotation and biased acceleration measurements. We next consider how the acceleration magnitude impacts the estimation performance. Using a planar example and Monte-Carlo simulations, we demonstrate that the estimation accuracy improves as the acceleration magnitude increases. We also show an interesting fact that deceleration along the velocity direction yields better performance than acceleration with the same magnitude for the same amount of time. © 2017 IEEE.","","Angular velocity; Intelligent systems; Monte Carlo methods; Observability; Unmanned aerial vehicles (UAV); Acceleration magnitude; Constant acceleration; Control inputs; Estimation performance; Measurement equations; Non-linear estimation; Vehicle dynamics; Velocity directions; Acceleration","Conference paper","Final","","Scopus","2-s2.0-85034012844"
"Minoda K.; Schilling F.; Wuest V.; Floreano D.; Yairi T.","Minoda, Koji (57221976116); Schilling, Fabian (57200626827); Wuest, Valentin (57207943036); Floreano, Dario (57203083668); Yairi, Takehisa (9744426100)","57221976116; 57200626827; 57207943036; 57203083668; 9744426100","VIODE: A Simulated Dataset to Address the Challenges of Visual-Inertial Odometry in Dynamic Environments","2021","IEEE Robotics and Automation Letters","6","2","9351597","1343","1350","62","10.1109/LRA.2021.3058073","https://www.scopus.com/pages/publications/85100858632?origin=resultslist","Dynamic environments such as urban areas are still challenging for popular visual-inertial odometry (VIO) algorithms. Existing datasets typically fail to capture the dynamic nature of these environments, therefore making it difficult to quantitatively evaluate the robustness of existing VIO methods. To address this issue, we propose three contributions: firstly, we provide the VIODE benchmark, a novel dataset recorded from a simulated UAV that navigates in challenging dynamic environments. The unique feature of the VIODE dataset is the systematic introduction of moving objects into the scenes. It includes three environments, each of which is available in four dynamic levels that progressively add moving objects. The dataset contains synchronized stereo images and IMU data, as well as ground-truth trajectories and instance segmentation masks. Secondly, we compare state-of-the-art VIO algorithms on the VIODE dataset and show that they display substantial performance degradation in highly dynamic scenes. Thirdly, we propose a simple extension for visual localization algorithms that relies on semantic information. Our results show that scene semantics are an effective way to mitigate the adverse effects of dynamic objects on VIO algorithms. Finally, we make the VIODE dataset publicly available at https://github.com/kminoda/VIODE.  © 2016 IEEE.","aerial systems: perception and autonomy; Data sets for SLAM; visual-inertial SLAM","Agricultural robots; Image segmentation; Semantics; Dynamic environments; Dynamic objects; Performance degradation; Segmentation masks; Semantic information; State of the art; Unique features; Visual localization; Stereo image processing","Article","Final","All Open Access; Green Open Access","Scopus","2-s2.0-85100858632"
"Zhang C.; Chen L.; Yuan S.","Zhang, Chuanwei (56083549700); Chen, Liming (57203306084); Yuan, Suzhe (57214918842)","56083549700; 57203306084; 57214918842","ST-VIO: Visual-Inertial Odometry Combined with Image Segmentation and Tracking","2020","IEEE Transactions on Instrumentation and Measurement","69","10","9076652","8562","8570","22","10.1109/TIM.2020.2989877","https://www.scopus.com/pages/publications/85091739904?origin=resultslist","In this article, we develop a new monocular visual-inertial odometry system ST-VIO: visual-inertial odometry combined with image segmentation and tracking. We apply the direct method to track the keyframe of images. Meanwhile, we segment and track the keyframe with Siamese Network to achieve the medium-Term tracking. This method allows the system to estimate the pose by the overall feature matching of the image in the large-scale motion. In order to obtain higher precision positioning, we tightly couple the image alignment factor, the IMU factor, and the medium-Term tracking factor with iSAM2 solver using factor graph optimization. Our method can reduce the cumulative error of incremental positioning system because the medium-Term tracking makes the system realize the partial loop closure detection. In order to verify the stability and accuracy of the proposed method, we have tested the algorithm by the EuRoC data set and the UAV platform, respectively. The results have been also compared with those by the OKVIS and R-VIO algorithms. The experimental tests demonstrate that the proposed ST-VIO has the ability to obtain excellent results with high real-Time and robust performance. © 1963-2012 IEEE.","Image tracking; incremental smoothing; sensor fusion; simultaneous localization and mapping; visual-inertial system","Electrical engineering; Instruments; Cumulative errors; Experimental test; Feature matching; Large scale motion; Positioning system; Precision positioning; Robust performance; Segmentation and tracking; Image segmentation","Article","Final","","Scopus","2-s2.0-85091739904"
"Lee E.M.; Wee I.; Kim T.; Shim D.H.","Lee, Eungchang Mason (57208104735); Wee, Inhwan (57205545144); Kim, Taeyeon (57209202174); Shim, David Hyunchul (35231144100)","57208104735; 57205545144; 57209202174; 35231144100","Comparison of Visual Inertial Odometry using FlightGoggles Simulator for UAV","2019","International Conference on Control, Automation and Systems","2019-October","","8971738","1166","1169","6","10.23919/ICCAS47443.2019.8971738","https://www.scopus.com/pages/publications/85079088280?origin=resultslist","Recently, application of Unmanned Aerial Vehicle (UAV) attract much attention of not only academic but also industrial community. To control and make the most of UAV, state estimation is mandatory and it should work accurately on Real-time on computational-limited onboard PC. Especially, for the cases that GNSS-disabled environments or indoor situation, Visual Inertial Odometry using camera and IMU sensor has been actively studied. Generally, to research and develop the indoor navigation algorithm, high-performanced and super-expensive facilities like motion capture cameras are needed to measure the ground-truth. In this paper, we apply state-of-art Visual Inertial Odometry algorithms for state estimation of UAVs to FlightGoggles simulator which is photorealistic and which reflects UAV's real dynamics. Moreover, we compare the performance and resource utilization of those algorithms. © 2019 Institute of Control, Robotics and Systems - ICROS.","Indoor Navigation; State Estimation; Unmanned Aerial Vehicle; Visual Inertial Odometry","Air navigation; Antennas; Cameras; Indoor positioning systems; Motion capture; State estimation; Ground truth; In-door navigations; Industrial communities; Odometry; Odometry algorithms; Photo-realistic; Real time; Resource utilizations; Unmanned aerial vehicles (UAV)","Conference paper","Final","","Scopus","2-s2.0-85079088280"
"Yang Z.; Zong Q.; Chen H.; Tian B.","Yang, Zhenzhou (57219131451); Zong, Qun (7006197871); Chen, Hongming (57219131446); Tian, Bailing (36242496100)","57219131451; 7006197871; 57219131446; 36242496100","An Online Calibration 2-DoF Attitude and Height State Estimator","2020","Chinese Control Conference, CCC","2020-July","","9188820","3252","3257","0","10.23919/CCC50068.2020.9188820","https://www.scopus.com/pages/publications/85091398533?origin=resultslist","The Visual-inertial based simultaneous localization and mapping (SLAM) method has been a hot topic in recent years. When Unmanned Aerial Vehicle (UAV) detects in the unknown environment, stable control and mapping is need. It is intolerable for the error of roll and pitch estimation of the attitude, and the altitude needs to maintain continuous and effective observations to prevent drift. In this paper, based on nonlinear optimization methods with a sliding window, we propose an visual-inertial odometry that solves more precise pitch and roll by IMU using EKF algorithm and integrates it into the tightly-coupled state estimation to keep 2-DoF attitude estimation precision, while simultaneous calculating the 6-DoF state by IMU pre-integration and vision. Meanwhile, the height radar is used to eliminate the cumulative drift of the drone height. A terrain estimator is set to prevent terrain abrupt changes. © 2020 Technical Committee on Control Theory, Chinese Association of Automation.","Attitude Correction; State Estimator; Visual-inertial Odometry","Antennas; Mapping; Nonlinear programming; State estimation; Attitude estimation; Nonlinear optimization methods; On-line calibration; Pitch estimation; Simultaneous localization and mapping; State Estimators; Tightly-coupled; Unknown environments; Unmanned aerial vehicles (UAV)","Conference paper","Final","","Scopus","2-s2.0-85091398533"
"Tejero-Ruiz D.; Solís-Martín D.; Pérez-Grau F.J.; Borrego-Díaz J.","Tejero-Ruiz, David (59177592700); Solís-Martín, David (57190661588); Pérez-Grau, Francisco J. (57190132708); Borrego-Díaz, Joaquín (12344730600)","59177592700; 57190661588; 57190132708; 12344730600","Indoor UAV navigation using event cameras and intermediate frame reconstruction","2026","Computer Vision and Image Understanding","264","","104650","","","0","10.1016/j.cviu.2026.104650","https://www.scopus.com/pages/publications/105027339443?origin=resultslist","Indoor UAV navigation faces significant challenges due to GPS signal absence and limitations of conventional visual-inertial systems under challenging lighting and motion conditions. This paper presents an event-based visual-inertial odometry system that addresses these limitations through intermediate frame reconstruction from event streams combined with established odometry algorithms. The approach leverages event cameras’ unique characteristics — microsecond temporal resolution, high dynamic range (120 dB), and motion blur immunity — to maintain stable navigation performance under conditions that cause conventional systems to fail. The system achieves real-time operation at 30 Hz frame reconstruction and 20 Hz pose estimation on embedded hardware, consuming 15 W power while adding only 50 g to the UAV platform. Experimental validation in controlled indoor environments demonstrates mean absolute pose errors of 26–42 cm across different operational conditions, comparable to conventional visual-inertial systems. Critically, the system maintains stable performance during rapid lighting transitions, showing only 59% performance degradation compared to baseline conditions, while conventional cameras typically experience complete tracking failure. The results establish event-based visual-inertial odometry as a viable alternative for indoor UAV navigation, particularly in applications requiring environmental robustness over marginal accuracy improvements under optimal conditions. Copyright © 2026. Published by Elsevier Inc.","Deep learning; Event camera; Pose estimation; Sensor fusion; Unmanned Aerial Vehicle; Visual-inertial odometry","Air navigation; Antennas; Cameras; Computer vision; Embedded systems; Indoor positioning systems; Inertial navigation systems; Lighting; Vision; Aerial vehicle; Deep learning; Event camera; Event-based; Inertial systems; Odometry; Pose-estimation; Sensor fusion; Unmanned aerial vehicle; Visual-inertial odometry; Deep learning; Unmanned aerial vehicles (UAV)","Article","Final","","Scopus","2-s2.0-105027339443"
"Li L.; Xu T.; Nie W.; Jiang N.; Wang J.; Su W.","Li, Long (58040860400); Xu, Tianhe (8661734100); Nie, Wenfeng (55804402300); Jiang, Nan (57200941219); Wang, Junting (57208839276); Su, Wenbin (7402010109)","58040860400; 8661734100; 55804402300; 57200941219; 57208839276; 7402010109","Resilient Vision-Inertial Fusion Algorithm Based on the Depth of Feature Point","2025","IEEE Sensors Journal","25","1","","813","823","0","10.1109/JSEN.2024.3487243","https://www.scopus.com/pages/publications/85209215782?origin=resultslist","Visual simultaneous localization and mapping (VSLAM) as an efficient positioning and navigation solution has been widely used in fields such as unmanned aerial vehicles, robots, and autonomous driving. A key problem of VSLAM is how to model the representation of noise in visual observations. In current mainstream technology, the sensor noise level of the visual-inertial fusion framework is typically fixed as empirical values. However, it is difficult for fixed noise to reflect anomalies in visual observations because of changing light conditions, motion blur, and other conditions in dynamic environments, which results in the visual divergence problem. To address this problem, we propose a resilient visual inertial odometry (VIO) algorithm with an adaptive adjustment of fusion weights to suppress visual observation anomalies. First, we derive the qualitative characterization of the depth and depth error of visual feature points. Based on this, we design a method for quantifying the credibility of visual feature points. Then we dynamically adjust the weight of visual observations that participate in fusion estimation according to the credibility of the feature points. Using the European Robotics Challenge (EuRoC) dataset, we demonstrated that the results of the proposed method effectively inhibited the influence of abnormal visual observations, restrained the divergence of motion trajectories, and improved the precision of the VIO system.  © 2001-2012 IEEE.","Adaptive weighting; feature point depth error; visual covariance; visual-inertial navigation systems (VINS)","Air navigation; Inertial navigation systems; Machine vision; Robotics; Adaptive weighting; Depth errors; Feature point depth error; Fusion algorithms; Inertial fusion; VINS; Visual covariance; Visual feature; Visual observations; Visual simultaneous localization and mappings; Unmanned aerial vehicles (UAV)","Article","Final","","Scopus","2-s2.0-85209215782"
"Khattak S.; Mascarich F.; Dang T.; Papachristos C.; Alexis K.","Khattak, Shehryar (57192649957); Mascarich, Frank (57202894799); Dang, Tung (57202889175); Papachristos, Christos (15741219400); Alexis, Kostas (25031237400)","57192649957; 57202894799; 57202889175; 15741219400; 25031237400","Robust thermal-inertial localization for aerial robots: A case for direct methods","2019","2019 International Conference on Unmanned Aircraft Systems, ICUAS 2019","","","8798279","1061","1068","33","10.1109/ICUAS.2019.8798279","https://www.scopus.com/pages/publications/85071861565?origin=resultslist","GPS-denied localization of aerial robots in sensing-degraded environments and especially in dark, textureless and dustor smoked-filled settings is rendered particularly hard. An alternative is to utilize Long Wave Infrared thermal vision which is unaffected by darkness and can penetrate most obscurants. However, utilization of thermal vision is mostly considered in combination with traditional visual-inertial odometry frameworks which are made for grayscale visible-light camera images and fail to utilize the full (e.g. 14-bit) radiometric information of a thermal camera system. Using rescaled thermal images makes the data compatible with existing vision-based odometry solutions yet comes at a cost of information loss which in turn can lead to unreliable tracking of image correspondences and thus to odometry estimation failure. An alternative is to use direct methods exploiting the full radiometric information provided by a thermal camera. This paper presents a comparative study between state-of-the-art visual-inertial odometry frameworks applied on rescaled thermal camera data against full radiometric information-based methods using a modified filter-based estimator and a recently proposed keyframe-based direct technique specifically designed for thermal-inertial localization. In a data-driven manner we demonstrate that direct full radiometric information-based thermal-inertial localization should be the prime selection especially in hard environments with weak thermal gradients. The presented results include comparison both inside a motion captured-controlled environment, and in an underground mine. © 2019 IEEE.","","Antennas; Cameras; Infrared devices; Infrared radiation; Radiometry; Smoke; Textures; Unmanned aerial vehicles (UAV); Comparative studies; Controlled environment; Image correspondence; Inertial localizations; Information loss; Long wave infrared; State of the art; Thermal camera system; Visual servoing","Conference paper","Final","","Scopus","2-s2.0-85071861565"
"Walczak J.; Szykuła B.; Targowski P.; Pałys T.","Walczak, J. (60199603600); Szykuła, B. (60336004100); Targowski, P. (59978792300); Pałys, T. (56005478000)","60199603600; 60336004100; 59978792300; 56005478000","Fusion of Optical Flow and Dead Reckoning Algorithms for UAV Navigation Without GPS","2025","TransNav","19","4","","1069","1074","0","10.12716/1001.19.04.02","https://www.scopus.com/pages/publications/105027802588?origin=resultslist","The article presents an innovative navigation system for unmanned aerial vehicles (UAVs) operating in environments with limited or unavailable GPS signal. The developed solution integrates dead reckoning navigation methods with advanced computer vision algorithms utilizing optical flow analysis, enabling precise drone positioning. The research includes implementation of data fusion algorithms from inertial measurement units (IMU) and analysis of image sequences from a downward-facing camera. Experimental results from tests conducted in both simulated environments and on real flight platforms are presented. The study demonstrates that the application of optical flow techniques significantly improves dead reckoning navigation accuracy in GPS-denied conditions, reducing the accumulating position error. The proposed system offers a promising solution for UAV operations in challenging navigation conditions, such as urban areas, indoor environments, or regions with electromagnetic interference. © 2025, Faculty of Navigation, Gdynia Maritime University. All rights reserved.","Autonomous Navigation; Dead Reckoning (DR); Farnebäck Algorithm; GNSS-denied Environments; Optical Flow; Position Estimation; Unmanned Aerial Vehicles (UAVs); Visual–inertial Fusion","","Article","Final","All Open Access; Gold Open Access; Green Open Access","Scopus","2-s2.0-105027802588"
"Fanin F.; Hong J.-H.","Fanin, Fausto (57215583663); Hong, Ju-Hyeon (55490723100)","57215583663; 55490723100","Visual Inertial Navigation for a Small UAV Using Sparse and Dense Optical Flow","2019","2019 International Workshop on Research, Education and Development on Unmanned Aerial Systems, RED-UAS 2019","","","8999672","206","212","7","10.1109/REDUAS47371.2019.8999672","https://www.scopus.com/pages/publications/85081197035?origin=resultslist","There has been a recent surge in interest regarding small Unmanned Aerial Vehicles (UAV) that operate in indoor environments. A crucial part of such platforms is the navigation system that allows them to navigate in Global Navigation Satellite System (GNSS) denied environments. The two objectives of this work were to develop an Optical Flow (OF) based method for navigation and a high-fidelity simulation for testing and verification. This paper presents the Visual-Inertial Navigation System (VINS) developed that utilises sparse and dense Optical Flow patterns within an Extended Kalman Filter (EKF) framework for autonomous navigation in GNSS denied environments. The principal novelty is the use of dense Optical Flow measurements to estimate the velocity of the UAV. © 2019 IEEE.","","Air navigation; Antennas; Extended Kalman filters; Global positioning system; Inertial navigation systems; Navigation; Unmanned aerial vehicles (UAV); Autonomous navigation; Dense optical flow; Global Navigation Satellite Systems; High-fidelity simulations; Indoor environment; Inertial navigations; Small UAV; Small unmanned aerial vehicles; Optical flows","Conference paper","Final","","Scopus","2-s2.0-85081197035"
"Ghanizadegan K.; Hashim H.A.","Ghanizadegan, Khashayar (59490899100); Hashim, Hashim A. (57191054010)","59490899100; 57191054010","DeepUKF-VIN: Adaptively-tuned Deep Unscented Kalman Filter for 3D Visual-Inertial Navigation based on IMU-Vision-Net","2025","Expert Systems with Applications","271","","126656","","","6","10.1016/j.eswa.2025.126656","https://www.scopus.com/pages/publications/85216570456?origin=resultslist","This paper addresses the challenge of estimating the orientation, position, and velocity of a vehicle operating in three-dimensional (3D) space with six degrees of freedom (6-DoF). A Deep Learning-based Adaptation Mechanism (DLAM) is proposed to adaptively tune the noise covariance matrices of Kalman-type filters for the Visual-Inertial Navigation (VIN) problem, leveraging IMU-Vision-Net. Subsequently, an adaptively tuned Deep Learning Unscented Kalman Filter for 3D VIN (DeepUKF-VIN) is introduced to utilize the proposed DLAM, thereby robustly estimating key navigation components, including orientation, position, and linear velocity. The proposed DeepUKF-VIN integrates data from onboard sensors, specifically an inertial measurement unit (IMU) and visual feature points extracted from a camera, and is applicable for GPS-denied navigation. Its quaternion-based design effectively captures navigation nonlinearities and avoids the singularities commonly encountered with Euler-angle-based filters. Implemented in discrete space, the DeepUKF-VIN facilitates practical filter deployment. The filter's performance is evaluated using real-world data collected from an IMU and a stereo camera at low sampling rates. The results demonstrate filter stability and rapid attenuation of estimation errors, highlighting its high estimation accuracy. Furthermore, comparative testing against the standard Unscented Kalman Filter (UKF) in two scenarios consistently shows superior performance across all navigation components, thereby validating the efficacy and robustness of the proposed DeepUKF-VIN. © 2025 The Authors","Adaptive tuning; Deep learning; Estimation; Navigation; Sensor-fusion; Unmanned aerial vehicle; Unscented Kalman Filter","Adaptive filtering; Adaptive filters; Covariance matrix; Global positioning system; Image coding; Image segmentation; Inertial navigation systems; Stereo image processing; Stereo vision; Time difference of arrival; Unmanned aerial vehicles (UAV); Visual servoing; Adaptation mechanism; Adaptive tuning; Aerial vehicle; Deep learning; Inertial measurements units; Inertial navigations; Sensor fusion; Three dimensional space; Unmanned aerial vehicle; Unscented Kalman Filter; Kalman filters","Article","Final","All Open Access; Green Open Access; Hybrid Gold Open Access","Scopus","2-s2.0-85216570456"
"Irfan M.; Dalai S.; Trslic P.; Santos M.C.; Riordan J.; Dooly G.","Irfan, Mahammad (57220039222); Dalai, Sagar (57220023661); Trslic, Petar (57203132920); Santos, Matheus C. (55854091300); Riordan, James (8432943300); Dooly, Gerard (14123121400)","57220039222; 57220023661; 57203132920; 55854091300; 8432943300; 14123121400","LGVINS: LiDAR-GPS-Visual and Inertial System Based Multi-Sensor Fusion for Smooth and Reliable UAV State Estimation","2025","IEEE Transactions on Intelligent Vehicles","10","7","","3976","3992","8","10.1109/TIV.2024.3469551","https://www.scopus.com/pages/publications/105019500204?origin=resultslist","With the development of Autonomous Unmanned Aerial Vehicle's (UAV's), Precise state estimation is a fundamental aspect of autonomous flight and plays a critical role in enabling robots specially in GPS denied environment to operate safely, reliably, and effectively across a wide range of applications and operational scenarios. In this paper, we propose a tightly-coupled multi-sensor filtering framework for robust UAV/UGV state estimation, which integrates data from an Inertial Measurement Unit (IMU), a stereo camera, GPS, and 3D range measurements from two Light Detection and Ranging (LiDAR) sensors. The proposed LGVINS system significantly improves the accuracy and robustness of state estimation in both structured and unstructured outdoor environments, such as bridge inspections, open fields, urban city and areas near buildings. It also improves positioning accuracy in scenarios with or without GPS signals. The goal is to exploit the fact that these sensor modalities have mutually exclusive strengths, the visual, inertial and the Lidar sensor techniques are implemented to compensate for the robots state estimate errors in multiple outdoor challenging environment. It effectively reduces long-term trajectory drift and ensures smooth, continuous state estimation, regardless of GPS satellite availability. We demonstrate and evaluate the LGVINS approach on public dataset as well as our own dataset collected from the proposed hardware integration on UAV, deployed on computationally-constrained systems. This demonstrates that the proposed system achieves higher accuracy and robustness in state estimation across various environments compared to currently available methods. © 2016 IEEE.","Intelligent UAV/UGV; LiDAR-visual-inertial odometry; multi-sensor fusion; ROS; state-estimation","Aircraft detection; Antennas; Bridges; Global positioning system; Inertial navigation systems; Intelligent robots; Optical radar; Remote sensing; Robustness (control systems); Stereo image processing; Unmanned aerial vehicles (UAV); Aerial vehicle; Inertial systems; Intelligent unmanned aerial vehicle/UGV; Light detection and ranging; Light detection and ranging-visual-inertial odometry; Multi-sensor fusion; Odometry; ROS; Vehicle state estimations; Visual systems; State estimation","Article","Final","","Scopus","2-s2.0-105019500204"
"Delama G.; Shamsfakhr F.; Weiss S.; Fontanelli D.; Fomasier A.","Delama, Giulio (58548283200); Shamsfakhr, Farhad (57194546247); Weiss, Stephan (57212748175); Fontanelli, Daniele (23488529800); Fomasier, Alessandro (57222351222)","58548283200; 57194546247; 57212748175; 23488529800; 57222351222","UVIO: An UWB-Aided Visual-Inertial Odometry Framework with Bias-Compensated Anchors Initialization","2023","IEEE International Conference on Intelligent Robots and Systems","","","","7111","7118","16","10.1109/IROS55552.2023.10342012","https://www.scopus.com/pages/publications/85182524973?origin=resultslist","This paper introduces UVIO, a multi-sensor framework that leverages Ultra Wide Band (UWB) technology and Visual-Inertial Odometry (VIO) to provide robust and low-drift localization. In order to include range measurements in state estimation, the position of the UWB anchors must be known. This study proposes a multi-step initialization procedure to map multiple unknown anchors by an Unmanned Aerial Vehicle (UAV), in a fully autonomous fashion. To address the limitations of initializing UWB anchors via a random trajectory, this paper uses the Geometric Dilution of Precision (GDOP) as a measure of optimality in anchor position estimation, to compute a set of optimal waypoints and synthesize a trajectory that minimizes the mapping uncertainty. After the initialization is complete, the range measurements from multiple anchors, including measurement biases, are tightly integrated into the VIO system. While in range of the initialized anchors, the VIO drift in position and heading is eliminated. The effectiveness of UVIO and our initialization procedure has been validated through a series of simulations and real-world experiments. © 2023 IEEE.","","Anchors; Antennas; Ultra-wideband (UWB); Initialization procedures; Localisation; Multi sensor; Multisteps; Odometry; Range measurements; Sensor framework; Ultra-wide; Ultra-wideband technology; Wide-band; Unmanned aerial vehicles (UAV)","Conference paper","Final","All Open Access; Green Open Access","Scopus","2-s2.0-85182524973"
"Bednar J.; Petrlik M.; Vivaldini K.C.T.; Saska M.","Bednar, Jan (56814493900); Petrlik, Matej (57204943544); Vivaldini, Kelen Cristiane Teixeira (36163508000); Saska, Martin (23470833800)","56814493900; 57204943544; 36163508000; 23470833800","Deployment of Reliable Visual Inertial Odometry Approaches for Unmanned Aerial Vehicles in Real-world Environment","2022","2022 International Conference on Unmanned Aircraft Systems, ICUAS 2022","","","","167","176","11","10.1109/ICUAS54217.2022.9836067","https://www.scopus.com/pages/publications/85136135361?origin=resultslist","Integration of Visual Inertial Odometry (VIO) methods into a modular control system designed for deployment of Unmanned Aerial Vehicles (UAVs) and teams of cooperating UAVs in real-world conditions are presented in this paper. Reliability analysis and fair performance comparison of several methods integrated into a control pipeline for achieving full autonomy in real conditions is provided. Although most VIO algorithms achieve excellent localization precision and negligible drift on artificially created datasets, the aspects of reliability in non-ideal situations, robustness to degraded sensor data, and the effects of external disturbances and feedback control coupling are not well studied. These imperfections, which are inherently present in cases of real-world deployment of UAVs, negatively affect the ability of the most used VIO approaches to output a sensible pose estimation. We identify the conditions that are critical for a reliable flight under VIO localization and propose workarounds and compensations for situations in which such conditions cannot be achieved. The performance of the UAV system with integrated VIO methods is quantitatively analyzed w.r.t. RTK ground truth and the ability to provide reliable pose estimation for the feedback control is demonstrated onboard a UAV that is tracking dynamic trajectories under challenging illumination.  © 2022 IEEE.","Camera Orientation; Feedback Control; Trajectory Shaping; Unmanned Aerial Vehicle; Visual Inertial Odometry","Aircraft control; Aircraft detection; Antennas; Flight control systems; Reliability analysis; Unmanned aerial vehicles (UAV); Aerial vehicle; Camera orientation; Condition; Localisation; Odometry; Pose-estimation; Real world environments; Trajectory shaping; Unmanned aerial vehicle; Visual inertial odometry; Feedback control","Conference paper","Final","All Open Access; Green Open Access","Scopus","2-s2.0-85136135361"
"Bajwa A.; Cossette C.C.; Shalaby M.A.; Forbes J.R.","Bajwa, Angad (58925087100); Cossette, Charles Champagne (57215072192); Shalaby, Mohammed Ayman (57222482059); Forbes, James Richard (35784231700)","58925087100; 57215072192; 57222482059; 35784231700","DIVE: Deep Inertial-Only Velocity Aided Estimation for Quadrotors","2024","IEEE Robotics and Automation Letters","9","4","","3728","3734","10","10.1109/LRA.2024.3370006","https://www.scopus.com/pages/publications/85186979718?origin=resultslist","This letter presents a novel deep-learning-based solution to the problem of quadrotor inertial navigation. Visual-inertial odometry (VIO) is often used for quadrotor pose estimation, where an inertial measurement unit (IMU) provides a motion prior. When VIO fails, IMU dead reckoning is often used, which quickly leads to significant pose estimation drift. Learned inertial odometry leverages deep learning and model-based filtering to improve upon dead reckoning. Efforts for quadrotors, however, rely on sensors other than, or in addition to, an IMU, or have only been proven on a specific set of trajectories. The proposed generalizable approach regresses a 3D velocity estimate from only a history of IMU measurements, and the learned outputs are applied as a correction to an on-manifold Extended Kalman Filter. The proposed algorithm is shown to be superior to the state-of-the-art in learned inertial odometry. A 42% improvement in localization accuracy is shown over the state-of-the-art on an in-distribution testing set, and a 22% improvement is shown on an out-of-distribution testing set. Additionally, the proposed algorithm shows a 43% improvement over dead reckoning in VIO failure scenarios.  © 2016 IEEE.","aerial systems: perception and autonomy; deep-learning methods; inertial state estimation; Localization","Antennas; Deep learning; Navigation; Neural networks; State estimation; Unmanned aerial vehicles (UAV); Aerial system: perception and autonomy; Aerial systems; Convolutional neural network; Dead reckoning; Deep-learning method; Inertial state estimation; Learning methods; Localisation; Odometry; Quad rotors; System perception; Kalman filters","Article","Final","","Scopus","2-s2.0-85186979718"
"Baiguera M.; Ciarambino M.","Baiguera, Matteo (59550042500); Ciarambino, Marco (57189004553)","59550042500; 57189004553","Multi-physics and Multi-spectral Sensors Simulator for Autonomous Flight Functions Development","2025","Lecture Notes in Computer Science (including subseries Lecture Notes in Artificial Intelligence and Lecture Notes in Bioinformatics) ","14615 LNCS","","","149","164","1","10.1007/978-3-031-71397-2_9","https://www.scopus.com/pages/publications/85217402236?origin=resultslist","In the context of Leonardo-LABS research on autonomous and intelligent systems a prototyping simulation stack has been recently settled to allow the development of core autonomy functions for future Leonardo rotary wing unmanned platforms. In order to increase the safety and reliability of UAV(s) some requirements, shared among all Leonardo-LHD platforms, have been identified as key enablers for future autonomous flight. This lead the selection of the 4 streams currently under development: GOA (Ground Object Awareness), ATA (Air Traffic Awareness), ATOL(Autonomous Take-Off and Landing) and ANav (Alternative/ GNSS-denied navigation). The proposed simulation solution relies on Ansys®AVxcelerate for simulating sensors output subsequently interfaced to a widely diffused robotic middle-ware (ROS2) allowing a rapid development of perception pipelines heading to a full SIL capability and to test algorithms under one-to-one correspondence with real sensors output. In this work the overall software architecture will be discussed together with the integration into the simulation of a UAV’s flight dynamic and IMU models. Such integration makes use of the Bullet Physics C++ SDK and leverages the above mentioned connection with the ROS2 stack. AVxcelerate has been recently adopted in the automotive industry for supporting autonomous car development as it allows to model and simulate multiple sensors like visible-cameras, LWIR-cameras, various LiDAR models (both flashing and rotating) and mmWave array radars. Moreover among the most advantageous features of Ansys solution there is the capability of modeling the interaction of the light’s spectrum with matter and the possibility of quickly and effectively set sensors properties (cameras optics, radar antennas, LiDAR rays geometry and mechanical behavior, etc.). In the last section of this work will be also presented the so called visual-inertial navigation case of study (belonging to the ANav set of autonomy functions). It will be shown how we are currently addressing the navigation problem of a UAV via a monocular visible camera and IMU system relying on simulated data and will be shown how the problem is addressed leveraging the software architecture and multi-physic and multi-spectral modeling described in this work. © The Author(s), under exclusive license to Springer Nature Switzerland AG 2025.","","Air navigation; Air transportation; C++ (programming language); Critical path analysis; Flight simulators; Freewing aircraft; Intelligent robots; Software prototyping; Takeoff; Unmanned aerial vehicles (UAV); VTOL/STOL aircraft; Air traffics; Autonomous flight; Ground objects; Leonardo; Multi-physics; Multispectral sensors; Rotary wing; Sensor output; Sensor simulators; Visible cameras; Automotive industry","Conference paper","Final","","Scopus","2-s2.0-85217402236"
"Omari S.; Bloesch M.; Gohl P.; Siegwart R.","Omari, Sammy (55819028600); Bloesch, Michael (6507542229); Gohl, Pascal (55836481100); Siegwart, Roland (35926876800)","55819028600; 6507542229; 55836481100; 35926876800","Dense visual-inertial navigation system for mobile robots","2015","Proceedings - IEEE International Conference on Robotics and Automation","2015-June","June","7139554","2634","2640","31","10.1109/ICRA.2015.7139554","https://www.scopus.com/pages/publications/84938222916?origin=resultslist","Real-time dense mapping and pose estimation is essential for a wide range of navigation tasks in mobile robotic applications. We propose an odometry and mapping system that leverages the full photometric information from a stereo-vision system as well as inertial measurements in a probabilistic framework while running in real-time on a single low-power Intel CPU core. Instead of performing mapping and localization on a set of sparse image features, we use the complete dense image intensity information in our navigation system. By incorporating a probabilistic model of the stereo sensor and the IMU, we can robustly estimate the ego-motion as well as a dense 3D model of the environment in real-time. The probabilistic formulation of the joint odometry estimation and mapping process enables to efficiently reject temporal outliers in ego-motion estimation as well as spatial outliers in the mapping process. To underline the versatility of the proposed navigation system, we evaluate it in a set of experiments on a multi-rotor system as well as on a quadrupedal walking robot. We tightly integrate our framework into the stabilization-loop of the UAV and the mapping framework of the walking robot. It is shown that the dense framework exhibits good tracking and mapping performance in terms of accuracy as well as robustness in scenarios with highly dynamic motion patterns while retaining a relatively small computational footprint. This makes it an ideal candidate for control and navigation tasks in unstructured GPS-denied environments, for a wide range of robotic platforms with power and weight constraints. The proposed framework is released as an open-source ROS package. © 2015 IEEE.","","3D modeling; Agricultural robots; Computer vision; Inertial navigation systems; Mapping; Mobile robots; Motion estimation; Motion tracking; Robotics; Statistics; Stereo image processing; Stereo vision; Ego-motion estimation; Image intensity information; Inertial measurements; Mapping and localization; Probabilistic formulation; Probabilistic framework; Probabilistic modeling; Stereo vision system; Visual servoing","Conference paper","Final","","Scopus","2-s2.0-84938222916"
"Xu H.; Zhao G.; Bo Y.","Xu, Haoyuan (57930911300); Zhao, Gaopeng (24537768600); Bo, Yuming (55630842200)","57930911300; 24537768600; 55630842200","UAV–UGV Collaborative Localization in GNSS-Denied Large-Scale Environments: An Anchor-Free VIO–UWB Fusion with Adaptive Weighting and Outlier Suppression","2026","Drones","10","3","175","","","0","10.3390/drones10030175","https://www.scopus.com/pages/publications/105033909066?origin=resultslist","Highlights: What are the main findings? An anchor-free collaborative localization framework is proposed, effectively suppressing visual–inertial odometry (VIO) drift over long trajectories (up to kilometers) in GNSS-denied areas. A two-stage robust scheme integrating covariance-based outlier rejection and adaptive Fisher information estimation significantly improves positioning accuracy under dynamic Non-Line-of-Sight (NLOS) UWB ranging conditions. What are the implications of the main findings? The method enables precise, infrastructure-free multi-robot navigation in large-scale (~1.6 km2) complex environments, advancing applications like disaster response and cooperative inspection. The adaptive weighting strategy provides a generalizable approach for handling time-varying sensor uncertainty in real-world robotic systems. In GNSS-denied large-scale outdoor environments, UAVs and UGVs that rely solely on visual–inertial odometry (VIO) suffer from accumulated global drift as the trajectory grows. Meanwhile, inter-platform ultra-wideband (UWB) ranging exhibits unknown, time-varying noise under NLOS/multipath, rendering naïve weighting unreliable. This paper presents an anchor-free collaborative localization framework for UAV–UGV teams that fuses pairwise UWB ranges (including UAV–UAV, UAV–UGV, and UGV–UGV) with onboard VIO in a factor-graph backend via a two-stage robust scheme. First, we bound VIO drift using per-agent state covariance and reject UWB outliers with a Mahalanobis gate, preventing early-stage bias when VIO is still accurate. Then, during global optimization, we adaptively estimate the Fisher information of UWB factors from measurement–state residuals, enabling online self-tuning of measurement confidence under time-varying SNR. Real-world experiments with three UAVs and two UGVs over multi-level rooftops and forest–open areas (~1.6 km2) show that, compared to an outlier-only variant, the proposed method further reduces localization RMSE by about 24.6% and maximum error by about 31.2% for both UAVs and UGVs, maintaining strong performance during long trajectories dominated by VIO drift and NLOS ranges. The approach requires no fixed anchors or GNSS and is applicable to UAV–UGV teams for disaster response, cooperative mapping/inspection, and bandwidth-limited operations. © 2026 by the authors.","factor graph; multi-robot systems; SLAM; UWB","Computer vision; Fisher information matrix; Global optimization; Industrial robots; Learning algorithms; Multipurpose robots; Navigation; Robot learning; Scales (weighing instruments); Statistics; Unmanned aerial vehicles (UAV); Visual servoing; Adaptive weighting; Anchor-free; Collaborative localizations; Factor graphs; Large-scales; Multi-robot systems; Nonline of sight; Odometry; SLAM; Ultrawide band; Ultra-wideband (UWB)","Article","Final","All Open Access; Gold Open Access; Green Open Access","Scopus","2-s2.0-105033909066"
"Song J.; Sanchez-Cuevas P.J.; Richard A.; Rajan R.T.; Olivares-Mendez M.","Song, Junlin (57847286900); Sanchez-Cuevas, Pedro J. (57195520737); Richard, Antoine (57216687541); Rajan, Raj Thilak (36968129200); Olivares-Mendez, Miguel (35590418200)","57847286900; 57195520737; 57216687541; 36968129200; 35590418200","GPS-VIO Fusion with Online Rotational Calibration","2024","Proceedings - IEEE International Conference on Robotics and Automation","","","","11906","11912","3","10.1109/ICRA57147.2024.10611466","https://www.scopus.com/pages/publications/85202442620?origin=resultslist","Accurate global localization is crucial for autonomous navigation and planning. To this end, various GPS-aided Visual-Inertial Odometry (GPS-VIO) fusion algorithms are proposed in the literature. This paper presents a novel GPS-VIO system that is able to significantly benefit from the online calibration of the rotational extrinsic parameter between the GPS reference frame and the VIO reference frame. The behind reason is this parameter is observable. This paper provides novel proof through nonlinear observability analysis. We also evaluate the proposed algorithm extensively on diverse platforms, including flying UAV and driving vehicle. The experimental results support the observability analysis and show increased localization accuracy in comparison to state-of-the-art (SOTA) tightly-coupled algorithms. © 2024 IEEE.","Kalman Filter; Sensor Fusion; State Estimation","Global positioning system; Inertial navigation systems; Kalman filters; Unmanned aerial vehicles (UAV); Autonomous navigation; Autonomous planning; Extrinsic parameter; Fusion algorithms; Global localization; Non-linear observability analysis; Odometry; On-line calibration; Reference frame; Sensor fusion; Observability","Conference paper","Final","All Open Access; Green Open Access","Scopus","2-s2.0-85202442620"
"Yang C.; Strader J.; Gu Y.; Hypes A.; Canciani A.; Brink K.","Yang, Chizhao (57201391161); Strader, Jared (57190227589); Gu, Yu (35743023500); Hypes, Alexander (57189798081); Canciani, Aaron (55318185000); Brink, Kevin (36668159600)","57201391161; 57190227589; 35743023500; 57189798081; 55318185000; 36668159600","Cooperative UAV navigation using inter-vehicle ranging and magnetic anomaly measurements","2018","AIAA Guidance, Navigation, and Control Conference, 2018","","","","","","13","10.2514/6.2018-1595","https://www.scopus.com/pages/publications/85141631121?origin=resultslist","This paper addresses the problem of cooperative localization for a small group ofUnmanned Aerial Vehicles (UAVs) in a GPS denied environment. The developed method has two main components. First, a cooperative range localization algorithm is designed to reduce the deadreckoning error growth for each UAV’s global pose estimate and obtain a reliable estimate of relative positions inside the UAV group to be used as an input to a cooperative magnetic localization algorithm. The UAV poses are estimated by sharing inter-vehicle ranging and visual-inertial odometry information. Two communiction scenarios are considered, the first one assumes that each UAV can communicate with all other UAVs at once, and the second scenario assumes that each UAV can only communicate with one other UAV at each point in time. Using the shared measurements, an Extended Kalman Filter (EKF) is running on-board each UAV to estimate the poses of all UAVs in the group. In the second step, the cooperative magnetic localization algorithm bounds the error growth of the UAVs’ global poses using a particle filter to match magnetic anomaly measurements acquired by each UAV to a prior magnetic anomaly map based on the estimated UAV group shape. Simulation results show substantial improvements in navigation performance using the cooperative range localization algorithm as compared to the dead-reckoning performance of each individual UAV. In addition, the developed cooperative magnetic localization approach shows performance and robustness benefits compared to cooperative magnetic localization using only a single UAV. © 2018, American Institute of Aeronautics and Astronautics Inc, AIAA. All rights reserved.","","Air navigation; Antennas; Extended Kalman filters; Magnetism; Aerial vehicle; Cooperative localization; Dead reckoning; Error growth; Localization algorithm; Magnetic anomalies; Magnetic localization; Performance; Range localization; Reliable estimates; Unmanned aerial vehicles (UAV)","Conference paper","Final","","Scopus","2-s2.0-85141631121"
"Elamin A.; El-Rabbany A.; Jacob S.","Elamin, Ahmed (57224904139); El-Rabbany, Ahmed (6602930112); Jacob, Sunil (59507192100)","57224904139; 6602930112; 59507192100","Event-Based Visual/Inertial Odometry for UAV Indoor Navigation","2025","Sensors","25","1","61","","","15","10.3390/s25010061","https://www.scopus.com/pages/publications/85214472161?origin=resultslist","Indoor navigation is becoming increasingly essential for multiple applications. It is complex and challenging due to dynamic scenes, limited space, and, more importantly, the unavailability of global navigation satellite system (GNSS) signals. Recently, new sensors have emerged, namely event cameras, which show great potential for indoor navigation due to their high dynamic range and low latency. In this study, an event-based visual–inertial odometry approach is proposed, emphasizing adaptive event accumulation and selective keyframe updates to reduce computational overhead. The proposed approach fuses events, standard frames, and inertial measurements for precise indoor navigation. Features are detected and tracked on the standard images. The events are accumulated into frames and used to track the features between the standard frames. Subsequently, the IMU measurements and the feature tracks are fused to continuously estimate the sensor states. The proposed approach is evaluated using both simulated and real-world datasets. Compared with the state-of-the-art U-SLAM algorithm, our approach achieves a substantial reduction in the mean positional error and RMSE in simulated environments, showing up to 50% and 47% reductions along the x- and y-axes, respectively. The approach achieves 5–10 ms latency per event batch and 10–20 ms for frame updates, demonstrating real-time performance on resource-constrained platforms. These results underscore the potential of our approach as a robust solution for real-world UAV indoor navigation scenarios. © 2024 by the authors.","event camera; navigation; UAV; visual–inertial odometry","Cameras; Global positioning system; Inertial navigation systems; Prisms; SLAM robotics; Unmanned aerial vehicles (UAV); Dynamic scenes; Event camera; Event-based; Global Navigation Satellite Systems; Indoor navigation; Limited space; Multiple applications; Odometry; System signals; Visual–inertial odometry; algorithm; article; camera; global navigation satellite system; human; root mean squared error; sensor; simulation; Indoor positioning systems","Article","Final","All Open Access; Gold Open Access; Green Open Access","Scopus","2-s2.0-85214472161"
"Gomaa M.A.K.; De Silva O.; Jayasiri A.; Mann G.K.I.","Gomaa, Mahmoud A. K. (57215088878); De Silva, Oscar (55555890600); Jayasiri, Awantha (24779369700); Mann, George K. I. (56045390000)","57215088878; 55555890600; 24779369700; 56045390000","Towards Consistent Visual-Inertial Navigation for Unmanned Aerial Vehicles using Depth Information","2022","Canadian Conference on Electrical and Computer Engineering","2022-September","","","118","123","1","10.1109/CCECE49351.2022.9918398","https://www.scopus.com/pages/publications/85141000482?origin=resultslist","This paper proposes a new filtering-based depth enhanced visual inertial navigation system (DE-VINS) for quadrotor unmanned aerial vehicles (UAV). This filter addresses the drifting and degraded performance of a class of conventional monocular VINS filters at hovering conditions. A theoretical nonlinear observability analysis is performed to verify the filter design. The performance of the proposed DE-VINS is numerically evaluated using a Matlab simulator and then compared against the conventional VINS filter proposed in literature. The results show improved performance of the DE-VINS in terms of estimation accuracy and consistency at zero-velocity flight conditions.  © 2022 IEEE.","","Air navigation; Antennas; Unmanned aerial vehicles (UAV); Aerial vehicle; Condition; Degraded performance; Depth information; Filter designs; Inertial navigations; Matlab simulators; Non-linear observability analysis; Quadrotor unmanned aerial vehicles; Inertial navigation systems","Conference paper","Final","","Scopus","2-s2.0-85141000482"
"Luo H.; Li G.; Zou D.; Li K.; Li X.; Yang Z.","Luo, Haolong (57208822225); Li, Guangyun (56163659500); Zou, Danping (55542298400); Li, Kailin (58026342500); Li, Xueqiang (58025815800); Yang, Zidi (58025302400)","57208822225; 56163659500; 55542298400; 58026342500; 58025815800; 58025302400","UAV Navigation With Monocular Visual Inertial Odometry Under GNSS-Denied Environment","2023","IEEE Transactions on Geoscience and Remote Sensing","61","","1001615","","","25","10.1109/TGRS.2023.3323519","https://www.scopus.com/pages/publications/85174801700?origin=resultslist","In global satellite navigation system (GNSS)-denied environments, unmanned aerial vehicle (UAV) navigation based on visual-inertial odometry (VIO) has been widely studied. However, existing VIO methods still suffer from some practical problems, such as image enhancement oversaturation and unreasonable weighting in backend optimization. Therefore, this article presents monocular VIO with point-line fusion and backend adaptive optimization to improve the positioning accuracy and robustness of UAV navigation systems. In the front end, we proposed an adaptive gamma image correction algorithm for image preprocessing to avoid image oversaturation, which is more conducive to image extraction and matching. Instead of the traditional line segment detector (LSD) line feature extraction algorithm, we employed an improved EDLines algorithm to enhance the efficiency of line feature extraction, better meeting the high dynamic real-time requirements of UAV. In the backend, we proposed a tightly coupled nonlinear adaptive optimization method based on a two-step approach to address the issue of unreasonable static weights. In the first step, we established a factor graph model and performed the first nonlinear optimization based on a priori visual weights. In the second step, we calculated the reprojection error and established a functional model that examines the relationship between the reprojection error and the information matrix. We updated the information matrix using the reprojection error to adaptively adjust the weights of the point features and line features in real time. Finally, we performed a second nonlinear reoptimization. The proposed method was compared with the monocular visual-inertial system (VINS-MONO) (Qin et al. 2018) and point and line features (PL)-VINS (Fu et al. 2020) methods, the experimental results showing that the positioning accuracy of the proposed method on the public EuRoc dataset (Burri et al. 2016) improved by an average of 32.3% compared with the PL-VINS method, and by an average of 33.8% in three real-world scenarios under changing illumination, weak texture, and large-scale complex scenarios. The results demonstrated that the proposed method exhibited better robustness and higher positioning accuracy in various complex environments.  © 1980-2012 IEEE.","Adaptive gamma correction; EDLines algorithm; information matrix; nonlinear optimization; reprojection error; unmanned aerial vehicle (UAV) navigation; visual-inertial fusion","Air navigation; Antennas; Errors; Extraction; Feature extraction; Global positioning system; Inertial navigation systems; Information use; Nonlinear programming; Textures; Unmanned aerial vehicles (UAV); Adaptive gamma correction; Aerial vehicle; Edline algorithm; Edlines; Features extraction; Gamma correction; Inertial fusion; Information matrix; Non-linear optimization; Optimisations; Reprojection error; Robustness; Simultaneous localization and mapping; Unmanned aerial vehicle navigation; Vehicle navigation; Visual-inertial fusion; accuracy assessment; algorithm; error correction; GNSS; optimization; unmanned vehicle; Image enhancement","Article","Final","","Scopus","2-s2.0-85174801700"
"Chen X.; Li S.; Lu R.; Zhu X.","Chen, Xinyu (60214941900); Li, Shuaixin (57194211992); Lu, Ruifeng (60214528300); Zhu, Xiaozhou (55968512800)","60214941900; 57194211992; 60214528300; 55968512800","GPLVINS: Tightly Coupled GNSS-Visual-Inertial Fusion for Consistent State Estimation with Point and Line Features for Unmanned Aerial Vehicles","2025","Drones","9","11","801","","","0","10.3390/drones9110801","https://www.scopus.com/pages/publications/105023192838?origin=resultslist","Highlights: What are the main findings? Proposes the GPLVINS system for UAVs, which builds a tightly coupled GNSS-visual-inertial nonlinear optimization framework by fusing point and line features on the basis of GVINS. This addresses the issue of insufficient feature extraction in traditional point-feature VIO under texture-sparse environments and enhances the stability of UAV 6-DoF pose estimation. Optimizes the traditional LSD line feature extraction algorithm: short line segments are filtered out via non-maximum suppression and length threshold screening. This not only reduces computational cost but also integrates line reprojection residuals into the optimization process, further improving positioning accuracy. What are the implication of the main findings? By comparing the performance of GPLVINS with GVINS, PL-VIO, and VINS-Fusion in indoor, outdoor, and indoor–outdoor transition scenarios, GPLVINS demonstrates superior positioning performance compared with other algorithms. Our system can handle complex situations such as drastic changes in lighting, loss of GNSS signals, or feature degradation, making it more suitable for the practical operational requirements of UAVs. Offers a more reliable state estimation scheme for UAV autonomous navigation. Particularly in GNSS-constrained or visually sparse feature scenarios, the incorporation of line features supplements environmental constraints and reduces the risk of pose drift, laying a foundation for subsequent extensions to stereo vision and adaptation to larger-scale textureless scenarios. The employment of linear features to enhance the positioning precision and robustness of point-based VIO (visual-inertial odometry) has attracted mounting attention, especially for UAV (unmanned aerial vehicle) applications where reliable 6-DoF pose estimation is critical for autonomous navigation, mission execution, and safety. This paper presents GPLVINS—GNSS (global navigation satellite system)-point-line-visual-inertial navigation system—a UAV-tailored enhancement of the nonlinear optimization-based GVINS (GNSS-visual-inertial navigation system). Unlike GVINS, which struggles with feature extraction in weak-texture environments and depends entirely on point features, GPLVINS innovatively integrates line features into its state optimization framework to enhance robustness and accuracy. While existing studies adopt the LSD (line segment detector) algorithm for line feature extraction, this approach often generates numerous short line segments in real-world scenes. Such an outcome not only increases computational costs but also degrades pose estimation performance. In order to address this issue, the present study proposes an NMS (non-maximum suppression) strategy for the refinement of LSD. The line reprojection residual is then formulated as the distance between point and line, which is incorporated into the nonlinear optimization process. Experimental validations on open-source datasets and self-collected UAV datasets across indoor, outdoor, and indoor–outdoor transition scenarios demonstrate that GPLVINS exhibits superior positioning performance and enhanced robustness for UAVs in environments with feature degradation or drastic lighting intensity variations. © 2025 by the authors.","GPLVINS; line feature; pose estimation; sensor fusion; UAV; UAV navigation","Air navigation; Antennas; Computer vision; Extraction; Feature extraction; Global positioning system; Indoor positioning systems; Inertial navigation systems; Nonlinear analysis; Nonlinear programming; State estimation; Stereo image processing; Stereo vision; Textures; Visual servoing; Aerial vehicle; GPLVINS; Inertial navigations; Line features; Pose-estimation; Sensor fusion; Unmanned aerial vehicle; Unmanned aerial vehicle navigation; Vehicle navigation; Unmanned aerial vehicles (UAV)","Article","Final","All Open Access; Gold Open Access; Green Open Access","Scopus","2-s2.0-105023192838"
"Shou Y.; Song Z.; Qi H.; Li Z.; Chen W.","Shou, Yicheng (58162780600); Song, Zhuoyue (58997383600); Qi, Haoyu (57940355100); Li, Zhen (56044364700); Chen, Wenjie (57193164988)","58162780600; 58997383600; 57940355100; 56044364700; 57193164988","Distributed UAV Swarm Collaborative SLAM Based on Visual-Inertial-Ranging Measurement","2025","Lecture Notes in Electrical Engineering","1342 LNEE","","","183","192","0","10.1007/978-981-96-2220-7_18","https://www.scopus.com/pages/publications/105001363228?origin=resultslist","Compared with the standalone operation, unmanned aerial vehicle (UAV) swarm systems bring the high efficiency to the task execution in a cooperative manner, and they has gained the widespread application in disaster relief, power inspection and other fields. To support the fulfillment of cooperative task, the cooperative positioning capability plays the key role in global positioning system (GPS) denied areas. However, there are still difficulties in initialization, high communication demand, and inevitable drift for swarm cooperative positioning. In order to solve the problems above, a distributed collaborative simultaneous localization and mapping (SLAM) system is developed based on ranging measurement from ultra-wideband (UWB), which specifically accelerates the initialization by introducing prior information, and optimizes the communication framework between the UAVs so as to run in real time. Besides, the ranging is introduced as the restraints on the relative drift between the nodes. The evaluation are performed on datasets recorded in a lab environment. Experiments results show that our method surpasses 15% over the mainstream visual-inertial odometry in positioning accuracy. Furthermore, our method effectively reduces the drift of the visual-inertial odometry in challenging scenarios on visual. © The Author(s), under exclusive license to Springer Nature Singapore Pte Ltd. 2025.","collaborative SLAM; multi-robot system; pose graph optimization; visual-inertial-ranging SLAM","Aircraft communication; Collaborative robots; Disaster prevention; Industrial robots; Inertial navigation systems; Intelligent robots; Multipurpose robots; SLAM robotics; Unmanned aerial vehicles (UAV); Visual communication; Aerial vehicle; Collaborative simultaneous localization and mapping; Multi-robot systems; Odometry; Pose graph optimizations; Simultaneous localization and mapping; Stand-alone operation; Swarm systems; Visual-inertial-ranging simultaneous localization and mapping; Global positioning system","Conference paper","Final","","Scopus","2-s2.0-105001363228"
"Lee K.; Johnson E.N.","Lee, Kyuman (57193932345); Johnson, Eric N. (25934529500)","57193932345; 25934529500","Latency compensated visual-inertial odometry for agile autonomous flight","2020","Sensors (Switzerland)","20","8","2209","","","12","10.3390/s20082209","https://www.scopus.com/pages/publications/85083384486?origin=resultslist","In visual-inertial odometry (VIO), inertial measurement unit (IMU) dead reckoning acts as the dynamic model for flight vehicles while camera vision extracts information about the surrounding environment and determines features or points of interest. With these sensors, the most widely used algorithm for estimating vehicle and feature states for VIO is an extended Kalman filter (EKF). The design of the standard EKF does not inherently allow for time offsets between the timestamps of the IMU and vision data. In fact, sensor-related delays that arise in various realistic conditions are at least partially unknown parameters. A lack of compensation for unknown parameters often leads to a serious impact on the accuracy of VIO systems and systems like them. To compensate for the uncertainties of the unknown time delays, this study incorporates parameter estimation into feature initialization and state estimation. Moreover, computing cross-covariance and estimating delays in online temporal calibration correct residual, Jacobian, and covariance. Results from flight dataset testing validate the improved accuracy of VIO employing latency compensated filtering frameworks. The insights and methods proposed here are ultimately useful in any estimation problem (e.g., multi-sensor fusion scenarios) where compensation for partially unknown time delays can enhance performance. © 2020 by the authors. Licensee MDPI, Basel, Switzerland.","Camera vision; EKF; IMU; Latency compensation; Navigation; Online temporal calibration; Sensor fusion; Time delay; UAV; VIO","Statistical tests; Time delay; Feature initialization; Filtering framework; Inertial measurement unit; Multi-sensor fusion; Realistic conditions; Surrounding environment; Temporal calibration; Unknown time delays; Extended Kalman filters","Article","Final","All Open Access; Gold Open Access; Green Open Access","Scopus","2-s2.0-85083384486"
"Aslan M.F.; Durdu A.; Yusefi A.; Yilmaz A.","Aslan, Muhammet Fatih (57205362915); Durdu, Akif (55364612200); Yusefi, Abdullah (57221601191); Yilmaz, Alper (57067174700)","57205362915; 55364612200; 57221601191; 57067174700","HVIOnet: A deep learning based hybrid visual–inertial odometry approach for unmanned aerial system position estimation","2022","Neural Networks","155","","","461","474","47","10.1016/j.neunet.2022.09.001","https://www.scopus.com/pages/publications/85138452774?origin=resultslist","Sensor fusion is used to solve the localization problem in autonomous mobile robotics applications by integrating complementary data acquired from various sensors. In this study, we adopt Visual–Inertial Odometry (VIO), a low-cost sensor fusion method that integrates inertial data with images using a Deep Learning (DL) framework to predict the position of an Unmanned Aerial System (UAS). The developed system has three steps. The first step extracts features from images acquired from a platform camera and uses a Convolutional Neural Network (CNN) to project them to a visual feature manifold. Next, temporal features are extracted from the Inertial Measurement Unit (IMU) data on the platform using a Bidirectional Long Short Term Memory (BiLSTM) network and are projected to an inertial feature manifold. The final step estimates the UAS position by fusing the visual and inertial feature manifolds via a BiLSTM-based architecture. The proposed approach is tested with the public EuRoC (European Robotics Challenge) dataset and simulation environment data generated within the Robot Operating System (ROS). The result of the EuRoC dataset shows that the proposed approach achieves successful position estimations comparable to previous popular VIO methods. In addition, as a result of the experiment with the simulation dataset, the UAS position is successfully estimated with 0.167 Mean Square Error (RMSE). The obtained results prove that the proposed deep architecture is useful for UAS position estimation. © 2022 Elsevier Ltd","BiLSTM; IMU; RNN; ROS; UAS; VIO","Deep Learning; Memory, Long-Term; Neural Networks, Computer; Reactive Oxygen Species; Robotics; Antennas; Convolutional neural networks; Deep learning; Network architecture; Robot Operating System; Sensor data fusion; Unmanned aerial vehicles (UAV); reactive oxygen metabolite; Bidirectional long short term memory; Inertial measurements units; Localization problems; Mobile robotic; Odometry; Position estimation; RNN; Sensor fusion; Unmanned aerial systems; Visual–inertial odometry; Article; convolutional neural network; deep learning; drone; long short term memory network; nonhuman; robotics; simulation; training; unmanned aerial vehicle; visual network; long term memory; robotics; Mean square error","Article","Final","All Open Access; Green Open Access","Scopus","2-s2.0-85138452774"
"Xu W.; Lin Z.; Wang W.","Xu, Wenbo (58327761000); Lin, Ziyue (57883603200); Wang, Wei (57784677900)","58327761000; 57883603200; 57784677900","A Localization and Trajectory Planning Method for UAVs with Visual-Inertial Odometry","2022","IEEE/ASME International Conference on Advanced Intelligent Mechatronics, AIM","2022-July","","","710","715","1","10.1109/AIM52237.2022.9863253","https://www.scopus.com/pages/publications/85137713017?origin=resultslist","Unmanned aerial vehicles (UAV) are capable of operating tasks in challenging environments of high risk for humans. However, these tasks usually require UAVs to plan motion in environments where GPS is unavailable. This paper implements a UAV system of motion planning and obstacle avoidance in GPS-denied indoor environments with the visual-inertial odometry (VIO) approach. Collecting measurements from stereo cameras and IMU, the visual-inertial odometry estimates the states of the UAV by jointly minimizing visual and inertial residuals and solving the nonlinear optimization problem. Then we utilize the minimum snap method to generate feasible trajectories based on the estimated states provided by VIO and an obstacle map of the indoor environment. In order to verify the effectiveness of the proposed system, we perform experiments on a UAV platform and the results show that the UAV accurately follows the planned trajectory and avoids obstacles without the aid of GPS.  © 2022 IEEE.","","Antennas; Motion planning; Nonlinear programming; Stereo image processing; Trajectories; Aerial vehicle; Indoor environment; Localisation; Motion-planning; Nonlinear optimization problems; Obstacles avoidance; Odometry; Stereo cameras; Trajectory planning method; Unmanned aerial vehicle systems; Unmanned aerial vehicles (UAV)","Conference paper","Final","","Scopus","2-s2.0-85137713017"
"Bai H.; Taylor C.N.","Bai, He (35338971800); Taylor, Clark N. (15078644000)","35338971800; 15078644000","Control-enabled Observability and Sensitivity Functions in Visual-Inertial Odometry","2019","Journal of Intelligent and Robotic Systems: Theory and Applications","93","1-2","","289","301","1","10.1007/s10846-018-0808-6","https://www.scopus.com/pages/publications/85044236688?origin=resultslist","Visual-inertial odometry (VIO) is an important component in autonomous navigation of Unmanned Aerial Vehicles (UAVs) in GPS-denied or degraded environments. VIO is a nonlinear estimation problem where control inputs, such as acceleration and angular velocity, have significant impact on the estimation performance. In this paper, we examine the effects of controls on the VIO problem. We first propose a sensitivity function that characterizes the relationship between the errors in the control inputs and the state estimation performance. This function depends on the control inputs, which is unique for nonlinear systems since for linear systems, state observability properties are independent of control inputs. We next derive analytical expressions of the sensitivity functions for various VIO scenarios relevant to UAV motions. Using Monte-Carlo simulations, we validate the derived sensitivity functions. We also show an interesting fact that deceleration along the velocity direction yields better estimation performance than acceleration with the same magnitude. © 2018, Springer Nature B.V.","Observability; Sensitivity; Unmanned aircraft systems; Visual-inertial odometry","Air navigation; Antennas; Intelligent systems; Linear systems; Monte Carlo methods; Observability; Unmanned aerial vehicles (UAV); Analytical expressions; Autonomous navigation; Estimation performance; Non-linear estimation; Odometry; Sensitivity; Sensitivity functions; Unmanned aircraft system; Visual servoing","Article","Final","","Scopus","2-s2.0-85044236688"
"Ju Z.; Yan C.; Xiang X.; Lai J.; Zhou H.; Tang D.","Ju, Zhiman (60557594600); Yan, Chao (57213519073); Xiang, Xiaojia (24385799400); Lai, Jun (57201301022); Zhou, Han (55716824400); Tang, Dengqing (56949674400)","60557594600; 57213519073; 24385799400; 57201301022; 55716824400; 56949674400","Virtual Stereo Vision-Based Localization and 3D Mesh Mapping for Dual UAV Systems","2025","IEEE International Conference on Robotics and Biomimetics, ROBIO","","","","2340","2345","0","10.1109/ROBIO66223.2025.11378261","https://www.scopus.com/pages/publications/105034719845?origin=resultslist","Simultaneous Localization and Mapping (SLAM) has been extensively applied to solve the problem of robot localization and mapping without absolute position measurements. Visual sensors are widely used in odometry techniques due to their low cost and richer information content. However, when robots operate far from the scene (e.g., high-altitude UAVs), visual-inertial odometry (VIO) positioning accuracy degrades significantly. This compromises the balance between autonomous precision and rapid scene understanding. To address this issue, we propose a collaborative dual-Uavlocalization and real-time scene reconstruction framework for high-altitude operations. By utilizing inter-Uavvisual overlap observations and wireless ranging constraints, we propose a collaborative decentralized trajectory localization and global map point consistency optimization scheme. Our solution achieves high-altitude precise positioning and maintains dual-UAV observation consistency, enabling real-time construction of large-scale navigable maps. Evaluation results in photorealistic simulated environments demonstrate the superior accuracy of our approach in high-altitude localization and scene reconstruction.  © 2025 IEEE.","","Computer vision; Intelligent robots; Machine vision; Navigation; Position measurement; Robot applications; Stereo image processing; Stereo vision; Unmanned aerial vehicles (UAV); 3D meshes; Localisation; Mesh mappings; Odometry; Robot localization; Scene reconstruction; Simultaneous localization and mapping; UAV systems; Virtual stereo visions; Vision based localization; Mapping","Conference paper","Final","","Scopus","2-s2.0-105034719845"
"Shao W.; Dou L.; Zhao H.; Wang B.; Xi H.; Yao W.","Shao, Wei (55365641100); Dou, Lingfei (57219184692); Zhao, Hanxue (57219177744); Wang, Boning (57211410454); Xi, Hongliang (57219177668); Yao, Wenlong (55532968900)","55365641100; 57219184692; 57219177744; 57211410454; 57219177668; 55532968900","A Visual/Inertial Relative Navigation Method for UAV Formation","2020","Proceedings of the 32nd Chinese Control and Decision Conference, CCDC 2020","","","9164765","1831","1836","4","10.1109/CCDC49329.2020.9164765","https://www.scopus.com/pages/publications/85091602357?origin=resultslist","Nowadays, the task of determining positions for Unmanned Aerial Vehicles (UAVs) has been mainly handled by combining Inertial Navigation System (INS) with Global Positioning System (GPS). This paper presents a visual/inertial relative navigation method for UAV formation to overcome the disadvantages of GPS such as disturbed easily. Firstly, INS and visual navigation system are respectively studied. Secondly, the state and observation equations of the visual/inertial navigation system are established. And Muti-rate Kalman Filter (MKF) is designed to estimate the position errors. Finally, the performance of this method is analyzed via a simulation. © 2020 IEEE.","Inertial Navigation; Muti-rate Kalman Filter; Relative Navigation; UAV Formation; Visual Navigation","Air navigation; Antennas; Equations of state; Global positioning system; Unmanned aerial vehicles (UAV); Inertial navigation systems (INS); Observation equation; Position errors; Relative navigation; Visual navigation systems; Inertial navigation systems","Conference paper","Final","","Scopus","2-s2.0-85091602357"
"Dornellas D.; Rosa F.; Bernardino A.; Ribeiro R.; Santos-Victor J.","Dornellas, Duarte (57216687901); Rosa, Filipe (57191707555); Bernardino, Alexandre (7003407125); Ribeiro, Ricardo (57104415100); Santos-Victor, Jose (7003525618)","57216687901; 57191707555; 7003407125; 57104415100; 7003525618","GPS emulation via visual-inertial odometry for inspection drones","2019","2019 19th International Conference on Advanced Robotics, ICAR 2019","","","8981597","755","760","1","10.1109/ICAR46387.2019.8981597","https://www.scopus.com/pages/publications/85084284720?origin=resultslist","This work tested the applicability of a navigation system based on cameras and inertial sensors for a quadrotor UAV, motivated by the desire to expand its operational envelope to regions with low GPS signal reception. A standalone navigation module composed of a stereo camera pair, an IMU, synchronization electronics and a SoC computational board was developed and provided with OKVIS, a recent open-source VIO (Visual-Inertial Odometry) algorithm. In order to quantitatively assess its performance, an indoors dataset was recorded in a controlled environment, with precise ground-truth from a motion capture system. The system was integrated with a quadrotor UAV, functioning as an additional GPS sensor from the perspective of the onboard autopilot. For this end, the VIO trajectory data was georeferenced using information from the onboard GPS receiver, as well as from the orientation estimator embedded in the IMU. To the best of our knowledge, our system is the first to follow this integration approach, this being one of the main contributions of this work. Having validated the system with handheld testing, flight tests were performed. We show, qualitatively, that our system effectively yields improved trajectory estimates under low GPS signal reception. © 2019 IEEE.","","Agricultural robots; Cameras; Drones; Robotics; Robots; Stereo image processing; System-on-chip; Controlled environment; GPS receivers; Inertial sensor; Integration approach; Motion capture system; Quad-rotor UAV; Stereo cameras; Trajectory data; Global positioning system","Conference paper","Final","","Scopus","2-s2.0-85084284720"
"Dong J.; Lei H.; Yue Y.; Zhou Q.; Zhang X.; Wang H.; Wang J.; Jiang H.; Wang G.","Dong, Jiahang (59703224600); Lei, Hongjie (59821969100); Yue, Yazhou (35492263000); Zhou, Qi (59704369300); Zhang, Xiaodong (60390567200); Wang, Haoming (59703030300); Wang, Jinjiang (59704665900); Jiang, Haofeng (59702646800); Wang, Guanjie (57313090200)","59703224600; 59821969100; 35492263000; 59704369300; 60390567200; 59703030300; 59704665900; 59702646800; 57313090200","LiDAR-Based Visual Inertial Odometry for High Altitude UAV","2025","Lecture Notes in Electrical Engineering","1346 LNEE","","","409","419","0","10.1007/978-981-96-2236-8_40","https://www.scopus.com/pages/publications/105000804308?origin=resultslist","In this paper, a LiDAR-based depth estimation compensated VIO framework is proposed to address the problem of inaccurate depth estimation of UAV-mounted VIOs in high altitude, which in turn leads to reduced state estimation accuracy. In this framework, LiDAR uses accurate one-dimensional distance measurement information with external reference information between LiDAR and the camera instead of inter-frame constraint information, which avoids the problem of inaccurate feature depth estimation by triangulation in high altitude state. Meanwhile, this paper also adds the LiDAR measurement information into the back-end optimization, which achieves the simultaneous optimization of the LiDAR measurement results with the external parameters and improves the robustness of the system. Finally, in the flight experiments with maximum flight altitude of about 40 m and 100 m and travel distance of about 720 m and 1056 m, the proposed method reduces the absolute position error by 52% and 66%, respectively, compared with VINS-MONO. © The Author(s), under exclusive license to Springer Nature Singapore Pte Ltd. 2025.","depth estimation; LiDAR; VIO","Constraint information; Depth Estimation; Inter-frame; LiDAR; Measurement information; Odometry; One-dimensional; Optimisations; Reduced-state; VIO; Unmanned aerial vehicles (UAV)","Conference paper","Final","","Scopus","2-s2.0-105000804308"
"Bartolomei L.; Teixeira L.; Chli M.","Bartolomei, Luca (57215559208); Teixeira, Lucas (56844693200); Chli, Margarita (25654656600)","57215559208; 56844693200; 25654656600","Perception-aware path planning for UAVs using semantic segmentation","2020","IEEE International Conference on Intelligent Robots and Systems","","","9341347","5808","5815","57","10.1109/IROS45743.2020.9341347","https://www.scopus.com/pages/publications/85102412692?origin=resultslist","In this work, we present a perception-aware path-planning pipeline for Unmanned Aerial Vehicles (UAVs) for navigation in challenging environments. The objective is to reach a given destination safely and accurately by relying on monocular camera-based state estimators, such as Keyframe-based Visual-Inertial Odometry (VIO) systems. Motivated by the recent advances in semantic segmentation using deep learning, our path-planning architecture takes into consideration the semantic classes of parts of the scene that are perceptually more informative than others. This work proposes a planning strategy capable of avoiding both texture-less regions and problematic areas, such as lakes and oceans, that may cause large drift or failures in the robot's pose estimation, by using the semantic information to compute the next best action with respect to perception quality. We design a hierarchical planner, composed of an A∗ path-search step followed by B-Spline trajectory optimization. While the A∗ steers the UAV towards informative areas, the optimizer keeps the most promising landmarks in the camera's field of view. We extensively evaluate our approach in a set of photo-realistic simulations, showing a remarkable improvement with respect to the state-of-the-art in active perception. © 2020 IEEE.","","Agricultural robots; Air navigation; Antennas; Cameras; Deep learning; Image enhancement; Intelligent robots; Semantics; Textures; Unmanned aerial vehicles (UAV); Active perceptions; B-spline trajectory; Hierarchical planners; Monocular cameras; Planning strategies; Semantic information; Semantic segmentation; State of the art; Robot programming","Conference paper","Final","All Open Access; Green Open Access","Scopus","2-s2.0-85102412692"
"Lu Y.; Chen X.; Su D.; Sun W.","Lu, Yuanjie (59133736700); Chen, Xingyi (59133149400); Su, Dalin (59132747900); Sun, Wei (59132543800)","59133736700; 59133149400; 59132747900; 59132543800","Research on UAV autonomous positioning system for system engineering; [面向系统工程的无人机自主定位系统研究]","2024","Journal of Graphics","45","2","","363","368","0","10.11996/JG.j.2095-302X.2024020363","https://www.scopus.com/pages/publications/85193507087?origin=resultslist","System engineering is a bridge connecting various engineering disciplines. It aims to optimize each subsystem to obtain better system behavior ability when designing and implementing complex systems. It plays an important guiding role in the design and development of UAV systems. Among the many subsystems of the UAV system, the positioning system provides accurate location information for the UAV, which is the basis for subsequent navigation and obstacle avoidance functions. This paper designed an autonomous positioning system for UAV system engineering, including multi-sensor system modeling, front-end visual inertial odometry, tightly coupled back-end optimization algorithm, system positioning results and environment map output, thus realizing UAV autonomous positioning in complex environments. An experimental verification platform was designed to verify the accuracy and robustness of the positioning system. The experimental results showed that the average positioning error of the proposed UAV autonomous positioning system was less than 0.07 m, which met the requirements of UAV system engineering design. © 2024 Editorial of Board of Journal of Graphics. All rights reserved.","autonomous positioning system; IMU; system engineering; test platform; UAV","","Article","Final","","Scopus","2-s2.0-85193507087"
"Gallo E.; Barrientos A.","Gallo, Eduardo (14046606400); Barrientos, Antonio (55994487100)","14046606400; 55994487100","GNSS-Denied Semi-Direct Visual Navigation for Autonomous UAVs Aided by PI-Inspired Inertial Priors","2023","Aerospace","10","3","220","","","8","10.3390/aerospace10030220","https://www.scopus.com/pages/publications/85151545059?origin=resultslist","This article proposes a method to diminish the horizontal position drift in the absence of GNSS (Global Navigation Satellite System) signals experienced by the VNS (Visual Navigation System) installed onboard a UAV (Unmanned Air Vehicle) by supplementing its pose estimation non-linear optimizations with priors based on the outputs of the INS (Inertial Navigation System). The method is inspired by a PI (Proportional Integral) control loop, in which the attitude and altitude inertial outputs act as targets to ensure that the visual estimations do not deviate past certain thresholds from their inertial counterparts. The resulting IA-VNS (Inertially Assisted Visual Navigation System) achieves major reductions in the horizontal position drift inherent to the GNSS-Denied navigation of autonomous UAVs. Stochastic high-fidelity Monte Carlo simulations of two representative scenarios involving the loss of GNSS signals are employed to evaluate the results and to analyze their sensitivity to the terrain type overflown by the aircraft. The authors release the C++ implementation of both the navigation algorithms and the high-fidelity simulation as open-source software. © 2023 by the authors.","autonomous navigation; autonomy; GNSS-Denied; optimization; UAV; visual inertial navigation","","Article","Final","All Open Access; Gold Open Access; Green Open Access","Scopus","2-s2.0-85151545059"
"Li J.; Liu Y.; Huang K.; Zhou L.; Chang L.; Zhou J.","Li, Jingyuan (57195630064); Liu, Ye (59106162400); Huang, Kun (57424583900); Zhou, Liang (57216391792); Chang, Liang (57191621634); Zhou, Jun (57191732923)","57195630064; 59106162400; 57424583900; 57216391792; 57191621634; 57191732923","An FPGA-Based High-Throughput Keypoint Detection Accelerator Using Convolutional Neural Network for Mobile Robot Applications","2022","PrimeAsia 2022 - 2022 IEEE the Asia Pacific Conference on Postgraduate Research in Microelectronics and Electronics","","","","81","84","1","10.1109/PrimeAsia56064.2022.10104021","https://www.scopus.com/pages/publications/85159265688?origin=resultslist","Keypoint detection is a key procedure for Visual-Inertial Odometry (VIO). In recent years, Convolutional Neural Network (CNN) has been introduced to enhance the robustness of keypoint detection. However, the high computational complexity and memory usage make them difficult to be deployed to edge platforms for high-throughput mobile robot applications such as Unmanned Aerial Vehicles (UAVs) and Autonomous Mobile Robots (AMRs). In this work, we proposed an FPGA-based high-throughput keypoint detection accelerator using CNN with algorithm-hardware co-design, including a lightweight keypoint detection neural network and a dedicated hardware accelerator architecture. Implemented on a Xilinx ZCU104 FPGA board, the proposed accelerator is able to perform keypoint detection at 94 FPS for 640 × 480 input image with a low ATE, outperforming the state-of-the-art designs.  © 2022 IEEE.","CNN; FPGA; hardware Accelerator; keypoint detection; VIO","Antennas; Convolution; Convolutional neural networks; Machine design; Mobile robots; Robot applications; Aerial vehicle; Autonomous Mobile Robot; Co-designs; Convolutional neural network; Hardware accelerators; High-throughput; Keypoint detection; Memory usage; Odometry; Visual-inertial odometry; Field programmable gate arrays (FPGA)","Conference paper","Final","","Scopus","2-s2.0-85159265688"
"Liu H.; Gong Z.; Shen J.; Li Y.; Long Q.","Liu, Haiqiao (57211424984); Gong, Zichao (58627213500); Shen, Jinxu (59442954900); Li, Ya (57192521999); Long, Qing (59224273700)","57211424984; 58627213500; 59442954900; 57192521999; 59224273700","A Method for Measuring the Error Rules in Visual Inertial Odometry Based on Scene Matching Corrections","2024","Micromachines","15","11","1362","","","2","10.3390/mi15111362","https://www.scopus.com/pages/publications/85210420469?origin=resultslist","To address problems in the integrated navigation error law of unmanned aerial vehicles (UAVs), this paper proposes a method for measuring the error rule in visual inertial odometry based on scene matching corrections. The method involves several steps to build the solution. Firstly, separate models were constructed for the visual navigation model, the Micro-Electromechanical System (MEMS) navigation model, and the scene matching correction model. Secondly, an integrated navigation error measurement model based on scene matching corrections and MEMS navigation was established (the MEMS+SM model). Finally, an integrated navigation error measurement model based on scene matching corrections, visual navigation, and MEMS navigation was constructed (the VN+MEMS+SM model). In the experimental part, this paper first calculates the average error of the VN+MEMS+SM model and the MEMS+SM model under different scene matching accuracies, scene matching times, and MEMS accuracies. The results indicate that, when the scene matching accuracy is less than 10 m and the scene matching time is less than 10 s, the errors of the VN+MEMS+SM model and the MEMS+SM model are approximately equal. Furthermore, the relationship between the scene matching time and the scene matching accuracy in the EMS+SM model was calculated. The results show that, when the scene matching time is 10 s, the critical values of the image matching accuracies required to achieve average errors of 10 m, 30 m, and 50 m are approximately 160 m, 240 m, and 310 m. Additionally, when the MEMS accuracy is 150, the scene matching accuracy is 50 m, and the scene matching time exceeds 135 s, the average error of the VN+MEMS+SM model will be smaller than that of the MEMS+SM model. © 2024 by the authors.","integrated navigation; MEMS; scene matching","Errors; Inertial navigation systems; Microchannels; Visual servoing; Average errors; Electromechanical systems; Error measurements; Error rules; Integrated navigation; Navigation error; Navigation model; Odometry; Scene matching; Visual Navigation; Unmanned aerial vehicles (UAV)","Article","Final","All Open Access; Gold Open Access; Green Open Access","Scopus","2-s2.0-85210420469"
"Zhang J.-M.; Chen W.-H.; Lin Y.-C.","Zhang, Jia-Ming (60607385100); Chen, Wen-Hui (58704659400); Lin, Yu-Chen (49361918500)","60607385100; 58704659400; 49361918500","Hybrid Vision-Inertial Fusion for End-to-End UAV Control in Simulation","2025","Proceedings - 2025 IEEE International Conference on Future Machine Learning and Data Science, FMLDS 2025","","","","473","478","0","10.1109/FMLDS67896.2025.00090","https://www.scopus.com/pages/publications/105037318325?origin=resultslist","Autonomous unmanned aerial vehicles (UAVs) require robust perception and control to navigate complex environments. Traditional end-to-end learning methods often rely on single-modality inputs, such as RGB images, which limits performance under sensor noise or changing conditions. To address this, we propose a multimodal control framework that fuses visual and inertial data. The system integrates a hybrid vision transformer (Hybrid-ViT), combining MobileNet for local feature extraction and a vision transformer for global representation, and an LSTM network for modeling IMU time-series data. Early feature-level fusion of RGB and IMU modalities improves perception robustness and control accuracy. The framework was implemented and evaluated in the Flightmare simulation platform with 95,000 RGB-IMU pairs collected across diverse scenarios. Experiments demonstrate improved obstacle avoidance (92% success rate), greater control stability, and reduced trajectory deviation compared to CNN-and ViT-based baselines. These results highlight the potential effectiveness of hybrid visual-inertial fusion for enhancing UAV autonomy in simulated environments, with real-world validation left for future work. © 2025 IEEE.","Autonomous UAV control; hybrid vision transformer; multimodal sensor fusion; visual-inertial navigation","Air navigation; Aircraft control; Antennas; Computer vision; Flight control systems; Inertial confinement fusion; Learning systems; Simulation platform; Unmanned aerial vehicles (UAV); Visual servoing; Aerial vehicle; Autonomous unmanned aerial vehicle control; Autonomous unmanned aerial vehicles; End to end; Hybrid vision transformer; Inertial fusion; Inertial navigations; Multimodal sensor fusion; Vehicle Control; Visual-inertial navigation; Flight simulators","Conference paper","Final","","Scopus","2-s2.0-105037318325"
"Papachristos C.; Khattak S.; Alexis K.","Papachristos, Christes (15741219400); Khattak, Shehryar (57192649957); Alexis, Kostas (25031237400)","15741219400; 57192649957; 25031237400","Autonomous exploration of visually-degraded environments using aerial robots","2017","2017 International Conference on Unmanned Aircraft Systems, ICUAS 2017","","","7991510","775","780","39","10.1109/ICUAS.2017.7991510","https://www.scopus.com/pages/publications/85034038885?origin=resultslist","This paper presents a combined perception systems and planning algorithms approach to the problem of autonomous aerial robotic navigation and exploration in degraded visual (dark) GPS-denied environments. A perception system that comprises of a synchronized near-infrared stereo camera system, flashing LEDs, inertial sensors and a 3D depth sensor is utilized in order to derive visual-inertial odometry and dense mapping in conditions of complete darkness. Exploiting this ability within the framework of a localizability-aware receding horizon exploration and mapping planner, the proposed approach ensures robotic autonomy in dark environments for which no prior knowledge exists. A set of experimental studies in a dark room of complex geometry, as well as a city tunnel at night were conducted to evaluate and verify the abilities of the system and the proposed solution. © 2017 IEEE.","","Infrared devices; Mapping; Robot programming; Robotics; Robots; Stereo image processing; Unmanned aerial vehicles (UAV); Aerial robotics; Autonomous exploration; Complex geometries; Perception systems; Planning algorithms; Prior knowledge; Receding horizon; Stereo camera system; Air navigation","Conference paper","Final","","Scopus","2-s2.0-85034038885"
"Yan L.; Zhao Y.; Dai J.; Xu B.; Xie H.; Zhou Y.","Yan, Li (56390996600); Zhao, Yinghao (57222416369); Dai, Jicheng (57208302450); Xu, Bo (57712068700); Xie, Hong (36611036800); Zhou, Yuquan (57221212916)","56390996600; 57222416369; 57208302450; 57712068700; 36611036800; 57221212916","Intelligent perception measurement technology of autonomous UAV for unknown environment; [面向未知环境的自主无人机智能感知测量技术]","2024","Cehui Xuebao/Acta Geodaetica et Cartographica Sinica","53","6","","999","1012","1","10.11947/j.AGCS.2024.20230389","https://www.scopus.com/pages/publications/85201103690?origin=resultslist","The development of intelligent surveying and mapping puts higher requirements for efficient, complete, and intelligent data collection, especially in GNSS-denied environments such as under-canopy, where traditional methods frequently struggle to achieve efficient and high-coverage measurements. To address the need for intelligent perception measurement of unknown environments, this paper introduces a novel intelligent perception measurement unmanned aerial vehicle (UAV) technology and framework, using a UAV as a mobile platform. This paper integrates visual online autonomous localization with global exploration path planning. Initially, the framework incorporates a novel visual-inertial odometry (VIO) online localization algorithm based on point and line features, which solves the initial pose estimation through feature extraction and matching of point and line features, and then high-precision pose information of the UAV is generated in real-time using factor graph optimization. Furthermore, to ensure efficient and high-coverage autonomous UAV measurements in unknown environments, this paper employs a global optimal exploration path planning method that considers multi-level information to determine the local exploration targets, and then generates high-quality exploration trajectories in real time through trajectory search and optimization algorithm. Moreover, the framework was validated by a customized UAV platform, the step-by-step comparison and overall real-world test demonstrates that the localization and space exploration methods designed and adopted by the framework have significant advantages compared with the current representative methods. In addition, it achieves efficient and high-coverage full autonomous measurements in GNSS-denied local under-canopy environments, which establishes a solid theoretical and framework foundation for the further development of online intelligent perception in unknown scenarios. © 2024 SinoMaps Press. All rights reserved.","autonomous planning; autonomous UAV; intelligent perception measurements technology and framework; online visual localization; space exploration","Antennas; Motion planning; Unmanned aerial vehicles (UAV); Aerial vehicle; Autonomous planning; Autonomous unmanned aerial vehicles; Intelligent perception; Intelligent perception measurement technology and framework; Measurement technologies; Online visual localization; Space explorations; Unknown environments; Visual localization; algorithm; exploration; planning method; real time; Space research","Article","Final","","Scopus","2-s2.0-85201103690"
"Bloesch M.; Omari S.; Hutter M.; Siegwart R.","Bloesch, Michael (6507542229); Omari, Sammy (55819028600); Hutter, Marco (35409405200); Siegwart, Roland (35926876800)","6507542229; 55819028600; 35409405200; 35926876800","Robust visual inertial odometry using a direct EKF-based approach","2015","IEEE International Conference on Intelligent Robots and Systems","2015-December","","7353389","298","304","918","10.1109/IROS.2015.7353389","https://www.scopus.com/pages/publications/84958162305?origin=resultslist","In this paper, we present a monocular visual-inertial odometry algorithm which, by directly using pixel intensity errors of image patches, achieves accurate tracking performance while exhibiting a very high level of robustness. After detection, the tracking of the multilevel patch features is closely coupled to the underlying extended Kalman filter (EKF) by directly using the intensity errors as innovation term during the update step. We follow a purely robocentric approach where the location of 3D landmarks are always estimated with respect to the current camera pose. Furthermore, we decompose landmark positions into a bearing vector and a distance parametrization whereby we employ a minimal representation of differences on a corresponding σ-Algebra in order to achieve better consistency and to improve the computational performance. Due to the robocentric, inverse-distance landmark parametrization, the framework does not require any initialization procedure, leading to a truly power-up-and-go state estimation system. The presented approach is successfully evaluated in a set of highly dynamic hand-held experiments as well as directly employed in the control loop of a multirotor unmanned aerial vehicle (UAV). © 2015 IEEE.","Cameras; Estimation; Feature extraction; Robots; Technological innovation; Three-dimensional displays; Uncertainty","Algorithms; Cameras; Estimation; Extended Kalman filters; Feature extraction; Robots; Unmanned aerial vehicles (UAV); Computational performance; Estimation systems; Initialization procedures; Minimal representation; Odometry algorithms; Technological innovation; Three-dimensional display; Uncertainty; Intelligent robots","Conference paper","Final","","Scopus","2-s2.0-84958162305"
"Suganthi S.U.; Hemanth Kumar C.S.; Aditya Gurjale S.; Mithunesh Rajan A.","Suganthi, S.U. (57928302400); Hemanth Kumar, C.S. (58950324100); Aditya Gurjale, S. (58949681700); Mithunesh Rajan, A. (58950169200)","57928302400; 58950324100; 58949681700; 58950169200","Survey on Embedding Economical Autonomous Navigation System for Mobile Robots and UAV","2024","E3S Web of Conferences","491","","02036","","","1","10.1051/e3sconf/202449102036","https://www.scopus.com/pages/publications/85188333307?origin=resultslist","Navigation has traditionally served the purpose of determining one's position, locating destinations, and charting a course towards them. It furnishes accurate details about the whereabouts of specific places or objects. Despite numerous advancements and enhancements in navigation technology, there have been ongoing discussions about its potential for autonomy. This suggests a scenario where navigation operates independently, without human intervention. Devices equipped with this capability comprehend their destination and chart the most efficient route to reach it. A crucial concept in this context is Visual Odometry (VO), which calculates the relative position between successive image frames. Likewise, the positioning of mobile robots relies on similar principles. However, a significant challenge arises over time as VO is susceptible to accumulating errors, known as drift. The Inertial Measurement Unit (IMU), which consists of accelerometers, gyroscopes, and magnetometers, is added to counteract this. These elements provide data that is more accurate and helps reduce noise. The integration of IMU with VO results in the creation of Visual Inertial Odometry (VIO). Furthermore, combining VIO with Global Positioning System (GPS) data through an Extended Kalman Filter (EKF) enhances localization accuracy both locally and globally. Additionally, stereo disparity estimation is employed to generate a depth perception map for obstacle detection, converted into a 2D grid map of occupancy after. While a waypoint follower directs the robot or devices toward its intended objective, local route planning algorithms create interim waypoints to prevent obstructions.  © 2024 E3S Web of Conferences","","","Conference paper","Final","All Open Access; Gold Open Access; Green Open Access","Scopus","2-s2.0-85188333307"
"Wu P.-C.; Chen Y.-Y.; Lin C.-L.; Wang H.","Wu, Po-Chun (59526934600); Chen, Yang-Yi (56974029800); Lin, Chun-Liang (24923215500); Wang, Han (60309979500)","59526934600; 56974029800; 24923215500; 60309979500","Autonomous Localization and Navigation for Drones Over Rivers","2026","IEEE Access","14","","","5236","5254","0","10.1109/ACCESS.2025.3650454","https://www.scopus.com/pages/publications/105027066553?origin=resultslist","Uncrewed aerial vehicles (UAVs) are increasingly used for environmental monitoring and riverine studies; however, their dependence on Global Positioning System (GPS) localization is often compromised in forested areas, under bridges, or above highly dynamic water surfaces. Conventional vision-based navigation methods struggle with sparse textures and transient disturbances, leading to unstable positioning and drift. This paper presents a robust real-time visual–inertial navigation framework that integrates neural network–based optical flow estimation (NeuFlow v2), the Dynamic Divided Method (DDM), and inertial measurement unit (IMU) data through a Kalman Filter (KF). The DDM adaptively segments the optical-flow field according to water-surface dynamics and local texture stability, suppressing transient artifacts such as ripples and reflections, while the KF stabilizes state estimation by compensating for outliers and short-term measurement loss. Field experiments at Kangqiao, Green River, and Wu River sites demonstrate that DDM-enhanced visual odometry (VO) significantly improves robustness in low-texture and dynamic conditions. The fused framework combining NeuFlow v2, DDM, and KF achieves high trajectory similarity with GPS benchmarks, reduced drift, and enhanced spatial consistency. These findings validate a practical and effective solution for accurate UAV localization and autonomous environmental monitoring in GPS-degraded riverine environments. © 2013 IEEE.","dynamic disturbance mitigation; NeuFlow v2; self-positioning without GPS; uncrewed aerial vehicle (UAV); Visual-inertial odometry","Air navigation; Antennas; Computer vision; Drones; Dynamics; Global positioning system; Inertial navigation systems; Kalman filters; Optical flows; Rivers; Textures; Vision; Aerial vehicle; Disturbances mitigation; Dynamic disturbance mitigation; Dynamic disturbances; Global positioning; Neuflow v2; Odometry; Positioning system; Self-positioning; Self-positioning without global positioning system; Unmanned aerial vehicle; Visual-inertial odometry; State estimation","Article","Final","All Open Access; Gold Open Access; Green Open Access","Scopus","2-s2.0-105027066553"
"Wang X.; Wang M.; Liu X.","Wang, Xin (60428707000); Wang, Manyu (60429368700); Liu, Xin (57193243496)","60428707000; 60429368700; 57193243496","Efficient SLAM Algorithm Based on Quaternions for Real-Time Navigation of Unmanned Aerial Vehicles","2026","Transactions on Emerging Telecommunications Technologies","37","3","e70386","","","0","10.1002/ett.70386","https://www.scopus.com/pages/publications/105031481355?origin=resultslist","Efficient quaternion-based Simultaneous Localization and Mapping framework designed for real-time navigation of Unmanned Aerial Vehicles in GPS-denied environments is presented here. Unlike conventional Euler angle or matrix-based SLAM approaches, the proposed system employs quaternion-based propagation in Inertial Measurement Unit (IMU) module, thereby eliminating singularities such as gimbal lock and ensuring numerically stable orientation estimation. It integrates Quaternion Error-State Extended Kalman Filter for incremental fusion of visual and inertial measurements and incorporates an incremental pose-graph backend with quaternion retraction to reduce drift during long-term navigation. Novelty lies in unifying quaternion mathematics with lightweight incremental optimization, thereby achieving a balance between accuracy and computational feasibility for real-time onboard deployment. Experimental validation on KAIST Visual-Inertial Odometry dataset demonstrates significant performance gains. Raw IMU is −50 Hz (20–25 ms/frame), far exceeding latency constraints of UAV flight dynamics. Additional analysis confirmed robustness with an average UAV speed of 1261.98 m/s, velocity stability (std. dev. 689.43 m/s) and reliable feature tracking (> 1800 map points reconstructed). These findings establish the framework as a novel, lightweight and robust SLAM solution suitable not only for UAVs but also for space–air–ground autonomous systems requiring accurate real-time navigation under computational constraints. © 2026 John Wiley & Sons Ltd.","error-state extended Kalman filter; pose-graph optimization and sensor fusion; quaternion propagation; real-time navigation; simultaneous localization and mapping; unmanned aerial vehicles","Air navigation; Aircraft detection; Antennas; Computer vision; Extended Kalman filters; Flight dynamics; Global positioning system; Mapping; SLAM robotics; Vision; Visual servoing; Aerial vehicle; Error-state; Error-state extended kalman filter; Pose graph optimizations; Pose-graph optimization and sensor fusion; Quaternion propagation; Real-time navigation; Sensor fusion; Simultaneous localization and mapping; Unmanned aerial vehicle; Unmanned aerial vehicles (UAV)","Article","Final","","Scopus","2-s2.0-105031481355"
"Ibrahimov R.; Yang T.; Mueller M.W.","Ibrahimov, Roman (57210206072); Yang, Teaya (59344464800); Mueller, Mark W. (55555746200)","57210206072; 59344464800; 55555746200","Kalman Filter-Based Drift Detection and Mitigation of Visual-Inertial Odometry in UAVs","2025","Proceedings of the American Control Conference","","","","457","462","0","10.23919/ACC63710.2025.11107817","https://www.scopus.com/pages/publications/105015657735?origin=resultslist","We present a conceptual framework for an autonomous safety mechanism designed to enhance the reliability of Unmanned Aerial Vehicles (UAVs) that use Visual-Inertial Odometry (VIO) for state estimation. As UAVs increasingly interact with the public, such safety mechanisms are crucial to reducing the likelihood and severity of accidents. VIO drift, which occurs when accumulated estimation errors cause discrepancies between the UAV's perceived and actual position, poses a significant risk to safe operation. To address this challenge, we propose a Kalman filter-based approach for detecting VIO drift events. Upon detection, the envisioned safety mechanism is designed to adjust state estimation by integrating onboard gyroscope measurements and thrust commands for short durations, aiming to enhance stability and prevent potential crashes before initiating a controlled landing. While this framework provides the foundation for a real-time safety mechanism, the implementation and experiment focus on validating the drift detection component in an offline setting using real UAV flight data. The results demonstrate the effectiveness of the detection method in identifying VIO drift scenarios, highlighting its potential for future real-time applications.  © 2025 AACC.","","Accidents; Aircraft detection; Antennas; Kalman filters; Risk perception; State estimation; Vision; Aerial vehicle; Conceptual frameworks; Estimation errors; Filter-based; Odometry; Offline; Real- time; Safe operation; Safety mechanisms; Short durations; Unmanned aerial vehicles (UAV)","Conference paper","Final","","Scopus","2-s2.0-105015657735"
"Pritzl V.; Vrba M.; Stepan P.; Saska M.","Pritzl, Vaclav (57208176933); Vrba, Matous (57210176108); Stepan, Petr (6602895873); Saska, Martin (23470833800)","57208176933; 57210176108; 6602895873; 23470833800","Cooperative Navigation and Guidance of a Micro-Scale Aerial Vehicle by an Accompanying UAV using 3D LiDAR Relative Localization","2022","2022 International Conference on Unmanned Aircraft Systems, ICUAS 2022","","","","526","535","25","10.1109/ICUAS54217.2022.9836116","https://www.scopus.com/pages/publications/85136137201?origin=resultslist","A novel approach for cooperative navigation and guidance of a micro-scale aerial vehicle by an accompanying Unmanned Aerial Vehicle (UAV) using 3D Light Detection and Ranging (LiDAR) relative localization is proposed in this paper. The use of 3D LiDARs represents a reliable way of environment perception and robust UAV self-localization in Global Navigation Satellite System (GNSS)-denied environments. However, 3D LiDARs are relatively heavy and they need to be carried by large UAV platforms. On the contrary, visual cameras are cheap, light-weight, and therefore ideal for small UAVs. However, visual self-localization methods suffer from loss of precision in texture-less environments, scale unobservability during certain maneuvers, and long-term drift with respect to the global frame of reference. Nevertheless, a micro-scale camera-equipped UAV is ideal for complementing a 3D LiDAR-equipped UAV as it can reach places inaccessible to a large UAV platform. To gain the advantages of both navigation approaches, we propose a cooperative navigation and guidance architecture utilizing a large LiDAR-equipped UAV accompanied by a small secondary UAV carrying a significantly lighter monocular camera. The primary UAV is localized by a robust LiDAR Simultaneous Localization and Mapping (SLAM) algorithm, while the secondary UAV utilizes a Visual-Inertial Odometry (VIO) approach with lower precision and reliability. The LiDAR data are used for markerless relative localization between the UAVs to enable precise guidance of the secondary UAV in the frame of reference of the LiDAR SLAM. The performance of the proposed approach has been extensively verified in simulations and real-world experiments with the algorithms running onboard the UAVs with no external localization infrastructure.  © 2022 IEEE.","","Air navigation; Aircraft detection; Antennas; Cameras; Global positioning system; Optical radar; Robotics; Textures; Aerial vehicle; Cooperative navigations; Environment perceptions; Frames of reference; Global Navigation Satellite Systems; Light detection and ranging; Light weight; Relative localization; Self localization; Vehicle platforms; Unmanned aerial vehicles (UAV)","Conference paper","Final","","Scopus","2-s2.0-85136137201"
"De Vito L.; Neyestani A.; Picariello F.; Rapuano S.; Tudosa I.","De Vito, Luca (21933335500); Neyestani, Arman (58499008100); Picariello, Francesco (55516527900); Rapuano, Sergio (6603548115); Tudosa, Ioan (55825350500)","21933335500; 58499008100; 55516527900; 6603548115; 55825350500","Sensitivity Analysis of a Visual Inertial Odometry-based Navigation System for UAV","2025","Conference Record - IEEE Instrumentation and Measurement Technology Conference","","","","","","0","10.1109/I2MTC62753.2025.11079197","https://www.scopus.com/pages/publications/105012191501?origin=resultslist","This paper presents a detailed sensitivity analysis of a Visual-Inertial Odometry (VIO) framework designed for unmanned aerial vehicle (UAV) navigation, utilizing sensor fusion from cameras, LiDAR, altimeters, and inertial measurement units (IMUs). The analysis quantifies the impact of various sources of uncertainty, including environmental and lighting conditions, intrinsic sensor parameters, and algorithmic factors associated with keypoint detection and matching. Through Monte Carlo simulations, several keypoint detection techniques, specifically ORB and semantic segmentation, are evaluated across diverse operational scenarios. The results demonstrate that the analysed framework achieves reliable trajectory estimation, with both ORB and semantic segmentation providing accurate and consistent positioning. Notably, semantic segmentation achieves the lowest uncertainty under varying conditions. This study validates the proposed uncertainty model and identifies critical factors influencing the reliability of VIO-based UAV navigation, offering insights for enhancing system performance in real-world applications. © 2025 IEEE.","Keypoint Detection Algorithms; Sensor Fusion; UAV Navigation; Uncertainty Analysis; Visual-Inertial Odometry (VIO)","Air navigation; Aircraft detection; Antennas; Computer vision; Inertial navigation systems; Intelligent systems; Monte Carlo methods; Semantic Segmentation; Semantics; Sensitivity analysis; Unmanned aerial vehicles (UAV); Vision; Aerial vehicle; Detection algorithm; Keypoint detection; Keypoint detection algorithm; Odometry; Sensor fusion; Uncertainty; Unmanned aerial vehicle navigation; Vehicle navigation; Visual-inertial odometry; Uncertainty analysis","Conference paper","Final","","Scopus","2-s2.0-105012191501"
"Song J.; Liu Z.; Liu X.; Guo J.","Song, Junlin (57847286900); Liu, Zheming (58604438400); Liu, Xin (56144813300); Guo, Jifeng (56597149600)","57847286900; 58604438400; 56144813300; 56597149600","Tightly coupled visual inertial odometry based on artificial landmarks","2018","2018 IEEE International Conference on Information and Automation, ICIA 2018","","","8812447","63","70","5","10.1109/ICInfA.2018.8812447","https://www.scopus.com/pages/publications/85072313041?origin=resultslist","Motion planning and control of mobile robots rely on high-accuracy estimation of pose and velocity. Many researchers use motion capture system to estimate the robot state, but this system is usually expensive and can only be used indoor. For this reason, this paper proposes an artificial landmarks based cost-effective visual inertial odometry system where Iterative Extended Kalman Filter (IEKF) acts as the back-end optimizer. Since most tags used as artificial landmarks like bar code facing the problem of decoding the information during the detection, we redesign the tag which can simplify the deployment and improve the detection efficiency. The proposed IEKF filter framework makes the measurement of the fisheye monocular camera and the IMU combined to co-estimate the pose of robot, the location of detected corners in tag and the IMU bias. Additionally, on-line calibration of the IMU bias and the extrinsic parameters between IMU and camera can be done during the robot motion. By running our algorithm real-time on unmanned aerial vehicle (UAV) and comparing with the groundtruth data obtained from the Optitrack motion capture system, our algorithm can provide high-precision estimation of the pose and velocity of UAV. © 2018 IEEE.","Artificial landmarks; Mobile robots; Visual Inertial Odometry","Antennas; Bar codes; Cameras; Cost effectiveness; Edge detection; Iterative methods; Kalman filters; Mobile robots; Motion planning; Unmanned aerial vehicles (UAV); Visual servoing; Artificial landmark; Detection efficiency; Extrinsic parameter; Iterative extended Kalman filter; Monocular cameras; Motion capture system; Odometry; On-line calibration; Robot programming","Conference paper","Final","","Scopus","2-s2.0-85072313041"
"Chen L.; Zhao P.; Chen H.; Liu X.","Chen, Long (57208198523); Zhao, Pin (59129324300); Chen, Huajun (57209879688); Liu, Xintan (59129702100)","57208198523; 59129324300; 57209879688; 59129702100","Research on UAV-Based Mars Topography Mapping and 3D Reconstruction System","2024","Lecture Notes in Electrical Engineering","1186 LNEE","","","353","361","0","10.1007/978-981-97-2116-0_43","https://www.scopus.com/pages/publications/85193285654?origin=resultslist","The 3D reconstruction technology is of great significance for the research of Martian topography. In this paper, an unmanned aerial vehicle (UAV) based Mars topography mapping and 3D reconstruction system is proposed. In the system, an on-board range-visual-inertial odometry (on-board range-VIO) is applied to solve UAV navigation and flight path planning problems. The pictures of simulated Mars topography are photted. Images are processed and 3D model is reconstructed by applying high-performance computing unit (HPCU). By building an experimental system on the ground and conducting flight simulation and 3D reconstruction experiments, the effectiveness of the system was verified. © The Author(s), under exclusive license to Springer Nature Singapore Pte Ltd. 2024.","3D Reconstruction; Mars; UAV","3D modeling; Antennas; Flight simulators; Image reconstruction; Mapping; Motion planning; Three dimensional computer graphics; Unmanned aerial vehicles (UAV); 3D reconstruction; Aerial vehicle; Flight path planning; Mars; Navigation path planning; Odometry; Path planning problems; Reconstruction systems; Unmanned aerial vehicle; Vehicle navigation; Topography","Conference paper","Final","","Scopus","2-s2.0-85193285654"
"Arora P.; Vila P.A.; Borghese A.; Carlson S.J.; Feil-Seifer D.; Papachristos C.","Arora, Prateek (57221106731); Vila, Pau Alcolea (59203362100); Borghese, Aiden (59202235900); Carlson, Stephen J. (56217827600); Feil-Seifer, David (14033850500); Papachristos, Christos (15741219400)","57221106731; 59203362100; 59202235900; 56217827600; 14033850500; 15741219400","UAV-based Foliage Plant Species Classification for Semantic Characterization of Pre-Fire Landscapes","2024","2024 International Conference on Unmanned Aircraft Systems, ICUAS 2024","","","","792","799","0","10.1109/ICUAS60882.2024.10556861","https://www.scopus.com/pages/publications/85197430048?origin=resultslist","In this work we deal with the problem of establishing a system architecture to facilitate the real-time autonomous volumetric mapping alongside the semantic characterization of sagebrush ecosystem landscapes, in order to support the pre-fire modeling and analysis required to plan for wildfire prevention and/or suppression. The world, and more specifically the broader region of N. Nevada has been facing one of its most challenging periods over the course of the last decade, as far as uncontrolled wildfires are concerned. This has led to the development of research initiatives aimed at the ecosystem-specific modeling of the pre-, during-, and post-fire process effects in order to better understand, predict, and address these phenomena. However, to collect the required wide-field information that contains both centimeter-level volumetric mapping fidelity, as well as semantic details related to plant (sub)-species, which for the common case of sagebrush can only be identified based on close-up inspection of their foliage fine structure, satellite photography remains insufficient. To this end, we propose a perception and mapping architecture of an aerial robotic system that is capable of: a) LiDAR-based centimeter-level reconstruction, b) robust multi-modal sensor fusion Simultaneous Localization and Mapping (SLAM) lever-aging LiDAR, IMU, Visual-Inertial Odometry, and Differential GPS in a global optimization mapping framework, as well as c) a gimbal-driven point-zoom camera for the efficient real-time collection of close-up imagery of foliage pertaining to specific target plants, in order to allow their real-time identification based on their leaf micro-structure, by leveraging Deep-Learned classification deployed on a Neural Processing Unit. We present the associated systems, the overall hardware and software architecture, as well as a series of field deployment studies validating the proposed aerial robotic capabilities.  © 2024 IEEE.","","C (programming language); Computer architecture; Ecosystems; Fires; Global optimization; Optical radar; Robotics; Semantics; Unmanned aerial vehicles (UAV); Centimeter levels; Fire analysis; Foliage plants; Plant species; Pre-fires; Real- time; Semantic characterizations; Species classification; Systems architecture; Volumetrics; Mapping","Conference paper","Final","","Scopus","2-s2.0-85197430048"
"Bai X.; Zhang B.; Wen W.; Hsu L.-T.; Li H.","Bai, Xiwei (57214851934); Zhang, Bo (57211546629); Wen, Weisong (57202599234); Hsu, Li-Ta (35219760300); Li, Huiyun (35302677700)","57214851934; 57211546629; 57202599234; 35219760300; 35302677700","Perception-aided Visual-Inertial Integrated Positioning in Dynamic Urban Areas","2020","2020 IEEE/ION Position, Location and Navigation Symposium, PLANS 2020","","","9109963","1563","1571","14","10.1109/PLANS46316.2020.9109963","https://www.scopus.com/pages/publications/85085578671?origin=resultslist","Visual-inertial navigation systems (VINS) have been extensively studied in the past decades to provide positioning services for autonomous systems, such as autonomous driving vehicles (ADV) and unmanned aerial vehicles (UAV). Decent performance can be obtained by VINS in indoor scenarios with stable illumination and texture information. Unfortunately, applying the VINS in dynamic urban areas is still a challenging problem, due to the excessive dynamic objects which can significantly degrade the performance of VINS. Detecting and removing the features inside an image using the deep neural network (DNN) that belongs to unexpected objects, such as moving vehicles and pedestrians, is a straightforward idea to mitigate the impacts of dynamic objects on VINS. However, excessive exclusion of features can significantly distort the geometry distribution of visual features. Even worse, excessive removal can cause the unobservability of the system states. Instead of directly excluding the features that possibly belong to dynamic objects, this paper proposes to remodel the uncertainty of dynamic features. Then both the healthy and dynamic features are applied in the VINS. The experiment in a typical urban canyon is conducted to validate the performance of the proposed method. The result shows that the proposed method can effectively mitigate the impacts of the dynamic objects and improved accuracy is obtained. © 2020 IEEE.","INS; Navigation; Positioning; Urban Areas; VINS; Visual Odometry","Antennas; Deep neural networks; Inertial navigation systems; Textures; Unmanned aerial vehicles (UAV); Autonomous driving; Autonomous systems; Dynamic features; Dynamic objects; Inertial integrated; Moving vehicles; Texture information; Unobservability; Air navigation","Conference paper","Final","All Open Access; Green Open Access","Scopus","2-s2.0-85085578671"
"Chen B.; Guo J.; Zhang Q.; Wang Y.","Chen, Boshi (60196087800); Guo, Jiawei (58740726300); Zhang, Qian (58124654000); Wang, Yi (56662272400)","60196087800; 58740726300; 58124654000; 56662272400","An Autonomous Multimodal System for Intelligent Railway Inspection","2025","Proceedings of the Annual Conference of the Prognostics and Health Management Society, PHM ","17","1","","","","0","10.36001/phmconf.2025.v17i1.4319","https://www.scopus.com/pages/publications/105021929798?origin=resultslist","We propose an autonomous aerial inspection system to address growing safety concerns of railway infrastructure degradation. Unlike conventional labor- and sensor-intensive methods, our quadrotor integrates a depth camera, monocular inspection camera, Global Positioning System (GPS) module, and onboard computing unit. Combining visual- inertial fusion with GPS, it achieves robust localization even in GPS-denied environments. A lightweight deep learning model built on You Only Look Once v12 (YOLOv12) enables real-time detection of key components such as spikes and clips. To enhance autonomy, we introduce Railway Autonomous Navigation Guided by Embedded Recognition (RANGER), a novel algorithm that reconstructs 3D world coordinates from 2D detections using only onboard sensing, without requiring prior global maps. By fusing detection with localization data, RANGER enables precise track following and stable altitude control in complex or GPS-denied conditions. This reduces hardware demand while ensuring accurate navigation. Our system reduces operational costs, enhances scalability, and enables accurate, real-time inspections in complex, unstructured environments. © 2025, Prognostics and Health Management Society. All rights reserved.","Deep Learning; Railroad Inspection; Unmanned Aerial Vehicle","Altitude control; Antennas; Cameras; Global positioning system; Inspection; Inspection equipment; Learning systems; Railroad transportation; Railroads; Unmanned aerial vehicles (UAV); Aerial inspection; Aerial vehicle; Autonomous navigation; Deep learning; Global positioning; Localisation; Multimodal system; Positioning system; Railroad inspection; Unmanned aerial vehicle; Deep learning","Conference paper","Final","All Open Access; Gold Open Access","Scopus","2-s2.0-105021929798"
"Chang C.-W.; Lian F.-L.","Chang, Chao-Wei (59534927700); Lian, Feng-Li (7003940603)","59534927700; 7003940603","Error-State Kalman Filter based Visual-Inertial Odometry Using Orientation Measurement on Unit Quaternion Group","2024","IEEE International Conference on Intelligent Robots and Systems","","","","12559","12564","0","10.1109/IROS58592.2024.10801565","https://www.scopus.com/pages/publications/85216474063?origin=resultslist","The inaccessibility of data from standard sensor suites on closed-platform unmanned aerial vehicles (UAVs) has been a hindrance to developing a compatible visual-inertial odometry (VIO). Despite the advance of recent VIO research, these works often emphasize fusing detailed sensor models with available sensor data at relatively high frequencies. To address this issue, in this paper, we derive an innovation signal for an orientation measurement model on the unit quaternion group S3 based on the error-state Kalman filter (ESKF) framework. Leveraging the error-state formulation, the innovation signal directly exploits the geometric error representation on S3 instead of treating unit quaternions as ℝ4 vectors. Flight experiments on a small commercial UAV (Fig. 1) have been carried out to compare the performance of the proposed ESKF with quaternion measurements on S3 (ESKF-Q) against the original ESKF framework. Experimental results demonstrate that while both representations of unit quaternion measurements in ESKF framework improve orientation estimates with unperturbed orientation measurement model, only the proposed ESKF-Q exhibits convergent state estimates in the presence of uncertainties in the orientation measurement model. © 2024 IEEE.","","Angle measurement; Image segmentation; Kalman filters; Magnetic levitation vehicles; Robotics; Time difference of arrival; Aerial vehicle; Error-state; Filter-based; Measurement model; Odometry; Orientation measurements; Quaternion group; Sensor suite; State kalman filter; Unit quaternion; Unmanned aerial vehicles (UAV)","Conference paper","Final","","Scopus","2-s2.0-85216474063"
"Zhang D.; Xu F.; Pun C.-M.; Yang Y.; Lan R.; Wang L.; Li Y.; Gao H.","Zhang, DI (57210921720); Xu, Feng (57189663151); Pun, Chi-Man (7003931852); Yang, Yang (56707735700); Lan, Rushi (35146229200); Wang, Liejun (16833826600); Li, Yujie (36761032400); Gao, Hao (35145519300)","57210921720; 57189663151; 7003931852; 56707735700; 35146229200; 16833826600; 36761032400; 35145519300","Virtual Reality Aided High-Quality 3D Reconstruction by Remote Drones","2022","ACM Transactions on Internet Technology","22","1","3458930","","","12","10.1145/3458930","https://www.scopus.com/pages/publications/85119199966?origin=resultslist","Artificial intelligence including deep learning and 3D reconstruction methods is changing the daily life of people. Now, an unmanned aerial vehicle that can move freely in the air and avoid harsh ground conditions has been commonly adopted as a suitable tool for 3D reconstruction. The traditional 3D reconstruction mission based on drones usually consists of two steps: image collection and offline post-processing. But there are two problems: one is the uncertainty of whether all parts of the target object are covered, and another is the tedious post-processing time. Inspired by modern deep learning methods, we build a telexistence drone system with an onboard deep learning computation module and a wireless data transmission module that perform incremental real-time dense reconstruction of urban cities by itself. Two technical contributions are proposed to solve the preceding issues. First, based on the popular depth fusion surface reconstruction framework, we combine it with a visual-inertial odometry estimator that integrates the inertial measurement unit and allows for robust camera tracking as well as high-accuracy online 3D scan. Second, the capability of real-time 3D reconstruction enables a new rendering technique that can visualize the reconstructed geometry of the target as navigation guidance in the HMD. Therefore, it turns the traditional path-planning-based modeling process into an interactive one, leading to a higher level of scan completeness. The experiments in the simulation system and our real prototype demonstrate an improved quality of the 3D model using our artificial intelligence leveraged drone system. © 2021 Association for Computing Machinery.","3D reconstruction; human-robot-interaction; telexistence; unmanned aerial vehicle; virtual reality","3D modeling; Antennas; Deep learning; Drones; Human robot interaction; Image reconstruction; Intelligent robots; Motion planning; Three dimensional computer graphics; 3D reconstruction; Daily lives; Drone system; Ground conditions; High quality; Humans-robot interactions; Post-processing; Reconstruction method; Step images; Telexistence; Virtual reality","Article","Final","","Scopus","2-s2.0-85119199966"
"Mascaro R.; Teixeira L.; Hinzmann T.; Siegwart R.; Chli M.","Mascaro, Ruben (57207878040); Teixeira, Lucas (56844693200); Hinzmann, Timo (57190120493); Siegwart, Roland (35926876800); Chli, Margarita (25654656600)","57207878040; 56844693200; 57190120493; 35926876800; 25654656600","GOMSF: Graph-Optimization Based Multi-Sensor Fusion for robust UAV Pose estimation","2018","Proceedings - IEEE International Conference on Robotics and Automation","","","8460193","1421","1428","137","10.1109/ICRA.2018.8460193","https://www.scopus.com/pages/publications/85063163992?origin=resultslist","Achieving accurate, high-rate pose estimates from proprioceptive and/or exteroceptive measurements is the first step in the development of navigation algorithms for agile mobile robots such as Unmanned Aerial Vehicles (UAVs). In this paper, we propose a decoupled Graph-Optimization based Multi-Sensor Fusion approach (GOMSF) that combines generic 6 Degree-of-Freedom (DoF) visual-inertial odometry poses and 3 DoF globally referenced positions to infer the global 6 DoF pose of the robot in real-time. Our approach casts the fusion as a real-time alignment problem between the local base frame of the visual-inertial odometry and the global base frame. The alignment transformation that relates these coordinate systems is continuously updated by optimizing a sliding window pose graph containing the most recent robot's states. We evaluate the presented pose estimation method on both simulated data and large outdoor experiments using a small UAV that is capable to run our system onboard. Results are compared against different state-of-the-art sensor fusion frameworks, revealing that the proposed approach is substantially more accurate than other decoupled fusion strategies. We also demonstrate comparable results in relation with a finely tuned Extended Kalman Filter that fuses visual, inertial and GPS measurements in a coupled way and show that our approach is generic enough to deal with different input sources in a straightforward manner. Video - https//youtu.be/GIZNSZ2soL8. © 2018 IEEE.","","Antennas; Degrees of freedom (mechanics); Kalman filters; Mobile robots; Robotics; Unmanned aerial vehicles (UAV); 6 degree of freedom; Co-ordinate system; Decoupled fusion; Graph optimization; Multi-sensor fusion; Navigation algorithms; Outdoor experiment; State of the art; Air navigation","Conference paper","Final","All Open Access; Green Open Access","Scopus","2-s2.0-85063163992"
"Xie J.; He X.; Mao J.; Zhang L.; Hu X.","Xie, Jia (57446926400); He, Xiaofeng (21233390100); Mao, Jun (56510904900); Zhang, Lilian (56364446600); Hu, Xiaoping (56431546800)","57446926400; 21233390100; 56510904900; 56364446600; 56431546800","C2VIR-SLAM: Centralized Collaborative Visual-Inertial-Range Simultaneous Localization and Mapping","2022","Drones","6","11","312","","","11","10.3390/drones6110312","https://www.scopus.com/pages/publications/85141717463?origin=resultslist","Collaborative simultaneous localization and mapping have a great impact on various applications such as search-and-rescue and agriculture. For each agent, the key to performing collaboration is to measure the motion relative to other participants or external anchors; currently, this is mainly accompanied by (1) matching to the shared maps from other agents or (2) measuring the range to anchors with UWB devices. While requiring multiple agents to visit the same area can decrease the task efficiency and anchors demand a distribution process, this paper proposes to use a monocular camera, an inertial measurement unit (IMU), and a UWB device as the onboard sensors on each agent to build an accurate and efficient centralized collaborative SLAM system. For each participant, visual-inertial odometry is adopted to estimate the motion parameters and build a local map of the explored areas. The agent-to-agent range is measured by the onboard UWB and is published to the central server together with the estimated motion parameters and the reconstructed maps. We designed a global optimization algorithm to make use of the cross-agent map match information detected by a visual place technique, and the agent-to-agent range information to optimize the motion parameter of all the participants and merge the local maps into a global map. Compared with existing collaborative SLAM systems, the proposed system can perform collaboration with onboard UWB measurements only, vision only, and a combination of these; this greatly improves the adaptiveness and robustness of the collaborative system. We also present an in-depth analysis of C2VIR-SLAM in multiple UAV real-flight datasets. © 2022 by the authors.","collaborative SLAM; multi-robot system; visual-inertia SLAM","Agricultural robots; Collaborative robots; Industrial robots; Inertial navigation systems; Intelligent robots; Linear programming; Multi agent systems; Multipurpose robots; SLAM robotics; Time difference of arrival; Centralised; Collaborative SLAM; Inertial ranges; Local map; Matchings; Motion parameters; Multi-robot systems; Search and rescue; Simultaneous localization and mapping; Visual-inertia SLAM; Mapping","Article","Final","All Open Access; Gold Open Access; Green Open Access","Scopus","2-s2.0-85141717463"
"Yang P.; Wen W.; Bai S.; Hu J.","Yang, Peiwen (57695344900); Wen, Weisong (57202599234); Bai, Shiyu (57210586078); Hu, Jiahao (57943344800)","57695344900; 57202599234; 57210586078; 57943344800","Online Dynamic Model Calibration for Reliable Control of Quadrotor Based on Factor Graph Optimization","2025","IEEE Transactions on Aerospace and Electronic Systems","61","5","","11254","11266","0","10.1109/TAES.2025.3566347","https://www.scopus.com/pages/publications/105004383888?origin=resultslist","Precise dynamic model calibration is essential in achieving reliable control of unmanned aerial vehicles (UAVs). However, the existing methods tend to use simplified dynamic models and cannot adapt to variations of the dynamic model. To fill this gap, this article explores an online dynamic model calibration (ODMC) method for the quadrotor based on factor graph optimization. First, the dynamic model is derived with more error terms, such as the center of gravity, aerodynamic drag, HVT disturbance, and viscous effect. Moreover, the IMU–body extrinsic parameters and the gravity vector are also identified online. Second, the pose is estimated based on the visual–inertial odometry together with the dynamic model parameters. The proposed method is validated using open-source and self-collected datasets. The evaluation demonstrates that the ODMC performs even better than the state-of-the-art data-driven methods in force and torque prediction when the maximum velocity is less than 9 m/s. Furthermore, the effectiveness of the proposed method is validated by applying the estimated model in the differential-flatness-based controller. © 1965-2011 IEEE.","","Graphic methods; Aerial vehicle; Calibration method; Center of gravity; Dynamics models; Error terms; Factor graphs; Graph optimization; Model calibration; Quad rotors; Reliable control; Drones","Article","Final","","Scopus","2-s2.0-105004383888"
"Zhen X.; Deng Z.; Lou B.; Hou L.; Wei L.","Zhen, XiangYu (59561563500); Deng, ZhongLiang (7402665569); Lou, BoYang (59302573700); Hou, LiuBo (59560995900); Wei, LiCheng (59534024800)","59561563500; 7402665569; 59302573700; 59560995900; 59534024800","Autonomous Navigation Algorithm of Monocular UAV Based on Depth Estimation and Robust VIO","2024","2024 11th International Forum on Electrical Engineering and Automation, IFEEA 2024","","","","1167","1172","0","10.1109/IFEEA64237.2024.10878697","https://www.scopus.com/pages/publications/105000551102?origin=resultslist","The autonomous navigation of micro-monocular UAVs has emerged as a research focus, leveraging their compact size, lightweight design, and energy efficiency. However, the inherent scale ambiguity of monocular systems hinders the direct acquisition of dense, true-scale depth observations, posing collision risks. This paper introduces an innovative monocular UAV navigation system that integrates Visual Inertial Odometry (VIO) with a depth estimation network. The system leverages VIO for precise UAV positioning and employs the sparse, true-scale point cloud from VIO to calibrate the scale of monocular depth estimations, yielding a depth map with consistent scale continuity for downstream planning tasks. Furthermore, the depth estimations are utilized to refine VIO initialization, enhancing the algorithm's initialization speed and robustness. Experimental results demonstrate a 27.7% increase in VIO initialization velocity and a modest improvement in positioning accuracy. Additionally, our approach achieves a significant reduction in obstacle collision rates (34.9% decrease) and an enhanced flight mission completion rate (21.4% increase), outperforming current state-of-the-art end-to-end autonomous UAV navigation algorithms. © 2024 IEEE.","autonomous navigation; Depth estimation; UAV","Air navigation; Aircraft accidents; Micro air vehicle (MAV); Risk assessment; Autonomous navigation; Compact size; Depth Estimation; Direct acquisition; Energy; Lightweight design; Monocular systems; Navigation algorithms; Odometry; Research focus; Inertial navigation systems","Conference paper","Final","","Scopus","2-s2.0-105000551102"
"Lyu P.; Yong C.; Lai J.; Yuan C.; Zhu Q.; Han A.","Lyu, Pin (56651981200); Yong, Chengyou (59404725400); Lai, Jizhou (8861922500); Yuan, Cheng (57202113935); Zhu, Qianqian (58064104900); Han, Adong (59404926000)","56651981200; 59404725400; 8861922500; 57202113935; 58064104900; 59404926000","A Low-Altitude UAV Dataset Based on Visual-Inertial Navigation","2024","IEEE Sensors Journal","24","24","","41904","41911","6","10.1109/JSEN.2024.3488289","https://www.scopus.com/pages/publications/85208682720?origin=resultslist","As unmanned aerial vehicles (UAVs) are increasingly utilized in operational domains ranging from 50 to 500 m, there is a growing need for robust and reliable autonomous positioning, particularly in scenarios where satellite signals are unavailable. To address this challenge, we present a set of visual-inertial datasets collected by low-altitude UAVs. The dataset includes stereo cameras, an inertial measurement unit (IMU), a laser ranging sensor, and RTK-based ground truth. All these sensors have been calibrated and synchronized. The dataset consists of 28 sequences captured across diverse scenarios. To the best of our knowledge, this is the first UAV visual navigation dataset to encompass such a wide range of flight altitudes. Furthermore, we have evaluated the dataset using state-of-the-art visual-inertial simultaneous localization and mapping (SLAM) algorithms. The results demonstrate that existing solutions perform inadequately in certain situations. For the benefit of the research community, we make this dataset publicly accessible. The webpage of our dataset is https://github.com/boomzoeycy/A-Low-Altitude-UAV-Dataset-based-on-Visual-Inertial-Navigation.  © 2001-2012 IEEE.","Dataset; simultaneous localization and mapping (SLAM); unmanned aerial vehicles (UAVs); visual-inertial navigation","Inertial navigation systems; Stereo image processing; Dataset; Inertial measurements units; Inertial navigations; Laser ranging; Low altitudes; Operational domains; Satellite signals; Simultaneous localization and mapping; Stereo cameras; Visual-inertial navigation; Unmanned aerial vehicles (UAV)","Article","Final","","Scopus","2-s2.0-85208682720"
"Liu Y.; Cai Z.; Sun J.; Zhao J.; Wang Y.","Liu, Yumin (57219116553); Cai, Zhihao (8293047900); Sun, Jialing (59457166200); Zhao, Jiang (55543714900); Wang, Yingxun (7601519334)","57219116553; 8293047900; 59457166200; 55543714900; 7601519334","Event-combined Visual-inertial Odometry Using Point and Line Features; [融合事件的点线特征法视觉惯性里程计]","2024","Binggong Xuebao/Acta Armamentarii","45","11","","3926","3937","1","10.12382/bgxb.2023.1221","https://www.scopus.com/pages/publications/85210965665?origin=resultslist","Visual-inertial odometry is a key technology for robots to achieve autonomous localization. As an asynchronous vision sensor, the event cameras have complementary to the traditional cameras. For the scene of low light condition, high dynamic range and high-speed motion, the output of event camera and the traditional image are fused. A real-time visual inertial odometry using point and line features is proposed combined with the inertial measurement unit (IMU). An algorithm for generating an event image from event stream is proposed, a point-line feature detection method combined with events is designed, anda back-end sliding window optimization algorithm is designed based on the idea of visual-inertial tight-coupling. The dataset test and UAV flight test are conducted. The test results on the dataset show that, compared with the visual-inertial odometry using point and line features only on the traditional image, the proposed odometry can reduce the positioning error by more than 22% on average in the scene of high-speed motion, and it can reducethe positioning error by more than 59% on average in the scene of low light condition and high dynamic range. © 2024 China Ordnance Industry Corporation. All rights reserved.","event camera; point and line features; pose estimation; visual-inertial odometry; visualsimultaneous localization and mapping","Fighter aircraft; Inertial navigation systems; Robotics; Event camera; High dynamic range; Line features; Localization and mappings; Low light conditions; Odometry; Point features; Pose-estimation; Visual-inertial odometry; Visualsimultaneous localization and mapping; High speed cameras","Article","Final","","Scopus","2-s2.0-85210965665"
"Chen S.; Chang C.-W.; Wen C.-Y.","Chen, Shengyang (57215085063); Chang, Ching-Wei (57215078255); Wen, Chih-Yung (7201366945)","57215085063; 57215078255; 7201366945","Perception in the dark—development of a ToF visual inertial odometry system","2020","Sensors (Switzerland)","20","5","1263","","","8","10.3390/s20051263","https://www.scopus.com/pages/publications/85079833343?origin=resultslist","Visual inertial odometry (VIO) is the front-end of visual simultaneous localization and mapping (vSLAM) methods and has been actively studied in recent years. In this context, a time-of-flight (ToF) camera, with its high accuracy of depth measurement and strong resilience to ambient light of variable intensity, draws our interest. Thus, in this paper, we present a realtime visual inertial system based on a low cost ToF camera. The iterative closest point (ICP) methodology is adopted, incorporating salient point-selection criteria and a robustness-weighting function. In addition, an error-state Kalman filter is used and fused with inertial measurement unit (IMU) data. To test its capability, the ToF–VIO system is mounted on an unmanned aerial vehicle (UAV) platform and operated in a variable light environment. The estimated flight trajectory is compared with the ground truth data captured by a motion capture system. Real flight experiments are also conducted in a dark indoor environment, demonstrating good agreement with estimated performance. The current system is thus shown to be accurate and efficient for use in UAV applications in dark and Global Navigation Satellite System (GNSS)-denied environments. © 2020 by the authors. Licensee MDPI, Basel, Switzerland.","Data fusion; Error-state Kalman Filter; ICP; Real time; ToF camera; VIO","Antennas; Cameras; Data fusion; Global positioning system; Iterative methods; Kalman filters; Motion capture; Unmanned aerial vehicles (UAV); Error-state; Global Navigation Satellite Systems; Inertial measurement unit; Iterative closest point; Real time; Time of flight (ToF) cameras; ToF cameras; Visual simultaneous localization and mappings; Flight dynamics","Article","Final","All Open Access; Gold Open Access; Green Open Access","Scopus","2-s2.0-85079833343"
"Yue Z.; Tang C.; Gao Y.","Yue, Zhe (57189259015); Tang, Chengkai (36643012300); Gao, Yuting (57206592283)","57189259015; 36643012300; 57206592283","A Novel Three-Stage Robust Adaptive Filtering Algorithm for Visual-Inertial Odometry in GNSS-Denied Environments","2023","IEEE Sensors Journal","23","15","","17499","17509","11","10.1109/JSEN.2023.3289313","https://www.scopus.com/pages/publications/85163791130?origin=resultslist","Visual-inertial odometry (VIO) has been widely applied in the autonomous navigation and positioning of unmanned aerial vehicles (UAVs) and unmanned ground vehicles (UGVs) in global navigation satellite system (GNSS)-denied environments. However, existing VIO filtering algorithms have the defects of low positioning accuracy and weak robustness, especially in complex and changeable environments. Therefore, a novel robust adaptive VIO algorithm is proposed here. First, the H∞ criterion is introduced into the popular cubature multistate constraint Kalman filter (CMSCKF), which improves the robustness of the VIO system. Second, this article designs a characterization method to judge the uncertainty degree of VIO based on the limited memory exponential weighting theory. Finally, inspired by the idea of the Institute of Geodesy and Geophysics (IGG) III model, we further put forward a three-stage robust adaptive H∞ filtering algorithm and test the performance with the numerical simulation and the publicly available real-world Karlsruhe Institute of Technology and Toyota Technological Institute (KITTI) dataset. The experimental results demonstrate that the proposed algorithm has better filtering accuracy and robustness.  © 2001-2012 IEEE.","Adaptive filters; multistate constraint Kalman filter (MSCKF); sensor fusion; visual-inertial odometry (VIO)","Adaptive filtering; Bandpass filters; Global positioning system; Kalman filters; Navigation; Statistical tests; Filtering algorithm; Multi-state; Multi-state constraint kalman filter; Odometry; Robust adaptive; Robustness; Sensor fusion; State constraints; Uncertainty; Visual-inertial odometry; Adaptive filters","Article","Final","","Scopus","2-s2.0-85163791130"
"He Z.; Li G.","He, Ziqi (58608724000); Li, Gang (56346778000)","58608724000; 56346778000","A Visual-Inertial Navigation Coupled Localization Method Based on Adaptive Point-Line Feature Extraction","2023","IEEE Sensors Journal","23","20","","25096","25104","11","10.1109/JSEN.2023.3312731","https://www.scopus.com/pages/publications/85171775788?origin=resultslist","Autonomous localization and mapping in complex environments are prerequisites for the autonomous intelligence of unmanned aerial vehicles (UAVs). Current strategies to boost localization precision integrate various information sources, including inertial data, point features, and line features. While line features offer richer structural insights, their extraction and computation are extremely time-consuming, challenging the system's real-time responsiveness. Addressing this, we propose a visual-inertial navigation coupled localization method based on adaptive point-line feature extraction (VIN-APL). This method features an adaptive extraction mechanism that can dynamically adjust the line feature extraction threshold in response to environmental texture variations and optimize the balance between localization accuracy and computation cost better. Experiment results show that VIN-APL achieves better localization accuracy than VIN system (VINS)-Mono in most of the tested sequences, especially the more difficult ones, with an average localization error reduction of 13.58%. Compared with PL-VINS, VIN-APL not only achieves superior accuracy across most sequences but also reduces the average computation time for line feature extraction nodes by 45.72%.  © 2001-2012 IEEE.","Multisensor fusion; point and line features; visual simultaneous localization and mapping (SLAM)","Air navigation; Extraction; Feature extraction; Inertial navigation systems; Interactive computer systems; Mapping; Robotics; Textures; Features extraction; Line feature extraction; Line features; Location awareness; Multi-sensor fusion; Optimisations; Point features; Real - Time system; Simultaneous localization and mapping; Visual SLAM; Real time systems","Article","Final","","Scopus","2-s2.0-85171775788"
"Shalaby M.A.; Dahdah N.; Ahmed S.S.; Cossette C.C.; Le Ny J.; Forbes J.R.","Shalaby, Mohammed Ayman (57222482059); Dahdah, Nicholas (57569281200); Ahmed, Syed Shabbir (58271558800); Cossette, Charles Champagne (57215072192); Le Ny, Jerome (16178042500); Forbes, James Richard (35784231700)","57222482059; 57569281200; 58271558800; 57215072192; 16178042500; 35784231700","MILUV: A Multi-UAV Indoor Localization dataset with UWB and Vision","2026","International Journal of Robotics Research","","","","","","2","10.1177/02783649251405898","https://www.scopus.com/pages/publications/105027128052?origin=resultslist","This paper introduces MILUV, a Multi-UAV Indoor Localization dataset with UWB and Vision measurements. This dataset comprises 217 minutes of flight time over 36 experiments using three quadcopters, collecting ultra-wideband (UWB) ranging data such as the raw timestamps and channel-impulse response data, vision data from a stereo camera and a bottom-facing monocular camera, inertial measurement unit data, height measurements from a laser rangefinder, magnetometer data, and ground-truth poses from a motion-capture system. The UWB data is collected from up to 12 transceivers affixed to mobile robots and static tripods in both line-of-sight and non-line-of-sight conditions. The UAVs fly at a maximum speed of 4.418 m/s in an indoor environment with visual fiducial markers as features. MILUV is versatile and can be used for a wide range of applications beyond localization, but the primary purpose of MILUV is for testing and validating multi-robot UWB- and vision-based localization algorithms. The dataset can be downloaded at https://doi.org/10.25452/figshare.plus.28386041.v1. A development kit is presented alongside the MILUV dataset, which includes benchmarking algorithms such as visual-inertial odometry, UWB-based localization using an extended Kalman filter, and classification of CIR data using machine learning approaches. The development kit can be found at https://github.com/decargroup/miluv, and is supplemented with a website available at https://decargroup.github.io/miluv/. © The Author(s) 2026. This article is distributed under the terms of the Creative Commons Attribution 4.0 License (https://creativecommons.org/licenses/by/4.0/) which permits any use, reproduction and distribution of the work without further permission provided the original work is attributed as specified on the SAGE and Open Access page (https://us.sagepub.com/en-us/nam/open-access-at-sage).","localization; multi-robot teams; ultra-wideband radio; vision","Broadband networks; Cameras; Computer vision; Indoor positioning systems; Industrial robots; Learning algorithms; Learning systems; Machine learning; Mobile robots; Motion capture; Multipurpose robots; Range finders; Robot learning; Statistical tests; Stereo image processing; Stereo vision; Unmanned aerial vehicles (UAV); Flight time; Indoor localization; Localisation; Multi UAV; Multi-robot teams; Time-stamp; Ultra-wideband radio; Ultrawide band; Vision measurement; Wideband measurements; Ultra-wideband (UWB)","Article","Article in press","All Open Access; Hybrid Gold Open Access","Scopus","2-s2.0-105027128052"
"Jia J.; Li W.; Yu X.; Wang Y.; Guo K.; Guo L.","Jia, Jingting (57363110200); Li, Wenshuo (56511463800); Yu, Xiang (60105484700); Wang, Yuyang (58076739100); Guo, Kexin (57195593889); Guo, Lei (56510659300)","57363110200; 56511463800; 60105484700; 58076739100; 57195593889; 56510659300","Augmented Ultra-Wideband Localization for Quadrotor UAV: Disturbance Rejection and Credibility Quantification","2026","IEEE Transactions on Industrial Electronics","73","5","","7795","7805","0","10.1109/TIE.2025.3642438","https://www.scopus.com/pages/publications/105026407448?origin=resultslist","Uninterrupted and accurate indoor localization without global navigation satellite systems (GNSS) is a challenging problem for quadrotor unscrewed aerial vehicles (UAVs). In this article, a plug-and-play ultra-wideband (UWB)-augmented localization scheme is developed, which is characterized by: 1) the embedded UAV dynamics to enrich information sources; 2) the composite disturbance filtering (CDF) algorithm for refined antidisturbance position estimation under UAV dynamic uncertainties and UWB measurement noises; and 3) a novel localization credibility metric which takes both system configuration and real-time algorithm operation status into account. By virtue of refined disturbance rejection and real-time credibility quantification, the designed UWB-augmented module allows for seamless integration into the existing UAV localization systems like the visual-inertial odometry (VIO), enhancing the overall localization performance with high-credibility UWB data. The effectiveness of the proposed scheme is demonstrated by developing and testing a UWB-augmented VIO localization system for quadrotor UAVs. © 2025 IEEE. All rights reserved.","Composite disturbance filtering (CDF); credibility quantification; plug-and-play; quadrotor unscrewed aerial vehicle (UAV); ultra-wideband (UWB)augmented localization","Air navigation; Antennas; Broadband networks; Computer vision; Disturbance rejection; Global positioning system; Information filtering; Integration; Real time systems; Satellites; Spurious signal noise; Unmanned aerial vehicles (UAV); Aerial vehicle; Composite disturbance filtering; Credibility quantification; Localisation; Plug-and-play; Quad rotors; Quadrotor unscrewed aerial vehicle; Ultra-wideband -augmented localization; Ultrawide band; Vehicle's dynamics; Ultra-wideband (UWB)","Article","Final","","Scopus","2-s2.0-105026407448"
"Wang Z.; Dong W.","Wang, Zhaoying (57386385700); Dong, Wei (57670864900)","57386385700; 57670864900","Toward Aerial Collaborative Stereo: Real-Time Cross-Camera Feature Association and Relative Pose Estimation for UAVs","2025","IEEE Sensors Journal","25","6","","9861","9875","4","10.1109/JSEN.2025.3532699","https://www.scopus.com/pages/publications/105001059076?origin=resultslist","The collaborative unmanned aerial vehicles (UAVs) can construct a wide and variable baseline stereo camera, providing potential benefits in flexible and large-scale depth perception. Compared to the fixed-baseline stereo camera, the collaborative stereo system in dynamic flight face the additional challenge of continuously varying baselines, which necessitates real-time cross-camera stereo feature association and real-time relative pose estimation on resource-constrained onboard computers. To tackle these challenges, we propose a real-time dual-channel feature association with a guidance-prediction framework. This framework utilizes a graph neural network (GNN) to periodically guide cross-camera feature associations between two UAVs, while the guided features are continuously predicted to enable real-time feature association. Additionally, we propose a real-time relative multistate-constrained Kalman filter (Rel-MSCKF) algorithm, which efficiently integrates covisual overlapping features with the UAVs' visual-inertial odometry (VIO), enabling accurate and fast relative pose estimation. Extensive real-world experiments are performed using the widely adopted but resource-constrained NVIDIA NX onboard computer. The results demonstrate that the dual-channel algorithm achieves cross-camera feature association for 30 Hz image streams, with an average runtime of 14 ms, significantly outperforming the conventional cross-camera feature matching algorithms, which typically require over 70 ms. For the relative pose estimation of two cameras, the proposed Rel-MSCKF algorithm achieves pose estimation within 16 ms, outperforming the current pose-graph optimization (PGO) manner with 330 ms. Additionally, we examine the convergence behavior of Rel-MSCKF under various spatial configurations. The system's robustness is further evaluated under the challenges of asynchronous image acquisition, communication interruptions, and field-of-view (FOV) occlusions. Online video: https://youtu.be/avxMuOf5Qcw.  © 2001-2012 IEEE.","Collaborative robots; state estimation; visual feature association","Aircraft communication; Channel estimation; Collaborative robots; Constrained optimization; Depth perception; Image matching; Kalman filters; Stereo image processing; Unmanned aerial vehicles (UAV); Aerial vehicle; Collaborative robots; Feature association; Multi-state; Pose-estimation; Real- time; Relative pose; Stereo cameras; Visual feature; Visual feature association; Graph neural networks","Article","Final","","Scopus","2-s2.0-105001059076"
"Yang T.; Mueller M.W.","Yang, Teaya (59344464800); Mueller, Mark W. (55555746200)","59344464800; 55555746200","AgriNav: UAV Simulator for Vision-based Navigation in Agricultural Environments","2025","IFAC-PapersOnLine","59","23","","23","27","0","10.1016/j.ifacol.2025.11.757","https://www.scopus.com/pages/publications/105025944747?origin=resultslist","We present AgriNav, a simulator for vision-based navigation and data collection for unmanned aerial vehicles (UAVs) in agricultural environments. Developing autonomous aerial robots for large-scale agricultural data collection requires significant effort in hardware-software integration, especially for accurate state estimation and navigation. While many existing simulators offer image generation features, they are not designed for direct use with visual-inertial odometry (VIO) packages, which depend on precise sensor calibration, data synchronization, and specific message formats. We address this challenge by generating synthetic data that mimic physical sensor outputs and providing a modular communication framework, enabling users to efficiently experiment with odometry and navigation algorithms without requiring hardware testing. Using Unity for rendering, we provide pre-built maps and plant models for rapid testing and simple scene customization. AgriNav is open source and available at: https://github.com/Teaya-Yang/AgriNav.git. Copyright © 2025 The Authors.","Agricultural Robotics; Automation with UAVs; Machine Vision; Precision Agriculture; Robotic Navigation; Sensing; Simulation","Agricultural robots; Air navigation; Computer hardware; Computer software; Computer vision; Machine vision; Precision agriculture; Unmanned aerial vehicles (UAV); Vision; Aerial vehicle; Agricultural environments; Agricultural robotics; Automation with unmanned aerial vehicle; Machine-vision; Precision Agriculture; Robotic navigation; Sensing; Simulation; Vision based navigation; Antennas","Conference paper","Final","All Open Access; Gold Open Access","Scopus","2-s2.0-105025944747"
"Michalczyk J.; Schoffmann C.; Fornasier A.; Steinbrener J.; Weiss S.","Michalczyk, Jan (57847971000); Schoffmann, Christian (57222569554); Fornasier, Alessandro (57222351222); Steinbrener, Jan (31967885400); Weiss, Stephan (57212748175)","57847971000; 57222569554; 57222351222; 31967885400; 57212748175","Radar-Inertial State-Estimation for UAV Motion in Highly Agile Manoeuvres","2022","2022 International Conference on Unmanned Aircraft Systems, ICUAS 2022","","","","583","589","6","10.1109/ICUAS54217.2022.9836130","https://www.scopus.com/pages/publications/85136085018?origin=resultslist","Multicopter Unmanned Aerial Vehicles (UAV) are known for their high agility and aggressive manoeuvres. Despite significant advances in state estimation for such vehicles with multiple sensors, their accurate state estimation in highly agile manoeuvres is still a challenge in the research community. In this paper, we present a radar-inertial based method for estimating the full 6D pose and 3D velocity of a UAV including sensor extrinsics and Inertial Measurement Unit (IMU) intrinsics. In an Extended Kalman Filter (EKF) framework, we fuse range measurements of corner reflectors detected by a Frequency Modulated Continuous Wave (FMCW) radar sensor together with IMU readings. Our tightly coupled fusion approach and the high-frequency state correction together with the inherent benefits of radar sensors (e.g. resilience to aerosols, light changes, etc) enables tracking of highly aggressive trajectories in real experiments which are shown to be particularly challenging for a state of the art Visual-Inertial Odometry (VIO) approach we compare against.  © 2022 IEEE.","","Aircraft detection; Antennas; Extended Kalman filters; Frequency modulation; Radar; Radar measurement; Unmanned aerial vehicles (UAV); 3D-velocity; Aerial vehicle; Aggressive maneuvers; High agility; Inertial measurements units; Multiple sensors; Radar sensors; Range measurements; Research communities; Vehicle motion; State estimation","Conference paper","Final","","Scopus","2-s2.0-85136085018"
"Miki T.; Khrapchenkov P.; Hori K.","Miki, Takahiro (57207884105); Khrapchenkov, Petr (57210793144); Hori, Koichi (7403116266)","57207884105; 57210793144; 7403116266","UAV/UGV autonomous cooperation: UAV assists UGV to climb a cliff by attaching a tether","2019","Proceedings - IEEE International Conference on Robotics and Automation","","","8794265","8041","8047","60","10.1109/ICRA.2019.8794265","https://www.scopus.com/pages/publications/85071446469?origin=resultslist","This paper proposes a novel cooperative system for an Unmanned Aerial Vehicle (UAV) and an Unmanned Ground Vehicle (UGV) which utilizes the UAV not only as a flying sensor but also as a tether attachment device. Two robots are connected with a tether, allowing the UAV to anchor the tether to a structure located at the top of a steep terrain, impossible to reach for UGVs. Thus, enhancing the poor traversability of the UGV by not only providing a wider range of scanning and mapping from the air, but also by allowing the UGV to climb steep terrains with the winding of the tether. In addition, we present an autonomous framework for the collaborative navigation and tether attachment in an unknown environment. The UAV employs visual inertial navigation with 3D voxel mapping and obstacle avoidance planning. The UGV makes use of the voxel map and generates an elevation map to execute path planning based on a traversability analysis. Furthermore, we compared the pros and cons of possible methods for the tether anchoring from multiple points of view. To increase the probability of successful anchoring, we evaluated the anchoring strategy with an experiment. Finally, the feasibility and capability of our proposed system were demonstrated by an autonomous mission experiment in the field with an obstacle and a cliff. © 2019 IEEE.","","","Conference paper","Final","All Open Access; Green Open Access","Scopus","2-s2.0-85071446469"
"Wang R.; Deng Z.","Wang, Runmin (58038697100); Deng, Zhongliang (7402665569)","58038697100; 7402665569","Rapid Initialization Method of Unmanned Aerial Vehicle Swarm Based on VIO-UWB in Satellite Denial Environment","2024","Drones","8","7","339","","","5","10.3390/drones8070339","https://www.scopus.com/pages/publications/85199646652?origin=resultslist","In environments where satellite signals are blocked, initializing UAV swarms quickly is a technical challenge, especially indoors or in areas with weak satellite signals, making it difficult to establish the relative position of the swarm. Two common methods for initialization are using the camera for joint SLAM initialization, which increases communication burden due to image feature point analysis, and obtaining a rough positional relationship using prior information through a device such as a magnetic compass, which lacks accuracy. In recent years, visual–inertial odometry (VIO) technology has significantly progressed, providing new solutions. With improved computing power and enhanced VIO accuracy, it is now possible to establish the relative position relationship through the movement of drones. This paper proposes a two-stage robust initialization method for swarms of more than four UAVs, suitable for larger-scale satellite denial scenarios. Firstly, the paper analyzes the Cramér–Rao lower bound (CRLB) problem and the moving configuration problem of the cluster to determine the optimal anchor node for the algorithm. Subsequently, a strategy is used to screen anchor nodes that are close to the lower bound of CRLB, and an optimization problem is constructed to solve the position relationship between anchor nodes through the relative motion and ranging relationship between UAVs. This optimization problem includes quadratic constraints as well as linear constraints and is a quadratically constrained quadratic programming problem (QCQP) with high robustness and high precision. After addressing the anchor node problem, this paper simplifies and improves a fast swarm cooperative positioning algorithm, which is faster than the traditional multidimensional scaling (MDS) algorithm. The results of theoretical simulations and actual UAV tests demonstrate that the proposed algorithm is advanced, superior, and effectively solves the UAV swarm initialization problem under the condition of a satellite signal rejection. © 2024 by the authors.","cooperative positioning; Cramér–Rao lower bound (CRLB); GNSS-denied; multidimensional scaling (MDS); quadratically constrained quadratic programming","Antennas; Clustering algorithms; Computing power; Constrained optimization; Quadratic programming; Satellites; Anchor nodes; Cooperative positioning; Crame-Rao lower bounds; Cramer Rao lower bound; Crame–rao low bound; GNSS-denied; Multi-dimensional scaling; Multidimensional scaling; Odometry; Quadratically constrained quadratic programming; Unmanned aerial vehicles (UAV)","Article","Final","All Open Access; Gold Open Access","Scopus","2-s2.0-85199646652"
"Yan X.; Bi Y.; Gao Z.; Lin F.","Yan, Xu (56460601600); Bi, Yingcai (57190403478); Gao, Zhi (55256514200); Lin, Feng (57207332880)","56460601600; 57190403478; 55256514200; 57207332880","Laser-aided Infrared Visual Inertial Odometry for Unmanned Aerial Vehicle with Multi-plane Constraint","2019","ICARM 2018 - 2018 3rd International Conference on Advanced Robotics and Mechatronics","","","8610740","323","327","2","10.1109/ICARM.2018.8610740","https://www.scopus.com/pages/publications/85061512390?origin=resultslist","In this work, we propose an infrared visual inertial odometry (VIO) algorithm for unmanned aerial vehicles (UAV) for both daytime and nighttime. It utilizes images from a single downward-looking thermal camera, and uses a laser scanner to measure relative distance to determine the scale factor. The scale recovery process consists of a comprehensive logic flow to try out measurements into a homography decomposition with a multi-plane constraint, obtaining the results with minimum error, making the algorithm more robust. Moreover, other modifications, such as keyframe idea and pruning KLT tracker with sub-regions further improves the performance. Besides, the results are fused with an on-board IMU through an EKF-based sensor fusion framework. This infrared visual inertial odometry algorithm can still navigate UAVs during the missions when GPS is down or not reliable or under poor illumination condition. © 2018 IEEE.","","Antennas; Robotics; Downward looking; Homography decompositions; Illumination conditions; Laser scanner; Odometry algorithms; Recovery process; Relative distances; Thermal camera; Unmanned aerial vehicles (UAV)","Conference paper","Final","","Scopus","2-s2.0-85061512390"
"Ma Y.; Wang S.; Yu D.; Zhu K.","Ma, Yufei (57221789318); Wang, Shuangxin (8947162700); Yu, Dingli (7404666413); Zhu, Kaihua (57221778098)","57221789318; 8947162700; 7404666413; 57221778098","Robust visual-inertial odometry with point and line features for blade inspection UAV","2020","Industrial Robot","48","2","","179","188","4","10.1108/IR-01-2020-0009","https://www.scopus.com/pages/publications/85100219491?origin=resultslist","Purpose: This paper aims to enable the unmanned aerial vehicles to inspect the surface condition of wind turbine in close range when the global positioning system signal is not reliable, and further improve its intelligence. So a visual-inertial odometry with point and line features is developed. Design/methodology/approach: Visual front-end combining point and line features, as well as its purification strategies, are first presented to improve the robustness of feature tracking in low-textured scene and rapidity of segment detector. Additionally, the inertial measurement is integrated between keyframes as constrain to reduce tracking error existed in visual-only system. Second, the graph-based visual-inertial back-end is constructed. To parameterize line features effectively, the infinite line representation not sensitive to outdoor light is employed, in which Plücker and Cayley are selected for line re-projection and nonlinear optimization. Furthermore, Jacobians of the line re-projection errors are analytically derived for better accuracy. Findings: Experiments are performed in various scenes of the wind farm. The results demonstrate that the tight-coupled visual-inertial odometry with point and line features is more precise on all the samples than conventional algorithms in complex wind farm environments. Additionally, the constructed line feature map can be used in the following research for autonomous navigation. Originality/value: The proposed visual-inertial odometry works robustly in strong electromagnetic interference, low-textured and illumination-change wind farm. © 2020, Emerald Publishing Limited.","Low texture; Multi-sensor information fusion; SLAM; Unmanned Aerial Vehicles (UAV); Wind turbine","Agricultural robots; Antennas; Electric utilities; Electromagnetic pulse; Graphic methods; Navigation systems; Nonlinear programming; Textures; Wind power; Autonomous navigation; Conventional algorithms; Design/methodology/approach; Global positioning; Illumination changes; Inertial measurements; Non-linear optimization; Surface conditions; Unmanned aerial vehicles (UAV)","Article","Final","","Scopus","2-s2.0-85100219491"
"Liu Q.; Wang Z.; Wang H.","Liu, Quanpan (57211205322); Wang, Zhengjie (8278533000); Wang, Huan (57196431079)","57211205322; 8278533000; 57196431079","Navigation Algorithm of Light UAV Based on Stereo Visual Inertial Navigation Odometer; [基于双目视觉-惯性导航的轻型无人机导航算法]","2020","Binggong Xuebao/Acta Armamentarii","41","","","241","248","4","10.3969/j.issn.1000-1093.2020.S2.032","https://www.scopus.com/pages/publications/85102419568?origin=resultslist","Because of the complexity of battlefield environment, the navigation algorithm of light UAV in GNSS signal rejection environment is very important. A nonlinear optimization-based stereo visual-inertial navigation odometer is proposed. The proposed algorithm starts with inertial measurement units (IMU) pre-integration, in which IMU measurements are accumulated between several frames using measurement pre-integration. In the initialization procedure, the pre-integrated IMU measurements and visual observations are tightly fused, and the initial velocity, direction of gravity, and gyroscope bias are estimated by using multiple view geometry (MVG) theory based on the feature-based method. After the initial state estimation converges, a highly precision stereo vision-inertial navigation odometer is obtained by fusing IMU measurements and feature observations. The proposed algorithm is validated on the EuRoC datasets. Experimental results prove that the proposed algorithm has higher accuracy and robustness than those of the most advanced visual-inertial fusion methods in some challenging situations. © 2020, Editorial Board of Acta Armamentarii. All right reserved.","Binocular vision; Inertial measurement unit; Light unmanned aerial vehicle; Visual-inertial navigation odometer","Air navigation; Inertial navigation systems; Nonlinear programming; Stereo image processing; Stereo vision; Unmanned aerial vehicles (UAV); Battlefield environments; Feature-based method; Inertial measurement unit; Inertial navigations; Initialization procedures; Multiple view geometry; Navigation algorithms; Non-linear optimization; Navigation","Article","Final","","Scopus","2-s2.0-85102419568"
"Lin H.-Y.; Zhan J.-R.","Lin, Huei-Yung (8430638100); Zhan, Jia-Rong (57887066000)","8430638100; 57887066000","GNSS-denied UAV indoor navigation with UWB incorporated visual inertial odometry","2023","Measurement: Journal of the International Measurement Confederation","206","","112256","","","82","10.1016/j.measurement.2022.112256","https://www.scopus.com/pages/publications/85145561846?origin=resultslist","The localization of unmanned aerial vehicles (UAVs) in GPS-denied areas is an essential issue for indoor navigation. This paper presents a technique to improve the accuracy of visual inertial odometry (VIO) by combining the ultra-wideband (UWB) positioning technology. The proposed architecture is divided into two stages. In the initial stage, the constraint on UWB short-term position change is adopted to improve the pose estimation results of the VIO system. It is also used to mitigate the translation error caused by the vibration and lack of features during the flight. In the second stage, a loose coupling approach based on nonlinear optimization is utilized to fuse the local pose estimator of the VIO system with the global constraints from the UWB positioning. At the beginning of each operation, the alignment between the VIO and UWB frames is estimated to avoid the influence of coordinate transformation due to the VIO cumulative error. It is shown that our optimization-based fusion method is able to achieve a smooth localization trajectory under the global coordinate frame. In the experiments, the performance evaluation carried out in the real-world scenes has demonstrated the effectiveness of the proposed technique. © 2022 Elsevier Ltd","Indoor localization; Ultra-wideband; Unmanned aerial vehicle; Visual inertial odometry","Air navigation; Antennas; Indoor positioning systems; Nonlinear programming; Ultra-wideband (UWB); Unmanned aerial vehicles (UAV); Aerial vehicle; Indoor localization; Indoor navigation; Odometry; Positioning technologies; Proposed architectures; Ultrawide band; Unmanned aerial vehicle; Visual inertial odometry; Global positioning system","Article","Final","","Scopus","2-s2.0-85145561846"
"Antonini A.; Guerra W.; Murali V.; Sayre-McCord T.; Karaman S.","Antonini, Amado (57207884835); Guerra, Winter (57194443251); Murali, Varun (57209272207); Sayre-McCord, Thomas (57188516800); Karaman, Sertac (24923242500)","57207884835; 57194443251; 57209272207; 57188516800; 24923242500","The Blackbird UAV dataset","2020","International Journal of Robotics Research","39","10-11","","1346","1364","39","10.1177/0278364920908331","https://www.scopus.com/pages/publications/85082138726?origin=resultslist","This article describes the Blackbird unmanned aerial vehicle (UAV) Dataset, a large-scale suite of sensor data and corresponding ground truth from a custom-built quadrotor platform equipped with an inertial measurement unit (IMU), rotor tachometers, and virtual color, grayscale, and depth cameras. Motivated by the increasing demand for agile, autonomous operation of aerial vehicles, this dataset is designed to facilitate the development and evaluation of high-performance UAV perception algorithms. The dataset contains over 10 hours of data from our quadrotor tracing 18 different trajectories at varying maximum speeds (0.5 to 13.8 ms-1) through 5 different visual environments for a total of 176 unique flights. For each flight, we provide 120 Hz grayscale, 60 Hz RGB-D, and 60 Hz semantically segmented images from forward stereo and downward-facing photorealistic virtual cameras in addition to 100 Hz IMU, ~190 Hz motor speed sensors, and 360 Hz millimeter-accurate motion capture ground truth. The Blackbird UAV dataset is therefore well suited to the development of algorithms for visual inertial navigation, 3D reconstruction, and depth estimation. As a benchmark for future algorithms, the performance of two state-of-the-art visual odometry algorithms are reported and scripts for comparing against the benchmarks are included with the dataset. The dataset is available for download at http://blackbird-dataset.mit.edu/. © The Author(s) 2020.","benchmark; Dataset; ground truth; inertial; localization; quadrotor; RGBD; semantic segmentation; visual","Antennas; Benchmarking; Cameras; Motion capture; Motion sensors; Semantics; Stereo image processing; Unmanned aerial vehicles (UAV); Dataset; Ground truth; inertial; localization; Quad rotors; RGBD; Semantic segmentation; visual; Large dataset","Article","Final","","Scopus","2-s2.0-85082138726"
"Nam S.; Kim T.; Oh J.; Lee S.","Nam, Seongho (55546378200); Kim, Taeyun (57189389253); Oh, Juhyun (56719985100); Lee, Sangwoo (36072099400)","55546378200; 57189389253; 56719985100; 36072099400","Cascade-structured Visual-Inertial Navigation System for Aerial Imaginary","2024","Proceedings of the International Technical Meeting of The Institute of Navigation, ITM","2024-April","","","143","153","0","10.33012/2024.19636","https://www.scopus.com/pages/publications/105010698164?origin=resultslist","A robust and precise navigation algorithm is imperative for the autonomous navigation of unmanned aerial vehicles (UAV). While most navigation algorithms rely on the global positioning system (GPS) and inertial navigation system (INS), vulnerabilities such as jamming and spoofing necessitate alternative solutions for GPS-denied environments. In robotics, visual-inertial navigation systems (VINS), such as visual simultaneous localization and mapping (SLAM) or visual odometry (VO), have been widely studied recently. However, the application of VINS has primarily been explored in ground vehicles and small drones. High-altitude UAVs present unique challenges, including feature tracking difficulties and limitations in low-cost inertial measurement units (IMUs). This paper introduces a factor graph optimization (FGO)-based VINS algorithm designed for precise navigation in high-altitude aerial imagery environments. The algorithm adopts a cascade structure, strategically leveraging the existing INS/GPS navigation solution. Contributions include proposing a relative pose factor instead of IMU preintegration, and introducing a novel constraining factor graph nodes method based on GPS availability to enhance performance by categorizing and fixing accurate nodes during optimization, mitigating navigation errors in GPS outage scenarios. The proposed algorithm excels in robustness during GPS outage scenarios, and simplicity in utilizing existing INS/GPS solutions with minimal modification. © 2024 Institute of Navigation.","","Aerial photography; Air navigation; Aircraft detection; Antennas; Global positioning system; Unmanned aerial vehicles (UAV); Aerial vehicle; Autonomous navigation; Factor graphs; Global positioning; Inertial measurements units; Inertial navigations; Navigation algorithms; Positioning system; System outages; System vulnerability; Inertial navigation systems","Conference paper","Final","","Scopus","2-s2.0-105010698164"
"Mao D.; He X.; Mao J.; Zhang L.; Qu H.","Mao, Dengke (57715515300); He, Xiaofeng (21233390100); Mao, Jun (56510904900); Zhang, Lilian (56364446600); Qu, Hao (57205721736)","57715515300; 21233390100; 56510904900; 56364446600; 57205721736","Improving UAV Localization Accuracy by Tracking Visual Features in a Georeferenced Map","2022","Lecture Notes in Electrical Engineering","861 LNEE","","","3142","3151","0","10.1007/978-981-16-9492-9_308","https://www.scopus.com/pages/publications/85130912613?origin=resultslist","With the rapid development of computer vision, visual odometry (VO) and visual simultaneous localization and mapping (vSLAM) have been widely used in unmanned aerial vehicles. However, VO suffers from drifts and VSLAM requires loop closure to improve localization accuracy. In this paper, we propose to combine a visual-inertial odometry with a 2D georeferenced map to achieve high precision localization performance in UAVs. Firstly, the georeferenced map is preprocessed to build a visual landmark database. Then a micro inertial measurement unit (MIMU) and a downward facing camera are fused to form a visual inertial odometry (VIO), which estimates relative motion between camera frames. To cure the VIO drifts, we further register the features tracked by the VIO with the 2D georeferenced map. While most conventional methods perform one-shot geo-registration or use 3D maps, we propose to use a 2D geo-referenced map and track the registered features in multiple frames to improve localization accuracy. Finally, a factor graph is built to fuse the relative motion from VIO with the geo-registration information to obtain consecutive and accurate localization results. We valid the proposed algorithm with real flight experiments and the results show significant localization accuracy improvements. © 2022, The Author(s), under exclusive license to Springer Nature Singapore Pte Ltd.","Factor graph optimization; Registration with map; VIO","Aircraft detection; Antennas; Cameras; Computer vision; Factor graph optimization; Factor graphs; Geo-registration; Graph optimization; Localization accuracy; Odometry; Registration with map; Relative motion; Visual inertial odometry; Visual odometry; Unmanned aerial vehicles (UAV)","Conference paper","Final","","Scopus","2-s2.0-85130912613"
"Zhan J.-R.; Lin H.-Y.","Zhan, Jia-Rong (57887066000); Lin, Huei-Yung (8430638100)","57887066000; 8430638100","Improving Visual Inertial Odometry with UWB Positioning for UAV Indoor Navigation","2022","Proceedings - International Conference on Pattern Recognition","2022-August","","","4189","4195","6","10.1109/ICPR56361.2022.9956500","https://www.scopus.com/pages/publications/85143604739?origin=resultslist","This paper presents a method to improve the localization accuracy for visual inertial odometry (VIO) by combining the ultra-wideband (UWB) positioning technology. The overall architecture is mainly divided into two stages. In the first stage, the constraint on UWB short-term position change is adopted to improve the pose estimation results of the VIO system. It is also used to solve the translation error caused by the lack of visual features and vibration during the flight. In the second stage, a loose coupling method based on nonlinear optimization is utilized to fuse the local pose estimator of the VIO system with the global constraints from the UWB positioning. At the beginning of each optimization, the alignment between the VIO and UWB frames is estimated to avoid the influence of the coordinate transformation caused by the cumulative error of the VIO system. Since there are no public datasets available for comparison, we have established several datasets containing large vibration amplitudes and weak feature points. In the experiment, the performance evaluation of the proposed technique is carried out using the Apriltag approach for verification. © 2022 IEEE.","","Indoor positioning systems; Large dataset; Nonlinear programming; Ultra-wideband (UWB); Estimation results; Indoor navigation; Localization accuracy; Loose coupling methods; Non-linear optimization; Odometry; Pose-estimation; Positioning technologies; Ultrawide band; Visual feature; Unmanned aerial vehicles (UAV)","Conference paper","Final","","Scopus","2-s2.0-85143604739"
"Bosello M.; Aguiari D.; Keuter Y.; Pallotta E.; Kiade S.; Caminati G.; Pinzarrone F.; Halepota J.; Panerati J.; Pau G.","Bosello, Michael (57209747796); Aguiari, Davide (57201155912); Keuter, Yvo (58724881800); Pallotta, Enrico (58674390300); Kiade, Sara (57216949926); Caminati, Gyordan (57216950176); Pinzarrone, Flavio (58674424700); Halepota, Junaid (57200528434); Panerati, Jacopo (55513211100); Pau, Giovanni (55386607600)","57209747796; 57201155912; 58724881800; 58674390300; 57216949926; 57216950176; 58674424700; 57200528434; 55513211100; 55386607600","Race Against the Machine: A Fully-Annotated, Open-Design Dataset of Autonomous and Piloted High-Speed Flight","2024","IEEE Robotics and Automation Letters","9","4","","3799","3806","8","10.1109/LRA.2024.3371288","https://www.scopus.com/pages/publications/85186996685?origin=resultslist","Unmanned aerial vehicles, and multi-rotors in particular, can now perform dexterous tasks in impervious environments, from infrastructure monitoring to emergency deliveries. Autonomous drone racing has emerged as an ideal benchmark to develop and evaluate these capabilities. Its challenges include accurate and robust visual-inertial odometry during aggressive maneuvers, complex aerodynamics, and constrained computational resources. As researchers increasingly channel their efforts into it, they also need the tools to timely and equitably compare their results and advances. With this dataset, we want to (i) support the development of new methods and (ii) establish quantitative comparisons for approaches originating from the broader robotics and artificial intelligence communities. We want to provide a one-stop resource that is comprehensive of (i) aggressive autonomous and piloted flight, (ii) high-resolution, high-frequency visual, inertial, and motion capture data, (iii) commands and control inputs, (iv) multiple light settings, and (v) corner-level labeling of drone racing gates. We also release the complete specifications to recreate our flight platform, using commercial off-the-shelf components and the open-source flight controller Betaflight, to democratize drone racing research.  © 2016 IEEE.","Aerial systems: perception and autonomy; data sets for robot learning; data sets for robotic vision","Agricultural robots; Antennas; Computation theory; Computer vision; Machine design; Aerial system: perception and autonomy; Aerial systems; Battery; Benchmark testing; Data set; Data set for robot learning; Data set for robotic vision; Quad rotors; Robotic vision; System perception; Drones","Article","Final","All Open Access; Green Open Access","Scopus","2-s2.0-85186996685"
"Li K.; Bu S.; Dong Y.; Wang Y.; Jia X.; Xia Z.","Li, Kun (58264384600); Bu, Shuhui (24479271800); Dong, Yifei (58198444900); Wang, Yu (56362845800); Jia, Xuan (58771067000); Xia, Zhenyu (58162285500)","58264384600; 24479271800; 58198444900; 56362845800; 58771067000; 58162285500","UWB-VO: Ultra-Wideband Anchor Assisted Visual Odometry","2023","Proceedings of 2023 IEEE International Conference on Unmanned Systems, ICUS 2023","","","","943","950","4","10.1109/ICUS58632.2023.10318307","https://www.scopus.com/pages/publications/85180124979?origin=resultslist","This paper proposes a novel tightly coupled simultaneous localization and mapping (SLAM) method that combines monocular vision and ultra-wideband (UWB) technology. The proposed approach utilizes UWB distance information to restore the scale of monocular SLAM with an error rate of less than 1%. Our approach joint optimizes the distance residual between the camera and anchor, and the reprojection error of the map point, to improve SLAM positioning accuracy and mitigate visual SLAM degradation in challenging environments. A novel UWB anchor position optimization method is proposed, which enables the system to complete initialization within 2 seconds. The experimental results show that the proposed fusion scheme achieves significantly higher accuracy in system scale estimation and positioning compared to current state-of-the-art SLAM and visual-inertial odometry algorithms. © 2023 IEEE.","Sensor Fusion; SLAM; UAV; UWB","Computer vision; Robotics; Ultra-wideband (UWB); Vision; Distance information; Localization method; Mapping method; Monocular vision; Sensor fusion; Simultaneous localization and mapping; Tightly-coupled; Ultra-wideband technology; Ultrawide band; Visual odometry; Unmanned aerial vehicles (UAV)","Conference paper","Final","","Scopus","2-s2.0-85180124979"
"Zhang L.; Zhou X.; Li D.; Yang Z.","Zhang, Li (55919529800); Zhou, Xu (59237910100); Li, Danyang (57213815798); Yang, Zheng (58431749000)","55919529800; 59237910100; 57213815798; 58431749000","HCCNet: Hybrid Coupled Cooperative Network for Robust Indoor Localization","2024","ACM Transactions on Sensor Networks","20","4","100","","","5","10.1145/3665645","https://www.scopus.com/pages/publications/85199917399?origin=resultslist","Accurate localization of unmanned aerial vehicle (UAV) is critical for navigation in GPS-denied regions, which remains a highly challenging topic in recent research. This article describes a novel approach to multi-sensor hybrid coupled cooperative localization network (HCCNet) system that combines multiple types of sensors including camera, ultra-wideband (UWB), and inertial measurement unit (IMU) to address this challenge. The camera and IMU can automatically determine the position of UAV based on the perception of surrounding environments and their own measurement data. The UWB node and the UWB wireless sensor network (WSN) in indoor environments jointly determine the global position of UAV, and the proposed dynamic random sample consensus (D-RANSAC) algorithm can optimize UWB localization accuracy. To fully exploit UWB localization results, we provide an HCCNet system which combines the local pose estimator of visual inertial odometry (VIO) system with global constraints from UWB localization results. Experimental results show that the proposed D-RANSAC algorithm can achieve better accuracy than other UWB-based algorithms. The effectiveness of the proposed HCCNet method is verified by a mobile robot in real world and some simulation experiments in indoor environments. © 2024 Copyright held by the owner/author(s).","dynamic RANSAC; hybrid coupling; Indoor localization; multi-sensor network; UWB; VIO","Air navigation; Antennas; Indoor positioning systems; Robots; Sensor nodes; Ultra-wideband (UWB); Unmanned aerial vehicles (UAV); Aerial vehicle; Cooperative localization; Dynamic RANSAC; Hybrid couplings; Indoor localization; Localisation; Multi-sensor networks; Odometry; Ultrawide band; Visual inertial odometry; Cameras","Article","Final","All Open Access; Bronze Open Access","Scopus","2-s2.0-85199917399"
"Liu X.; Xue W.; Xu X.; Zhao M.; Qin B.","Liu, Xiaoxiong (27168400500); Xue, Wanhan (59211034000); Xu, Xinlong (58555334400); Zhao, Minkun (59146602400); Qin, Bin (57299706200)","27168400500; 59211034000; 58555334400; 59146602400; 57299706200","Research on Unmanned Aerial Vehicle (UAV) Visual Landing Guidance and Positioning Algorithms","2024","Drones","8","6","257","","","13","10.3390/drones8060257","https://www.scopus.com/pages/publications/85197929872?origin=resultslist","Considering the weak resistance to interference and generalization ability of traditional UAV visual landing navigation algorithms, this paper proposes a deep-learning-based approach for airport runway line detection and fusion of visual information with IMU for localization. Firstly, a coarse positioning algorithm based on YOLOX is designed for airport runway localization. To meet the requirements of model accuracy and inference speed for the landing guidance system, regression loss functions, probability prediction loss functions, activation functions, and feature extraction networks are designed. Secondly, a deep-learning-based runway line detection algorithm including feature extraction, classification prediction and segmentation networks is designed. To create an effective detection network, we propose efficient loss function and network evaluation methods Finally, a visual/inertial navigation system is established based on constant deformation for visual localization. The relative positioning results are fused and optimized with Kalman filter algorithms. Simulation and flight experiments demonstrate that the proposed algorithm exhibits significant advantages in terms of localization accuracy, real-time performance, and generalization ability, and can provide accurate positioning information during UAV landing processes. © 2024 by the authors.","autonomous landing; combined navigation; computer vision; deep neural networks","Air navigation; Aircraft detection; Aircraft landing; Deep neural networks; Flight simulators; Image segmentation; Inertial navigation systems; Kalman filters; Unmanned aerial vehicles (UAV); Visual servoing; Aerial vehicle; Autonomous landing; Combined navigation; Features extraction; Generalization ability; Landing guidance; Localisation; Loss functions; Neural-networks; Positioning algorithms; Airport runways","Article","Final","All Open Access; Gold Open Access","Scopus","2-s2.0-85197929872"
"Turci L.; Causa F.; Opromolla R.; Fasano G.","Turci, Lorenzo (58451518200); Causa, Flavia (57193775010); Opromolla, Roberto (56368337300); Fasano, Giancarmine (16174945500)","58451518200; 57193775010; 56368337300; 16174945500","LiDAR-Visual-Inertial Fusion Architectures for GNSS-Resilient Aerial Navigation: Performance Assessment","2025","AIAA/IEEE Digital Avionics Systems Conference - Proceedings ","","","","","","0","10.1109/DASC66011.2025.11257343","https://www.scopus.com/pages/publications/105029904518?origin=resultslist","This work proposes a performance assessment of LiDAR-Visual-Inertial navigation approaches specifically tailored for GNSS-denied or challenged circumstances. A data fusion scheme, based on Extended Kalman Filter, has been designed to face various environmental and flight conditions that occur depending on topology and morphological characteristics of the environment and UAV dynamic. It loosely integrates camera and LiDAR measurements. Their measurements are combined altogether exploiting LiDAR measurements to associate depth information with image features. Conversely, when camera measurements cannot be used, LiDAR odometry is performed to incrementally estimate the pose of the UAV by defining the pose transformation between one LiDAR point cloud and the following one, integrating the solution with the filter propagated state in order to bound the otherwise unbounded drift of IMU-only navigation solution. Sensors measurements are fed into the filter weighted by their own covariance, which indicates the level of confidence associated with the measurement. A set of gating criteria is introduced to assess the validity of each measurement to be used within the filter and thus to improve its resiliency against anomalous pose estimates. In general, particular attention is paid to the integrity of the multi-sensor-based solution. The strategy is assessed through numerical simulations conducted within the Unreal Engine 4 environment integrated with MATLAB and Simulink, which allows retrieving realistic sensors data by simulating aircraft trajectory, rich texture 3D geometry, and world-like scene. Results show percentage errors on the position estimates, computed with respect to the UAV traveled distance, below 0.9%, and errors on attitude angles estimate under 0.8°.  © 2025 IEEE.","camera; Extended Kalman Filter (EKF); GNSS-denied/challenged scenario; LiDAR; LiDAR-Visual-Inertial Odometry (LVIO); navigation system","Air navigation; Antennas; Computer vision; Extended Kalman filters; Fighter aircraft; Inertial confinement fusion; Intelligent systems; Navigation systems; Robotics; Textures; Unmanned aerial vehicles (UAV); Vision; Aerial navigation; Extended kalman filter; Fusion architecture; GNSS-denied/challenged scenario; Inertial fusion; LiDAR; LiDAR-visual-inertial odometry; Navigation performance; Odometry; Performance assessment; Cameras; Optical radar","Conference paper","Final","","Scopus","2-s2.0-105029904518"
"Yongtian W.; Jie T.Y.; Gimin S.; Kenny L.B.Y.; Srigrarom S.","Yongtian, Wang (7601486992); Jie, Toh Yan (57580090100); Gimin, Seo (57579261800); Kenny, Leck Bing Yu (57579463600); Srigrarom, Sutthiphong (15137193900)","7601486992; 57580090100; 57579261800; 57579463600; 15137193900","Autonomous Customized Quadrotor With Vision-Aided Navigation For Indoor Flight Challenges","2022","2022 8th International Conference on Mechatronics and Robotics Engineering, ICMRE 2022","","","","33","37","3","10.1109/ICMRE54455.2022.9734105","https://www.scopus.com/pages/publications/85128351913?origin=resultslist","Singapore Amazing Flying Machine Competition (SAFMC) 2021 is an annual indoor unmanned aerial vehicle (UAV) students competition in Singapore. Participants design, build and fly their UAV platforms. Here we designed, built and flew autonomous quadrotor, equipped with vision-aided navigation capacity for the indoor flight challenges D2. We utilized the well-known and available vision-aided navigation tools from OpenCV, i.e. color detection, edge detection, QR-code detection and circle detection. The camera used are Zed-M and OpenMV to assist in depth estimation. We design and integrate our own Visual-Inertial Odometry (VIO) system and based on ROS architecture on Intel Xavier companion computer and talk to Pixhawk flight controller, and perform several tasks in SAFMC 2021. For indoor flights, the drone could perform and complete all missions. We also conduct outdoor flights and the drone could fly well with vision-aided navigation for waypointing and obstacles avoidances.  © 2022 IEEE.","Circle Detection; Color Detection; Customized quadrotor; Edge Detection; Intel Xavier; Pixhawk; QR-code detection; ROS; SAFMC 2021; Vision-aided navigation; Visual-Inertial Odometry","Antennas; Drones; Edge detection; Indoor positioning systems; Aided navigations; Circle detection; Code detection; Color detection; Customized quadrotor; Flying machines; Intel xavy; Odometry; Pixhawk; QR codes; QR-code detection; Quad rotors; ROS; Singapore; Singapore amazing flying machine competition 2021; Vision-aided navigation; Visual-inertial odometry; Navigation","Conference paper","Final","","Scopus","2-s2.0-85128351913"
"Lyu Y.; Yuan S.; Xie L.","Lyu, Yang (56825381100); Yuan, Shenghai (55827000800); Xie, Lihua (57211550487)","56825381100; 55827000800; 57211550487","Structure Priors Aided Visual-Inertial Navigation in Building Inspection Tasks with Auxiliary Line Features","2022","IEEE Transactions on Aerospace and Electronic Systems","58","4","","3037","3048","13","10.1109/TAES.2022.3142663","https://www.scopus.com/pages/publications/85123276475?origin=resultslist","The article proposes a visual-inertial navigation method to support the autonomous operation of a quadrotor UAV during the building faade inspection tasks, where state-of-the-art vision-based localization methods may fail due to texture point feature insufficiency. Considering the appearance characteristics of the building faades, we additionally fuse line features and their corresponding structure prior information to the sliding-window-based estimator to improve localization reliability and accuracy. The contribution of the proposed method lies mainly in two aspects. First, we develop an informative feature selection mechanism according to the faade patterns and the inspection trajectory patterns to make a balance between localization accuracy and computation overheads. Second, we further utilize structure prior information, which is defined as line-to-line and point-to-line relationships, as another source of high-fidelity measurement to restrain the localization drifts. The proposed method is tested not only on public datasets, but also on an actual flight data package recorded in a building inspection task. Experimental results show that the proposed method can serve as a practical tool for navigating a robot in a building inspection task, with improved localization reliability and accuracy.  © 1965-2011 IEEE.","Building inspection; information gain; line feature; visual-inertial navigation","Buildings; Inertial navigation systems; Inspection; Job analysis; Robots; Building facades; Building inspections; Information gain; Inspection tasks; Line features; Localization accuracy; Location awareness; Optimisations; Task analysis; Visual-inertial navigation; Air navigation","Article","Final","","Scopus","2-s2.0-85123276475"
"Li L.; Lei Y.; Mei Y.; Lyu W.; Hao J.; Han Y.","Li, Leilei (59801360100); Lei, Yusong (59563903800); Mei, Yilin (59563860600); Lyu, Wenzhen (59563925900); Hao, Jiamei (59404772000); Han, Yongqiang (55489223900)","59801360100; 59563903800; 59563860600; 59563925900; 59404772000; 55489223900","A UAV inertial location method based on pixel matching of 2D satellite maps; [二维卫星地图像素匹配的无人机视惯定位方法]","2024","Zhongguo Guanxing Jishu Xuebao/Journal of Chinese Inertial Technology","32","11","","1078","1085","0","10.13695/j.cnki.12-1222/o3.2024.11.003","https://www.scopus.com/pages/publications/85218218547?origin=resultslist","In order to improve the location accuracy of the unmanned aerial vehicle (UAV) visual inertial system, a visual inertial location method using Internet 2D satellite maps and UAV aerial images matching is proposed. Firstly, the aerial images and IMU are used to construct the visual inertial odometry (VIO) to estimate the UAV motion state and obtain the depth of feature points. Then extract feature points from the matched image pairs, perform pixel-level matching and solving based on the known satellite map scale and the depth of feature points estimated by VIO, and obtain the matching and location results. Finally, the VIO factor and the matching location factor are constructed, and the factor map is used to optimize the global position. The proposed method is validated by airborne experiments, and the experimental results show that the average location error is reduced by 50.14% compared with the VIO location method without map matching, and the average location error is reduced by 43.69% compared with the VIO and loopback location method without map matching. The location accuracy of the visual inertial system is effectively improved. © 2024 Editorial Department of Journal of Chinese Inertial Technology. All rights reserved.","factor maps; feature matching; satellite maps; visual inertial system","Aerial photography; Image matching; Inertial navigation systems; Satellite imagery; Aerial images; Aerial vehicle; Factor map; Features matching; Inertial systems; Location accuracy; Location method; Odometry; Satellite map; Visual inertial system; Unmanned aerial vehicles (UAV)","Article","Final","","Scopus","2-s2.0-85218218547"
"Jung J.H.; Choe Y.; Park C.G.","Jung, Jae Hyung (57203066165); Choe, Yeongkwon (57202603183); Park, Chan Gook (35230911800)","57203066165; 57202603183; 35230911800","Photometric Visual-Inertial Navigation with Uncertainty-Aware Ensembles","2022","IEEE Transactions on Robotics","38","4","","2039","2052","18","10.1109/TRO.2021.3139964","https://www.scopus.com/pages/publications/85123362196?origin=resultslist","In this article, we propose a visual-inertial navigation system that directly minimizes a photometric error without an explicit data-association. We focus on the photometric error parametrized by pose and structure parameters that is highly nonconvex due to the nonlinearity of image intensity. The key idea is to introduce an optimal intensity gradient that accounts for a projective uncertainty of a pixel. Ensembles sampled from the state uncertainty contribute to the proposed gradient and yield a correct update direction even in a bad initialization point. We present two sets of experiments to demonstrate the strengths of our framework. First, a thorough Monte Carlo simulation in a virtual trajectory is designed to reveal robustness to large initial uncertainty. Second, we show that the proposed framework can achieve superior estimation accuracy with efficient computation time over state-of-the-art visual-inertial fusion methods in a real-world UAV flight test, where most scenes are composed of a featureless floor.  © 2004-2012 IEEE.","Iterated extended Kalman filter (EKF); matrix Lie groups; stochastic linearization; visual-inertial navigation","Air navigation; Bandpass filters; Extended Kalman filters; Inertial navigation systems; Intelligent systems; Monte Carlo methods; Photometry; Robots; Stochastic systems; Iterated extended Kalman filter; Matrix lie groups; Measurement uncertainty; Photometrics; Robot kinematics; Robustness; Stochastic linearization; Uncertainty; Visual-inertial navigation; Uncertainty analysis","Article","Final","All Open Access; Bronze Open Access","Scopus","2-s2.0-85123362196"
"Arumugam V.; Alagumalai V.","Arumugam, Vengatesan (58911631200); Alagumalai, Vasudevan (57194199761)","58911631200; 57194199761","Enhancing UAV Autonomy and Path Optimization Through SBAS and Visual-Inertial Odometry; [Mejora de la autonomía de UAV y optimización de trayectorias mediante odometría visual–inercial integrada con SBAS]","2026","Ingenieria e Investigacion","46","1","e119122","","","0","10.15446/ing.investig.119122","https://www.scopus.com/pages/publications/105033716526?origin=resultslist","Unmanned Aerial Vehicles (UAVs) have become indispensable in fields such as disaster response, precision agriculture, environmental monitoring, and surveillance. Their ability to navigate complex and dynamic environments makes them essential for autonomous op-erations. However, ensuring accurate and reliable state estimation remains a significant challenge, particularly in GPS-denied environ-ments, where traditional navigation systems suffer from drift, localization errors, and trajectory inconsistencies. Addressing these limita-tions is crucial for improving UAV autonomy and operational efficiency. This study aims to enhance UAV autonomy and trajectory optimization by integrating a Satellite-Based Augmentation System (SBAS) with monocular visual-inertial odometry (VIO) within a factor graph optimization framework. The proposed methodology fuses visual and inertial sensor data, incorporating state constraints and prior knowledge to improve localization accuracy, reduce drift, and manage uncertainty. Experimental evaluations were conducted under different path optimization conditions to assess system performance. Results show that Path 1 achieved the highest optimization score of 0.481, Path 2 showed moderate optimization at 0.130, while Paths 3, 4, and 5 exhibited minimal improvements, with scores of −6.176, −0.041, and −0.113, respectively. These findings confirm the effectiveness of the proposed approach in optimizing UAV trajec-tories and enhancing real-time navigation accuracy. The study concludes that integrating SBAS with VIO significantly enhances UAV state estimation, offering a promising solution for autonomous aerial operations in both indoor and outdoor environments. This approach provides a robust and scalable framework for improving UAV navigation in critical applications, ensuring greater reliability under GPS-denied conditions. © 2026, Universidad Nacional de Colombia. All rights reserved.","factor graph optimization; GPS-denied navigation; localization accuracy; satellite-based augmentation system (SBAS); unmanned aerial vehicles (UAVs); visual–inertial odometry (VIO)","","Article","Final","All Open Access; Gold Open Access","Scopus","2-s2.0-105033716526"
"Pritzl V.; Vrba M.; Štěpán P.; Saska M.","Pritzl, Václav (57208176933); Vrba, Matouš (57210176108); Štěpán, Petr (6602895873); Saska, Martin (23470833800)","57208176933; 57210176108; 6602895873; 23470833800","Fusion of Visual-Inertial Odometry With LiDAR Relative Localization for Cooperative Guidance of a Micro-Scale Aerial Vehicle","2026","IEEE Access","14","","","31269","31285","0","10.1109/ACCESS.2026.3666998","https://www.scopus.com/pages/publications/105031489261?origin=resultslist","A novel relative localization approach for guidance of a micro-scale Unmanned Aerial Vehicle (UAV) by a well-equipped aerial robot fusing Visual-Inertial Odometry (VIO) with Light Detection and Ranging (LiDAR) is proposed in this paper. LiDAR-based localization is accurate and robust to challenging environmental conditions, but 3D LiDARs are relatively heavy and require large UAV platforms, in contrast to lightweight cameras. However, visual-based self-localization methods exhibit lower accuracy and can suffer from significant drift with respect to the global reference frame. To benefit from both sensory modalities, we focus on cooperative navigation in a heterogeneous team of a primary LiDAR-equipped UAV and a secondary micro-scale camera-equipped UAV. We propose a novel cooperative approach combining LiDAR relative localization data with VIO output on board the primary UAV to obtain an accurate pose of the secondary UAV. The pose estimate is used to precisely and reliably guide the secondary UAV along trajectories defined in the primary UAV reference frame. The experimental evaluation has shown the superior accuracy of our method to the raw VIO output, reaching the average 3D Absolute Trajectory Error (ATE) of 0.28 m, and demonstrated its capability to guide the secondary UAV along desired trajectories while mitigating VIO drift. Thus, such a heterogeneous system can explore large areas with LiDAR precision, as well as visit locations inaccessible to the large LiDAR-carrying UAV platforms, as was showcased in a real-world cooperative mapping scenario. © 2026 The Authors.","Cooperative guidance; LiDAR; localization; mobile robots; multi-robot system; unmanned aerial vehicle; visual-inertial odometry","Air navigation; Aircraft detection; Cameras; Computer vision; Mobile antennas; Mobile robots; Multipurpose robots; Optical radar; Robot applications; Trajectories; Vehicle detection; Vision; Aerial vehicle; Cooperative guidance; Light detection and ranging; Localisation; Multi-robot systems; Odometry; Relative localization; Unmanned aerial vehicle; Vehicle platforms; Visual-inertial odometry; Unmanned aerial vehicles (UAV)","Article","Final","All Open Access; Gold Open Access; Green Open Access","Scopus","2-s2.0-105031489261"
"Minervini A.; Primatesta S.; Guglieri G.","Minervini, Alessandro (57237211200); Primatesta, Stefano (56875453900); Guglieri, Giorgio (6701332943)","57237211200; 56875453900; 6701332943","Enhanced Altitude Estimation for Unmanned Aerial Vehicles in a GNSS-denied Environment","2024","2024 International Conference on Unmanned Aircraft Systems, ICUAS 2024","","","","1177","1183","3","10.1109/ICUAS60882.2024.10556904","https://www.scopus.com/pages/publications/85197439512?origin=resultslist","GNSS-denied environments represent challenging environments for autonomous drones. Ensuring an accurate altitude estimate plays a crucial role in guaranteeing mission efficiency in such scenarios. The literature on autonomous drone localization in GNSS-denied environments relies on visual inertial odometry-based algorithms. However, the reliability of this technology cannot be guaranteed in poor features environments (homogeneous floor, white walls) or in high and low brightness conditions. Even applications adopting loop closure algorithms in combination with visual inertial odometry localization suffer from considerable position estimation drift in challenging environments. This paper aims to propose a methodology to address the altitude estimation problem for drones operating in GNSS-denied environments by combining a V-SLAM algorithm with altitude measurements from a range finder. To account for ground inconsistencies due to varying terrain or obstacles, we have developed an Adaptive Kalman Filter. The Mahalanobis distance evaluation accomplishes the task of detecting these inconsistencies, enabling the filter to adapt and update states properly even in the presence of inconsistent range finder measurements. Experimental results demonstrate the effectiveness of the proposed solution in mitigating the drift accumulated by a purely V-SLAM algorithm.  © 2024 IEEE.","","Adaptive filters; Antennas; Global positioning system; Kalman filters; Radar equipment; Aerial vehicle; Altitude estimations; Condition; Estimation problem; Localisation; Loop closure algorithms; Odometry; Position estimation; Range-finder; SLAM algorithm; Drones","Conference paper","Final","","Scopus","2-s2.0-85197439512"
"Liu C.; Prior S.D.; Teacy W.T.L.; Warner M.","Liu, Chang (56824611900); Prior, Stephen D. (7005513805); Teacy, W.T. Luke (8969693000); Warner, Martin (25823530100)","56824611900; 7005513805; 8969693000; 25823530100","Computationally efficient visual-inertial sensor fusion for Global Positioning System-denied navigation on a small quadrotor","2016","Advances in Mechanical Engineering","8","3","","1","11","7","10.1177/1687814016640996","https://www.scopus.com/pages/publications/84962745350?origin=resultslist","Because of the complementary nature of visual and inertial sensors, the combination of both is able to provide fast and accurate 6 degree-of-freedom state estimation, which is the fundamental requirement for robotic (especially, unmanned aerial vehicle) navigation tasks in Global Positioning System-denied environments. This article presents a computationally efficient visual-inertial fusion algorithm, by separating orientation fusion from the position fusion process. The algorithm is designed to perform 6 degree-of-freedom state estimation, based on a gyroscope, an accelerometer and a monocular visual-based simultaneous localisation and mapping algorithm measurement. It also recovers the visual scale for the monocular visual-based simultaneous localisation and mapping. In particular, the fusion algorithm treats the orientation fusion and position fusion as two separate processes, where the orientation fusion is based on a very efficient gradient descent algorithm, whereas the position fusion is based on a 13-state linear Kalman filter. The elimination of the magnetometer sensor avoids the problem of magnetic distortion, which makes it a power-on-and-go system once the accelerometer is factory calibrated. The resulting algorithm shows a significant computational reduction over the conventional extended Kalman filter, with competitive accuracy. Moreover, the separation between orientation and position fusion processes enables the algorithm to be easily implemented onto two individual hardware elements and thus allows the two fusion processes to be executed concurrently. © SAGE Publications Ltd, unless otherwise noted. Manuscript content on this site is licensed under Creative Commons Licenses.","Global Positioning System denied; gradient descent algorithm; Kalman filter; navigation; quadrotor; sensor fusion; unmanned aerial vehicle; Visual inertial","","Article","Final","All Open Access; Gold Open Access; Green Open Access","Scopus","2-s2.0-84962745350"
"Lazareva P.A.; Malikov A.I.; Degtyarev G.L.; Mannanov R.T.; Shilin D.","Lazareva, P.A. (55799753900); Malikov, A.I. (60145879200); Degtyarev, G.L. (7003680344); Mannanov, R.T. (60145879300); Shilin, D. (60387869200)","55799753900; 60145879200; 7003680344; 60145879300; 60387869200","Development of an Algorithm for Absolute Visual Navigation of an Unmanned Aerial Vehicle","2025","Russian Aeronautics","68","3","","590","598","0","10.3103/S1068799825030067","https://www.scopus.com/pages/publications/105030032259?origin=resultslist","Abstract: A hybrid method for visual-inertial navigation of unmanned aerial vehicles is presented. It combines absolute navigation using a pre-downloaded satellite georeferenced map, visual odometry based on optical flow analysis, and inertial measurement unit data. The method utilizes key image feature matching using the SIFT algorithm for both absolute positioning and sparse optical flow computation. Integration of estimates from both approaches using an extended Kalman filter ensures smooth trajectories, compensates for outliers typical of absolute navigation, and eliminates coordinate drift inherent in visual odometry. © Allerton Press, Inc. 2025.","autonomous navigation; reference map; unmanned aerial vehicle; visual-inertial navigation; visual-inertial odometry","Antennas; Computer vision; Inertial navigation systems; Kalman filters; Optical flows; Unmanned aerial vehicles (UAV); Vision; Visual servoing; Aerial vehicle; Autonomous navigation; Inertial navigations; Odometry; Reference map; Unmanned aerial vehicle; Visual Navigation; Visual odometry; Visual-inertial navigation; Visual-inertial odometry; Air navigation","Article","Final","","Scopus","2-s2.0-105030032259"
"Surber J.; Teixeira L.; Chli M.","Surber, Julian (59990833400); Teixeira, Lucas (56844693200); Chli, Margarita (25654656600)","59990833400; 56844693200; 25654656600","Robust visual-inertial localization with weak GPS priors for repetitive UAV flights","2017","Proceedings - IEEE International Conference on Robotics and Automation","","","7989745","6300","6306","51","10.1109/ICRA.2017.7989745","https://www.scopus.com/pages/publications/85027972467?origin=resultslist","Agile robots, such as small Unmanned Aerial Vehicles (UAVs) can have a great impact on the automation of tasks, such as industrial inspection and maintenance or crop monitoring and fertilization in agriculture. Their deploy-ability, however, relies on the UAV's ability to self-localize with precision and exhibit robustness to common sources of uncertainty in real missions. Here, we propose a new system using the UAV's onboard visual-inertial sensor suite to first build a Reference Map of the UAV's workspace during a piloted reconnaissance flight. In subsequent flights over this area, the proposed framework combines keyframe-based visual-inertial odometry with novel geometric image-based localization, to provide a real-time estimate of the UAV's pose with respect to the Reference Map paving the way towards completely automating repeated navigation in this workspace. The stability of the system is ensured by decoupling the local visual-inertial odometry from the global registration to the Reference Map, while GPS feeds are used as a weak prior for suggesting loop closures. The proposed framework is shown to outperform GPS localization significantly and diminishes drift effects via global image-based alignment for consistently robust performance. © 2017 IEEE.","","Automation; Global positioning system; Robotics; Robots; System stability; Crop monitoring; Global registration; Gps localizations; Image-based localizations; Industrial inspections; Inertial localizations; Inertial sensor; Robust performance; Unmanned aerial vehicles (UAV)","Conference paper","Final","All Open Access; Green Open Access","Scopus","2-s2.0-85027972467"
"Çintaş E.; Özyer B.","Çintaş, Emre (57221615114); Özyer, Barış (26427803200)","57221615114; 26427803200","A robust fault-tolerant control algorithm for GPS-denied mini quadrotors using PID-TinyMPC and visual-inertial odometry","2026","Control Engineering Practice","169","","106779","","","0","10.1016/j.conengprac.2026.106779","https://www.scopus.com/pages/publications/105028271444?origin=resultslist","Fault-tolerant control (FTC) is crucial for ensuring the safety and reliability of autonomous quadrotors, especially in scenarios involving rotor failures. This paper presents a hybrid control architecture that combines a PID-based outer-loop controller with a TinyMPC-based inner-loop controller, integrated with visual-inertial odometry (VIO) for real-time state estimation. The proposed method enables a mini quadrotor to maintain stable flight and trajectory tracking even under rotor failure conditions, using only onboard sensors (IMU, barometer and monocular camera) without relying on external positioning systems such as GPS and VICON. The outer-loop PID controller handles position control at a lower frequency, while the inner-loop TinyMPC operates at a higher frequency to manage the fast-changing attitude dynamics. This design reduces computational overhead while maintaining spatial-temporal stability and precision. Experimental results demonstrate the effectiveness of the proposed method in real-world scenarios, where the quadrotor successfully maintains hovering under varying yaw rates and rotor speed reduction conditions. The proposed low-cost, computationally efficient solution addresses a significant gap in the literature by providing a robust FTC approach that is feasible for microcontrollers and resource-constrained platforms. The source code and some flight videos are publicly available at: https://github.com/emrecintas/fault_tolerant_control. © 2026 Elsevier Ltd","Computer vision; Fault-tolerant control; Quadrotor; Robot safety; Unmanned aerial vehicles; Visual-inertial odometry","Aircraft control; Antennas; Controllers; Fault tolerance; Fault tolerant computer systems; Flight control systems; Flight dynamics; Global positioning system; Navigation; Position control; Proportional control systems; Safety engineering; State estimation; Three term control systems; Unmanned aerial vehicles (UAV); Vision; Visual servoing; Aerial vehicle; Faults tolerant controls; Hybrid control architecture; Inner loops; Odometry; Outer-loop controller; Quad rotors; Robot safety; Unmanned aerial vehicle; Visual-inertial odometry; Computer vision","Article","Final","","Scopus","2-s2.0-105028271444"
"Wang X.; Zhang Z.; Li L.","Wang, Xin (57273176100); Zhang, Zuoming (57215563694); Li, Luchen (59544839300)","57273176100; 57215563694; 59544839300","A tightly-coupled dense monocular Visual-Inertial Odometry system with lightweight depth estimation network","2025","Applied Soft Computing","171","","112809","","","6","10.1016/j.asoc.2025.112809","https://www.scopus.com/pages/publications/85217016418?origin=resultslist","In various fields such as unmanned aerial vehicles (UAVs) and autonomous driving, monocular dense Simultaneous Localization and Mapping (SLAM) and Visual Odometry (VO) allow devices of above mentioned fields to estimate their position and orientation in real-time while constructing dense maps, relying solely on a single camera sensor. However, existing solutions for dense SLAM/VO systems often come with high computational costs and lead to issues, such as scale drift and reduced localization accuracy, making them less practical than their sparse counterparts. We present MVS-VIO, a novel dense monocular visual inertial odometry system composed of two main components: real-time pose estimation and global Truncated Signed Distance Function (TSDF) reconstruction. The first component is LW-MVSNET, a lightweight multi-view depth estimation network that utilizes only three views and 68 depth hypotheses. The adaptive view aggregation (AVA) and adaptive depth hypotheses (ADH) modules can effectively reject inaccurate depth estimation results, preventing significant error accumulation during runtime by adopting an uncertainty mask. The second is a tightly-coupled optimization method leveraging a deep photometric error. To address the problem of underutilization of information due to a delayed generation of depth estimation, we incorporate a delayed marginalization strategy to optimize all the variables. LW-MVSNET is trained on the Replica dataset and performs good generalization on the TUM-RGBD and the EuRoC datasets, and the ablation study further validates the effectiveness of our modules. Notably, in all real-world sequences of the EuRoC dataset, our proposed MVS-VIO system outperforms comparable dense monocular systems. It operates stably in all eleven sequences at a rate of 10.08 frames per second (FPS), and achieves an average absolute trajectory error (ATE) of 0.066 meters, which represents state-of-the-art performance. This demonstrates that our method can reconstruct dense maps in real-time while maintaining a level of accuracy comparable to that of sparse systems. © 2025 Elsevier B.V.","Dense SLAM; Depth estimation; Visual-Inertial Odometry","Depth perception; Forward error correction; Radomes; Aerial vehicle; Autonomous driving; Dense simultaneous localization and mapping; Depth Estimation; Odometry; Real- time; Simultaneous localization and mapping; Tightly-coupled; Visual odometry; Visual-inertial odometry; Unmanned aerial vehicles (UAV)","Article","Final","","Scopus","2-s2.0-85217016418"
"Hinzmann T.; Schneider T.; Dymczyk M.; Schaffner A.; Lynen S.; Siegwart R.; Gilitschenski I.","Hinzmann, Timo (57190120493); Schneider, Thomas (57190123859); Dymczyk, Marcin (56743317500); Schaffner, Andreas (56031394500); Lynen, Simon (55325827200); Siegwart, Roland (35926876800); Gilitschenski, Igor (55415577300)","57190120493; 57190123859; 56743317500; 56031394500; 55325827200; 35926876800; 55415577300","Monocular visual-inertial SLAM for fixed-wing UAVs using sliding window based nonlinear optimization","2016","Lecture Notes in Computer Science (including subseries Lecture Notes in Artificial Intelligence and Lecture Notes in Bioinformatics)","10072 LNCS","","","569","581","10","10.1007/978-3-319-50835-1_51","https://www.scopus.com/pages/publications/85007044602?origin=resultslist","Precise real-time information about the position and orientation of robotic platforms as well as locally consistent point-clouds are essential for control, navigation, and obstacle avoidance. For years, GPS has been the central source of navigational information in airborne applications, yet as we aim for robotic operations close to the terrain and urban environments, alternatives to GPS need to be found. Fusing data from cameras and inertial measurement units in a nonlinear recursive estimator has shown to allow precise estimation of 6-Degreeof- Freedom (DoF) motion without relying on GPS signals. While related methods have shown to work in lab conditions since several years, only recently real-world robotic applications using visual-inertial state estimation found wider adoption. Due to the computational constraints, and the required robustness and reliability, it remains a challenge to employ a visual-inertial navigation system in the field. This paper presents our tightly integrated system involving hardware and software efforts to provide an accurate visual-inertial navigation system for low-altitude fixedwing unmanned aerial vehicles (UAVs) without relying on GPS or visual beacons. In particular, we present a sliding window based visual-inertial Simultaneous Localization and Mapping (SLAM) algorithm which provides real-time 6-DoF estimates for control. We demonstrate the performance on a small unmanned aerial vehicle and compare the estimated trajectory to a GPS based reference solution. © Springer International Publishing AG 2016.","","Air navigation; Fixed wings; Global positioning system; Inertial navigation systems; Navigation; Navigation systems; Nonlinear programming; Robotics; Units of measurement; Unmanned aerial vehicles (UAV); Airborne applications; Computational constraints; Inertial measurement unit; Navigational information; Non-linear optimization; Position and orientations; Simultaneous localization and mapping algorithms; Small unmanned aerial vehicles; Visual servoing","Conference paper","Final","","Scopus","2-s2.0-85007044602"
"Prell R.; Rubio R.; Joseph S.; Negash N.; Sun L.","Prell, Ryan (60416261100); Rubio, Reagan (59046940000); Joseph, Soughtout (60416261200); Negash, Natnael (57724411500); Sun, Liang (59769104600)","60416261100; 59046940000; 60416261200; 57724411500; 59769104600","A Decision-Making Framework for Autonomous Aerial Vehicles in Responding to GPS Loss","2026","AIAA Science and Technology Forum and Exposition, AIAA SciTech Forum 2026","","","","","","0","10.2514/6.2026-1992","https://www.scopus.com/pages/publications/105031135869?origin=resultslist","Unmanned Aerial Vehicles (UAVs) face critical challenges when operating in environments where Global Positioning System (GPS) signals are degraded or unavailable. Existing work on GPS-denied navigation has produced capable localization and control techniques, but these contributions are often siloed and rarely integrate energy constraints, decision logic, and regulatory considerations into a cohesive architecture, especially in Beyond-Visual-Line-Of-Sight (BVLOS) operations. This paper proposes a unified, modular framework that couples resilient multimodal localization, such as visual–inertial odometry and simultaneous localization and mapping, with an energy-aware trajectory planner and a contingency-aware decision layer that manages actions such as rerouting, hovering, reorienting, returning to home, or performing a safe landing. The proposed framework explicitly encodes navigation confidence, command-and-control integrity, and logging for post-flight audit, enabling traceable behavior suitable for certification and large-scale deployment. By moving GPS-denied response from ad-hoc failsafe logic to a standardized, closed-loop decision-making model, this work provides a blueprint that can inform future performance standards and accelerate trustworthy beyond-visual-line-of-sight and advanced air mobility operations in real-world industrial, public-safety, and urban contexts. © 2025, American Institute of Aeronautics and Astronautics Inc, AIAA. All rights reserved.","","Air navigation; Command and control systems; Decision making; Global positioning system; Unmanned aerial vehicles (UAV); Visual servoing; Aerial vehicle; Critical challenges; Decision-making frameworks; Global positioning; Line of Sight; Lines-of-sight; Positioning system; System loss; System signals; Visual line; Antennas","Conference paper","Final","","Scopus","2-s2.0-105031135869"
"Wu X.; Chen S.; Sreenath K.; Mueller M.W.","Wu, Xiangyu (57203992131); Chen, Shuxiao (57219691314); Sreenath, Koushil (15728602700); Mueller, Mark W. (55555746200)","57203992131; 57219691314; 15728602700; 55555746200","Perception-Aware Receding Horizon Trajectory Planning for Multicopters With Visual-Inertial Odometry","2022","IEEE Access","10","","","87911","87922","11","10.1109/ACCESS.2022.3200342","https://www.scopus.com/pages/publications/85136688433?origin=resultslist","Visual inertial odometry (VIO) is widely used for the state estimation of multicopters, but it may function poorly in environments with few visual features or in overly aggressive flights. In this work, we propose a perception-aware collision avoidance trajectory planner for multicopters, that may be used with any feature-based VIO algorithm. Our approach can fly the vehicle to a goal position at high speed, avoiding obstacles in an unknown stationary environment while achieving good VIO state estimation accuracy. The proposed planner samples a group of minimum jerk trajectories and finds collision-free trajectories among them, which are then evaluated based on their speed to the goal and perception quality. Both the motion blur of features and their locations are considered for the perception quality. Our novel consideration of the motion blur of features enables automatic adaptation of the trajectory's aggressiveness under environments with different light levels. The best trajectory from the evaluation is tracked by the vehicle and is updated in a receding horizon manner when new images are received from the camera. Only generic assumptions about the VIO are made, so that the planner may be used with various existing systems. The proposed method can run in real-time on a small embedded computer on board. We validated the effectiveness of our proposed approach through experiments in both indoor and outdoor environments. Compared to a perception-agnostic planner, the proposed planner kept more features in the camera's view and made the flight less aggressive, making the VIO more accurate. It also reduced VIO failures, which occurred for the perception-agnostic planner but not for the proposed planner. The ability of the proposed planner to fly through dense obstacles was also validated. The experiment video can be found at https://youtu.be/qO3LZIrpwtQ.  © 2013 IEEE.","path planning; Uncertainty-aware planning; unmanned aerial vehicles","Antennas; Cameras; Image enhancement; Quality control; State estimation; Trajectories; Unmanned aerial vehicles (UAV); Aerial vehicle; Collisions avoidance; Motion blur; Odometry; Receding horizon; Trajectory Planning; Uncertainty; Uncertainty-aware planning; Unmanned aerial vehicle; Visual feature; Motion planning","Article","Final","All Open Access; Gold Open Access; Green Open Access","Scopus","2-s2.0-85136688433"
"Chang K.-L.; Lin H.-Y.","Chang, Kai-Lun (59169511000); Lin, Huei-Yung (8430638100)","59169511000; 8430638100","System Development and Integration of Unmanned Aerial Vehicle Navigation Techniques for Indoor Environments","2024","Proceedings of the IEEE International Conference on Industrial Technology","","","","","","1","10.1109/ICIT58233.2024.10540747","https://www.scopus.com/pages/publications/85195804019?origin=resultslist","In this paper we present the exploration of indoor positioning technologies for UAV s, and navigation techniques for path planning and obstacle avoidance. For the indoor positioning techniques, we employed Visual-Inertial Odometry (VIO), Ultra-Wideband (UWB), AprilTag fiducial markers, and Simultaneous Localization and Mapping (SLAM). These algorithms encompass global positioning, local positioning, and pre-mapping positioning, comparing the merits and drawbacks of various techniques and trajectories. In UAV navigation, we combined SLAM-based RTAB-Map indoor mapping and navigation path planning of the ROS for indoor environments. This system enables precise drone positioning indoors and utilizes global and local path planners to generate flight paths that avoid dynamic, static, unknown, and known obstacles, demonstrating high practicality and feasibility. The feasibility of our UAV path planning and obstacle avoidance navigation algorithms is tested in real and virtual environments. Code is available at https://github.com/kellen080INavigation and https://github.com/kellen080IIndoor-Positioning  © 2024 IEEE.","","Air navigation; Antennas; HTTP; Indoor positioning systems; Mapping; Motion planning; Ultra-wideband (UWB); Aerial vehicle; Indoor environment; Indoor positioning; Navigation techniques; Obstacles avoidance; Positioning technologies; Simultaneous localization and mapping; System development; System integration; Vehicle navigation; Unmanned aerial vehicles (UAV)","Conference paper","Final","","Scopus","2-s2.0-85195804019"
"Zhao J.; Deng Z.; Hu E.; Su W.; Lou B.; Liu Y.","Zhao, Jianmin (57364112500); Deng, Zhongliang (7402665569); Hu, Enwen (57194215370); Su, Wenju (57217100913); Lou, Boyang (59302573700); Liu, Yanxu (57202022912)","57364112500; 7402665569; 57194215370; 57217100913; 59302573700; 57202022912","An Indoor UAV Localization Framework with ESKF Tightly-Coupled Fusion and Multi-Epoch UWB Outlier Rejection","2025","Sensors","25","24","7673","","","2","10.3390/s25247673","https://www.scopus.com/pages/publications/105026112524?origin=resultslist","Unmanned aerial vehicles (UAVs) are increasingly used indoors for inspection, security, and emergency tasks. Achieving accurate and robust localization under Global Navigation Satellite System (GNSS) unavailability and obstacle occlusions is therefore a critical challenge. Due to their inherent physical limitations, Inertial Measurement Unit (IMU)–based localization errors accumulate over time, Ultra-Wideband (UWB) measurements suffer from systematic biases in Non-Line-of-Sight (NLOS) environments and Visual–Inertial Odometry (VIO) depends heavily on environmental features, making it susceptible to long-term drift. We propose a tightly coupled fusion framework based on the Error-State Kalman Filter (ESKF). Using an IMU motion model for prediction, the method incorporates raw UWB ranges, VIO relative poses, and TFmini altitude in the update step. To suppress abnormal UWB measurements, a multi-epoch outlier rejection method constrained by VIO is developed, which can robustly eliminate NLOS range measurements and effectively mitigate the influence of outliers on observation updates. This framework improves both observation quality and fusion stability. We validate the proposed method on a real-world platform in an underground parking garage. Experimental results demonstrate that, in complex indoor environments, the proposed approach exhibits significant advantages over existing algorithms, achieving higher localization accuracy and robustness while effectively suppressing UWB NLOS errors as well as IMU and VIO drift. © 2025 by the authors.","ESKF; IMU; indoor UAV localization; NLOS; outlier rejection; UWB","Antennas; Broadband networks; Communication satellites; Garages (parking); Global positioning system; Indoor positioning systems; Kalman filters; Mobile telecommunication systems; Motion estimation; Navigation; Remote sensing; Rock mechanics; Systematic errors; Unmanned aerial vehicles (UAV); Aerial vehicle; Error-state; Error-state kalman filter; Indoor unmanned aerial vehicle localization; Inertial measurements units; Nonline of sight; Outliers rejections; State kalman filter; Ultrawide band; Vehicle localization; algorithm; altitude; article; controlled study; global navigation satellite system; human experiment; indoor environment; inertial sensor; male; prediction; unmanned aerial vehicle; Ultra-wideband (UWB)","Article","Final","All Open Access; Gold Open Access; Green Open Access","Scopus","2-s2.0-105026112524"
"Wang Y.; Shao B.; Zhang C.; Zhao J.; Cai Z.","Wang, Yingxun (7601519334); Shao, Bo (58032456300); Zhang, Chongchong (58033134800); Zhao, Jiang (55543714900); Cai, Zhihao (8293047900)","7601519334; 58032456300; 58033134800; 55543714900; 8293047900","REVIO: Range- and Event-Based Visual-Inertial Odometry for Bio-Inspired Sensors","2022","Biomimetics","7","4","169","","","9","10.3390/biomimetics7040169","https://www.scopus.com/pages/publications/85144908162?origin=resultslist","Visual-inertial odometry is critical for Unmanned Aerial Vehicles (UAVs) and robotics. However, there are problems of motion drift and motion blur in sharp brightness changes and fast-motion scenes. It may cause the degradation of image quality, which leads to poor location. Event cameras are bio-inspired vision sensors that offer significant advantages in high-dynamic scenes. Leveraging this property, this paper presents a new range and event-based visual-inertial odometry (REVIO). Firstly, we propose an event-based visual-inertial odometry (EVIO) using sliding window nonlinear optimization. Secondly, REVIO is developed on the basis of EVIO, which fuses events and distances to obtain clear event images and improves the accuracy of position estimation by constructing additional range constraints. Finally, the EVIO and REVIO are tested in three experiments—dataset, handheld and flight—to evaluate the localization performance. The error of REVIO can be reduced by nearly 29% compared with EVIO in the handheld experiment and almost 28% compared with VINS-Mono in the flight experiment, which demonstrates the higher accuracy of REVIO in some fast-motion and high-dynamic scenes. © 2022 by the authors.","event camera; range sensor; sensor fusion; visual-inertial odometry (VIO)","","Article","Final","All Open Access; Gold Open Access; Green Open Access","Scopus","2-s2.0-85144908162"
"Yang D.; Liu H.; Jin X.; Chen J.; Wang C.; Ding X.; Xu K.","Yang, Daolong (58817032100); Liu, Haoyuan (57193813387); Jin, Xueying (57194428513); Chen, Jiawei (57206950505); Wang, Chengcai (57204827855); Ding, Xilun (7401929247); Xu, Kun (54584606300)","58817032100; 57193813387; 57194428513; 57206950505; 57204827855; 7401929247; 54584606300","Enhancing VIO Robustness Under Sudden Lighting Variation: A Learning-Based IMU Dead-Reckoning for UAV Localization","2024","IEEE Robotics and Automation Letters","9","5","","4535","4542","8","10.1109/LRA.2024.3377950","https://www.scopus.com/pages/publications/85188451640?origin=resultslist","Visual Inertial Odometry (VIO) is commonly used for real-time Unmanned Aerial Vehicle (UAV) localization. However, the performance of VIO significantly deteriorates when UAV encounters sudden lighting variation in the environment, which poses a significant risk during flight. To address this issue without introducing additional sensors, a learning-based dead-reckoning algorithm relying solely on inertial measurement, which shares the same source with VIO, is proposed. The core idea of our method tightly couples a model-based Left Invariant Extended Kalman Filter (LIEKF) with a statistical neural network, both driven by raw inertial measurement. We have validated our algorithm for comparable accuracy with commonly deployed VIO methods under favorable lighting conditions and outperforms other IMU dead-reckoning algorithms in open-source datasets and real-world scenarios. To further enhance localization robustness while UAV traverses environments with different lighting conditions, we introduce an approach that tightly integrates our algorithm with VIO, and validate its effectiveness in real-world scenarios. It is believed that our work presents a promising way for enhancing robustness in vision-based localization methods within the robotics society. © 2024 IEEE.","Aerial systems: perception and autonomy; deep learning methods; localization","Antennas; Bandpass filters; Deep learning; Learning algorithms; Lighting; Navigation; Neural networks; Robotics; Unmanned aerial vehicles (UAV); Aerial system: perception and autonomy; Aerial systems; Dead reckoning; Deep learning method; Learning methods; Localisation; Location awareness; Pedestrian; Prediction algorithms; System perception; Kalman filters","Article","Final","","Scopus","2-s2.0-85188451640"
"Li C.; He M.; Lyu X.; Meng Z.","Li, Chunyu (57221706174); He, Mengfan (58555192300); Lyu, Xu (57217675858); Meng, Ziyang (24169677800)","57221706174; 58555192300; 57217675858; 24169677800","In-Flight Initialization of Global Visual-Inertial Estimators using Geospatial Data","2024","IEEE International Conference on Intelligent Robots and Systems","","","","13450","13457","1","10.1109/IROS58592.2024.10802622","https://www.scopus.com/pages/publications/85216466137?origin=resultslist","In this work, we propose a solution that leverages geospatial data to initialize the monocular visual-inertial navigation system. For Visual-Inertial Navigation Systems (VINS) operating on UAVs, the ability to perform initialization and relocalization in mid-air is essential. However, degenerate motion can cause VINS to lose scale, making traditional initialization algorithms less reliable. To address this issue, we fuse geographic information in the initialization process, and utilize a learning-based feature matching algorithm to associate the information with inertial states. The proposed approach demonstrates adaptability to the degenerate motions of UAVs and significantly surpasses the estimation accuracy of conventional VINS initialization algorithms. Compared to methods that assist initialization by using a laser-range-finder (LRF), the proposed method solely relies on low-cost satellite imagery and elevation information. We evaluate the proposed approach on a large-scale UAV dataset, and compare with existing methods. The results demonstrate the superior effectiveness of the proposed method. © 2024 IEEE.","","Air navigation; Geographic information systems; Range finders; Unmanned aerial vehicles (UAV); Feature matching algorithms; Geo-spatial; Geographic information; Inertial navigations; Large-scales; Laser range finders; Low-costs; Re-localization; Inertial navigation systems","Conference paper","Final","","Scopus","2-s2.0-85216466137"
"Liu X.; Chu Z.; Zhao H.; Yu J.; Han W.","Liu, Xuhang (57215198623); Chu, Zilong (60374889900); Zhao, Hongli (60212519900); Yu, Jiahui (58860982000); Han, Wenting (22950341000)","57215198623; 60374889900; 60212519900; 58860982000; 22950341000","Multi-feature Fusion-based Pose Estimation Method for UAVs in Orchards; [基于多特征融合的果园无人机位姿估计方法]","2026","Nongye Jixie Xuebao/Transactions of the Chinese Society for Agricultural Machinery","57","4","","1","9","0","10.6041/j.issn.1000-1298.2026.04.001","https://www.scopus.com/pages/publications/105029531703?origin=resultslist","Aiming to address the challenge where canopy occlusion and repetitive features compromise unmanned aerial vehicle (UAV) pose estimation systems in orchard environments, a multi-feature fusion-based pose estimation method for UAVs in orchards was designed by introducing visual-inertial odometry technology and incorporating geometric constraints from point and line features. Firstly, the EDLines algorithm replaced the traditional LSD for extracting line features, while optical flow enabled rapid tracking and matching of feature points and lines across consecutive frames, with feature poses obtained through 3D feature reconstruction. Secondly, a tightly coupled pose estimation model was constructed to fuse inertial and visual information, within a local sliding window framework, a jointly minimized global cost function was established, the accurate position and attitude information of the orchard UAV was obtained by solving the cost function through optimization methods. Finally, comparative experiments were conducted in fruit-bearing apple orchards and grape greenhouses, with absolute trajectory error and relative trajectory error serving as evaluation metrics to validate the method's effectiveness. Experimental results demonstrated that compared with traditional pose estimation methods utilizing LSD algorithm-extracted line features, the proposed method reduced the average absolute trajectory error by 10% and the average relative trajectory error by 27% . This approach effectively enhanced the accuracy and robustness of orchard drone navigation systems, providing reliable support for ensuring the safety of orchard drone operations. © 2026 Chinese Society of Agricultural Machinery. All rights reserved.","multi-feature fusion; multi-sensor fusion; orchard UAV; pose estimation; visual-inertial odometry","Air navigation; Antennas; Computer vision; Cost estimating; Cost functions; Drones; Errors; Fruits; Navigation systems; Trajectories; Vision; Aerial vehicle; Estimation methods; Line features; Multi-feature fusion; Multi-sensor fusion; Odometry; Orchard unmanned aerial vehicle; Pose-estimation; Trajectory errors; Visual-inertial odometry; Orchards","Article","Final","","Scopus","2-s2.0-105029531703"
"Sun S.; Chen C.; Wang Z.; Zhou J.; Li L.; Yang B.; Cong Y.; Wang H.","Sun, Shangzhe (57841053100); Chen, Chi (56159197200); Wang, Zhiye (57211792415); Zhou, Jian (56323872500); Li, Liuchun (58771068900); Yang, Bisheng (55578807789); Cong, Yangzi (57209344180); Wang, Haoyu (57221590674)","57841053100; 56159197200; 57211792415; 56323872500; 58771068900; 55578807789; 57209344180; 57221590674","Real-Time UAV 3D Image Point Clouds Mapping","2023","ISPRS Annals of the Photogrammetry, Remote Sensing and Spatial Information Sciences","10","1-W1-2023","","1097","1104","6","10.5194/isprs-annals-X-1-W1-2023-1097-2023","https://www.scopus.com/pages/publications/85183027329?origin=resultslist","This paper proposes a real-time 3D image point clouds mapping algorithm for UAVs that is capable of mapping effectively in weak GNSS environments. And a UAV mapping system is integrated with a RGB camera, an inertial measurement unit (IMU), a GNSS receiver, data transmission devices, and a DJI M300 flight platform. To achieve real-time and robust mapping, the system utilizes a visual-inertial odometry (VIO) that tightly couples GNSS, RGB image, and IMU, which provides stable state estimation information for mapping. Subsequently, a dense matching algorithm based on key frames is adopted to recover 3D mapping information with low-computational cost. Extensive experiments are conducted on our test site, demonstrating the system's ability to build maps stably, even under the effect of wind. The results compared with the trajectory reconstructed by Pix4D show that the system achieves competitive accuracy of pose estimation and is capable of real-time mapping. © Author(s) 2023. CC BY 4.0 License.","Mapping; Real-time; SLAM; UAV; VIO","Conformal mapping; Global positioning system; 3-D image; 3D-images; Image points; Inertial measurements units; Mapping algorithms; Odometry; Point-clouds; Real- time; SLAM; Visual-inertial odometry; Unmanned aerial vehicles (UAV)","Conference paper","Final","All Open Access; Gold Open Access; Green Open Access","Scopus","2-s2.0-85183027329"
"Timotheatos S.; Piperakis S.; Trahanias P.","Timotheatos, Stavros (6504428366); Piperakis, Stylianos (56423532000); Trahanias, Panos (7003421942)","6504428366; 56423532000; 7003421942","Visual Horizon Line Detection For Uav Navigation","2019","International Journal of Mechanics and Control","20","1","","35","51","9","","https://www.scopus.com/pages/publications/85068613755?origin=resultslist","In this paper we extend our previous work and present a novel framework for visual horizon line (HL) detection and estimation of two critical UAV navigation parameters, namely roll angle, ϕroll, and pitch angle, θpitch. The proposed HL detection scheme is based on a Hough line segments detector along with an optimization step performed by a Particle Swarm optimization (PSO) algorithm. The PSO’s objective function is based on a variation of the Bag of Words (BOW) method to effectively consider multiple image descriptors and key-points and facilitate efficient computation times. More specifically, the image features employed are PHOW, ORB, HOG, texture and color. The PSO’s candidate HL solutions are geometrically constrained by the vertical (so-called zenith) image vanishing point. The proposed framework is qualitatively and quantitatively assessed in multiple image datasets captured under real world conditions with ground-truth data, indicating the effectiveness and robustness of the proposed HL detector. Additionally, we experimentally compare our scheme with the Hough HL detector, two deep learning based HL estimators, two prominent examples of line detection, and finally a vanishing point HL detector, and demonstrate a significant boost in accuracy. Furthermore, since this scheme is used for UAV navigation, the HL derived ϕroll and θpitch angles are implemented as a sensor fusion update step for the UAV real time estimation framework based on an Extended Kalman Fliter (EKF). To this end, to further validate our approach we favourably compare the HL derived roll and pitch angles to the UAV’s Inertial Measurement Unit (IMU) ones obtained with a complementary filter, a visual slam, ORB-SLAM and a visual inertial odometry scheme, SVO2 in real time navigation scenarios. © 2019, International Journal of Mechanics and Control, All Rights Reserved.","BOW; Horizon Line; Kalman; Navigation; Pitch; PSO; Roll; UAV","","Article","Final","","Scopus","2-s2.0-85068613755"
"Lee J.; Lee K.","Lee, Joohyuk (59202680300); Lee, Kyuman (57193932345)","59202680300; 57193932345","Active Heading Planning for Improving Visual-Inertial Odometry","2024","2024 International Conference on Unmanned Aircraft Systems, ICUAS 2024","","","","1085","1092","0","10.1109/ICUAS60882.2024.10556967","https://www.scopus.com/pages/publications/85197418028?origin=resultslist","Visual-inertial odometry (VIO) is a technique to estimate the motion of a vehicle platform by fusing camera and inertial sensor data. It operates effectively in GPS-denied environments such as indoors and is widely utilized in applications like autonomous navigation of unmanned aerial vehicles (UAVs) due to its real-time performance and high localization accuracy. However, since VIO relies on textures in the environment or features extracted from image frames, localization may easily fail if the number of feature points in the image is insufficient or the U AV faces a low-texture environment. To address these issues, we propose an active VIO algorithm by planning heading angles autonomously. This algorithm improves VIO accuracy and maintains robust localization even in an unknown environment by employing heading planning to acquire more feature points in the subsequent image frames. To achieve this, we first divide an image frame into several sections and count the number of feature points in each section. Next, we determine the desired heading angle based on the feature-occupied ratio of each section. The proposed approach is validated in various cases in a simulation environment that mimics an indoor warehouse.  © 2024 IEEE.","","Air navigation; Antennas; Image enhancement; Aerial vehicle; Autonomous navigation; Camera sensor; Heading angles; Image frames; Inertial sensor; Localisation; Odometry; Sensors data; Vehicle platforms; Textures","Conference paper","Final","","Scopus","2-s2.0-85197418028"
"Jantos T.; Scheiber M.; Brommer C.; Allak E.; Weiss S.; Steinbrener J.","Jantos, Thomas (57201074834); Scheiber, Martin (57215558646); Brommer, Christian (57205327640); Allak, Eren (57207816572); Weiss, Stephan (57212748175); Steinbrener, Jan (31967885400)","57201074834; 57215558646; 57205327640; 57207816572; 57212748175; 31967885400","AIVIO: Closed-Loop, Object-Relative Navigation of UAVs With AI-Aided Visual Inertial Odometry","2024","IEEE Robotics and Automation Letters","9","12","","10764","10771","3","10.1109/LRA.2024.3479713","https://www.scopus.com/pages/publications/85207374935?origin=resultslist","Object-relative mobile robot navigation is essential for a variety of tasks, e.g. autonomous critical infrastructure inspection, but requires the capability to extract semantic information about the objects of interest from raw sensory data. While deep learning-based (DL) methods excel at inferring semantic object information from images, such as class and relative 6◦ of freedom (6-DoF) pose, they are computationally demanding and thus often not suitable for payload constrained mobile robots. In this letter we present a real-time capable unmanned aerial vehicle (UAV) system for object-relative, closed-loop navigation with a minimal sensor configuration consisting of an inertial measurement unit (IMU) and RGB camera. Utilizing a DL-based object pose estimator, solely trained on synthetic data and optimized for companion board deployment, the object-relative pose measurements are fused with the IMU data to perform object-relative localization. We conduct multiple real-world experiments to validate the performance of our system for the challenging use case of power pole inspection. An example closed-loop flight is presented in the supplementary video. © 2024 The Authors.","AI-based methods; autonomous vehicle navigation; object-relative localization; vision-based navigation","Deep learning; Intelligent vehicle highway systems; Mobile robots; Robot programming; AI-based method; Autonomous vehicle navigation; Closed-loop; Inertial measurements units; Mobile Robot Navigation; Object-relative localization; Odometry; Relative localization; Relative navigation; Vision based navigation; Unmanned aerial vehicles (UAV)","Article","Final","All Open Access; Hybrid Gold Open Access","Scopus","2-s2.0-85207374935"
"Wang F.; Zou Y.; Zhang C.; Buzzatto J.; Liarokapis M.; del Rey Castillo E.; Lim J.B.P.","Wang, Feng (57837478200); Zou, Yang (57072337800); Zhang, Cheng (57215606192); Buzzatto, Joao (57221563393); Liarokapis, Minas (36802202100); del Rey Castillo, Enrique (57202917547); Lim, James B.P. (7403452656)","57837478200; 57072337800; 57215606192; 57221563393; 36802202100; 57202917547; 7403452656","UAV navigation in large-scale GPS-denied bridge environments using fiducial marker-corrected stereo visual-inertial localisation","2023","Automation in Construction","156","","105139","","","25","10.1016/j.autcon.2023.105139","https://www.scopus.com/pages/publications/85174707894?origin=resultslist","The use of Unmanned Aerial Vehicles (UAVs) for bridge inspection has gained popularity recently; however, accurately localising the UAV in GPS-denied areas is still challenging, which hinders the development of fully autonomous UAV-assisted bridge inspection solutions. This paper proposes a fiducial marker-corrected stereo visual-inertial localisation (FMC-SVIL) method, running on a resource-constrained onboard computer, to estimate UAV's global pose underneath bridge girders. The proposed FMC-SVIL utilises an optimised stereo visual-inertial odometry for continuous relative pose estimation between consecutive camera frames and an improved AprilTag2-based measurement algorithm for accurate global referencing and periodic pose corrections. The method is validated through extensive experiments, and the results show that the FMC-SVIL achieved UAV localisation with a root mean square error of 0.416 m in sunny conditions and 0.340 m in cloudy conditions. FMC-SVIL outperforms the leading vision-based simultaneous localisation and mapping (SLAM) algorithms for flights over multiple bridge spans. © 2023 The Authors","AprilTag2-based pose correction; Bridge inspection; Fiducial markers; GPS-denied area; Localisation; Stereo visual-inertial odometry; Unmanned aerial vehicles (UAVs)","Air navigation; Antennas; Global positioning system; Inspection; Mean square error; Stereo image processing; Aerial vehicle; Apriltag2-based pose correction; Bridge inspection; Fiducial marker; GPS-denied area; Inertial localizations; Localisation; Odometry; Stereo visual-inertial odometry; Unmanned aerial vehicle; Unmanned aerial vehicles (UAV)","Article","Final","All Open Access; Green Open Access; Hybrid Gold Open Access","Scopus","2-s2.0-85174707894"
"Qiao P.; Wu R.; Sun L.; Yang D.","Qiao, Pingan (57401745900); Wu, Ruichen (58099316100); Sun, Lei (58259391800); Yang, Dongfang (55888542900)","57401745900; 58099316100; 58259391800; 55888542900","A New Visual & Inertial Based Satellite Quality Evaluation Method","2022","ACM International Conference Proceeding Series","","","","1075","1080","0","10.1145/3573942.3573994","https://www.scopus.com/pages/publications/85160056306?origin=resultslist","Visual and inertial navigation have obvious complementarity in navigation accuracy, and the combined navigation of the two has excellent anti-interference ability. In this paper, a visual-inertial-based satellite quality evaluation method is proposed. This method can judge whether the GPS (Global Positioning System) is interfered by comparing the visual-inertial navigation information with the GPS data information in the geographic coordinate system. This method enables the UAV to quickly switch the navigation mode under the condition of being disturbed, which ensures that the navigation function is accurate and free from interference, and provides a more solid foundation for the navigation of the UAV and other platforms. © 2022 ACM.","GPS Quality Evaluation; Navigation; SLAM; VINS-Mono","Air navigation; Global positioning system; Inertial navigation systems; Quality control; Combined navigation; Global positioning system quality evaluation; Inertial navigations; Navigation accuracy; Quality evaluation; Quality evaluation method; SLAM; System quality; VINS-mono; Visual Navigation; Unmanned aerial vehicles (UAV)","Conference paper","Final","","Scopus","2-s2.0-85160056306"
"Zhu X.; Zhou J.; Liang J.; Zhou D.; Qiu Z.; Wang Y.; Wu S.; Wu Z.","Zhu, Xiangyu (58162535500); Zhou, Jiaqi (59350806300); Liang, Juntao (58001986700); Zhou, Dongjie (59725840300); Qiu, Zhoujingzi (57195108194); Wang, Yong (56147684000); Wu, Shunan (59127007100); Wu, Zhigang (56270521900)","58162535500; 59350806300; 58001986700; 59725840300; 57195108194; 56147684000; 59127007100; 56270521900","A Simulated Dataset to Evaluate the Visual-Inertial Odometry Algorithms","2025","Communications in Computer and Information Science","2323 CCIS","","","202","207","0","10.1007/978-981-96-3349-4_24","https://www.scopus.com/pages/publications/105002023327?origin=resultslist","Visual-Inertial Odometry (VIO) algorithms play a crucial role in navigation and localization applications. However, they still face challenges in dynamic and adverse weather environments. Existing datasets often fail to capture the characteristics of such environments, making it difficult to evaluate the robustness of current VIO methods. To address this issue, we propose three contributions in this paper. Firstly, we present a novel dataset that records the flight of a simulated unmanned aerial vehicle (UAV) in challenging dynamic and foggy conditions. The dataset includes five different scenes, each with distinct characteristics, where we introduce moving objects and vary lighting and weather conditions. It comprises synchronized images, IMU data, as well as ground truth trajectories. Secondly, we compare state-of-the-art VIO algorithms on our dataset, demonstrating significant performance degradation in the aforementioned scenes. Lastly, we summarize the limitations of current VIO algorithms and provide insights into future research directions. © The Author(s), under exclusive license to Springer Nature Singapore Pte Ltd. 2025.","Datasets for Slam; Dynamic Environment; Visual-Inertial Slam","Antenna grounds; Inertial navigation systems; SLAM robotics; 'current; Adverse weather; Aerial vehicle; Dataset for slam; Dynamic environments; Localisation; Odometry; Odometry algorithms; Simulated datasets; Visual-inertial slam; Unmanned aerial vehicles (UAV)","Conference paper","Final","","Scopus","2-s2.0-105002023327"
"Hu J.; Lang X.; Zhang F.; Mao Y.; Huang G.","Hu, Jun (57852775000); Lang, Xiaoming (57853062300); Zhang, Feng (59165533500); Mao, Yinian (57221631673); Huang, Guoquan (56422882400)","57852775000; 57853062300; 59165533500; 57221631673; 56422882400","Square-Root Inverse Filter-based GNSS-Visual-Inertial Navigation","2024","Proceedings - IEEE International Conference on Robotics and Automation","","","","1646","1652","0","10.1109/ICRA57147.2024.10611666","https://www.scopus.com/pages/publications/85202438425?origin=resultslist","While Global Navigation Satellite System (GNSS) is often used to provide global positioning if available, its intermittency and/or inaccuracy calls for fusion with other sensors. In this paper, we develop a novel GNSS-Visual-Inertial Navigation System (GVINS) that fuses visual, inertial, and raw GNSS measurements within the square-root inverse sliding window filtering (SRI-SWF) framework in a tightly coupled fashion, which thus is termed SRI-GVINS. In particular, for the first time, we deeply fuse the GNSS pseudorange, Doppler shift, single-differenced pseudorange, and double-differenced carrier phase measurements, along with the visual-inertial measurements. Inherited from the SRI-SWF, the proposed SRI-GVINS gains significant numerical stability and computational efficiency over the start-of-the-art methods. Additionally, we propose to use a filter to sequentially initialize the reference frame transformation till converges, rather than collecting measurements for batch optimization. We also perform online calibration of GNSS-IMU extrinsic parameters to mitigate the possible extrinsic parameter degradation. The proposed SRI-GVINS is extensively evaluated on our own collected UAV datasets and the results demonstrate that the proposed method is able to suppress VIO drift in real-time and also show the effectiveness of online GNSS-IMU extrinsic calibration. The experimental validation on the public datasets further reveals that the proposed SRI-GVINS outperforms the state-of-the-art methods in terms of both accuracy and efficiency. © 2024 IEEE.","","Global positioning system; Image coding; Image segmentation; Inverse problems; Phase measurement; Strain measurement; Synthetic apertures; Velocity measurement; Wiener filtering; Extrinsic parameter; Filter-based; Global Navigation Satellite Systems; Global positioning; Inertial navigations; Intermittency; Inverse filters; Pseudorange; Sliding Window; Square-root; Inertial navigation systems","Conference paper","Final","","Scopus","2-s2.0-85202438425"
"Zhang J.; Yang J.; Shang Q.; Li M.","Zhang, Jiahui (57206851431); Yang, Jinfu (55719542500); Shang, Qingzhen (57556740500); Li, Mingai (55388854300)","57206851431; 55719542500; 57556740500; 55388854300","PLI-VIO: Real-time Monocular Visual-inertial Odometry Using Point and Line Interrelated Features","2023","International Journal of Control, Automation and Systems","21","6","","2004","2019","13","10.1007/s12555-022-0210-9","https://www.scopus.com/pages/publications/85158814896?origin=resultslist","As a popular technology, visual-inertial odometry (VIO) has been widely applied in many fields such as autonomous robots and unmanned aerial vehicle (UAV). However, the trade-off between localization accuracy and real-time performance still needs to be optimized. This paper presents a real-time tightly-coupled monocular VIO system using point and line interrelated features (PLI-VIO) under the sliding window optimization framework. In line feature extraction part of PLI-VIO, a line segment extraction and coalescence algorithm based on EDlines is proposed, which extracts line features in real-time without concession on feature quality. At the same time, in order to get efficient and robust line tracking effect, PLI-VIO presents a line-to-point tracking method that fully utilizes the interrelation between point and line. Specifically, line features are divided as a group of points and tracked by pyramidal implementation of Lucas Kanade feature tracker. The proposed line feature tracking method can effectively reduce time consumption on tracking process in a robust way. Extensive evaluations on Euroc and TUM-VI public datasets are performed to demonstrate the preferable performance of our proposed system, and the results show that PLI-VIO obtains better localization accuracy with less computation cost compared against other state-of-the-art VIO algorithms. © 2023, ICROS, KIEE and Springer.","Autonomous robots; localization; point and line interrelated feature; visual-inertial odometry","Antennas; Economic and social effects; Extraction; Unmanned aerial vehicles (UAV); Aerial vehicle; Line features; Localisation; Localization accuracy; Odometry; Point and line interrelated feature; Real- time; Tracking method; Trade off; Visual-inertial odometry; Robots","Article","Final","","Scopus","2-s2.0-85158814896"
"Zhou Y.; Qin G.; Lin F.","Zhou, Yu (57205889767); Qin, Geng (57201646174); Lin, Feng (57207332880)","57205889767; 57201646174; 57207332880","Development of nano UAV platform for navigation in GPS-denied environment using snapdragon","2018","Proceedings: IECON 2018 - 44th Annual Conference of the IEEE Industrial Electronics Society","","","8592913","5642","5647","3","10.1109/IECON.2018.8592913","https://www.scopus.com/pages/publications/85061556753?origin=resultslist","In order to develop a nano UAV in a GPS-denied environment, a visual-inertial system (VINS) consisting of a monocular camera and a low-cost inertial measurement unit (IMU) should be integrated, as they make a minimum, ultra lightweight sensor suite that enables both autonomous flight and sufficient environment awareness. Although there are numerous potential applications, getting to understand the structure of the flight platform can be cumbersome and confusing. Packages and resources provided on the Qualcomm developer network (QCN) and their official GitHub group ATLFlight contain un-unified and disorderly chunks of information. In this paper, we present an organized documentation that presents in detail, the platform structure as a whole, from hardware to software architecture, including installation and API related applications. © 2018 IEEE.","Snapdragon Flight; Tutorial; UAV; Visual inertial odometry","Application programs; Industrial electronics; Nanosensors; Autonomous flight; Environment awareness; Inertial measurement unit; Monocular cameras; Odometry; Snapdragon Flight; Tutorial; Ultra lightweights; Unmanned aerial vehicles (UAV)","Conference paper","Final","","Scopus","2-s2.0-85061556753"
"Li C.; Qi X.; Zhao J.; Liao X.; Lin Z.; Ma H.; Liang X.","Li, Chen (57196073141); Qi, Xuelei (57311824800); Zhao, Juntao (58070659000); Liao, Xuanhong (58070533200); Lin, Zitian (58070504300); Ma, Hongjun (55751853800); Liang, Xinkai (57211276297)","57196073141; 57311824800; 58070659000; 58070533200; 58070504300; 55751853800; 57211276297","A Novel Relocating Recognition Algorithm in Overlapping Region for Multi-UAVs Cluster","2022","Proceedings of 2022 IEEE International Conference on Unmanned Systems, ICUS 2022","","","","1089","1094","2","10.1109/ICUS55513.2022.9986862","https://www.scopus.com/pages/publications/85146495743?origin=resultslist","How improve the mapping efficiency and location accuracy of the multi-UAV cluster based on the distributed SLAM technology is a significant problem in overlapping regions. Therefore, this paper mainly proposes a novel relocation recognition algorithm for the multi-UAV cluster. First, the autonomous localization algorithm based on visual-inertial fusion is proposed. Then, the algorithm for vocabulary updating and relocating is designed. Finally, practical testing is implemented to verify and improve the efficiency of exploration ability and the accuracy of the autonomous navigation and positioning in the complex overlapping regions. © 2022 IEEE.","overlapping region; relocation; simultaneous localization and mapping; UAV cluster","Ability testing; Clustering algorithms; Efficiency; Mapping; Robotics; Autonomous navigation; Cluster-based; Inertial fusion; Localization algorithm; Location accuracy; Multi UAV; Overlapping regions; Recognition algorithm; Simultaneous localization and mapping; UAV cluster; Unmanned aerial vehicles (UAV)","Conference paper","Final","","Scopus","2-s2.0-85146495743"
"Liu X.; Peng Y.; Yu H.; Wang X.","Liu, Xudong (58806604300); Peng, Yufan (58511983500); Yu, Huangchao (56764796500); Wang, Xiangke (34877903600)","58806604300; 58511983500; 56764796500; 34877903600","Gateway Crossing Method for Unmanned Aerial Vehicles Based on Lightweight Corner-Assisted Localization and Visual-Inertial Navigation","2023","Proceedings - 2023 2nd International Conference on Machine Learning, Cloud Computing, and Intelligent Mining, MLCCIM 2023","","","","183","189","0","10.1109/MLCCIM60412.2023.00032","https://www.scopus.com/pages/publications/85182030639?origin=resultslist","This paper proposes a lightweight gateway crossing method for micro-UAVs that integrates certain map prior information, based on a traditional visual-inertial odometer. A visual-inertial navigation system which fuses the gateway corner information is firstly introduced. This system includes a corner-assisted localization method, misrecognition detection mechanism and fusion method. The gateway crossing simulation and flight tests are carried out. The results show advantages in the accuracy, speed and lightweight of the proposed gateway crossing method for UAVs. The average trajectory error of the positioning system decreases by 20.1 % (simulation) and 34.3% (physical test) compared to those of VINS- Mono. The proposed method outperforms the gateway crossing method based on EGO-Planner in terms of memory and CPU utilization savings, with 29.0% (simulation) and 7.7% (physical test) memory usage reduction, and 21.9% (simulation) and 17.7% (physical test) CPU usage reduction.  © 2023 IEEE.","autonomous positioning and navigation; corner-assisted localization; gateway crossing; micro UAV; visual inertia odometer","Air navigation; Antennas; Edge detection; Flight simulators; Unmanned aerial vehicles (UAV); % reductions; Aerial vehicle; Autonomous positioning and navigation; Corner-assisted localization; Gateway crossing; Localisation; Micro UAVs; Micro-UAV; Physical tests; Visual inertia odometer; Inertial navigation systems","Conference paper","Final","","Scopus","2-s2.0-85182030639"
"Liu Y.; Dong J.; Li Y.; Gong X.; Wang J.","Liu, Yuanpeng (57559819400); Dong, Jingxuan (57220546226); Li, Yida (58028352900); Gong, Xiaoxi (57208545781); Wang, Jun (55878876500)","57559819400; 57220546226; 58028352900; 57208545781; 55878876500","A UAV-Based Aircraft Surface Defect Inspection System via External Constraints and Deep Learning","2022","IEEE Transactions on Instrumentation and Measurement","71","","5019315","","","48","10.1109/TIM.2022.3198713","https://www.scopus.com/pages/publications/85136876079?origin=resultslist","In the field of aircraft maintenance, regular inspection of fuselage surface during the aircraft life cycle is a vital task to ensure the aircraft quality and flight safety. Currently, the inspection task is generally carried out manually in an indoor hangar, which is with low efficiency and reliability. In this article, a novel system based on the unmanned aerial vehicle (UAV) is presented to achieve automated aircraft surface inspection efficiently. The hardware is established with a lightweight and low-cost flight platform, on which a sensor containing an inertial measurement unit (IMU) and a camera is equipped for UAV localization. A high-resolution camera is equipped to collect images of fuselage for defect detection. Our inspection framework is mainly composed of two modules: the UAV localization module and the defect detection module. The localization module is designed to estimate the relative pose between the UAV and the aircraft, providing the foundation for image positioning on the aircraft surface. The existing visual-inertial odometry (VIO) approach is adopted to implement the pose estimation. To reduce the large drifts caused by the VIO approach, a novel method is proposed to deploy precalibrated ArUco markers around the aircraft, which serve as external constraints for the VIO objective to realize joint optimization of the camera pose. In addition, an adaptive weighting method is proposed, which takes into consideration the recognition effect of markers to balance the external constraints. The defect detection module aims to detect defects on the fuselage surface from images captured by the high-resolution camera, which is implemented based on deep learning. To address the issue of detection on a few training samples, the transfer learning strategy is exploited to first pretrain the model on a public defect dataset and then fine-tune it on our collected aircraft defect dataset. After detecting the defects, the defective region is reflected on the fuselage surface through the UAV pose on the corresponding frame provided by the localization module, realizing the accurate defect localization. Experiments on both the simulation environment and real data demonstrate the superiority of our proposed external localization module and the effectiveness of the crack detection module.  © 1963-2012 IEEE.","Aircraft surface inspection; defect detection; pose estimation; unmanned aerial vehicles (UAVs); visual-inertial odometry (VIO)","Air navigation; Aircraft detection; Antennas; Deep learning; Fuselages; Life cycle; Surface defects; Unmanned aerial vehicles (UAV); Aerial vehicle; Aircraft navigation; Aircraft surface; Aircraft surface inspection; Defect detection; Location awareness; Odometry; Pose-estimation; Surface cracks; Surface inspection; Unmanned aerial vehicle; Visual-inertial odometry; Cameras","Article","Final","","Scopus","2-s2.0-85136876079"
"Tang Q.; Wang L.; Shi J.; Li C.; Liu Y.; Ao Y.","Tang, Qinqin (59890909400); Wang, Lixi (59725988500); Shi, Jingwei (59560925800); Li, Chunhui (59726830200); Liu, Yunping (36158490900); Ao, Yangfan (58934278900)","59890909400; 59725988500; 59560925800; 59726830200; 36158490900; 58934278900","Design of UAV visual-inertial odometry in complex environment; [复杂环境下无人机视觉惯性里程计设计]","2025","Zhongguo Guanxing Jishu Xuebao/Journal of Chinese Inertial Technology","33","2","","140","146","1","10.13695/j.cnki.12-1222/o3.2025.02.005","https://www.scopus.com/pages/publications/105002030646?origin=resultslist","A visual-inertial odometry system integrating monocular event camera/monocular standard camera/inertial measurement unit (IMU) is designed to enhance the pose accuracy of unmanned aerial vehicles (UAVs) in complex environment with rapid motion and large illumination changes. Firstly, the angular velocities of IMU and the backend linear velocities of visual inertial odometry are utilized to compensate for rotation and translation of event frames, thereby generating high-quality event frames. Secondly, the BEBLID descriptor extraction algorithm is used to enhance the feature matching ability of event frames and standard frames. Frame-based feature tracking method is employed independently on event frames and standard frames, and the depth estimation is conducted using random sample consensus and triangulation. An optimization-based approach tightly couples the three sensors. Finally, experimental verification is carried out on the UZH-FPV dataset. The experimental results show that the proposed method reduces the average absolute positioning error of UAVs by 19.6% compared with PL-EVIO in scenes with large illumination changes. In scenes with high-speed motion, the reduction is 46.9% compared with Ultimate SLAM. © 2025 Editorial Department of Journal of Chinese Inertial Technology. All rights reserved.","event camera; image matching; motion compensation; UAV; visual-inertial odometry","Image matching; Motion compensation; Aerial vehicle; Complex environments; Event camera; Event frames; Illumination changes; Inertial measurements units; Matchings; Odometry; Unmanned aerial vehicle; Visual-inertial odometry; Unmanned aerial vehicles (UAV)","Article","Final","","Scopus","2-s2.0-105002030646"
"Irfan M.; Dalai S.; Trslic P.; Riordan J.; Dooly G.","Irfan, Mahammad (57220039222); Dalai, Sagar (57220023661); Trslic, Petar (57203132920); Riordan, James (8432943300); Dooly, Gerard (14123121400)","57220039222; 57220023661; 57203132920; 8432943300; 14123121400","LSAF-LSTM-Based Self-Adaptive Multi-Sensor Fusion for Robust UAV State Estimation in Challenging Environments †","2025","Machines","13","2","130","","","13","10.3390/machines13020130","https://www.scopus.com/pages/publications/85219059669?origin=resultslist","Unmanned aerial vehicle (UAV) state estimation is fundamental across applications like robot navigation, autonomous driving, virtual reality (VR), and augmented reality (AR). This research highlights the critical role of robust state estimation in ensuring safe and efficient autonomous UAV navigation, particularly in challenging environments. We propose a deep learning-based adaptive sensor fusion framework for UAV state estimation, integrating multi-sensor data from stereo cameras, an IMU, two 3D LiDAR’s, and GPS. The framework dynamically adjusts fusion weights in real time using a long short-term memory (LSTM) model, enhancing robustness under diverse conditions such as illumination changes, structureless environments, degraded GPS signals, or complete signal loss where traditional single-sensor SLAM methods often fail. Validated on an in-house integrated UAV platform and evaluated against high-precision RTK ground truth, the algorithm incorporates deep learning-predicted fusion weights into an optimization-based odometry pipeline. The system delivers robust, consistent, and accurate state estimation, outperforming state-of-the-art techniques. Experimental results demonstrate its adaptability and effectiveness across challenging scenarios, showcasing significant advancements in UAV autonomy and reliability through the synergistic integration of deep learning and sensor fusion. © 2025 by the authors.","adaptive fusion; LiDAR-visual-inertial odometry; LSTM; MSCKF; multi-sensor fusion; ROS; state estimation; UAV","","Article","Final","All Open Access; Gold Open Access; Green Open Access","Scopus","2-s2.0-85219059669"
"Tang J.; Guo T.; Liudan; Li J.; Sun J.; Huang W.; Wang Q.","Tang, Jiaze (57223700964); Guo, Tianxing (57609099300); Liudan (35094126000); Li, Junbao (36065563600); Sun, Jinwei (7410368709); Huang, Wenbin (59143146900); Wang, Qisong (7408168840)","57223700964; 57609099300; 35094126000; 36065563600; 7410368709; 59143146900; 7408168840","Design and Implementation of Indoor Visual Autonomous Navigation System for Quadrotor UAV Based on Binocular Camera and IMU","2023","2023 3rd International Conference on Computer Science, Electronic Information Engineering and Intelligent Control Technology, CEI 2023","","","","784","789","1","10.1109/CEI60616.2023.10527790","https://www.scopus.com/pages/publications/85194187097?origin=resultslist","Addressing the challenge of unmanned aerial vehicles (UAVs) navigating indoors without satellite positioning, this study introduces a novel method combining binocular camera and inertial measurement unit (IMU) data. This approach overcomes the structural differences between visual and inertial information, integrating them effectively for enhanced indoor autonomous navigation. The research presents a gradient-free path planning framework, pivotal for enhancing the UAV's ability to execute efficient and stable flight in intricate indoor settings. The cornerstone of this system is an advanced path planning algorithm, adept at swiftly identifying optimal routes and adapting to environmental shifts. The system's efficacy was rigorously evaluated through simulations and real-world tests, confirming its precision in positioning and path planning without reliance on satellite data. The findings demonstrate the system's capacity for precise localization and effective route determination, utilizing an integration of visual and inertial inputs. This research significantly contributes to the autonomous flight capabilities of UAVs, offering a valuable reference for future UAV autonomous navigation systems. By delving into visual-inertial fusion navigation technology, the study paves the way for expanded indoor UAV applications.  © 2023 IEEE.","binocular camera; Indoor flying; localization; route determination","Air navigation; Binoculars; Cameras; Free flight; Indoor positioning systems; Motion planning; Unmanned aerial vehicles (UAV); Aerial vehicle; Autonomous navigation systems; Binocular camera; Design and implementations; Indoor flying; Inertial measurements units; Localisation; Quadrotor unmanned aerial vehicles; Route determination; Satellite positioning; Antennas","Conference paper","Final","","Scopus","2-s2.0-85194187097"
"Shpagin P.; Panchenko T.","Shpagin, Pavel (60356494200); Panchenko, Taras (57190125441)","60356494200; 57190125441","NaviLoc: Trajectory-Level Visual Localization for GNSS-Denied UAV Navigation","2026","Drones","10","2","97","","","0","10.3390/drones10020097","https://www.scopus.com/pages/publications/105031282340?origin=resultslist","Highlights: What are the main findings? NaviLoc enables training-free GNSS-denied aerial-to-satellite localization using trajectory-level fusion of image matching and motion sensing. On low-altitude (50–150 m) rural UAV flights, NaviLoc achieves a 19.5 m Mean Localization Error (16.0× better than prior state-of-the-art). What are the implications of the main finding? Trajectory-level optimization handles visually repetitive rural environments, enabling reliable GPS-free navigation. The lightweight algorithm enables real-time CPU-only deployment (9 FPS on Raspberry Pi 5), supporting embedded autonomy. Aerial-to-satellite visual localization enables GNSS-denied UAV navigation, but the appearance gap between low-altitude (50–150 m) UAV imagery and nadir satellite tiles makes per-frame Visual Place Recognition (VPR) unreliable. Under perceptual aliasing, high-similarity matches are often geographically inconsistent, so naïve anchoring fails. We introduce NaviLoc, a training-free three-stage trajectory-level estimator that treats VPR as a noisy measurement source and exploits Visual-Inertial Odometry (VIO) as a relative-motion prior. Stage 1 (Global Align) estimates a global SE(2) transform by maximizing an explicit trajectory-level similarity objective. Stage 2 (Refinement) performs sliding-window bounded weighted Procrustes updates. Stage 3 (Smoothing) computes a strictly convex MAP trajectory estimate that fuses VIO displacements with VPR anchors while clamping detected outliers. On a challenging low-altitude rural UAV benchmark, NaviLoc attains 19.5 m Mean Localization Error (MLE)—a 16.0× reduction compared to state-of-the-art localization method AnyLoc-VLAD, and 32.1× compared to raw VIO drift. End-to-end inference runs at 9 FPS on Raspberry Pi 5, enabling real-time embedded deployment. © 2026 by the authors.","GNSS-denied navigation; robust estimation; satellite imagery; trajectory optimization; UAV navigation; visual localization; Visual Place Recognition","Air navigation; Antennas; Computer vision; Geometry; Global positioning system; Image matching; Rural areas; Trajectories; Unmanned aerial vehicles (UAV); GNSS-denied navigation; Localization errors; Low altitudes; Odometry; Place recognition; Robust estimation; Trajectory optimization; UAV navigation; Visual localization; Visual place recognition; Satellite imagery","Article","Final","All Open Access; Gold Open Access","Scopus","2-s2.0-105031282340"
"Gao Z.; Li H.; Liu J.; Yang Q.; Wang J.; Shan J.","Gao, Zhiming (58339979700); Li, Hanyue (59704333100); Liu, Junhui (55900015100); Yang, Qirui (59705048700); Wang, Jianan (36728577300); Shan, Jiayuan (8961542600)","58339979700; 59704333100; 55900015100; 59705048700; 36728577300; 8961542600","Enhanced State Estimation for Cruise Missiles Navigation: A BDS-Aided VIO Approach","2025","Lecture Notes in Electrical Engineering","1343 LNEE","","","449","460","0","10.1007/978-981-96-2224-5_42","https://www.scopus.com/pages/publications/105000684808?origin=resultslist","In the context of contemporary warfare, achieving precise navigation for cruise missiles through challenging environments is paramount. We propose a novel vision inertial odometry (VIO) method enhanced by Beidou Navigation Satellite System (BDS) for precise cruise missile state estimation. We address current navigation challenges and underscore the importance of visual-inertial navigation systems (VINS) in complex environments. Our method improves pose state initialization in multi-sensor fusion, and implements asynchronous fusion update and BDS measurement calibration. Experimental validation using quadcopter unmanned aerial vehicle (UAV) and cruise missiles demonstrates the efficacy of our approach, showing superior performance in both simulated and real-world scenarios. In conclusion, this research offers a promising solution for cruise missile navigation. © The Author(s), under exclusive license to Springer Nature Singapore Pte Ltd. 2025.","BDS-aided; Cruise missiles; State estimation; VIO","Air cushion vehicles; Air to air missiles; Inertial navigation systems; Marine missiles; Radio navigation; Satellite navigation aids; Surface to air missiles; Time difference of arrival; 'current; Asynchronous fusion; BDS-aided; Beidou navigation satellite systems; Complex environments; Cruise missile; Inertial navigations; Multi-sensor fusion; Odometry; Vision inertial odometry; Unmanned aerial vehicles (UAV)","Conference paper","Final","","Scopus","2-s2.0-105000684808"
"Shang K.; Zheng X.; Wang L.; Hu G.; Liu C.","Shang, Kejun (57216562814); Zheng, Xin (37103180300); Wang, Liujun (57221106312); Hu, Guangfeng (57221100896); Liu, Chongliang (57579452000)","57216562814; 37103180300; 57221106312; 57221100896; 57579452000","Pose ambiguity correction algorithm for UAV mobile platform landing; [无人机动平台着陆惯性/视觉位姿歧义校正算法]","2020","Zhongguo Guanxing Jishu Xuebao/Journal of Chinese Inertial Technology","28","4","","462","468","3","10.13695/j.cnki.12-1222/o3.2020.04.007","https://www.scopus.com/pages/publications/85098140050?origin=resultslist","Aiming at the application scenario of UAV mobile platform landing and recycling, a visual/inertial navigation solution based on fiducial markers is proposed. The solution focus on solving problems such as the rapid positioning and recognition of markers under complex background conditions, so as to improve the recovery and navigation accuracy, robustness and practicability of UAV platform. First, multiple fiducial markers are designed to construct non-coplanar fiducial marker sequences, and the non-coplanar 3D-2D point pairs are used to break the coplanar constraint of the pose feature points. Then, infinitesimal plane-based pose estimation algorithm (IPPE) is used to estimate fiducial marker plane pose. Finally, the attitude constraint is introduced by fusing inertial information to solve the ambiguity problem of relative pose estimation during the UAV landing and recovery process. Multiple flight experiments show that the proposed navigation scheme can effectively filter out complex background interference, repair the rope occlusion, eliminate pose ambiguity and has good robustness. The operating distance is greater than 30 m, the recovery end reaches the positioning accuracy of centimeter-level, which meets the needs of unmanned aerial vehicle moving platform landing and recovery, and has good application prospects. © 2020, Editorial Department of Journal of Chinese Inertial Technology. All right reserved.","Airspace color filtering; Maker detection network; Marker code correction; Plane pose estimation; Pose disambiguation correction","Antennas; Drilling platforms; Landing; Navigation; Recovery; Application prospect; Application scenario; Correction algorithms; Flight experiments; Navigation accuracy; Navigation solution; Pose estimation algorithm; Positioning accuracy; Unmanned aerial vehicles (UAV)","Article","Final","","Scopus","2-s2.0-85098140050"
"Wang Y.-S.; Chang C.-H.","Wang, Yu-Shun (36626701100); Chang, Chia-Hao (60253028900)","36626701100; 60253028900","UAV Sensor Data Fusion for Localization Using Adaptive Multiscale Feature Matching Mechanisms Under GPS-Deprived Environment","2025","Aerospace","12","12","1048","","","0","10.3390/aerospace12121048","https://www.scopus.com/pages/publications/105025683936?origin=resultslist","The application of unmanned vehicles in civilian and military fields is increasingly widespread. Traditionally, unmanned vehicles primarily rely on Global Positioning Systems (GPSs) for positioning; however, GPS signals can be limited or completely lost in conditions such as building obstructions, indoor environments, or electronic interference. In addition, countries are actively developing GPS jamming and deception technologies for military applications, making precise positioning and navigation of unmanned vehicles in GPS-denied or constrained environments a critical issue that needs to be addressed. In this work, authors propose a method based on Visual–Inertial Odometry (VIO), integrating the extended Kalman filter (EKF), an Inertial Measurement Unit (IMU), optical flow, and feature matching to achieve drone localization in GPS-denied environments. The proposed method uses the heading angle and acceleration data obtained from the IMU as the state prediction for the EKF, and estimates relative displacement using optical flow. It further corrects the optical flow calculation errors through IMU rotation compensation, enhancing the robustness of visual odometry. Additionally, when re-selecting feature points for optical flow, it combines a KAZE feature matching technique for global position correction, reducing drift errors caused by long-duration flight. The authors also employ an adaptive noise adjustment strategy that dynamically adjusts the internal state and measurement noise matrices of the EKF based on the rate of change in heading angle and feature matching reliability, allowing the drone to maintain stable positioning in various flight conditions. According to the simulation results, the proposed method is able to effectively estimate the flight trajectory of drones without GPS. Compared to results that rely solely on optical flow or feature matching, it significantly reduces cumulative errors. This makes it suitable for urban environments, forest areas, and military applications where GPS signals are limited, providing a reliable solution for autonomous navigation and positioning of drones. © 2025 by the authors.","drone image localization; EKF; optical flow method; visual–inertial odometry","Drones; Errors; Extended Kalman filters; Flight simulators; Global positioning system; Military applications; Military vehicles; Navigation; Spurious signal noise; Drone image localization; Features matching; Global positioning; Image localization; Inertial measurements units; Odometry; Optical flow methods; Optical-; Positioning system; Visual–inertial odometry; Optical flows","Article","Final","All Open Access; Gold Open Access; Green Open Access","Scopus","2-s2.0-105025683936"
