Publication Type,Authors,Book Authors,Group Authors,Book Group Authors,Researcher Ids,ORCIDs,Book Editors,Author - Arabic,Grant Principal Investigator,Grant Co Principal Investigator,Article Title,Article Title - SciELO,Article Title - SciELO,Article Title - Chinese,Article Title - Russian,Patent Number,Patent Assignee,Source Title - Arabic,Source Title,Source Title - Korean,Book Series Title,Book Series Subtitle,Volume,Issue,Special Issue,Meeting Abstract,Start Page,End Page,Article Number,Version,Version History,DOI,Book DOI,License Name,License URI,License Description,Early Access Date,Supplement,Document Type,Publication Date,Publication Year,Abstract,Abstract - Foreign,Abstract - English Transliteration,Abstract - Foreign,Abstract - Korean,Conference Title,Conference Date,Conference Sponsor,Conference Location,"Times Cited, WoS Core","Times Cited, CSCD","Times Cited, RSCI","Times Cited, ARCI","Times Cited, BCI","Times Cited, SCIELO","Times Cited, All Databases",180 Day Usage Count,Since 2013 Usage Count,ISSN,eISSN,ISBN,Grant Number,No of References,Cited References,Language,Advisor,Committee Member,Copyright,Degree Name,Institution Address,Institution,Dissertation and Thesis Subjects,Author Keywords,Indexed Date,UT (Unique ID),Pubmed Id,
C,"Lee, EM; Wee, I; Kim, T; Shim, DH",,,IEEE,"Lee, Eungchang/QTS-5072-2026; Shim, Hyunchul/C-1669-2011","Lee, Eungchang/0000-0003-0219-784X;",,,,,Comparison of Visual Inertial Odometry using FlightGoggles Simulator for UAV,,,,,,,,"2019 19TH INTERNATIONAL CONFERENCE ON CONTROL, AUTOMATION AND SYSTEMS (ICCAS 2019)",,International Conference on Control Automation and Systems,,,,,,1166,1169,,,,10.23919/iccas47443.2019.8971738,,,,,,,Proceedings Paper,,2019,"Recently, application of Unmanned Aerial Vehicle (UAV) attract much attention of not only academic but also industrial community. To control and make the most of UAV, state estimation is mandatory and it should work accurately on Real-time on computational-limited onboard PC. Especially, for the cases that GNSS-disabled environments or indoor situation, Visual Inertial Odometry using camera and IMU sensor has been actively studied. Generally, to research and develop the indoor navigation algorithm, high-performanced and super-expensive facilities like motion capture cameras are needed to measure the ground-truth. In this paper, we apply state-of-art Visual Inertial Odometry algorithms for state estimation of UAVs to FlightGoggles simulator which is photorealistic and which reflects UAV's real dynamics. Moreover, we compare the performance and resource utilization of those algorithms.",,,,,"19th International Conference on Control, Automation and Systems (ICCAS)","OCT 15-18, 2019","IEEE,SICE,SCS,ACA,ECTI Assoc,ISR,AAI,Korea Tourism Org,Korean Federat Sci & Technol Soc,Jeju Convent & Visitors Bur,RS Automat,LG Chern,LSIS,SK Incheon,Inst Control Robot & Syst","Jeju, SOUTH KOREA",6,,,,,,6,0,1,2093-7121,,978-89-93215-18-2,,,,English,,,,,,,,Visual Inertial Odometry; State Estimation; Indoor Navigation; Unmanned Aerial Vehicle,,,,
C,"Zhu, JY; Yao, C; Janschek, K",,,,,"Janschek, Klaus/0000-0002-7244-8977; Yao, Chao/0000-0001-8599-112X",,,,,Stereo Visual-Inertial Fusion for UAV State Estimation,,,,,,,,IFAC PAPERSONLINE,,,,53,2,,,9420,9425,,,,10.1016/j.ifacol.2020.12.2412,,,,,,,Proceedings Paper,,2020,"Visual-inertial fusion is frequently used for state estimation in aerial robotic applications due to the low-cost, simple hardware setup as well as the high accuracy. This work proposes a stereo visual-inertial fusion system based on the monocular method VINS-Mono, which tightly combines the visual and inertial measurements. Timing statistics are provided for the system running on an Intel NUC Mini-PC. The system real-time capability fulfills the requirements of the closed-loop control for a UAV. The proposed fusion system is evaluated in the public EuRoC MAV dataset and compared with several representative state-of-the-art open-sourced state estimators. According to the results, our method achieves competitive performance with relative low estimation errors in a computationally efficient manner. Copyright (C) 2020 The Authors.",,,,,21st IFAC World Congress on Automatic Control - Meeting Societal Challenges,"JUL 11-17, 2020","Int Federat Automat Control,Siemens,Bayer,ABB,MathWorks,Phoenix Contact,Ifak Technol,Berlin Heart,Elsevier,De Gruyter,Tele Medi GmbH",ELECTR NETWORK,1,,,,,,1,0,6,2405-8963,,,,,,English,,,,,,,,State Estimation; Sensor Fusion; Visual Inertial Odometry; Aerial Robot,,,,
J,"Wang, YL; Qiu, RC; Li, WF; Wan, SK; Li, XH",,,,,,,,,,IE-VINS: A content-adaptive visual-inertial navigation system with gradient-aware hybrid corner detection for robust UAV localization,,,,,,,,EXPERT SYSTEMS WITH APPLICATIONS,,,,333,,,,,,134226,,,10.1016/j.eswa.2026.134226,,,,,SEP 2026,,Article,JAN 15,2027,"Visual-Inertial Navigation Systems (VINS) are essential for autonomous Unmanned Aerial Vehicle (UAV) operation in GNSS-denied environments, but their accuracy degrades substantially under low illumination, low contrast, or insufficient texture. Conventional pipelines treat image enhancement and feature detection as independent, statically configured stages, forfeiting the coupling between image quality and optimal processing strategy. This paper introduces IE-VINS, a content-adaptive visual-inertial odometry framework that unifies enhancement and detection through two shared per-frame metrics: the mean brightness B and the mean gradient magnitude G. A gradient-modulated adaptive trigger uses these metrics to selectively apply Retinex-based compensation only to frames vulnerable to feature starvation. The post-enhancement metrics are then propagated to a texture-aware hybrid corner detector that assigns one of two gradient-aware variants at each pyramid level: Gradient-Adaptive FAST for texture-rich regions and Gradient-Weighted Shi-Tomasi for texture-deficient regions, with each detector internally modulated by per-level texture statistics. This shared-metric coupling enables coordinated adaptation from frame-level quality assessment through per-level detector selection to internal parameter modulation. Evaluation on the EuRoC benchmark, a controlled brightness-degradation analysis on MH4, and five real-world UAV flights, including a 240 m long-distance dim-illumination experiment with RTK-GNSS reference, delineates the operating envelope of the proposed framework under conventional dynamic-range frame-camera conditions. The proposed framework achieves a mean Absolute Trajectory Error of 0.073 m on EuRoC, outperforming eleven compared state-of-the-art algorithms. The real-world experiments demonstrate centimeter-level accuracy in the four standard flight scenarios and sub-percent relative drift in the 240 m dim-illumination flight at 81-107 Hz on the embedded platform.",,,,,,,,,0,,,,,,0,0,0,0957-4174,1873-6793,,,,,English,,,,,,,,Visual-inertial odometry; Content-adaptive image enhancement; Hybrid corner detection; Image quality assessment; UAV localization,,,,
C,"De Vito, L; Neyestani, A; Picariello, F; Rapuano, S; Tudosa, I",,,IEEE,"; Rapuano, Sergio/HKE-2014-2023; TUDOSA, IOAN/D-3846-2013; De Vito, Luca/L-2997-2015; Picariello, Francesco/L-5163-2019","Neyestani, Arman/0009-0001-0519-8701; De Vito, Luca/0000-0003-1896-2614; Picariello, Francesco/0000-0001-6854-3026",,,,,Sensitivity Analysis of a Visual Inertial Odometry-based Navigation System for UAV,,,,,,,,"2025 IEEE INTERNATIONAL INSTRUMENTATION AND MEASUREMENT TECHNOLOGY CONFERENCE, I2MTC",,IEEE Instrumentation and Measurement Technology Conference,,,,,,,,,,,10.1109/I2MTC62753.2025.11079197,,,,,,,Proceedings Paper,,2025,"This paper presents a detailed sensitivity analysis of a Visual-Inertial Odometry (VIO) framework designed for unmanned aerial vehicle (UAV) navigation, utilizing sensor fusion from cameras, LiDAR, altimeters, and inertial measurement units (IMUs). The analysis quantifies the impact of various sources of uncertainty, including environmental and lighting conditions, intrinsic sensor parameters, and algorithmic factors associated with keypoint detection and matching. Through Monte Carlo simulations, several keypoint detection techniques, specifically ORB and semantic segmentation, are evaluated across diverse operational scenarios. The results demonstrate that the analysed framework achieves reliable trajectory estimation, with both ORB and semantic segmentation providing accurate and consistent positioning. Notably, semantic segmentation achieves the lowest uncertainty under varying conditions. This study validates the proposed uncertainty model and identifies critical factors influencing the reliability of VIO-based UAV navigation, offering insights for enhancing system performance in real-world applications.",,,,,2025 International Instrumentation and Measurement Technology Conference-I2MTC-Annual,"MAY 19-22, 2025","Institute of Electrical and Electronics Engineers Inc,IEEE Instrumentation and Measurement Society","Chemnitz, GERMANY",0,,,,,,0,0,1,2642-2069,,979-8-3315-0501-1; 979-8-3315-0500-4,,,,English,,,,,,,,Visual-Inertial Odometry (VIO); UAV Navigation; Sensor Fusion; Uncertainty Analysis; Keypoint Detection Algorithms,,,,
C,"Yan, X; Bi, YC; Gao, Z; Lin, F",,,IEEE,,,,,,,Laser-aided Infrared Visual Inertial Odometry for Unmanned Aerial Vehicle with Multi-plane Constraint,,,,,,,,2018 3RD IEEE INTERNATIONAL CONFERENCE ON ADVANCED ROBOTICS AND MECHATRONICS (IEEE ICARM),,,,,,,,323,327,,,,,,,,,,,Proceedings Paper,,2018,"In this work, we propose an infrared visual inertial odometry (VIO) algorithm for unmanned aerial vehicles (UAV) for both daytime and nighttime. It utilizes images from a single downward-looking thermal camera, and uses a laser scanner to measure relative distance to determine the scale factor. The scale recovery process consists of a comprehensive logic flow to try out measurements into a homography decomposition with a multi-plane constraint, obtaining the results with minimum error, making the algorithm more robust. Moreover, other modifications, such as keyframe idea and pruning KLT tracker with sub-regions further improves the performance. Besides, the results are fused with an on-board IMU through an EKE based sensor fusion framework. This infrared visual inertial odometry algorithm can still navigate UAVs during the missions when GPS is down or not reliable or under poor illumination condition.",,,,,3rd IEEE International Conference on Advanced Robotics and Mechatronics (ICARM),"JUL 18-20, 2018","IEEE Syst Man & Cybernet Soc,Singapore Univ Technol & Design,Nanyang Technol Univ,Agcy Sci Technol & Res,IEEE Robot Automat Soc,Sunrise Instruments,IEEE Syst Man & Cybernet Soc Tech Comm Bio Mechatron & Bio Robot Syst,IEEE Robot Automat Soc Tech Comm Neuro Robot Syst,IEEE CAA Journal Automatica Sinica,Aiibbot,Guangxi Aiibbot Intelligent Technol Co Ltd,Leeman China,IEEE","Natl Univ Singapore, Singapore, SINGAPORE",1,,,,,,1,0,5,,,978-1-5386-7066-8,,,,English,,,,,,,,,,,,
J,"Zeng, QX; Yu, HN; Ji, XF; Tao, XD; Hu, YX",,,,,"Zeng, Qingxi/0000-0003-2310-0656",,,,,Fast and Robust Semidirect Monocular Visual-Inertial Odometry for UAV,,,,,,,,IEEE SENSORS JOURNAL,,,,23,20,,,25254,25262,,,,10.1109/JSEN.2023.3309907,,,,,,,Article,OCT 15,2023,"State estimation is critical for achieving autonomous navigation of the unmanned aerial vehicle (UAV). We present a fast and robust monocular visual-inertial odometry (VIO) algorithm, which achieves real-time pose estimation for UAV. A semidirect method for tracking is used in the front end to address the problem of the slow running speed of traditional VIO on onboard computing platforms, which preserves the fast performance of direct methods and the robustness of feature-based methods. Edgelet features are added to the Shi-Tomasi feature extraction to enhance the robustness of VIO in low-texture environments. Furthermore, a quadtree-based feature extraction algorithm is employed to filter features, which effectively addresses the issue of feature accumulation. In the back end of the VIO system, a sliding-window-based nonlinear optimization method is used to fuse image and inertial information. We evaluate our approach on the public European robotics challenges micro aerial vehicle (EuRoC MAV) dataset and compare it with the state-of-the-art VIO algorithms. The experimental results demonstrate that our proposed VIO system is capable of operating in challenging scenarios with fast motion, image blur, and weak texture features. Moreover, our proposed VIO system achieves comparable accuracy to the state-of-the-art VIO algorithms while improving tracking speed by 54.28% compared to VINS-Mono.",,,,,,,,,10,,,,,,11,2,51,1530-437X,1558-1748,,,,,English,,,,,,,,Computer vision; monocular visual-inertial odometry (VIO); state estimation; unmanned aerial vehicle (UAV),,,,
J,"Pritzl, V; Vrba, M; Stepán, P; Saska, M",,,,"Štěpán, Petr/X-2931-2018; Saska, Martin/L-3669-2013; Vrba, Matouš/GXV-6607-2022","Štěpán, Petr/0000-0002-7444-3264;",,,,,Fusion of Visual-Inertial Odometry With LiDAR Relative Localization for Cooperative Guidance of a Micro-Scale Aerial Vehicle,,,,,,,,IEEE ACCESS,,,,14,,,,31269,31285,,,,10.1109/ACCESS.2026.3666998,,,,,,,Article,,2026,"A novel relative localization approach for guidance of a micro-scale Unmanned Aerial Vehicle (UAV) by a well-equipped aerial robot fusing Visual-Inertial Odometry (VIO) with Light Detection and Ranging (LiDAR) is proposed in this paper. LiDAR-based localization is accurate and robust to challenging environmental conditions, but 3D LiDARs are relatively heavy and require large UAV platforms, in contrast to lightweight cameras. However, visual-based self-localization methods exhibit lower accuracy and can suffer from significant drift with respect to the global reference frame. To benefit from both sensory modalities, we focus on cooperative navigation in a heterogeneous team of a primary LiDAR-equipped UAV and a secondary micro-scale camera-equipped UAV. We propose a novel cooperative approach combining LiDAR relative localization data with VIO output on board the primary UAV to obtain an accurate pose of the secondary UAV. The pose estimate is used to precisely and reliably guide the secondary UAV along trajectories defined in the primary UAV reference frame. The experimental evaluation has shown the superior accuracy of our method to the raw VIO output, reaching the average 3D Absolute Trajectory Error (ATE) of 0.28 m, and demonstrated its capability to guide the secondary UAV along desired trajectories while mitigating VIO drift. Thus, such a heterogeneous system can explore large areas with LiDAR precision, as well as visit locations inaccessible to the large LiDAR-carrying UAV platforms, as was showcased in a real-world cooperative mapping scenario.",,,,,,,,,1,,,,,,1,3,3,2169-3536,,,,,,English,,,,,,,,Autonomous aerial vehicles; Laser radar; Location awareness; Three-dimensional displays; Cameras; Accuracy; Visualization; Vectors; Simultaneous localization and mapping; Trajectory; Cooperative guidance; LiDAR; localization; mobile robots; multi-robot system; unmanned aerial vehicle; visual-inertial odometry,,,,
J,"Jung, JH; Choe, Y; Park, CG",,,,,"Jung, Jaehyung/0000-0003-4252-2758; Choe, Yeongkwon/0000-0003-0328-2480",,,,,Photometric Visual-Inertial Navigation With Uncertainty-Aware Ensembles,,,,,,,,IEEE TRANSACTIONS ON ROBOTICS,,,,38,4,,,2039,2052,,,,10.1109/TRO.2021.3139964,,,,,JAN 2022,,Article,AUG,2022,"In this article, we propose a visual-inertial navigation system that directly minimizes a photometric error without an explicit data-association. We focus on the photometric error parametrized by pose and structure parameters that is highly nonconvex due to the nonlinearity of image intensity. The key idea is to introduce an optimal intensity gradient that accounts for a projective uncertainty of a pixel. Ensembles sampled from the state uncertainty contribute to the proposed gradient and yield a correct update direction even in a bad initialization point. We present two sets of experiments to demonstrate the strengths of our framework. First, a thorough Monte Carlo simulation in a virtual trajectory is designed to reveal robustness to large initial uncertainty. Second, we show that the proposed framework can achieve superior estimation accuracy with efficient computation time over state-of-the-art visual-inertial fusion methods in a real-world UAV flight test, where most scenes are composed of a featureless floor.",,,,,,,,,17,,,,,,18,1,58,1552-3098,1941-0468,,,,,English,,,,,,,,Iterated extended Kalman filter (EKF); matrix Lie groups; stochastic linearization; visual-inertial navigation,,,,
C,"Turci, L; Causa, F; Opromolla, R; Fasano, G",,,IEEE,"Opromolla, Roberto/M-1585-2016; Fasano, Giancarmine/JWA-6282-2024; Causa, Flavia/AFM-5355-2022",,,,,,LiDAR-Visual-Inertial Fusion Architectures for GNSS-Resilient Aerial Navigation: Performance Assessment,,,,,,,,"2025 AIAA DATC/IEEE 44TH DIGITAL AVIONICS SYSTEMS CONFERENCE, DASC",,IEEE-AIAA Digital Avionics Systems Conference,,,,,,,,,,,10.1109/DASC66011.2025.11257343,,,,,,,Proceedings Paper,,2025,"This work proposes a performance assessment of LiDAR-Visual-Inertial navigation approaches specifically tailored for GNSS-denied or challenged circumstances. A data fusion scheme, based on Extended Kalman Filter, has been designed to face various environmental and flight conditions that occur depending on topology and morphological characteristics of the environment and UAV dynamic. It loosely integrates camera and LiDAR measurements. Their measurements are combined altogether exploiting LiDAR measurements to associate depth information with image features. Conversely, when camera measurements cannot be used, LiDAR odometry is performed to incrementally estimate the pose of the UAV by defining the pose transformation between one LiDAR point cloud and the following one, integrating the solution with the filter propagated state in order to bound the otherwise unbounded drift of IMU-only navigation solution. Sensors measurements are fed into the filter weighted by their own covariance, which indicates the level of confidence associated with the measurement. A set of gating criteria is introduced to assess the validity of each measurement to be used within the filter and thus to improve its resiliency against anomalous pose estimates. In general, particular attention is paid to the integrity of the multi-sensor-based solution. The strategy is assessed through numerical simulations conducted within the Unreal Engine 4 environment integrated with MATLAB and Simulink, which allows retrieving realistic sensors data by simulating aircraft trajectory, rich texture 3D geometry, and world-like scene. Results show percentage errors on the position estimates, computed with respect to the UAV traveled distance, below 0.9%, and errors on attitude angles estimate under 0.8 degrees.",,,,,44th AIAA DATC/IEEE Digital Avionics Systems Conference-DASC,"SEP 14-18, 2025","DATC KK,American Institute of Aeronautics and Astronautics (AIAA),MITRE Corporation","Montreal, CANADA",0,,,,,,0,2,2,2155-7195,,979-8-3315-2520-0; 979-8-3315-2519-4,,,,English,,,,,,,,LiDAR; camera; LiDAR-Visual-Inertial Odometry (LVIO); navigation system; Extended Kalman Filter (EKF); GNSS-denied/challenged scenario,,,,
C,"Omotuyi, O; Kumar, M",,,,,,,,,,UAV Visual-Inertial Dynamics (VI-D) Odometry using Unscented Kalman Filter,,,,,,,,IFAC PAPERSONLINE,,,,54,20,,,814,819,,,,10.1016/j.ifacol.2021.11.272,,,,,DEC 2021,,Proceedings Paper,OCT,2021,"Different approaches to Visual -Inertial odometry(VIO) has been presented in literature. However, few research works exploits the quadrotor translational and rotational dynamics and the known thrust and torque inputs. Additional information from the dynamics with known control inputs improves the state estimation. This paper is focused on the estimation of the quadrotor UAV 6 DOF pose by fusing the information from the dynamics of the quadrotor coupled with visual-inertial measurements using an Unscented Kalman Filter. The thrust and torque inputs drives the prediction model while the VIO system provides 6 DOF pose, velocity and unbiased angular velocity of the vehicle. The results shows that our approach improves the state estimates by about 2-5% in translation and 37% in rotation. Copyright (C) 2021 The Authors.",,,,,"Modeling, Estimation and Control Conference (MECC)","OCT 24-27, 2021","Amer Automat Control Council,Int Federat Automat Control, Tech Comm 4 2 Mechatron Syst,Int Federat Automat Control, Tech Comm 7 1 Automot Control",ELECTR NETWORK,11,,,,,,14,0,13,2405-8963,,,,,,English,,,,,,,,Estimation and filtering; Unmanned Aerial Vehicle (UAV); Visual -Inertial Odometry(VIO); EKF; UKF,,,,
J,"Luo, HL; Li, GY; Zou, DP; Li, KL; Li, XQ; Yang, ZD",,,,"Li, Guang-Yun/AAE-4975-2019","Yang, Zidi/0009-0009-3500-5147",,,,,UAV Navigation With Monocular Visual Inertial Odometry Under GNSS-Denied Environment,,,,,,,,IEEE TRANSACTIONS ON GEOSCIENCE AND REMOTE SENSING,,,,61,,,,,,1001615,,,10.1109/TGRS.2023.3323519,,,,,,,Article,,2023,"In global satellite navigation system (GNSS)-denied environments, unmanned aerial vehicle (UAV) navigation based on visual-inertial odometry (VIO) has been widely studied. However, existing VIO methods still suffer from some practical problems, such as image enhancement oversaturation and unreasonable weighting in backend optimization. Therefore, this article presents monocular VIO with point-line fusion and backend adaptive optimization to improve the positioning accuracy and robustness of UAV navigation systems. In the front end, we proposed an adaptive gamma image correction algorithm for image preprocessing to avoid image oversaturation, which is more conducive to image extraction and matching. Instead of the traditional line segment detector (LSD) line feature extraction algorithm, we employed an improved EDLines algorithm to enhance the efficiency of line feature extraction, better meeting the high dynamic real-time requirements of UAV. In the backend, we proposed a tightly coupled nonlinear adaptive optimization method based on a two-step approach to address the issue of unreasonable static weights. In the first step, we established a factor graph model and performed the first nonlinear optimization based on a priori visual weights. In the second step, we calculated the reprojection error and established a functional model that examines the relationship between the reprojection error and the information matrix. We updated the information matrix using the reprojection error to adaptively adjust the weights of the point features and line features in real time. Finally, we performed a second nonlinear reoptimization. The proposed method was compared with the monocular visual-inertial system (VINS-MONO) (Qin et al. 2018) and point and line features (PL)-VINS (Fu et al. 2020) methods, the experimental results showing that the positioning accuracy of the proposed method on the public EuRoc dataset (Burri et al. 2016) improved by an average of 32.3% compared with the PL-VINS method, and by an average of 33.8% in three real-world scenarios under changing illumination, weak texture, and large-scale complex scenarios. The results demonstrated that the proposed method exhibited better robustness and higher positioning accuracy in various complex environments.",,,,,,,,,27,,,,,,33,7,77,0196-2892,1558-0644,,,,,English,,,,,,,,Feature extraction; Visualization; Optimization; Autonomous aerial vehicles; Simultaneous localization and mapping; Sensors; Robustness; Adaptive gamma correction; EDLines algorithm; information matrix; nonlinear optimization; reprojection error; unmanned aerial vehicle (UAV) navigation; visual-inertial fusion,,,,
J,"Tejero-Ruiz, D; Solís-Martín, D; Pérez-Grau, FJ; Borrego-Díaz, J",,,,"/P-3596-2018; Borrego-Díaz, Joaquín/M-3295-2014; Martín, David/N-1623-2016","Tejero-Ruiz, David/0009-0005-4168-7253",,,,,Indoor UAV navigation using event cameras and intermediate frame reconstruction,,,,,,,,COMPUTER VISION AND IMAGE UNDERSTANDING,,,,264,,,,,,104650,,,10.1016/j.cviu.2026.104650,,,,,JAN 2026,,Article,FEB,2026,"Indoor UAV navigation faces significant challenges due to GPS signal absence and limitations of conventional visual-inertial systems under challenging lighting and motion conditions. This paper presents an event-based visual-inertial odometry system that addresses these limitations through intermediate frame reconstruction from event streams combined with established odometry algorithms. The approach leverages event cameras' unique characteristics - microsecond temporal resolution, high dynamic range (120 dB), and motion blur immunity - to maintain stable navigation performance under conditions that cause conventional systems to fail. The system achieves real-time operation at 30 Hz frame reconstruction and 20 Hz pose estimation on embedded hardware, consuming 15 W power while adding only 50 g to the UAV platform. Experimental validation in controlled indoor environments demonstrates mean absolute pose errors of 26-42 cm across different operational conditions, comparable to conventional visual-inertial systems. Critically, the system maintains stable performance during rapid lighting transitions, showing only 59% performance degradation compared to baseline conditions, while conventional cameras typically experience complete tracking failure. The results establish event-based visual-inertial odometry as a viable alternative for indoor UAV navigation, particularly in applications requiring environmental robustness over marginal accuracy improvements under optimal conditions.",,,,,,,,,1,,,,,,1,2,4,1077-3142,1090-235X,,,,,English,,,,,,,,Event camera; Unmanned Aerial Vehicle; Deep learning; Visual-inertial odometry; Sensor fusion; Pose estimation,,,,
J,"Hong, E; Lim, J",,,,,,,,,,Visual-Inertial Odometry with Robust Initialization and Online Scale Estimation,,,,,,,,SENSORS,,,,18,12,,,,,4287,,,10.3390/s18124287,,,,,,,Article,DEC,2018,"Visual-inertial odometry (VIO) has recently received much attention for efficient and accurate ego-motion estimation of unmanned aerial vehicle systems (UAVs). Recent studies have shown that optimization-based algorithms achieve typically high accuracy when given enough amount of information, but occasionally suffer from divergence when solving highly non-linear problems. Further, their performance significantly depends on the accuracy of the initialization of inertial measurement unit (IMU) parameters. In this paper, we propose a novel VIO algorithm of estimating the motional state of UAVs with high accuracy. The main technical contributions are the fusion of visual information and pre-integrated inertial measurements in a joint optimization framework and the stable initialization of scale and gravity using relative pose constraints. To account for the ambiguity and uncertainty of VIO initialization, a local scale parameter is adopted in the online optimization. Quantitative comparisons with the state-of-the-art algorithms on the European Robotics Challenge (EuRoC) dataset verify the efficacy and accuracy of the proposed method.",,,,,,,,,18,,,,,,20,0,18,,1424-8220,,,,,English,,,,,,,,visual-inertial odometry; UAV navigation; sensor fusion; optimization,,,,
C,"Bednar, J; Petrlík, M; Vivaldini, KCT; Saska, M",,,IEEE,"Vivaldini, Kelen Cristiane Teixeira/JAC-5505-2023; Petrlik, Matej/JPK-7022-2023; Bednar, Jan/H-3648-2017; Saska, Martin/L-3669-2013","Vivaldini, Kelen Cristiane Teixeira/0000-0001-5985-9635; Petrlik, Matej/0000-0002-5337-9558;",,,,,Deployment of Reliable Visual Inertial Odometry Approaches for Unmanned Aerial Vehicles in Real-world Environment,,,,,,,,2022 INTERNATIONAL CONFERENCE ON UNMANNED AIRCRAFT SYSTEMS (ICUAS),,International Conference on Unmanned Aircraft Systems,,,,,,167,176,,,,10.1109/ICUAS54217.2022.9836067,,,,,,,Proceedings Paper,,2022,"Integration of Visual Inertial Odometry (VIO) methods into a modular control system designed for deployment of Unmanned Aerial Vehicles (UAVs) and teams of cooperating UAVs in real-world conditions are presented in this paper. Reliability analysis and fair performance comparison of several methods integrated into a control pipeline for achieving full autonomy in real conditions is provided. Although most VIO algorithms achieve excellent localization precision and negligible drift on artificially created datasets, the aspects of reliability in non-ideal situations, robustness to degraded sensor data, and the effects of external disturbances and feedback control coupling are not well studied. These imperfections, which are inherently present in cases of real-world deployment of UAVs, negatively affect the ability of the most used VIO approaches to output a sensible pose estimation. We identify the conditions that are critical for a reliable flight under VIO localization and propose workarounds and compensations for situations in which such conditions cannot be achieved. The performance of the UAV system with integrated VIO methods is quantitatively analyzed w.r.t. RTK ground truth and the ability to provide reliable pose estimation for the feedback control is demonstrated onboard a UAV that is tracking dynamic trajectories under challenging illumination.",,,,,International Conference on Unmanned Aircraft Systems (ICUAS),"JUN 21-24, 2022",,"Dubrovnik, CROATIA",11,,,,,,13,0,12,2373-6720,,978-1-6654-0593-5,,,,English,,,,,,,,Visual Inertial Odometry; Unmanned Aerial Vehicle; Trajectory Shaping; Feedback Control; Camera Orientation,,,,
J,"Feng, ZY; Li, JW; Zhang, LD; Chen, C",,,,"do, zh/JYP-0936-2024",,,,,,Online Spatial and Temporal Calibration for Monocular Direct Visual-Inertial Odometry,,,,,,,,SENSORS,,,,19,10,,,,,2273,,,10.3390/s19102273,,,,,,,Article,MAY 2,2019,"Owing to the nonlinearity in visual-inertial state estimation, sufficiently accurate initial states, especially the spatial and temporal parameters between IMU (Inertial Measurement Unit) and camera, should be provided to avoid divergence. Moreover, these parameters are required to be calibrated online since they are likely to vary once the mechanical configuration slightly changes. Recently, direct approaches have gained popularity for their better performance than feature-based approaches in little-texture or low-illumination environments, taking advantage of tracking pixels directly. Based on these considerations, we perform a direct version of monocular VIO (Visual-inertial Odometry), and propose a novel approach to initialize the spatial-temporal parameters and estimate them with all other variables of interest (IMU pose, point inverse depth, etc.). We highlight that our approach is able to perform robust and accurate initialization and online calibration for the spatial and temporal parameters without utilizing any prior information, and also achieves high-precision estimates even when large temporal offset occurs. The performance of the proposed approach was verified through the public UAV (Unmanned Aerial Vehicle) dataset.",,,,,,,,,11,,,,,,12,2,27,1424-8220,,,,,,English,,,,,,,,visual-inertial odometry; direct approach; online calibration; spatial-temporal parameters,,,,
C,"Yang, ZZ; Zong, Q; Chen, HM; Tian, BL",,,,"Shen, Hongming/IWL-9981-2023",,"Fu, J; Sun, J",,,,An Online Calibration 2-DoF Attitude and Height State Estimator,,,,,,,,PROCEEDINGS OF THE 39TH CHINESE CONTROL CONFERENCE,,Chinese Control Conference,,,,,,3252,3257,,,,,,,,,,,Proceedings Paper,,2020,"The Visual-inertial based simultaneous localization and mapping ( SLAM) method has been a hot topic in recent years. When Unmanned Aerial Vehicle (UAV) detects in the unknown environment, stable control and mapping is need. It is intolerable for the error of roll and pitch estimation of the attitude, and the altitude needs to maintain continuous and effective observations to prevent drift. In this paper, based on nonlinear optimization methods with a sliding window, we propose an visual-inertial odometry that solves more precise pitch and roll by IMU using EKF algorithm and integrates it into the tightly-coupled state estimation to keep 2-DoF attitude estimation precision, while simultaneous calculating the 6-DoF state by IMU pre-integration and vision. Meanwhile, the height radar is used to eliminate the cumulative drift of the drone height. A terrain estimator is set to prevent terrain abrupt changes.",,,,,39th Chinese Control Conference (CCC),"JUL 27-29, 2020",,"Shenyang, PEOPLES R CHINA",0,,,,,,0,0,2,2161-2927,,978-988-15639-0-3,,,,English,,,,,,,,Visual-inertial Odometry; State Estimator; Attitude Correction,,,,
J,"Wang, ZX; Li, XD; Zhang, YZ; Huang, PF",,,,,"Li, Xudong/0000-0001-6907-4305; Wang, Zhixiang/0000-0002-1717-8636",,,,,"Localization, Planning, and Control of a UAV for Rapid Complete Coverage Bridge Inspection in Large-Scale Intermittent GPS Environments",,,,,,,,IEEE TRANSACTIONS ON CONTROL SYSTEMS TECHNOLOGY,,,,32,4,,,1357,1369,,,,10.1109/TCST.2024.3366695,,,,,FEB 2024,,Article,JUL,2024,"In this article, we tackle the problem of automated visual inspection using a quadrotor unmanned aerial vehicle (UAV) in large-scale intermittent Global Positioning System (GPS) environments. There are mainly three main challenges in this task including drift-free localization in intermittent GPS environments, coverage planning for maximizing inspection efficiency, and safe flight in disturbance environments. An aerial system, comprising localization, planning, and control components, is presented to address the aforementioned challenges. In this system, a localization method called intermittent GPS-aided visual inertial odometry (IGVIO) is devised to achieve precision absolute localization under intermittent GPS by fusion of visual inertial odometry (VIO). A hierarchical time-optimal trajectory planning method called HTOP is also proposed to maximize the efficiency of complete coverage inspection, and finally, a nonlinear model predictive control (NMPC) scheme is leveraged to achieve robust trajectory tracking despite potential external disturbances. Compared with the state-of-the-art time-optimal planners, the proposed planner has key improvements in stability, coverage, efficiency, and optimality, which implies our proposal is more suitable for rapid complete coverage bridge inspection. The proposal is tested in real-world experiments with a commercial quadrotor, which demonstrates that our aerial system can meet the practicability demands of automated visual inspection.",,,,,,,,,17,,,,,,18,4,54,1063-6536,1558-0865,,,,,English,,,,,,,,Aerial system; coverage planning; intermittent Global Positioning System (GPS)-aided visual inertial odometry (VIO); model predictive control; visual inspection,,,,
J,"Lin, HY; Zhan, JR",,,,"Lin, Huei-Yung/H-2949-2012",,,,,,GNSS-denied UAV indoor navigation with UWB incorporated visual inertial odometry,,,,,,,,MEASUREMENT,,,,206,,,,,,112256,,,10.1016/j.measurement.2022.112256,,,,,DEC 2022,,Article,JAN,2023,"The localization of unmanned aerial vehicles (UAVs) in GPS-denied areas is an essential issue for indoor navigation. This paper presents a technique to improve the accuracy of visual inertial odometry (VIO) by combining the ultra-wideband (UWB) positioning technology. The proposed architecture is divided into two stages. In the initial stage, the constraint on UWB short-term position change is adopted to improve the pose estimation results of the VIO system. It is also used to mitigate the translation error caused by the vibration and lack of features during the flight. In the second stage, a loose coupling approach based on nonlinear optimization is utilized to fuse the local pose estimator of the VIO system with the global constraints from the UWB positioning. At the beginning of each operation, the alignment between the VIO and UWB frames is estimated to avoid the influence of coordinate transformation due to the VIO cumulative error. It is shown that our optimization-based fusion method is able to achieve a smooth localization trajectory under the global coordinate frame. In the experiments, the performance evaluation carried out in the real-world scenes has demonstrated the effectiveness of the proposed technique.",,,,,,,,,83,,,,,,89,7,92,0263-2241,1873-412X,,,,,English,,,,,,,,Visual inertial odometry; Ultra-wideband; Unmanned aerial vehicle; Indoor localization,,,,
J,"Bautista, N; Gutierrez, H; Inness, J; Rakoczy, J",,,,"Gutierrez, Hector/AAL-4710-2021","Gutierrez, Hector/0000-0003-2181-1964",,,,,Precision Landing of a Quadcopter Drone by Smartphone Video Guidance Sensor in a GPS-Denied Environment,,,,,,,,SENSORS,,,,23,4,,,,,1934,,,10.3390/s23041934,,,,,,,Article,FEB,2023,"This paper describes the deployment, integration, and demonstration of a Smartphone Video Guidance Sensor (SVGS) as a novel technology for autonomous 6-DOF proximity maneuvers and precision landing of a quadcopter drone. The proposed approach uses a vision-based photogrammetric position and attitude sensor (SVGS) to estimate the position of a landing target after video capture. A visual inertial odometry sensor (VIO) is used to provide position estimates of the UAV in a ground coordinate system during flight on a GPS-denied environment. The integration of both SVGS and VIO sensors enables the accurate updating of position setpoints during landing, providing improved performance compared with VIO-only landing, as shown in landing experiments. The proposed technique also shows significant operational advantages compared with state-of-the-art sensors for indoor landing, such as those based on augmented reality (AR) markers.",,,,,,,,,10,,,,,,10,2,19,,1424-8220,,,,,English,,,,,,,,unmanned aerial vehicle; autonomous landing; smartphone video guidance sensor; visual inertial odometry; GPS-denied environment,,,,
C,"Wang, YT; Jie, TY; Gimin, S; Kenny, LBY; Srigrarom, S",,,IEEE,,,,,,,Autonomous Customized Quadrotor With Vision-Aided Navigation For Indoor Flight Challenges,,,,,,,,2022 8TH INTERNATIONAL CONFERENCE ON MECHATRONICS AND ROBOTICS ENGINEERING (ICMRE 2022),,,,,,,,33,37,,,,10.1109/ICMRE54455.2022.9734105,,,,,,,Proceedings Paper,,2022,"Singapore Amazing Flying Machine Competition (SAFMC) 2021 is an annual indoor unmanned aerial vehicle (UAV) students competition in Singapore. Participants design, build and fly their UAV platforms. Here we designed, built and flew autonomous quadrotor, equipped with vision-aided navigation capacity for the indoor flight challenges D2. We utilized the well-known and available vision-aided navigation tools from OpenCV, i.e. color detection, edge detection, QR-code detection and circle detection. The camera used are Zed-M and OpenMV to assist in depth estimation. We design and integrate our own Visual-Inertial Odometry (VIO) system and based on ROS architecture on Intel Xavier companion computer and talk to Pixhawk flight controller, and perform several tasks in SAFMC 2021. For indoor flights, the drone could perform and complete all missions. We also conduct outdoor flights and the drone could fly well with vision-aided navigation for waypointing and obstacles avoidances.",,,,,8th International Conference on Mechatronics and Robotics Engineering (ICMRE),"FEB 10-12, 2022",,ELECTR NETWORK,3,,,,,,3,0,8,,,978-1-6654-8377-3,,,,English,,,,,,,,Customized quadrotor; SAFMC 2021; Vision-aided navigation; ROS; Visual-Inertial Odometry; Intel Xavier; Pixhawk; Color Detection; Edge Detection; QR-code detection; Circle Detection,,,,
C,"Zhu, XY; Zhou, JQ; Liang, JT; Zhou, DJ; Qiu, ZJZ; Wang, Y; Wu, SN; Wu, ZG",,,,"Wu, Shunan/PMS-2670-2026; Zhou, Jiaqi/Q-2532-2018",,"Yang, J; Zheng, Y; Gong, C",,,,A Simulated Dataset to Evaluate the Visual-Inertial Odometry Algorithms,,,,,,,,"PATTERN ANALYSIS AND MACHINE INTELLIGENCE, ICPAMI 2024",,Communications in Computer and Information Science,,2323,,,,202,207,,,,10.1007/978-981-96-3349-4_24,,,,,,,Proceedings Paper,,2025,"Visual-Inertial Odometry (VIO) algorithms play a crucial role in navigation and localization applications. However, they still face challenges in dynamic and adverse weather environments. Existing datasets often fail to capture the characteristics of such environments, making it difficult to evaluate the robustness of current VIO methods. To address this issue, we propose three contributions in this paper. Firstly, we present a novel dataset that records the flight of a simulated unmanned aerial vehicle (UAV) in challenging dynamic and foggy conditions. The dataset includes five different scenes, each with distinct characteristics, where we introduce moving objects and vary lighting and weather conditions. It comprises synchronized images, IMU data, as well as ground truth trajectories. Secondly, we compare state-of-the-art VIO algorithms on our dataset, demonstrating significant performance degradation in the aforementioned scenes. Lastly, we summarize the limitations of current VIO algorithms and provide insights into future research directions.",,,,,1st International Conference on Pattern Analysis and Machine Intelligence-ICPAMI,"AUG 30-SEP 01, 2024","Shanghai Jiao Tong University,Zhejiang University of Technology",PEOPLES R CHINA,0,,,,,,0,1,2,1865-0929,1865-0937,978-981-96-3348-7; 978-981-96-3349-4,,,,English,,,,,,,,Visual-Inertial Slam; Datasets for Slam; Dynamic Environment,,,,
C,"Lee, EM; Myung, H",,,IEEE,"Lee, Eungchang/QTS-5072-2026; Myung, Hyun/C-1698-2011","Lee, Eungchang/0000-0003-0219-784X; Myung, Hyun/0000-0002-5799-2026",,,,,Analysis on the performance of VIO according to Trajectory Planning of UAV,,,,,,,,"2020 20TH INTERNATIONAL CONFERENCE ON CONTROL, AUTOMATION AND SYSTEMS (ICCAS)",,International Conference on Control Automation and Systems,,,,,,967,971,,,,10.23919/iccas50221.2020.9268220,,,,,,,Proceedings Paper,,2020,"Recently, Unmanned Aerial Vehicles (UAVs) have been widely researched to accomplish tasks such as structural inspection, drone racing, and exploration of an unknown environment. To make the most of UAV and correctly estimate its pose with inexpensive and light-weight sensors such as Inertial Measurement Unit (IMU) and cameras, Visual Inertial Odometry (VIO) has been intensively researched. There were a few analyses on the performance of VIO methods where only estimated pose error and utilization of the computing resources were considered. However, the performance of them according to trajectory planning was not treated. Trajectory planning can be one of the main reasons for the drift of localization from VIO since the sensors acquire the data at their sampling rates. In this paper, we analyze the performance of VIO on various trajectories that have different orders of polynomials for the desired position over time and hence different velocity, acceleration, and the first, second derivative of acceleration, using simulator which reflects the real dynamics of UAV. As a result, the higher the order of polynomial for trajectory, the better performance of VIO can be observed.",,,,,"20th International Conference on Control, Automation and Systems (ICCAS)","OCT 13-16, 2020","IEEE IES,IEEE Robot & Automat Soc,IEEE CSS,ECTI Assoc,CAC,ACA,ISA,Inst Control Robot & Syst","Busan, SOUTH KOREA",5,,,,,,5,0,5,2093-7121,,978-89-93215-19-9,,,,English,,,,,,,,Indoor Navigation; Visual Inertial Odometry; Unmanned Aerial Vehicle; Trajectory Planning; Control,,,,
C,"Li, P; Garratt, M; Lambert, A",,,IEEE,"; Lambert, Anew/F-3366-2015","Garratt, Matthew/0000-0003-0222-430X; Lambert, Anew/0000-0003-0390-4446",,,,,Sensing and control of a quadrotor using a visual inertial fusion method,,,,,,,,"2015 15TH INTERNATIONAL CONFERENCE ON CONTROL, AUTOMATION AND SYSTEMS (ICCAS)",,International Conference on Control Automation and Systems,,,,,,231,236,,,,,,,,,,,Proceedings Paper,,2015,"A visual inertial fusion method is proposed in this paper for the state estimation and control of a low-cost Unmanned Aerial Vehicle. A binary template matching algorithm is combined with a gradient based algorithm to compute optic flow ( OF). The proposed OF method is capable of handling large displacement, illumination variation and gives subpixel accuracy. With a ground plane assumption, the Jacobian motion model is employed to solve for the unscaled linear velocity, which is fused with inertial measurements in an Extended Kalman Filter ( EKF) framework to estimate metric speed and altitude. A number of flight tests have been conducted both indoors and outdoors to evaluate the performance of the proposed approach.",,,,,"15th International Conference on Control, Automation and Systems (ICCAS)","OCT 13-16, 2015","Busan Tourism Org,Korea Tourism Org,Koh Young Technol Inc,Chonnam Natl Univ, Robot Res Initiat,SNU, Bio Mimet Robot Res Ctr,Samsung Heavy Ind Co Ltd,LS Ind Syst Co Ltd,RS Automat,Dongil SHIMADZI Corp","Busan, SOUTH KOREA",4,,,,,,4,0,1,2093-7121,,978-8-9932-1509-0,,,,English,,,,,,,,Visual Inertial Fusion; Unmanned Aerial Vehicle; Optic Flow,,,,
J,"Zhang, JH; Yang, JF; Shang, QZ; Li, MA",,,,"Zhang, Jiahui/JUF-3670-2023","Zhang, Jiahui/0000-0001-7005-1629",,,,,PLI-VIO: Real-time Monocular Visual-inertial Odometry Using Point and Line Interrelated Features,,,,,,,,INTERNATIONAL JOURNAL OF CONTROL AUTOMATION AND SYSTEMS,,,,21,6,,,2004,2019,,,,10.1007/s12555-022-0210-9,,,,,MAY 2023,,Article,JUN,2023,"As a popular technology, visual-inertial odometry (VIO) has been widely applied in many fields such as autonomous robots and unmanned aerial vehicle (UAV). However, the trade-off between localization accuracy and real-time performance still needs to be optimized. This paper presents a real-time tightly-coupled monocular VIO system using point and line interrelated features (PLI-VIO) under the sliding window optimization framework. In line feature extraction part of PLI-VIO, a line segment extraction and coalescence algorithm based on EDlines is proposed, which extracts line features in real-time without concession on feature quality. At the same time, in order to get efficient and robust line tracking effect, PLI-VIO presents a line-to-point tracking method that fully utilizes the interrelation between point and line. Specifically, line features are divided as a group of points and tracked by pyramidal implementation of Lucas Kanade feature tracker. The proposed line feature tracking method can effectively reduce time consumption on tracking process in a robust way. Extensive evaluations on Euroc and TUM-VI public datasets are performed to demonstrate the preferable performance of our proposed system, and the results show that PLI-VIO obtains better localization accuracy with less computation cost compared against other state-of-the-art VIO algorithms.",,,,,,,,,12,,,,,,15,1,34,1598-6446,2005-4092,,,,,English,,,,,,,,Autonomous robots; localization; point and line interrelated feature; visual-inertial odometry,,,,
C,"Xu, WB; Lin, ZY; Wang, W",,,IEEE,,,,,,,A Localization and Trajectory Planning Method for UAVs with Visual-Inertial Odometry,,,,,,,,2022 IEEE/ASME INTERNATIONAL CONFERENCE ON ADVANCED INTELLIGENT MECHATRONICS (AIM),,IEEE ASME International Conference on Advanced Intelligent Mechatronics,,,,,,710,715,,,,10.1109/AIM52237.2022.9863253,,,,,,,Proceedings Paper,,2022,"Unmanned aerial vehicles (UAV) are capable of operating tasks in challenging environments of high risk for humans. However, these tasks usually require UAVs to plan motion in environments where GPS is unavailable. This paper implements a UAV system of motion planning and obstacle avoidance in GPS-denied indoor environments with the visual-inertial odometry (VIO) approach. Collecting measurements from stereo cameras and IMU, the visual-inertial odometry estimates the states of the UAV by jointly minimizing visual and inertial residuals and solving the nonlinear optimization problem. Then we utilize the minimum snap method to generate feasible trajectories based on the estimated states provided by VIO and an obstacle map of the indoor environment. In order to verify the effectiveness of the proposed system, we perform experiments on a UAV platform and the results show that the UAV accurately follows the planned trajectory and avoids obstacles without the aid of GPS.",,,,,IEEE/ASME International Conference on Advanced Intelligent Mechatronics (AIM),"JUL 11-15, 2022","IEEE,ASME","Sapporo, JAPAN",3,,,,,,3,1,14,2159-6255,,978-1-6654-1308-4,,,,English,,,,,,,,,,,,
C,"Lee, H; McCrink, MH; Gregory, JW",,,AIAA,"Gregory, James/A-2343-2015; McCrink, Matthew/GZG-4650-2022",,,,,,Visual-Inertial Odometry for Unmanned Aerial Vehicle Using Deep Learning,,,,,,,,AIAA SCITECH 2019 FORUM,,,,,,,,,,,,,,,,,,,,Proceedings Paper,,2019,"This paper presents the development of a visual-inertial odometry system trained using deep learning methods. Many visual-inertial odometry works have shown robust performance in both indoor and outdoor environments on several different systems such as aerial and ground vehicles, or hand-held cameras. However, these methods require meticulous calibrations since each camera has different intrinsic parameters, and each environment has different scale factors that require unique parameter tuning processes. These systems are also typically computationally constrained, necessitating efficient algorithms and implementations for real-time, real-world use. In this work, an algorithmic and computational architecture is presented which demonstrates that the process of the optical and the scaling parameter estimation can be skipped by the training of a neural network based on optical flow of two consecutive raw images. A demonstration system was developed using stereoscopic imaging cameras and a commonly available inertial system. Details on the training and implementation for this architecture are presented along with a systematic estimate of the uncertainty in the computed state estimates. Baseline trials indicate mean velocity errors on the order of 1.7 m/s for an unaided visual inertial system with no external aiding sensors.",,,,,AIAA Science and Technology (SciTech) Forum and Exposition,"JAN 07-17, 2019",AIAA,"San Diego, CA",0,,,,,,0,0,1,,,978-1-62410-578-4,,,,English,,,,,,,,,,,,
C,"Abate, M; Chang, Y; Hughes, N; Carlone, L",,,,,,"Ang, MH; Khatib, O",,,,Kimera2: Robust and Accurate Metric-Semantic SLAM in the Real World,,,,,,,,"EXPERIMENTAL ROBOTICS, ISER 2023",,Springer Proceedings in Advanced Robotics,,30,,,,81,95,,,,10.1007/978-3-031-63596-0_8,,,,,,,Proceedings Paper,,2024,"We present improvements to Kimera, an open-source metric-semantic visual-inertial SLAM library. In particular, we enhance Kimera-VIO, the visual-inertial odometry pipeline powering Kimera, to support better feature tracking, more efficient keyframe selection, and various input modalities (e.g., monocular, stereo, and RGB-D images, as well as wheel odometry). Additionally, Kimera-RPGO and Kimera-PGMO, Kimera's pose-graph optimization backends, are updated to support modern outlier rejection methods-specifically, Graduated-Non-Convexity-for improved robustness to spurious loop closures. These new features are evaluated extensively on a variety of simulated and real robotic platforms, including drones, quadrupeds, wheeled robots, and simulated self-driving cars. We present comparisons against several state-of-the-art visual-inertial SLAM pipelines and discuss strengths and weaknesses of the new release of Kimera. The newly added features have been released open-source at https://github.com/MIT-SPARK/Kimera.",,,,,18th International Conference on Experimental Robotics (ISER),"NOV 26-30, 2023",Int Fdn Robot Res,"Chiangmai, THAILAND",2,,,,,,2,1,12,2511-1256,2511-1264,978-3-031-63598-4; 978-3-031-63596-0; 978-3-031-63595-3,,,,English,,,,,,,,SLAM; localization; mapping; visual-inertial navigation,,,,
C,"Bloesch, M; Omani, S; Hutter, M; Siegwart, R",,,IEEE,"Siegwart, Roland/A-4495-2008","Siegwart, Roland/0000-0002-2760-7983",,,,,Robust Visual Inertial Odometry Using a Direct EKF-Based Approach,,,,,,,,2015 IEEE/RSJ INTERNATIONAL CONFERENCE ON INTELLIGENT ROBOTS AND SYSTEMS (IROS),,IEEE International Conference on Intelligent Robots and Systems,,,,,,298,304,,,,,,,,,,,Proceedings Paper,,2015,"In this paper, we present a monocular visual-inertial odometry algorithm which, by directly using pixel intensity errors of image patches, achieves accurate tracking performance while exhibiting a very high level of robustness. After detection, the tracking of the multilevel patch features is closely coupled to the underlying extended Kalman filter (EKF) by directly using the intensity errors as innovation term during the update step. We follow a purely robocentric approach where the location of 3D landmarks are always estimated with respect to the current camera pose. Furthermore, we decompose landmark positions into a bearing vector and a distance parametrization whereby we employ a minimal representation of differences on a corresponding sigma-Algebra in order to achieve better consistency and to improve the computational performance. Due to the robocentric, inverse-distance landmark parametrization, the framework does not require any initialization procedure, leading to a truly power-up-and-go state estimation system. The presented approach is successfully evaluated in a set of highly dynamic hand-held experiments as well as directly employed in the control loop of a multirotor unmanned aerial vehicle (UAV).",,,,,IEEE/RSJ International Conference on Intelligent Robots and Systems (IROS),"SEP 28-OCT 02, 2015","IEEE,RSJ,Univ Hamburg,DFG,RA,New Technol Fdn,SICE,KUKA,DJI,Rethink Robot,BOSCH,Chinese Acad Sci, SIAT,Boozhong,Adept,Automatica,HIT,Ascending Technol,OPTOFORCE,DST Robot,BA Syst,Rainbow Robot,SIA,CLEARPATH Robot,Swiss Natl Ctr Competence Res Robot,SINEVA,Dyson,SICK,Robocept,Force Dimension,Open Unit Robot,Luoyang Natl Univ Sci Park,Fuzhou Univ,Synapticon,Google,Technishce Univ Munchen,iRobot,Echord++,Khalifa Univ,Pan Robot,FESTO,Kinova Robot,SCHUNK,ies","Hamburg, GERMANY",731,,,,,,914,1,138,2153-0858,,978-1-4799-9994-1,,,,English,,,,,,,,,,,,
C,"Shou, YC; Song, ZY; Qi, HY; Li, Z; Chen, WJ",,,,"song, zhuoyue/JOK-9301-2023; Li, Zhen/F-9475-2015","Li, Zhen/0000-0003-1166-9482","Yan, L; Duan, H; Deng, Y",,,,Distributed UAV Swarm Collaborative SLAM Based on Visual-Inertial-Ranging Measurement,,,,,,,,"ADVANCES IN GUIDANCE, NAVIGATION AND CONTROL, VOL 6",,Lecture Notes in Electrical Engineering,,1342,,,,183,192,,,,10.1007/978-981-96-2220-7_18,,,,,,,Proceedings Paper,,2025,"Compared with the standalone operation, unmanned aerial vehicle (UAV) swarm systems bring the high efficiency to the task execution in a cooperative manner, and they has gained the widespread application in disaster relief, power inspection and other fields. To support the fulfillment of cooperative task, the cooperative positioning capability plays the key role in global positioning system (GPS) denied areas. However, there are still difficulties in initialization, high communication demand, and inevitable drift for swarm cooperative positioning. In order to solve the problems above, a distributed collaborative simultaneous localization and mapping (SLAM) system is developed based on ranging measurement from ultra-wideband (UWB), which specifically accelerates the initialization by introducing prior information, and optimizes the communication framework between the UAVs so as to run in real time. Besides, the ranging is introduced as the restraints on the relative drift between the nodes. The evaluation are performed on datasets recorded in a lab environment. Experiments results show that our method surpasses 15% over the mainstream visual-inertial odometry in positioning accuracy. Furthermore, our method effectively reduces the drift of the visual-inertial odometry in challenging scenarios on visual.",,,,,"2024 International Conference on Guidance, Navigation and Control","AUG 09-11, 2024",National University of Defense Technology,"Changsha, PEOPLES R CHINA",0,,,,,,0,1,8,1876-1100,1876-1119,978-981-96-2222-1; 978-981-96-2220-7; 978-981-96-2219-1,,,,English,,,,,,,,collaborative SLAM; multi-robot system; pose graph optimization; visual-inertial-ranging SLAM,,,,
C,"Delama, G; Shamsfakhr, F; Weiss, S; Fontanelli, D; Fornasier, A",,,IEEE,"; Shafakhr, Farhad/NXB-9973-2025","Fontanelli, Daniele/0000-0002-5486-9989; Shafakhr, Farhad/0000-0001-6371-6557",,,,,UVIO: An UWB-Aided Visual-Inertial Odometry Framework with Bias-Compensated Anchors Initialization,,,,,,,,2023 IEEE/RSJ INTERNATIONAL CONFERENCE ON INTELLIGENT ROBOTS AND SYSTEMS (IROS),,IEEE International Conference on Intelligent Robots and Systems,,,,,,7111,7118,,,,10.1109/IROS55552.2023.10342012,,,,,,,Proceedings Paper,,2023,"This paper introduces UVIO, a multi-sensor framework that leverages Ultra Wide Band (UWB) technology and Visual-Inertial Odometry (VIO) to provide robust and low-drift localization. In order to include range measurements in state estimation, the position of the UWB anchors must be known. This study proposes a multi-step initialization procedure to map multiple unknown anchors by an Unmanned Aerial Vehicle (UAV), in a fully autonomous fashion. To address the limitations of initializing UWB anchors via a random trajectory, this paper uses the Geometric Dilution of Precision (GDOP) as a measure of optimality in anchor position estimation, to compute a set of optimal waypoints and synthesize a trajectory that minimizes the mapping uncertainty. After the initialization is complete, the range measurements from multiple anchors, including measurement biases, are tightly integrated into the VIO system. While in range of the initialized anchors, the VIO drift in position and heading is eliminated. The effectiveness of UVIO and our initialization procedure has been validated through a series of simulations and real-world experiments.",,,,,IEEE/RSJ International Conference on Intelligent Robots and Systems (IROS),"OCT 01-05, 2023","IEEE,RSJ","Detroit, MI",19,,,,,,21,0,8,2153-0858,,978-1-6654-9190-7,,,,English,,,,,,,,,,,,
J,"Chen, SY; Chang, CW; Wen, CY",,,,"; WEN, Chih-Yung/M-1763-2015","Chang, Ching-Wei/0000-0001-7307-6039; Chen, Shengyang/0000-0003-1506-0615; WEN, Chih-Yung/0000-0002-1181-8786",,,,,Perception in the Dark; Development of a ToF Visual Inertial Odometry System,,,,,,,,SENSORS,,,,20,5,,,,,1263,,,10.3390/s20051263,,,,,,,Article,MAR,2020,"Visual inertial odometry (VIO) is the front-end of visual simultaneous localization and mapping (vSLAM) methods and has been actively studied in recent years. In this context, a time-of-flight (ToF) camera, with its high accuracy of depth measurement and strong resilience to ambient light of variable intensity, draws our interest. Thus, in this paper, we present a realtime visual inertial system based on a low cost ToF camera. The iterative closest point (ICP) methodology is adopted, incorporating salient point-selection criteria and a robustness-weighting function. In addition, an error-state Kalman filter is used and fused with inertial measurement unit (IMU) data. To test its capability, the ToF-VIO system is mounted on an unmanned aerial vehicle (UAV) platform and operated in a variable light environment. The estimated flight trajectory is compared with the ground truth data captured by a motion capture system. Real flight experiments are also conducted in a dark indoor environment, demonstrating good agreement with estimated performance. The current system is thus shown to be accurate and efficient for use in UAV applications in dark and Global Navigation Satellite System (GNSS)-denied environments.",,,,,,,,,10,,,,,,11,0,26,,1424-8220,,,,,English,,,,,,,,VIO; ToF camera; real time; error-state Kalman Filter; data fusion; ICP,,,,
J,"Liu, YL; Qu, RK; Xu, MC; Li, CL; Jiang, H",,,,"Qu, Ruokun/ODL-0229-2025",,,,,,A Reliability-Aware Visual-Inertial Odometry for Dynamic and Low-Texture Environments,,,,,,,,INTERNATIONAL JOURNAL OF ADVANCED COMPUTER SCIENCE AND APPLICATIONS,,,,17,5,,,1020,1030,,,,,,,,,,,Article,,2026,"Visual-inertial odometry (VIO) tends to degrade in aggressive dynamic and low-texture environments, where rapid motion, weak visual structure, and moving objects reduce the reliability of visual observations. This study presents TRAIL-VIO, a temporal reliability-aware visual-inertial odometry framework with line feature enhancement. The method estimates temporal observation reliability by combining semantic priors with IMU-based motion consistency, which allows a continuous and time-varying assessment of observation quality instead of frame-wise decisions. A reliability-aware point-line association scheme is also introduced, where inertial prediction is used to constrain feature matching and partially corrupted line segments are selectively retained. In addition, a reliability-guided marginalization strategy is applied to reduce the influence of unreliable visual constraints before they are incorporated into the prior. Experiments on the EuRoC MAV benchmark and a self-collected UAV dataset show that TRAIL-VIO achieves average RMSE values of 0.042 m and 9.51 m, respectively, outperforming representative baseline methods in dynamic and low-texture scenarios. Additional ablation, parameter-sensitivity, and runtime analysis further verify the contribution of the main modules, the robustness of the selected parameters, and the computational feasibility of the proposed framework.",,,,,,,,,0,,,,,,0,0,0,2158-107X,2156-5570,,,,,English,,,,,,,,Visual-inertial odometry; point-line feature fusion; dynamic environments; observation reliability estimation; UAV navigation; marginalization,,,,
C,"Fei, SC; Li, JF; Li, L; Liang, J; Hu, JW; Zhang, DW; Han, JW",,,,"Han, Junwei/AEX-0831-2022; zhang, dingwen/R-3463-2019",,"Yan, L; Duan, H; Deng, Y",,,,Transformer Based Visual Inertial Odometry,,,,,,,,"ADVANCES IN GUIDANCE, NAVIGATION AND CONTROL, VOL 17",,Lecture Notes in Electrical Engineering,,1353,,,,567,575,,,,10.1007/978-981-96-2264-1_54,,,,,,,Proceedings Paper,,2025,"Visual inertial odometry (VIO) is a sensor fusion technology used for positioning and navigation. It combines visual sensor and inertial sensor information to estimate the movement and location of the UAV in real time. In recent years deep learning based approaches VIO have shown outstanding performance than traditional geometric methods. However, VIO tasks usually need to capture long-distance feature dependencies to ensure the continuity and consistency of camera motion trajectories in time series. In this study, we introduce a new end to end transformer based VIO framework, named VIO-former, to enable the model to better understand motion features in video sequences. Comprehensive quantitative and qualitative evaluation is conducted on KITTI datasets to test our method. The experimental results shows that our approach can achieve superior performance when compared with the existing methods.",,,,,"2024 International Conference on Guidance, Navigation and Control","AUG 09-11, 2024",National University of Defense Technology,"Changsha, PEOPLES R CHINA",0,,,,,,0,1,6,1876-1100,1876-1119,978-981-96-2266-5; 978-981-96-2264-1; 978-981-96-2263-4,,,,English,,,,,,,,Sensor fusion; Visual inertial odometry; Transformer,,,,
C,"Divan, BNY; Lorpenda, MJ; Willert, V",,,,,,"Qaadan, S",,,,Getting Started with a Simple Visual-Inertial Odometry,,,,,,,,"2024 22ND INTERNATIONAL CONFERENCE ON RESEARCH AND EDUCATION IN MECHATRONICS, REM 2024",,International Workshop on Research and Education in Mechatronics,,,,,,231,236,,,,10.1109/REM63063.2024.10735689,,,,,,,Proceedings Paper,,2024,"This paper presents the development and evaluation of a basic monocular visual-inertial odometry (VIO) algorithm tailored for drone navigation. The primary goal is to present a minimal, easy-to-understand algorithm for beginners to the field. Therefore, the method utilises proven, simple, non-computationally intensive computer vision algorithms. To solve the unknown scale problem, monocular visual odometry estimates arc fused with scale estimates extracted from inertial measurement unit (IMU) data. We tested the algorithm on various datasets, including the real-world KITTI dataset and a custom dataset recorded with a Tello DJI drone in a controlled lab environment. Moreover, the algorithm's adaptability and performance were further validated in an Unreal-Engine simulated environment utilizing Microsoft AirSim for the simulation of the drone's physics. Although simple, the proposed method is versatile for short-term odometry especially for slow continuous movements.",,,,,22nd International Conference on Research and Education in Mechatronics,"SEP 24-26, 2024",,"German-Jordanian University, JORDAN",0,,,,,,0,1,2,2993-4583,,979-8-3315-0598-1; 979-8-3315-0597-4,,,,English,,,,,,,,Visual Inertial Odometry; Optical flow; Simulation; Unmanned Aerial Vehicles (UAV),,,,
J,"Elamin, A; El-Rabbany, A; Jacob, S",,,,/G-6034-2018,,,,,,Event-Based Visual/Inertial Odometry for UAV Indoor Navigation,,,,,,,,SENSORS,,,,25,1,,,,,61,,,10.3390/s25010061,,,,,,,Article,JAN,2025,"Indoor navigation is becoming increasingly essential for multiple applications. It is complex and challenging due to dynamic scenes, limited space, and, more importantly, the unavailability of global navigation satellite system (GNSS) signals. Recently, new sensors have emerged, namely event cameras, which show great potential for indoor navigation due to their high dynamic range and low latency. In this study, an event-based visual-inertial odometry approach is proposed, emphasizing adaptive event accumulation and selective keyframe updates to reduce computational overhead. The proposed approach fuses events, standard frames, and inertial measurements for precise indoor navigation. Features are detected and tracked on the standard images. The events are accumulated into frames and used to track the features between the standard frames. Subsequently, the IMU measurements and the feature tracks are fused to continuously estimate the sensor states. The proposed approach is evaluated using both simulated and real-world datasets. Compared with the state-of-the-art U-SLAM algorithm, our approach achieves a substantial reduction in the mean positional error and RMSE in simulated environments, showing up to 50% and 47% reductions along the x- and y-axes, respectively. The approach achieves 5-10 ms latency per event batch and 10-20 ms for frame updates, demonstrating real-time performance on resource-constrained platforms. These results underscore the potential of our approach as a robust solution for real-world UAV indoor navigation scenarios.",,,,,,,,,16,,,,,,17,7,32,,1424-8220,,,,,English,,,,,,,,UAV; event camera; visual-inertial odometry; navigation,,,,
J,"Kao, PY; Chang, HJ; Tseng, KW; Chen, TMY; Luo, HL; Hung, YP",,,,"; Tseng, Kuan-Wei/CAG-9201-2022","Chen, Timothy/0000-0001-7900-890X;",,,,,VIUNet: Deep Visual-Inertial-UWB Fusion for Indoor UAV Localization,,,,,,,,IEEE ACCESS,,,,11,,,,61525,61534,,,,10.1109/ACCESS.2023.3279292,,,,,,,Article,,2023,"Camera, inertial measurement unit (IMU), and ultra-wideband (UWB) sensors are commonplace solutions to unmanned aerial vehicle (UAV) localization problems. The performance of a localization system can be improved by integrating observations from different sensors. In this paper, we propose a learning-based UAV localization method using the fusion of vision, IMU, and UWB sensors. Our model consists of visual-inertial (VI) and UWB branches. We combine the estimation results of both branches to predict global poses. To evaluate our method, we augment a public VI dataset with UWB simulations and conduct a real-world experiment. The experimental results show that our method provides more robust and accurate results than VI/UWB-only localization. Our codes and data are available at https://imlabntu.github.io/VIUNet/.",,,,,,,,,31,,,,,,32,2,73,2169-3536,,,,,,English,,,,,,,,Visual-inertial odometry; ultra-wideband; sensor fusion; deep learning,,,,
J,"Ma, YF; Wang, SX; Yu, DL; Zhu, KH",,,,,"Yu, Dingli/0000-0003-3177-8942",,,,,Robust visual-inertial odometry with point and line features for blade inspection UAV,,,,,,,,INDUSTRIAL ROBOT-THE INTERNATIONAL JOURNAL OF ROBOTICS RESEARCH AND APPLICATION,,,,48,2,,,179,188,,,,10.1108/IR-01-2020-0009,,,,,FEB 2021,,Article,JUL 5,2021,"Purpose This paper aims to enable the unmanned aerial vehicles to inspect the surface condition of wind turbine in close range when the global positioning system signal is not reliable, and further improve its intelligence. So a visual-inertial odometry with point and line features is developed. Design/methodology/approach Visual front-end combining point and line features, as well as its purification strategies, are first presented to improve the robustness of feature tracking in low-textured scene and rapidity of segment detector. Additionally, the inertial measurement is integrated between keyframes as constrain to reduce tracking error existed in visual-only system. Second, the graph-based visual-inertial back-end is constructed. To parameterize line features effectively, the infinite line representation not sensitive to outdoor light is employed, in which Plucker and Cayley are selected for line re-projection and nonlinear optimization. Furthermore, Jacobians of the line re-projection errors are analytically derived for better accuracy. Findings Experiments are performed in various scenes of the wind farm. The results demonstrate that the tight-coupled visual-inertial odometry with point and line features is more precise on all the samples than conventional algorithms in complex wind farm environments. Additionally, the constructed line feature map can be used in the following research for autonomous navigation. Originality/value The proposed visual-inertial odometry works robustly in strong electromagnetic interference, low-textured and illumination-change wind farm.",,,,,,,,,4,,,,,,4,3,55,0143-991X,1758-5791,,,,,English,,,,,,,,SLAM; Unmanned Aerial Vehicles (UAV); Wind turbine; Low texture; Multi-sensor information fusion,,,,
C,"Baldini, F; Anandkumar, A; Murray, RM",,,IEEE,,,,,,,Learning Pose Estimation for UAV Autonomous Navigation and Landing Using Visual-Inertial Sensor Data,,,,,,,,2020 AMERICAN CONTROL CONFERENCE (ACC),,Proceedings of the American Control Conference,,,,,,2961,2966,,,,10.23919/acc45564.2020.9147400,,,,,,,Proceedings Paper,,2020,"In this work, we propose a robust network-in-the-loop control system for autonomous navigation and landing of an Unmanned-Aerial-Vehicle (UAV). To estimate the UAV's absolute pose, we develop a deep neural network (DNN) architecture for visual-inertial odometry, which provides a robust alternative to traditional methods. We first evaluate the accuracy of the estimation by comparing the prediction of our model to traditional visual-inertial approaches on the publicly available EuRoC MAV dataset. The results indicate a clear improvement in the accuracy of the pose estimation up to 25% over the baseline. Finally, we integrate the data-driven estimator in the closed-loop flight control system of Airsim, a simulator available as a plugin for Unreal Engine, and we provide simulation results for autonomous navigation and landing.",,,,,American Control Conference (ACC),"JUL 01-03, 2020","Amer Automat Control Council,Int Federat Automat Control","Denver, CO",22,,,,,,29,2,23,0743-1619,2378-5861,978-1-5386-8266-1,,,,English,,,,,,,,,,,,
J,"Chen, XY; Li, SX; Lu, RF; Zhu, XZ",,,,"Zhu, Xiaozhou/OJT-8416-2025; li, shuaixin/AAQ-6221-2020","Zhu, Xiaozhou/0000-0003-2305-7467; li, shuaixin/0000-0002-0933-8740",,,,,GPLVINS: Tightly Coupled GNSS-Visual-Inertial Fusion for Consistent State Estimation with Point and Line Features for Unmanned Aerial Vehicles,,,,,,,,DRONES,,,,9,11,,,,,801,,,10.3390/drones9110801,,,,,,,Article,NOV 17,2025,"Highlights What are the main findings? Proposes the GPLVINS system for UAVs, which builds a tightly coupled GNSS-visual-inertial nonlinear optimization framework by fusing point and line features on the basis of GVINS. This addresses the issue of insufficient feature extraction in traditional point-feature VIO under texture-sparse environments and enhances the stability of UAV 6-DoF pose estimation. Optimizes the traditional LSD line feature extraction algorithm: short line segments are filtered out via non-maximum suppression and length threshold screening. This not only reduces computational cost but also integrates line reprojection residuals into the optimization process, further improving positioning accuracy. What are the implication of the main findings? By comparing the performance of GPLVINS with GVINS, PL-VIO, and VINS-Fusion in indoor, outdoor, and indoor-outdoor transition scenarios, GPLVINS demonstrates superior positioning performance compared with other algorithms. Our system can handle complex situations such as drastic changes in lighting, loss of GNSS signals, or feature degradation, making it more suitable for the practical operational requirements of UAVs. Offers a more reliable state estimation scheme for UAV autonomous navigation. Particularly in GNSS-constrained or visually sparse feature scenarios, the incorporation of line features supplements environmental constraints and reduces the risk of pose drift, laying a foundation for subsequent extensions to stereo vision and adaptation to larger-scale textureless scenarios.Highlights What are the main findings? Proposes the GPLVINS system for UAVs, which builds a tightly coupled GNSS-visual-inertial nonlinear optimization framework by fusing point and line features on the basis of GVINS. This addresses the issue of insufficient feature extraction in traditional point-feature VIO under texture-sparse environments and enhances the stability of UAV 6-DoF pose estimation. Optimizes the traditional LSD line feature extraction algorithm: short line segments are filtered out via non-maximum suppression and length threshold screening. This not only reduces computational cost but also integrates line reprojection residuals into the optimization process, further improving positioning accuracy. What are the implication of the main findings? By comparing the performance of GPLVINS with GVINS, PL-VIO, and VINS-Fusion in indoor, outdoor, and indoor-outdoor transition scenarios, GPLVINS demonstrates superior positioning performance compared with other algorithms. Our system can handle complex situations such as drastic changes in lighting, loss of GNSS signals, or feature degradation, making it more suitable for the practical operational requirements of UAVs. Offers a more reliable state estimation scheme for UAV autonomous navigation. Particularly in GNSS-constrained or visually sparse feature scenarios, the incorporation of line features supplements environmental constraints and reduces the risk of pose drift, laying a foundation for subsequent extensions to stereo vision and adaptation to larger-scale textureless scenarios.Abstract The employment of linear features to enhance the positioning precision and robustness of point-based VIO (visual-inertial odometry) has attracted mounting attention, especially for UAV (unmanned aerial vehicle) applications where reliable 6-DoF pose estimation is critical for autonomous navigation, mission execution, and safety. This paper presents GPLVINS-GNSS (global navigation satellite system)-point-line-visual-inertial navigation system-a UAV-tailored enhancement of the nonlinear optimization-based GVINS (GNSS-visual-inertial navigation system). Unlike GVINS, which struggles with feature extraction in weak-texture environments and depends entirely on point features, GPLVINS innovatively integrates line features into its state optimization framework to enhance robustness and accuracy. While existing studies adopt the LSD (line segment detector) algorithm for line feature extraction, this approach often generates numerous short line segments in real-world scenes. Such an outcome not only increases computational costs but also degrades pose estimation performance. In order to address this issue, the present study proposes an NMS (non-maximum suppression) strategy for the refinement of LSD. The line reprojection residual is then formulated as the distance between point and line, which is incorporated into the nonlinear optimization process. Experimental validations on open-source datasets and self-collected UAV datasets across indoor, outdoor, and indoor-outdoor transition scenarios demonstrate that GPLVINS exhibits superior positioning performance and enhanced robustness for UAVs in environments with feature degradation or drastic lighting intensity variations.",,,,,,,,,0,,,,,,0,0,4,,2504-446X,,,,,English,,,,,,,,GPLVINS; line feature; sensor fusion; UAV; UAV navigation; pose estimation,,,,
J,"Bai, H; Taylor, CN",,,,; /AFP-8519-2022,"Taylor, Clark/0000-0002-6417-3715; Bai, He/0000-0002-4247-0698",,,,,Control-enabled Observability and Sensitivity Functions in Visual-Inertial Odometry,,,,,,,,JOURNAL OF INTELLIGENT & ROBOTIC SYSTEMS,,,,93,1-2,SI,,289,301,,,,10.1007/s10846-018-0808-6,,,,,,,Article,FEB,2019,"Visual-inertial odometry (VIO) is an important component in autonomous navigation of Unmanned Aerial Vehicles (UAVs) in GPS-denied or degraded environments. VIO is a nonlinear estimation problem where control inputs, such as acceleration and angular velocity, have significant impact on the estimation performance. In this paper, we examine the effects of controls on the VIO problem. We first propose a sensitivity function that characterizes the relationship between the errors in the control inputs and the state estimation performance. This function depends on the control inputs, which is unique for nonlinear systems since for linear systems, state observability properties are independent of control inputs. We next derive analytical expressions of the sensitivity functions for various VIO scenarios relevant to UAV motions. Using Monte-Carlo simulations, we validate the derived sensitivity functions. We also show an interesting fact that deceleration along the velocity direction yields better estimation performance than acceleration with the same magnitude.",,,,,,,,,0,,,,,,1,1,13,0921-0296,1573-0409,,,,,English,,,,,,,,Visual-inertial odometry; Unmanned aircraft systems; Observability; Sensitivity,,,,
J,"Wu, PC; Chen, YY; Lin, CL; Wang, H",,,,"Chen, Yang-Yi/QOZ-9674-2026","Wu, Po-Chun/0009-0007-1886-6872; Lin, Chun-Liang/0000-0002-8520-3450; Chen, Yang-Yi/0000-0002-8117-9684",,,,,Autonomous Localization and Navigation for Drones Over Rivers,,,,,,,,IEEE ACCESS,,,,14,,,,5236,5254,,,,10.1109/ACCESS.2025.3650454,,,,,,,Article,,2026,"Uncrewed aerial vehicles (UAVs) are increasingly used for environmental monitoring and riverine studies; however, their dependence on Global Positioning System (GPS) localization is often compromised in forested areas, under bridges, or above highly dynamic water surfaces. Conventional vision-based navigation methods struggle with sparse textures and transient disturbances, leading to unstable positioning and drift. This paper presents a robust real-time visual-inertial navigation framework that integrates neural network-based optical flow estimation (NeuFlow v2), the Dynamic Divided Method (DDM), and inertial measurement unit (IMU) data through a Kalman Filter (KF). The DDM adaptively segments the optical-flow field according to water-surface dynamics and local texture stability, suppressing transient artifacts such as ripples and reflections, while the KF stabilizes state estimation by compensating for outliers and short-term measurement loss. Field experiments at Kangqiao, Green River, and Wu River sites demonstrate that DDM-enhanced visual odometry (VO) significantly improves robustness in low-texture and dynamic conditions. The fused framework combining NeuFlow v2, DDM, and KF achieves high trajectory similarity with GPS benchmarks, reduced drift, and enhanced spatial consistency. These findings validate a practical and effective solution for accurate UAV localization and autonomous environmental monitoring in GPS-degraded riverine environments.",,,,,,,,,0,,,,,,0,2,2,2169-3536,,,,,,English,,,,,,,,Navigation; Accuracy; Autonomous aerial vehicles; Optical flow; Estimation; Location awareness; Global Positioning System; Real-time systems; Rivers; Vehicle dynamics; Visual-inertial odometry; dynamic disturbance mitigation; self-positioning without GPS; uncrewed aerial vehicle (UAV); NeuFlow v2,,,,
J,"Hao, Y; He, MF; Liu, YZ; Liu, JC; Meng, ZY",,,,"; He, Mengfan/OSI-1297-2025","Liu, Jiacheng/0000-0002-3807-3817;",,,,,Range-Visual-Inertial Odometry with Coarse-to-Fine Image Registration Fusion for UAV Localization,,,,,,,,DRONES,,,,7,8,,,,,540,,,10.3390/drones7080540,,,,,,,Article,AUG,2023,"In Global Navigation Satellite System (GNSS)-denied environments, image registration has emerged as a prominent approach to utilize visual information for estimating the position of Unmanned Aerial Vehicles (UAVs). However, traditional image-registration-based localization methods encounter limitations, such as strong dependence on the prior initial position information. In this paper, we propose a systematic method for UAV geo-localization. In particular, an efficient range-visual-inertial odometry (RVIO) is proposed to provide local tracking, which utilizes measurements from a 1D Laser Range Finder (LRF) to suppress scale drift in the odometry. To overcome the differences in seasons, lighting conditions, and other factors between satellite and UAV images, we propose an image-registration-based geo-localization method in a coarse-to-fine manner that utilizes the powerful representation ability of Convolutional Neural Networks (CNNs). Furthermore, to ensure the accuracy of global optimization, we propose an adaptive weight assignment method based on the evaluation of the quality of image-registration-based localization. The proposed method is extensively evaluated in both synthetic and real-world environments. The results demonstrate that the proposed method achieves global drift-free estimation, enabling UAVs to accurately localize themselves in GNSS-denied environments.",,,,,,,,,13,,,,,,14,1,29,,2504-446X,,,,,English,,,,,,,,range-visual-inertial odometry; coarse-to-fine image registration; localization,,,,
J,"Xie, C; Wu, BB; Guo, DX; Chen, X",,,,"Wu, Xinyi/NWH-5120-2025","Xie, Chen/0009-0006-8165-818X",,,,,Autonomous Navigation UAVs for Enhancing Information Freshness for Reconnaissance,,,,,,,,ELECTRONICS,,,,13,7,,,,,1354,,,10.3390/electronics13071354,,,,,,,Article,APR,2024,"The demand for autonomous navigation UAVs in reconnaissance is steadily increasing. One crucial aspect of these missions is the freshness of reconnaissance information, which serves as a vital indicator of mission effectiveness. However, there is a lack of targeted investigation in the research on autonomous single/multi-UAV missions and joint path planning. Furthermore, the use of visual-inertial odometry (VIO) in rotary-wing UAVs can lead to significant positional drift during flight, which may result in the loss of the UAV and mission failure. This paper investigates joint planning problems in single/multi-UAV reconnaissance missions under both GPS-available and GPS-unavailable scenarios and proposes an integrated data collection and beacon-assisted localization approach. Finally, the numerical results demonstrate the effectiveness of the proposed scheme in enhancing the freshness of reconnaissance information.",,,,,,,,,2,,,,,,3,1,12,,2079-9292,,,,,English,,,,,,,,unmanned aerial vehicle; autonomous UAVs; reconnaissance; data collection; mission planning; path planning; heuristic optimization; information freshness; localization drift,,,,
J,"Chen, HL; Zhang, L; Li, DY; Xu, JG; Yang, WQ; Yang, Z",,,,"; danyang, li/GLT-1067-2022; Yang, Zheng/A-3223-2012","Zhang, Li/0000-0002-9208-1949; Xu, Jingao/0000-0002-8347-2657; Yang, Zheng/0000-0003-4048-2684",,,,,REFLoc: A Resilient Evolutionary Fusion Framework for Robust Indoor Localization,,,,,,,,IEEE TRANSACTIONS ON INSTRUMENTATION AND MEASUREMENT,,,,73,,,,,,5021413,,,10.1109/TIM.2024.3403196,,,,,,,Article,,2024,"Location awareness is becoming increasingly crucial in unmanned aerial vehicles (UAVs). However, in the absence of global positioning system (GPS) signals in indoor scenes, how to obtain accurate positioning results has become a frontier issue that has attracted much attention. This article proposes a resilient evolutionary multisensor fusion localization framework named REFLoc to achieve accurate indoor positioning of UAVs. Motivated by the ease of deployment and the wide feasibility of precise indoor localization, we introduce ultrawideband (UWB) as global localization. The global localization provides the absolute position information of the UAV indoors, but it may be affected by signal blocking, occlusion, or interference. To address these noise effects, we introduce a hybrid threshold wavelet denoising (HTWD) algorithm to effectively preprocess UWB data. We also integrate visual-inertial odometry (VIO) as the support of local tracking to provide continuous and high-frequency motion estimation. We dynamically adjust the weight parameters and noise covariance matrices by using the resilient evolutionary fusion method. Then, we further seamlessly integrate the global localization and local tracking results in the optimized EKF framework. This improves the robustness of the system to environmental changes and outliers. We evaluate the performance of REFLoc in public datasets and the real world, and the experimental results show that the proposed framework can effectively improve the robustness and accuracy of the UAVs' localization.",,,,,,,,,3,,,,,,3,4,28,0018-9456,1557-9662,,,,,English,,,,,,,,Location awareness; Tracking; Working environment noise; Noise; Noise reduction; Autonomous aerial vehicles; Robustness; Indoor localization; resilient evolutionary fusion; ultrawideband (UWB); unmanned aerial vehicle (UAV); visual inertial odometry (VIO),,,,
C,"Wang, H; Lan, B; Wei, BG; Chen, XY; Guo, C",,,,,,"Liu, H; Guo, D",,,,Optimization and Acceleration of Visual-Inertial Navigation System for UAVs Based on Heterogeneous Computing Architecture,,,,,,,,"PROCEEDINGS OF 2025 CHINESE INTELLIGENT AUTOMATION CONFERENCE, VOL II",,Lecture Notes in Electrical Engineering,,1502,,,,468,481,,,,10.1007/978-981-95-4053-2_48,,,,,,,Proceedings Paper,,2026,"We propose an optimization and acceleration solution for Visual-Inertial Navigation Systems (VINS) on UAVs based on heterogeneous computing architecture. As UAV application scenarios diversify, the requirements for autonomous navigation capabilities continue to increase. Visual-Inertial Navigation has become one of the mainstream technologies due to its advantages of low cost, rich information, and high reliability. However, real-time operation of VINS systems on resource-constrained UAV platforms still faces significant challenges, especially in highly dynamic and complex environments. Through a software-hardware co-design approach, this paper addresses the performance bottlenecks of VINS-Mono systems on UAV platforms. The main innovations include: proposing an initialization method combining optical flow and descriptors to improve system robustness in low-texture and fast-motion scenarios; designing an optical flow tracking strategy to replace OpenCV feature extraction, enhancing feature tracking efficiency through hardware acceleration interfaces; developing an adaptive feature selection algorithm to balance computational resources and precision in backend optimization.",,,,,2025 Chinese Intelligent Automation Conference-CIAC,"JUL 04-06, 2025",,"Hefei, PEOPLES R CHINA",0,,,,,,0,0,0,1876-1100,1876-1119,978-981-95-4055-6; 978-981-95-4053-2; 978-981-95-4052-5,,,,English,,,,,,,,computer vision; visual-inertial navigation; UAV; heterogeneous computing; real-time system optimization,,,,
J,"Henawy, J; Li, ZG; Yau, WY; Seet, G",,,,"Henawy, John/ABB-6140-2020; Li, Zhengguo/LCE-3960-2024; Gim Lee, Gerald/F-8918-2010","Henawy, John/0000-0002-4382-9164; Yau, Wei-Yun/0000-0001-5709-9169; Li, Zhengguo/0000-0002-4525-1204;",,,,,Accurate IMU Factor Using Switched Linear Systems for VIO,,,,,,,,IEEE TRANSACTIONS ON INDUSTRIAL ELECTRONICS,,,,68,8,,,7199,7208,,,,10.1109/TIE.2020.3000097,,,,,,,Article,AUG,2021,"Accurate motion estimation plays a crucial role in state estimation of an unmanned aerial vehicle (UAV). This is usually carried out by fusing the kinematics of an inertial measurement unit (IMU) with the video output of a camera. However, the accuracy of existing approaches is hindered by the discretization effect of the model even at a high IMU sampling rate. In order to improve the accuracy, we propose a new IMU motion integration model for the IMU kinematics in continuous time. The kinematics are modeled using a switched linear system. A closed-form discrete formulation is derived to compute the mean measurement, the covariance matrix, and the Jacobian matrix. Thus, it is more accurate and more efficient for online estimation of visual-inertial odometry (VIO), particularly when there is a high dynamic change in the agent's motion or the agent travels with high speed. The proposed IMU factor framework is evaluated using both real public datasets and indoor environment under different scenarios of motion capture. Our evaluation shows that the proposed framework outperforms the state-of-the-art VIO approach by up to 22.71% accuracy improvement on the EuRoc dataset and 38.15% accuracy improvement for motion estimation under the indoor environment.",,,,,,,,,22,,,,,,24,1,49,0278-0046,1557-9948,,,,,English,,,,,,,,Optimization; Kinematics; Computational modeling; Linear systems; Switches; Visualization; Acceleration; Factor-graph-based optimization; sensor fusion; switched linear system; Taylor expansion; visual-inertial odometry (VIO),,,,
C,"Cioffi, G; Scaramuzza, D",,,IEEE,,"Scaramuzza, Davide/0000-0002-3831-6778",,,,,Tightly-coupled Fusion of Global Positional Measurements in Optimization-based Visual-Inertial Odometry,,,,,,,,2020 IEEE/RSJ INTERNATIONAL CONFERENCE ON INTELLIGENT ROBOTS AND SYSTEMS (IROS),,IEEE International Conference on Intelligent Robots and Systems,,,,,,5089,5095,,,,10.1109/IROS45743.2020.9341697,,,,,,,Proceedings Paper,,2020,"Motivated by the goal of achieving robust, drift-free pose estimation in long-term autonomous navigation, in this work we propose a methodology to fuse global positional information with visual and inertial measurements in a tightly-coupled nonlinear-optimization-based estimator. Differently from previous works, which are loosely-coupled, the use of a tightly-coupled approach allows exploiting the correlations amongst all the measurements. A sliding window of the most recent system states is estimated by minimizing a cost function that includes visual re-projection errors, relative inertial errors, and global positional residuals. We use IMU preintegration to formulate the inertial residuals and leverage the outcome of such algorithm to efficiently compute the global position residuals. The experimental results show that the proposed method achieves accurate and globally consistent estimates, with negligible increase of the optimization computational cost. Our method consistently outperforms the loosely-coupled fusion approach. The mean position error is reduced up to 50 % with respect to the loosely-coupled approach in outdoor Unmanned Aerial Vehicle (UAV) flights, where the global position information is given by noisy GPS measurements. To the best of our knowledge, this is the first work where global positional measurements are tightly fused in an optimization-based visual-inertial odometry algorithm, leveraging the IMU preintegration method to define the global positional factors.",,,,,IEEE/RSJ International Conference on Intelligent Robots and Systems (IROS),"OCT 24-JAN 24, 2020-2021","IEEE,RSJ",ELECTR NETWORK,77,,,,,,89,1,25,2153-0858,,978-1-7281-6212-6,,,,English,,,,,,,,,,,,
J,"Dissanayaka, D; Wanasinghe, TR; De Silva, O; Jayasiri, A; Mann, GK",,,,"Mann, George K I/AAW-9312-2021; /AAS-3563-2020; De Silva, Oscar/AAU-4866-2020; Dissanayaka, Didula/MEP-0524-2025","Mann, George K I/0000-0002-1211-3374; Wanasinghe Arachchige, Thumeera/0000-0001-6262-2348; Dissanayaka, Didula/0000-0002-8084-3491",,,,,Review of Navigation Methods for UAV-Based Parcel Delivery,,,,,,,,IEEE TRANSACTIONS ON AUTOMATION SCIENCE AND ENGINEERING,,,,21,1,,,1068,1082,,,,10.1109/TASE.2022.3232025,,,,,JAN 2023,,Review,JAN,2024,"This paper presents a comprehensive review of state-of-the-art navigation methods available for unmanned aerial vehicles (UAVs) used in parcel delivery. Particularly, the paper focuses on state-of-the-art sensor configurations, multi-sensor data fusion architectures, and their performance when employed for UAV navigation. Additionally, this paper presents the associated safety regulations for UAV navigation currently imposed by regulatory bodies in US and Canada. The existing navigation solutions sometimes produce degenerative results due to GPS loss, multipath signals, spoofing events, and other sensor degradation scenarios. Therefore, this article investigates the suitability of integrating visual lidar odometry and mapping (VLOAM) with GPS to overcome the limitations of existing navigation solutions. A comparative study of the multi-sensory combined solutions is presented with numerical simulations, validating the regulatory compliance of VLOAM and GPS integrated system under common GPS failure cases.",,,,,,,,,91,,,,,,98,6,172,1545-5955,1558-3783,,,,,English,,,,,,,,Unmanned aerial vehicle (UAV); navigation; UAV-based parcel delivery; visual lidar odometry and mapping (VLOAM),,,,
J,"Wicaksono, M; Shin, SY",,,,"; Wicaksono, Muhammad/QWC-1013-2026","Shin, Soo Young/0000-0002-2526-2395;",,,,,GO-SLAM: GPS-Aided Visual-Inertial SLAM for Adaptive UAV Navigation in Outdoor-Indoor Environments,,,,,,,,IEEE TRANSACTIONS ON INSTRUMENTATION AND MEASUREMENT,,,,74,,,,,,7503408,,,10.1109/TIM.2025.3538081,,,,,,,Article,,2025,"This article introduces a GPS-aided visual-inertial simultaneous localization and mapping (SLAM) system named GO-SLAM. This proposed system optimizes uncrewed aerial vehicles (UAVs)-based search and rescue (SAR) operations by enabling efficient navigation in transition areas between indoor and outdoor environments. Therefore, the UAV addresses challenges posed by intermittent GPS signals and limited features for visual odometry (VO). GO-SLAM optimizes local pose estimation by leveraging available GPS signals and inertial data from visual-inertial odometry (VIO). The system incorporates kinodynamic path search, which employs a hierarchical, time-optimal trajectory planning method to ensure comprehensive coverage. The efficacy of GO-SLAM is evaluated through scenarios involving transition areas with unreliable or absent GPS signals, followed by simulations and real-world experiments to validate its adaptive navigation capabilities.",,,,,,,,,12,,,,,,12,23,79,0018-9456,1557-9662,,,,,English,,,,,,,,Adaptive navigation; GPS signal; search and rescue; search and rescue; uncrewed aerial vehicle (UAV); uncrewed aerial vehicle (UAV); visual-inertial odometry (VIO); visual-inertial odometry (VIO); visual simultaneous localization and mapping (SLAM); visual simultaneous localization and mapping (SLAM); visual simultaneous localization and mapping (SLAM),,,,
C,"Chen, LJ; Henawy, J; Kocer, BB; Seet, GGL",,,,"Gim Lee, Gerald/F-8918-2010; Henawy, John/ABB-6140-2020; Kocer, Basaran Bahadir/D-6013-2016","Henawy, John/0000-0002-4382-9164; Kocer, Basaran Bahadir/0000-0002-5150-5151","Cheng, X; Papapetrou, P; He, Q",,,,Aerial Robots On the Way to Underground: An Experimental Evaluation of VINS-Mono on Visual-Inertial Odometry Camera,,,,,,,,"2019 INTERNATIONAL CONFERENCE ON DATA MINING WORKSHOPS, ICDMW",,International Conference on Data Mining Workshops,,,,,,91,96,,,,10.1109/ICDMW.2019.00024,,,,,,,Proceedings Paper,,2019,"In recent years, applications of unmanned aerial vehicles (UAV) have been well received by a wide range of users due to its versatility and cost-effectiveness. When the UAVs operate outside without any surroundings, it can be possible to integrate global positioning system (GPS) into the UAV. However, GPS is ineffective to determine the position of UAV when the signal is weak or absent, such as operating in an indoor environment and tunnel network. To accurately determine the position of a UAV, another approach is to endow different sensors such as LIDAR, inertial measurement unit (IMU) and camera. In this paper, we present an experimental evaluation of a visual-inertial odometry application using VINS-Mono state estimator coupled with visual-inertial sensors. The objective of the experiment is to determine the effectiveness of the setup in an indoor environment, where the GPS signal is fully absent. In the experiment, a UAV capable of self-localization has been constructed with the integration of onboard computer, camera, and IMU. First, camera and IMU calibrations, as well as their hardware synchronization, have been set. Second, experimental evaluations have conducted to compare the UAV localization performance with ground truth data at motion analysis laboratory equipped with OptiTrack tracking system. Finally, a comparison study is given to determine the robustness and reliability of VINS-Mono state estimator and the UAV system using various flight velocities and environment features settings. Based on extensive evaluations, it is capable to localize a UAV in a GPS-denied environment, with an average root mean square error kept under 25 cm over an average flight duration within 2 minutes.",,,,,19th International Conference on Data Mining Workshops,"NOV 08-11, 2019","Institute of Computing Technology of the Chinese Academy of Sciences,Hefei University of Technology,Linkedln Corp,Nanjing University of Finance and Economics","Beijing, PEOPLES R CHINA",8,,,,,,8,2,8,2375-9232,,978-1-7281-4896-0,,,,English,,,,,,,,Aerial robot; UAV; visual inertial odometry; indoor localization,,,,
J,"Allak, E; Brommer, C; Dallenbach, D; Weiss, S",,,,"; Allak, Eren/IQR-7435-2023","Brommer, Christian/0000-0002-2801-2172;",,,,,AMADEE-18: Vision-Based Unmanned Aerial Vehicle Navigation for Analog Mars Mission (AVI-NAV),,,,,,,,ASTROBIOLOGY,,,,20,11,,,1321,1337,,,,10.1089/ast.2019.2036,,,,,,,Article,NOV 1,2020,"As a part of the AMADEE-18 analog Mars mission, designed to study challenges associated with human-based exploration of the Red Planet, we focused our team efforts on testing means to localize an unmanned aerial vehicle (UAV) on Mars. Robot helicopters, such as the one selected for a technology demonstration as a part of NASA's Mars 2020 mission, are small and their performance is computationally limited. An essential aspect of navigation and path planning of an autonomous helicopter is accurate localization of the robot. In the absence of a global positioning system, a computationally efficient localization technology that can be applied on Mars is visual-inertial odometry (VIO). The AMADEE-18 mission provided an opportunity to test the feasibility of a state-of-the-art VIO algorithm and the camera in a Mars-like analog environment. The flight datasets included different terrain structures that challenged the functionality of VIO algorithms. The experiment has yielded valuable insights into the desired surface structure, texture, and mission times for surface relative navigation of UAV on Mars.",,,,,,,,,8,,,,,,9,0,20,1531-1074,1557-8070,,,,,English,,,,,,,,Analog; Earth Mars; Extreme environments; Mars; Mars Exploration Rovers; State estimation,,,33179969,
J,"George, A; Koivumaeki, N; Hakala, T; Suomalainen, J; Honkavaara, E",,,,"; Hakala, Teemu/D-6166-2016; Suomalainen, Juha/M-1170-2016; Honkavaara, Eija/KIL-0162-2024","Koivumäki, Niko/0000-0002-6307-1637; George, Anand/0000-0002-0473-4808; Hakala, Teemu/0000-0001-5486-4582; Suomalainen, Juha/0000-0003-2029-8820; Honkavaara, Eija/0000-0002-7236-2145",,,,,Visual-Inertial Odometry Using High Flying Altitude Drone Datasets,,,,,,,,DRONES,,,,7,1,,,,,36,,,10.3390/drones7010036,,,,,,,Article,JAN,2023,"Positioning of unoccupied aerial systems (UAS, drones) is predominantly based on Global Navigation Satellite Systems (GNSS). Due to potential signal disruptions, redundant positioning systems are needed for reliable operation. The objective of this study was to implement and assess a redundant positioning system for high flying altitude drone operation based on visual-inertial odometry (VIO). A new sensor suite with stereo cameras and an inertial measurement unit (IMU) was developed, and a state-of-the-art VIO algorithm, VINS-Fusion, was used for localisation. Empirical testing of the system was carried out at flying altitudes of 40-100 m, which cover the common flight altitude range of outdoor drone operations. The performance of various implementations was studied, including stereo-visual-odometry (stereo-VO), monocular-visual-inertial-odometry (mono-VIO) and stereo-visual-inertial-odometry (stereo-VIO). The stereo-VIO provided the best results; the flight altitude of 40-60 m was the most optimal for the stereo baseline of 30 cm. The best positioning accuracy was 2.186 m for a 800 m-long trajectory. The performance of the stereo-VO degraded with the increasing flight altitude due to the degrading base-to-height ratio. The mono-VIO provided acceptable results, although it did not reach the performance level of the stereo-VIO. This work presented new hardware and research results on localisation algorithms for high flying altitude drones that are of great importance since the use of autonomous drones and beyond visual line-of-sight flying are increasing and will require redundant positioning solutions that compensate for potential disruptions in GNSS positioning. The data collected in this study are published for analysis and further studies.",,,,,,,,,16,,,,,,22,1,37,,2504-446X,,,,,English,,,,,,,,outdoor drone; UAV; UAS; VIO; stereo-VIO; vislam; remote sensing,,,,
J,"Arumugam, V; Alagumalai, V",,,,,,,,,,Enhancing UAV Autonomy and Path Optimization Through SBAS and Visual-Inertial Odometry,,,,,,,,INGENIERIA E INVESTIGACION,,,,46,1,,,,,e119122,,,10.15446/ing.investig.119122,,,,,,,Article,JAN,2026,"Unmanned Aerial Vehicles (UAVs) have become indispensable in fields such as disaster response, precision agriculture, environmental monitoring, and surveillance. Their ability to navigate complex and dynamic environments makes them essential for autonomous operations. However, ensuring accurate and reliable state estimation remains a significant challenge, particularly in GPS-denied environments, where traditional navigation systems suffer from drift, localization errors, and trajectory inconsistencies. Addressing these limitations is crucial for improving UAV autonomy and operational efficiency. This study aims to enhance UAV autonomy and trajectory optimization by integrating a Satellite-Based Augmentation System (SBAS) with monocular visual-inertial odometry (VIO) within a factor graph optimization framework. The proposed methodology fuses visual and inertial sensor data, incorporating state constraints and prior knowledge to improve localization accuracy, reduce drift, and manage uncertainty. Experimental evaluations were conducted under different path optimization conditions to assess system performance. Results show that Path 1 achieved the highest optimization score of 0.481, Path 2 showed moderate optimization at 0.130, while Paths 3, 4, and 5 exhibited minimal improvements, with scores of-6.176, -0.041, and-0.113, respectively. These findings confirm the effectiveness of the proposed approach in optimizing UAV trajectories and enhancing real-time navigation accuracy. The study concludes that integrating SBAS with VIO significantly enhances UAV state estimation, offering a promising solution for autonomous aerial operations in both indoor and outdoor environments. This approach provides a robust and scalable framework for improving UAV navigation in critical applications, ensuring greater reliability under GPS-denied conditions.",,,,,,,,,1,,,,,,1,0,0,0120-5609,2248-8723,,,,,English,,,,,,,,unmanned aerial vehicles (UAVs); visual-inertial odometry (VIO); satellite-based augmentation system (SBAS); factor graph optimization; localization accuracy; GPS-denied navigation,,,,
J,"Liu, HQ; Long, Q; Yi, B; Jiang, W",,,,,,,,,,A survey of sensors based autonomous unmanned aerial vehicle (UAV) localization techniques,,,,,,,,COMPLEX & INTELLIGENT SYSTEMS,,,,11,8,,,,,371,,,10.1007/s40747-025-01961-2,,,,,,,Article,JUL 3,2025,"Autonomous localization methods for Unmanned Aerial Vehicles (UAVs) have significant application potential in complex environments. This paper presents a comprehensive survey of UAV localization techniques, focusing on both pure vision-based and sensor-assisted approaches. For pure vision-based localization, the survey emphasizes key technologies for feature descriptor generation, advancements in similarity measurement criteria, and optimized computational strategies. The impact of these technologies on improving computational efficiency and localization accuracy. In the context of sensor-assisted multi-source UAV localization, the applications of filtering-based fusion, optimization-based fusion, and deep learning-based fusion methods are discussed. A detailed analysis demonstrates the advantages of multi-modal data fusion in improving robustness and accuracy. Despite significant progress in localization accuracy and adaptability to complex environments, challenges remain in adapting to low-texture environments, optimizing fusion strategies, and addressing computational resource limitations. Finally, the paper discusses future directions for the research and implementation of UAV autonomous localization methods.",,,,,,,,,20,,,,,,20,18,43,2199-4536,2198-6053,,,,,English,,,,,,,,UAV; Autonomous localization; Feature descriptor; Filtering fusion; Deep learning,,,,
J,"Abdollahi, MR; Pourtakdoust, SH",,,,"Pourtakdoust, Seid H./U-4530-2019",,,,,,Magnetometer-based enhanced visual-inertial odometry for reliable long-range navigation in GNSS-denied high-altitude environment,,,,,,,,AEROSPACE SCIENCE AND TECHNOLOGY,,,,176,,,,,,112673,,,10.1016/j.ast.2026.112673,,,,,,,Article,SEP,2026,"A new visual-inertial odometry (VIO) algorithm for fixed-wing unmanned aerial vehicles (UAVs) operating in GNSS-denied, low to high altitude (50-800 m) environments is proposed. The method builds upon the Fast Multi-State Constraint Kalman Filter (FMSCKF) framework, introducing key innovations such as a dynamic feature extraction strategy, specialized handling of data for slow-motion imagery, selective feature utilization during filter updates, and magnetometer integration for improved heading estimation. Emphasis is placed on practical implementation and rigorous flight-testing on manned and unmanned multi-rotor vehicles. The proposed system is validated on a custom dataset obtained from a 15 km long-range flight via a conventional fixed-wing UAV in a desert-like environment. Experimental comparisons of results with standard Multi-State Constraint Kalman Filter (MSCKF), a semi-direct visual odometry approach with smoothing (SVO+GTSAM), and the VINS-Mono algorithm demonstrate the efficacy of the proposed system in terms of long-duration navigation, accuracy, and convergence while the other methods diverged. In addition, quantitative evaluation of the proposed integrated system using relative and absolute trajectory error (RTE and ATE) metrics confirms its robustness and accuracy under challenging conditions.",,,,,,,,,0,,,,,,0,7,7,1270-9638,1626-3219,,,,,English,,,,,,,,Visual inertial odometry; Multi-state constraint Kalman filter; Long-range navigation; GPS denied environment; High-altitude,,,,
J,"Wang, YL; Li, WY; Wei, GL",,,,,,,,,,Recent Advances in UAV-Based SLAM: A Survey,,,,,,,,CMC-COMPUTERS MATERIALS & CONTINUA,,,,89,1,,,,,6,,,10.32604/cmc.2026.085054,,,,,,,Review,,2026,"With the rapid development of unmanned aerial vehicle (UAV) technologies, simultaneous localization and mapping (SLAM) has emerged as a key enabling paradigm for autonomous navigation and environmental perception. This paper presents a comprehensive survey of recent trends in UAV-based SLAM. First, we review the fundamental components of UAV-based SLAM systems, including commonly used onboard sensors and front-end odometry methods such as visual odometry, visual-inertial odometry, and LiDAR-inertial odometry, which provide reliable ego-motion estimation. Next, we summarize back-end methodologies that enhance estimation accuracy and global consistency, covering pose graph optimization, 3D reconstruction techniques, filter-based SLAM, fusion-based multi-UAV SLAM, and emerging blockchain-enabled frameworks for secure and distributed mapping. Furthermore, representative application scenarios are discussed, including a newly proposed category of collaborative UAV-SLAM platforms, termed the UAV-plus system. We also identify several remaining research gaps and highlight future research directions, including observability challenges, operation in imperfect and dynamic environments, and the miniaturization of UAV-based SLAM systems.",,,,,,,,,0,,,,,,0,9,9,1546-2218,1546-2226,,,,,English,,,,,,,,UAV-based SLAM; multi-UAV systems; distributed UAV-based SLAM; front-end odometry; pose graph optimization; 3D reconstruction; sensor fusion; blockchain; back-end optimization,,,,
J,"Sun, JY; Wang, R",,,,,,,,,,Fast Monocular Visual-Inertial Odometry With Point-Line Features and Vanishing Point Constraints,,,,,,,,IEEE SENSORS LETTERS,,,,9,6,,,,,6006201,,,10.1109/LSENS.2025.3565321,,,,,,,Article,JUN,2025,"Visual-inertial odometry (VIO) is widely used in autonomous driving, robots, and drones in global navigation satellite system (GNSS)-denied environments. Current VIO methods primarily rely on point features for tracking in the visual front end. However, point-feature-based methods often perform poorly in challenging scenes, such as illumination changes and low textures. Extracting line features as a supplement from images can alleviate the above issues, but it introduces considerable computational overhead. Furthermore, degeneracy is more likely to occur with line features. To address these, we propose a fast monocular VIO that integrates point-line features and vanishing point constraints. We improve the EDLines algorithm by adaptively adjusting the gradient threshold and designing a short-line merging algorithm, which reduces computational time and yields higher quality line features. In addition, we introduce a parallel line filtering algorithm and estimate vanishing points based on it to solve the problem of degeneracy. Experiment results show that the line feature extraction of our method is much faster than that of visual-inertial odometry using point and line features (PL-VIO), and visual-inertial SLAM with point and line features (PL-VINS), and our method also demonstrates better localization accuracy and robustness in challenging scenes.",,,,,,,,,1,,,,,,1,0,6,2475-1472,,,,,,English,,,,,,,,Feature extraction; Odometry; Merging; Location awareness; Filtering algorithms; Accuracy; Image segmentation; Visualization; Lighting; Cameras; Sensor applications; multisensor fusion; point-line feature; simultaneous localization and mapping; visual-inertial odometry (VIO),,,,
J,"Zhang, CW; Chen, LM; Yuan, SZ",,,,,,,,,,ST-VIO: Visual-Inertial Odometry Combined With Image Segmentation and Tracking,,,,,,,,IEEE TRANSACTIONS ON INSTRUMENTATION AND MEASUREMENT,,,,69,10,,,8562,8570,,,,10.1109/TIM.2020.2989877,,,,,,,Article,OCT,2020,"In this article, we develop a new monocular visual-inertial odometry system ST-VIO: visual-inertial odometry combined with image segmentation and tracking. We apply the direct method to track the keyframe of images. Meanwhile, we segment and track the keyframe with Siamese Network to achieve the medium-term tracking. This method allows the system to estimate the pose by the overall feature matching of the image in the large-scale motion. In order to obtain higher precision positioning, we tightly couple the image alignment factor, the IMU factor, and the medium-term tracking factor with iSAM2 solver using factor graph optimization. Our method can reduce the cumulative error of incremental positioning system because the medium-term tracking makes the system realize the partial loop closure detection. In order to verify the stability and accuracy of the proposed method, we have tested the algorithm by the EuRoC data set and the UAV platform, respectively. The results have been also compared with those by the OKVIS and R-VIO algorithms. The experimental tests demonstrate that the proposed ST-VIO has the ability to obtain excellent results with high real-time and robust performance.",,,,,,,,,22,,,,,,22,1,56,0018-9456,1557-9662,,,,,English,,,,,,,,Tracking; Optimization; Visualization; Image segmentation; Cameras; Unmanned aerial vehicles; Navigation; Image tracking; incremental smoothing; sensor fusion; simultaneous localization and mapping; visual-inertial system,,,,
J,"Wu, ZY; Dong, SP; Yuan, M; Cui, J; Zhao, LF; Tong, CB",,,,,"Cui, Jin/0000-0003-1579-6526; Wu, Zeyan/0000-0003-3250-8370",,,,,Rotate artificial potential field algorithm toward 3D real-time path planning for unmanned aerial vehicle,,,,,,,,PROCEEDINGS OF THE INSTITUTION OF MECHANICAL ENGINEERS PART G-JOURNAL OF AEROSPACE ENGINEERING,,,,237,4,,,940,955,,,,10.1177/09544100221113198,,,,,AUG 2022,,Article,MAR,2023,"As one of the key technologies in the development of Unmanned Aerial Vehicle (UAV), the path planning method has an intuitive impact on the real-time performance of UAV. Most existing path planning algorithms have drawbacks in global optimization ability or optimization speed, and cannot meet the requirements of practical applications. To improve the effectiveness and practicability of the path planning algorithm for UAV obstacle avoidance, this paper proposes the Rotate Artificial Potential Field (R-APF) method based on the traditional artificial potential field method. By introducing a new potential field function and stimulating rotating repulsive force, the R-APF solves the problems of local minimum as well as inaccessibility to targets near obstacles, respectively. Convergence of the algorithm is discussed to demonstrate the feasibility of R-APF. This paper also designs and implements algorithm feasibility verification experiments, obstacle shuttle experiments, as well as running time, and efficiency comparison experiments. In addition, the improved Visual-Inertial Navigation System obstacle detection algorithm is introduced to carry out physical verification experiments. Theoretical proof and experimental results show the proposed R-APF method has higher obstacle avoidance capability, shorter running time, and higher success rate compared to other algorithms, and is promising in practical application.",,,,,,,,,13,,,,,,16,1,68,0954-4100,2041-3025,,,,,English,,,,,,,,unmanned aerial vehicle; obstacle avoidance path planning; artificial potential field method; goal non-reachable with obstacles nearby; local minimum problem,,,,
C,"Gao, ZM; Li, HY; Liu, JH; Yang, QR; Wang, JA; Shan, JY",,,,,,"Yan, L; Duan, H; Deng, Y",,,,Enhanced State Estimation for Cruise Missiles Navigation: A BDS-Aided VIO Approach,,,,,,,,"ADVANCES IN GUIDANCE, NAVIGATION AND CONTROL, VOL 7",,Lecture Notes in Electrical Engineering,,1343,,,,449,460,,,,10.1007/978-981-96-2224-5_42,,,,,,,Proceedings Paper,,2025,"In the context of contemporary warfare, achieving precise navigation for cruise missiles through challenging environments is paramount. We propose a novel vision inertial odometry (VIO) method enhanced by Beidou Navigation Satellite System (BDS) for precise cruise missile state estimation. We address current navigation challenges and underscore the importance of visual-inertial navigation systems (VINS) in complex environments. Our method improves pose state initialization in multi-sensor fusion, and implements asynchronous fusion update and BDS measurement calibration. Experimental validation using quadcopter unmanned aerial vehicle (UAV) and cruise missiles demonstrates the efficacy of our approach, showing superior performance in both simulated and real-world scenarios. In conclusion, this research offers a promising solution for cruise missile navigation.",,,,,"2024 International Conference on Guidance, Navigation and Control","AUG 09-11, 2024",National University of Defense Technology,"Changsha, PEOPLES R CHINA",0,,,,,,0,0,2,1876-1100,1876-1119,978-981-96-2226-9; 978-981-96-2224-5; 978-981-96-2223-8,,,,English,,,,,,,,State estimation; VIO; BDS-aided; Cruise missiles,,,,
J,"Zhang, X; Yuan, WH; Zhan, XQ; Chi, C; Ren, QY; Gong, WB; Lin, BJ",,,,"zhang, xin/S-9993-2019; zhan, xingqun/GLU-5130-2022","zhang, xin/0000-0003-3397-9924; Chi, Cheng/0000-0002-5254-0004; zhan, xingqun/0000-0002-7655-067X",,,,,A cliquey subgraph approach to sparsified UAV visual inertial odometry by surjective Bayes-tree-to-factor-graph mapping,,,,,,,,AEROSPACE SCIENCE AND TECHNOLOGY,,,,120,,,,,,107250,,,10.1016/j.ast.2021.107250,,,,,,,Article,JAN,2022,"A new method is proposed to improve trajectory estimation accuracy by visual inertial odometry (VIO) subject to information sparsification. Current practices assume that the result of sparsification, i.e. a subgraph of a factor graph, takes the form of a tree and impose mutually independencies upon its nodes. However, this oversimplification may undermine a close approximation to the complete information matrix and eventually results in excessive estimation errors. Therefore, we propose to use a cliquey subgraph with preserved mutual correlation between selected pairs of the nodes. Sparsification is further accelerated by the new discovery that connectivity between arbitrary nodes can be directly read from Bayes tree, by transforming its surjective mapping to the underlying factor graph to a bijective mapping through a downstream-upstream traversing operation. Results from public dataset EuRoC indicate that the proposed method, while maintaining low computational profile, achieves lower absolute trajectory error (ATE) than that of the existing ones in the easy- and hard-level sequences and performs equally well in medium-level sequences. This result renders the proposed method a potent candidate for power saving in visual navigation-purposed application specific integrated circuit (ASIC) chip designs. (C) 2021 Elsevier Masson SAS. All rights reserved.",,,,,,,,,2,,,,,,2,0,20,1270-9638,1626-3219,,,,,English,,,,,,,,Visual inertial odometry; Sparsification; Factor graph; Bayes tree; Surjective mapping; Cliquey subgraph,,,,
J,"Gao, CX; Wang, XY; Wang, RY; Zhao, ZQ; Zhai, Y; Chen, X; Chen, BM",,,,"CHEN, XI/P-2323-2014; ZHAO, Zuoquan/PKF-6969-2026; Wang, Ruoyu/QTS-9728-2026; Chen, Ben M/L-8791-2019","CHEN, XI/0000-0003-2168-9057; Wang, Ruoyu/0000-0002-1529-8538; Wang, Xinyi/0009-0004-1300-1392; ZHAO, Zuoquan/0000-0002-7954-5083; Gao, Chuanxiang/0000-0003-0971-5494; Chen, Ben M/0000-0002-3839-5787",,,,,A UAV-based explore-then-exploit system for autonomous indoor facility inspection and scene reconstruction,,,,,,,,AUTOMATION IN CONSTRUCTION,,,,148,,,,,,104753,,,10.1016/j.autcon.2023.104753,,,,,JAN 2023,,Article,APR,2023,"Traditional indoor facility inspections on pipelines and boilers are conducted manually and can be logistically challenging, labor-intensive, costly, and dangerous for the inspectors. With the maturity of unmanned technology, the unmanned aerial vehicle (UAV) is becoming a promising alternative to the problematic manual inspection. However, due to the lack of GPS signal indoor, the localization of UAVs is a big challenge to achieve fully autonomous inspection. Moreover, the narrow and complex indoor environment makes it difficult to guarantee flight safety. This paper presents a UAV-based explore-then-exploit system to tackle these problems for autonomous indoor facility data collection and scene reconstruction. The proposed system consists of a hardware description and integration of two UAVs, a two-step simultaneous localization and mapping (SLAM) method for UAV localization and 3D environmental mapping, a safety-guaranteed coverage path planning algorithm for inspection and data collection, as well as an obstacle-aware trajectory generation method. The proposed system is examined in GPS-denied and cluttered indoor environment and 3D scene reconstruction is conducted. The quantitative analysis shows that the positioning accuracy is centimeter -level and the reconstruction error is within 3 cm. The performance analysis demonstrates the robustness and feasibility of our system in reconstructing and inspecting complex indoor environments for high-efficiency and low-cost facility management.",,,,,,,,,48,,,,,,53,16,105,0926-5805,1872-7891,,,,,English,,,,,,,,Indoor facility inspection; Explore-then-exploit system; Localization; Coverage path planning; Trajectory generation; Unmanned aerial vehicle,,,,
J,"Wang, F; Zou, Y; Zhang, C; Buzzatto, J; Liarokapis, M; Castillo, ED; Lim, JBP",,,,"Lim, James Boon Piang/K-7195-2013; ZOU, YANG/HLQ-0796-2023; Zhang, Cheng/KHC-5184-2024; Liarokapis, Minas/E-1990-2015; Wang, Feng/GYQ-7930-2022","Lim, James Boon Piang/0000-0001-9720-8518; ZOU, YANG/0000-0001-6150-6126; Zhang, Cheng/0000-0001-9646-937X; Liarokapis, Minas/0000-0002-6016-1477; Wang, Feng/0000-0002-0576-729X",,,,,UAV navigation in large-scale GPS-denied bridge environments using fiducial marker-corrected stereo visual-inertial localisation,,,,,,,,AUTOMATION IN CONSTRUCTION,,,,156,,,,,,105139,,,10.1016/j.autcon.2023.105139,,,,,OCT 2023,,Article,DEC,2023,"The use of Unmanned Aerial Vehicles (UAVs) for bridge inspection has gained popularity recently; however, accurately localising the UAV in GPS-denied areas is still challenging, which hinders the development of fully autonomous UAV-assisted bridge inspection solutions. This paper proposes a fiducial marker-corrected stereo visual-inertial localisation (FMC-SVIL) method, running on a resource-constrained onboard computer, to estimate UAV's global pose underneath bridge girders. The proposed FMC-SVIL utilises an optimised stereo visualinertial odometry for continuous relative pose estimation between consecutive camera frames and an improved AprilTag2-based measurement algorithm for accurate global referencing and periodic pose corrections. The method is validated through extensive experiments, and the results show that the FMC-SVIL achieved UAV localisation with a root mean square error of 0.416 m in sunny conditions and 0.340 m in cloudy conditions. FMC-SVIL outperforms the leading vision-based simultaneous localisation and mapping (SLAM) algorithms for flights over multiple bridge spans.",,,,,,,,,33,,,,,,35,3,47,0926-5805,1872-7891,,,,,English,,,,,,,,Localisation; Unmanned aerial vehicles (UAVs); GPS-denied area; Bridge inspection; Stereo visual-inertial odometry; Fiducial markers; AprilTag2-based pose correction,,,,
J,"Zhou, YF; Wei, WH; Li, RS; Liu, X; Li, JD",,,,"Li, Jiadong/LUZ-9805-2024",,,,,,A continual evolving Visual-Inertial Odometry for drones in flight,,,,,,,,ISPRS JOURNAL OF PHOTOGRAMMETRY AND REMOTE SENSING,,,,236,,,,49,64,,,,10.1016/j.isprsjprs.2026.03.039,,,,,,,Article,JUN,2026,"Deep learning-based Visual-Inertial Odometry (VIO) algorithms for drones show great application potential, but their model parameters are typically fixed and cannot be optimized online during flight. These fixed models lack the ability to self-evolve to changes in drone flight scenarios, leading to significant fluctuations in positioning accuracy. To address this limitation, we propose Evolvable VIO (E-VIO), a novel approach that enables real-time online training and inference on flying drones. Our approach leverages a robust dual-replay-memory continual learning strategy to facilitate efficient online adaptation, while a minimalist Convolutional Neural Network (CNN)-Transformer cascade backbone ensures low computational complexity. Extensive experimental results demonstrate that under changing environmental conditions, E-VIO improves the average positioning accuracy by 84.60% compared to fixed-model VIO. Furthermore, it maintains real-time performance with an inference speed of 21.2 fps and an online training speed of 5.0 fps on an edge computing platform. To benefit the community, we make the source code publicly available.",,,,,,,,,0,,,,,,0,4,4,0924-2716,1872-8235,,,,,English,,,,,,,,Continual learning; Visual-Inertial Odometry; Drones; Self-supervised learning; Real-time training,,,,
J,"Lyu, P; Yong, CY; Lai, JZ; Yuan, C; Zhu, QQ; Han, AD",,,,"Zhu, Qianqian/GXG-9745-2022",,,,,,A Low-Altitude UAV Dataset Based on Visual-Inertial Navigation,,,,,,,,IEEE SENSORS JOURNAL,,,,24,24,,,41904,41911,,,,10.1109/JSEN.2024.3488289,,,,,,,Article,DEC 15,2024,"As unmanned aerial vehicles (UAVs) are increasingly utilized in operational domains ranging from 50 to 500 m, there is a growing need for robust and reliable autonomous positioning, particularly in scenarios where satellite signals are unavailable. To address this challenge, we present a set of visual-inertial datasets collected by low-altitude UAVs. The dataset includes stereo cameras, an inertial measurement unit (IMU), a laser ranging sensor, and RTK-based ground truth. All these sensors have been calibrated and synchronized. The dataset consists of 28 sequences captured across diverse scenarios. To the best of our knowledge, this is the first UAV visual navigation dataset to encompass such a wide range of flight altitudes. Furthermore, we have evaluated the dataset using state-of-the-art visual-inertial simultaneous localization and mapping (SLAM) algorithms. The results demonstrate that existing solutions perform inadequately in certain situations. For the benefit of the research community, we make this dataset publicly accessible. The webpage of our dataset is https://github.com/boomzoeycy/A-Low-Altitude-UAV-Dataset-based-on-Visual-Inertial-Navigation.",,,,,,,,,4,,,,,,5,7,28,1530-437X,1558-1748,,,,,English,,,,,,,,Dataset; simultaneous localization and mapping (SLAM); unmanned aerial vehicles (UAVs); visual-inertial navigation,,,,
J,"Piao, JC; Kim, SD",,,,,"Piao, Jin-Chun/0000-0003-1151-6814; Kim, Shin Dug/0000-0002-2642-6662",,,,,Real-Time Visual-Inertial SLAM Based on Adaptive Keyframe Selection for Mobile AR Applications,,,,,,,,IEEE TRANSACTIONS ON MULTIMEDIA,,,,21,11,,,2827,2836,,,,10.1109/TMM.2019.2913324,,,,,,,Article,NOV,2019,"Simultaneous localization and mapping (SLAM) technology is used in many applications, such as augmented reality (AR)/virtual reality, robots, drones, and self-driving vehicles. In AR applications, rapid camera motion estimation, actual size, and scale are important issues. In this research, we introduce a real-time visual-inertial SLAM based on an adaptive keyframe selection for mobile AR applications. Specifically, the SLAM system is designed based on the adaptive keyframe selection visual-inertial odometry method that includes the adaptive keyframe selection method and the lightweight visual-inertial odometry method. The inertial measurement unit data are used to predict the motion state of the current frame and it is judged whether or not the current frame is a keyframe by an adaptive selection method based on learning and automatic setting. Relatively unimportant frames (not a keyframe) are processed using a lightweight visual-inertial odometry method for efficiency and real-time performance. We simulate it in a PC environment and compare it with state-of-the-art methods. The experimental results demonstrate that the mean translation root-mean-square error of the keyframe trajectory is 0.067 m without the ground-truth scale matching, and the scale error is 0.58 with the EuRoC dataset. Moreover, the experimental results of the mobile device show that the performance is improved by 34.5-53.8 using the proposed method.",,,,,,,,,64,,,,,,72,2,88,1520-9210,1941-0077,,,,,English,,,,,,,,Simultaneous localization and mapping; Cameras; Feature extraction; Tracking; Mobile handsets; Real-time systems; Adaptive optics; Adaptive keyframe selection; augmented reality; mobile applications; optical-flow-based tracking; simultaneous localization and mapping; visual-inertial odometry,,,,
J,"Aslan, MF; Durdu, A; Sabanci, K",,,,"ASLAN, Muhammet Fatih/V-8019-2017; Durdu, Akif/AAQ-4344-2020","ASLAN, Muhammet Fatih/0000-0001-7549-0137; Durdu, Akif/0000-0002-5611-2322",,,,,Visual-Inertial Image-Odometry Network (VIIONet): A Gaussian process regression-based deep architecture proposal for UAV pose estimation,,,,,,,,MEASUREMENT,,,,194,,,,,,111030,,,10.1016/j.measurement.2022.111030,,,,,MAR 2022,,Article,MAY 15,2022,"This study estimates the pose of Unmanned Aerial Vehicle (UAV) through artificial intelligence-based approaches and combines visual-inertial information in a different way than previous studies. For an effective fusion, the inertial data between both frames is normalized after denoising with the Savitzky-Golay technique and finally converted from numerical value to image. To strengthen these inertial image features with the change of motion between two frames, frames of Optical Flow (OF) are obtained and OF frames are combined with inertial images. Simultaneously, a parallel thread combines this OF frame with two consecutive raw frames. After features are extracted from inertial and camera data via Inception-v3, these features are fused and actual UAV poses are estimated via Gaussian Process Regression (GPR). Thanks to the smoothing process applied to these estimated values, a more stable pose estimation is provided. This proposed method is applied to the EuRoC dataset and our dataset produced in the Gazebo environment. The pose estimation results reveal that the proposed method has high performance compared to many previous studies.",,,,,,,,,36,,,,,,40,6,75,0263-2241,1873-412X,,,,,English,,,,,,,,Deep learning; Denoising; EuRoC; Gaussian process regression; Inertial image; Visual inertial odometry; UAV,,,,
J,"Zhang, XY; Cui, Y; Ren, YC; Duan, GD; Zhang, HR",,,,"Zhang, Huanrui/HKE-1697-2023",,,,,,Loop Detection Method Based on Neural Radiance Field BoW Model for Visual Inertial Navigation of UAVs,,,,,,,,REMOTE SENSING,,,,16,16,,,,,3038,,,10.3390/rs16163038,,,,,,,Article,AUG,2024,"The loop closure detection (LCD) methods in Unmanned Aerial Vehicle (UAV) Visual Inertial Navigation System (VINS) are often affected by issues such as insufficient image texture information and limited observational perspectives, resulting in constrained UAV positioning accuracy and reduced capability to perform complex tasks. This study proposes a Bag-of-Words (BoW) LCD method based on Neural Radiance Field (NeRF), which estimates camera poses from existing images and achieves rapid scene reconstruction through NeRF. A method is designed to select virtual viewpoints and render images along the flight trajectory using a specific sampling approach to expand the limited observational angles, mitigating the impact of image blur and insufficient texture information at specific viewpoints while enlarging the loop closure candidate frames to improve the accuracy and success rate of LCD. Additionally, a BoW vector construction method that incorporates the importance of similar visual words and an adapted virtual image filtering and comprehensive scoring calculation method are designed to determine loop closures. Applied to VINS-Mono and ORB-SLAM3, and compared with the advanced BoW model LCDs of the two systems, results indicate that the NeRF-based BoW LCD method can detect more than 48% additional accurate loop closures, while the system's navigation positioning error mean is reduced by over 46%, validating the effectiveness and superiority of the proposed method and demonstrating its significant importance for improving the navigation accuracy of VINS.",,,,,,,,,3,,,,,,3,0,6,,2072-4292,,,,,English,,,,,,,,NeRF; VINS; Bag-of-Words; loop closure detection,,,,
C,"Ibrahimov, R; Yang, T; Mueller, MW",,,IEEE,"Ibrahimov, Roman/ISB-3022-2023",,,,,,Kalman Filter-Based Drift Detection and Mitigation of Visual-Inertial Odometry in UAVs,,,,,,,,"2025 AMERICAN CONTROL CONFERENCE, ACC",,Proceedings of the American Control Conference,,,,,,457,462,,,,,,,,,,,Proceedings Paper,,2025,"We present a conceptual framework for an autonomous safety mechanism designed to enhance the reliability of Unmanned Aerial Vehicles (UAVs) that use Visual-Inertial Odometry (VIO) for state estimation. As UAVs increasingly interact with the public, such safety mechanisms are crucial to reducing the likelihood and severity of accidents. VIO drift, which occurs when accumulated estimation errors cause discrepancies between the UAV's perceived and actual position, poses a significant risk to safe operation. To address this challenge, we propose a Kalman filter-based approach for detecting VIO drift events. Upon detection, the envisioned safety mechanism is designed to adjust state estimation by integrating onboard gyroscope measurements and thrust commands for short durations, aiming to enhance stability and prevent potential crashes before initiating a controlled landing. While this framework provides the foundation for a realtime safety mechanism, the implementation and experiment focus on validating the drift detection component in an offline setting using real UAV flight data. The results demonstrate the effectiveness of the detection method in identifying VIO drift scenarios, highlighting its potential for future real-time applications.",,,,,2025 American Control Conference-ACC,"JUL 08-10, 2025","Lockheed Martin,MathWorks,Quansor Corp,Mitsubishi Electric Research Laboratories Inc,Halliburton,Multidisciplinary Digital Publishing Institute,Society for Industrial and Applied Mathematics,General Motors","Denver, CO",0,,,,,,0,0,0,0743-1619,2378-5861,979-8-3503-6761-4; 979-8-3315-6937-2,,,,English,,,,,,,,,,,,
J,"Irfan, M; Dalai, S; Trslic, P; Riordan, J; Dooly, G",,,,"Dalai, Sagar/ABF-6255-2022; Dooly, Gerard/AAZ-5761-2021","IRFAN, MAHAMMAD/0000-0002-0432-7006; Dalai, Sagar/0000-0001-7195-9831",,,,,LSAF-LSTM-Based Self-Adaptive Multi-Sensor Fusion for Robust UAV State Estimation in Challenging Environments,,,,,,,,MACHINES,,,,13,2,,,,,130,,,10.3390/machines13020130,,,,,,,Article,FEB,2025,"Unmanned aerial vehicle (UAV) state estimation is fundamental across applications like robot navigation, autonomous driving, virtual reality (VR), and augmented reality (AR). This research highlights the critical role of robust state estimation in ensuring safe and efficient autonomous UAV navigation, particularly in challenging environments. We propose a deep learning-based adaptive sensor fusion framework for UAV state estimation, integrating multi-sensor data from stereo cameras, an IMU, two 3D LiDAR's, and GPS. The framework dynamically adjusts fusion weights in real time using a long short-term memory (LSTM) model, enhancing robustness under diverse conditions such as illumination changes, structureless environments, degraded GPS signals, or complete signal loss where traditional single-sensor SLAM methods often fail. Validated on an in-house integrated UAV platform and evaluated against high-precision RTK ground truth, the algorithm incorporates deep learning-predicted fusion weights into an optimization-based odometry pipeline. The system delivers robust, consistent, and accurate state estimation, outperforming state-of-the-art techniques. Experimental results demonstrate its adaptability and effectiveness across challenging scenarios, showcasing significant advancements in UAV autonomy and reliability through the synergistic integration of deep learning and sensor fusion.",,,,,,,,,15,,,,,,17,15,67,,2075-1702,,,,,English,,,,,,,,ROS; LSTM; adaptive fusion; multi-sensor fusion; state estimation; UAV; LiDAR-visual-inertial odometry; MSCKF,,,,
C,"Fanin, F; Hong, JH",,,IEEE,/AAU-9969-2021,,,,,,Visual Inertial Navigation for a Small UAV Using Sparse and Dense Optical Flow,,,,,,,,"2019 INTERNATIONAL WORKSHOP ON RESEARCH, EDUCATION AND DEVELOPMENT OF UNMANNED AERIAL SYSTEMS (RED UAS 2019)",,,,,,,,206,212,,,,10.1109/reduas47371.2019.8999672,,,,,,,Proceedings Paper,,2019,There has been a recent surge in interest regarding small Unmanned Aerial Vehicles (UAV) that operate in indoor environments. A crucial part of such platforms is the navigation system that allows them to navigate in Global Navigation Satellite System (GNSS) denied environments. The two objectives of this work were to develop an Optical Flow (OF) based method for navigation and a high-fidelity simulation for testing and verification. This paper presents the Visual-Inertial Navigation System (VINS) developed that utilises sparse and dense Optical Flow patterns within an Extended Kalman Filter (EKF) framework for autonomous navigation in GNSS denied environments. The principal novelty is the use of dense Optical Flow measurements to estimate the velocity of the UAV.,,,,,"International Workshop on Research, Education and Development of Unmanned Aerial Systems (RED UAS)","NOV 25-27, 2019",IEEE Robot & Automat Soc,"Cranfield Univ, Cranfield, ENGLAND",3,,,,,,4,0,4,,,978-1-7281-6600-1,,,,English,,,,,,,,,,,,
J,"Zhang, L; Zhou, X; Li, DY; Yang, Z",,,,"Yang, Zheng/A-3223-2012; danyang, li/GLT-1067-2022","Yang, Zheng/0000-0003-4048-2684; Zhou, Xu/0000-0003-4616-5700; Zhang, Li/0000-0002-9208-1949",,,,,HCCNet: Hybrid Coupled Cooperative Network for Robust Indoor Localization,,,,,,,,ACM TRANSACTIONS ON SENSOR NETWORKS,,,,20,4,,,,,100,,,10.1145/3665645,,,,,,,Article,JUL,2024,"Accurate localization of unmanned aerial vehicle (UAV) is critical for navigation in GPS-denied regions, which remains a highly challenging topic in recent research. This article describes a novel approach to multi-sensor hybrid coupled cooperative localization network (HCCNet) system that combines multiple types of sensors including camera, ultra-wideband (UWB), and inertial measurement unit (IMU) to address this challenge. The camera and IMU can automatically determine the position of UAV based on the perception of surrounding environments and their own measurement data. The UWBnode and the UWBwireless sensor network (WSN) in indoor environments jointly determine the global position of UAV, and the proposed dynamic random sample consensus (D-RANSAC) algorithm can optimize UWB localization accuracy. To fully exploit UWB localization results, we provide an HCCNet system which combines the local pose estimator of visual inertial odometry (VIO) system with global constraints from UWB localization results. Experimental results show that the proposed D-RANSAC algorithm can achieve better accuracy than other UWB-based algorithms. The effectiveness of the proposed HCCNet method is verified by a mobile robot in real world and some simulation experiments in indoor environments.",,,,,,,,,6,,,,,,6,3,27,1550-4859,1550-4867,,,,,English,,,,,,,,Indoor localization; VIO; UWB; dynamic RANSAC; hybrid coupling; multi-sensor network,,,,
J,"Moeini, A; Lynch, AF; Zhao, Q",,,,"Moeini, Amir/IVV-3701-2023; Lynch, Alan/HIR-2616-2022",,,,,,Visual-inertial-actuator odometry for multirotor UAVs with rotor drag and external disturbance,,,,,,,,INTERNATIONAL JOURNAL OF DYNAMICS AND CONTROL,,,,12,8,,,3064,3076,,,,10.1007/s40435-023-01357-5,,,,,FEB 2024,,Article,AUG,2024,"Accurate knowledge of an unmanned aerial vehicle's (UAV) state and external forces is crucial for motion control. One method to obtain this information is Visual-Inertial-Actuator Odometry (VIAO) which combines commonly available vision and inertial sensors with actuation data which consists of a model of the vehicle dynamics and input measurements. In this paper, we propose VIAO system based on the existing VIMO (Visual Inertial Model-Based Odometry) method. Our approach includes a dynamical model for a multirotor UAV with rotor drag. In addition, a disturbance observer is added for constant force estimation. The observer is integrated to the optimization-based method by adding a residual term to the cost functional. The proposed system can differentiate between the constant or slowly time-varying component of the external force and accelerometer bias. We evaluate the performance using a benchmark dataset and show an average of 21%\documentclass[12pt]{minimal} \usepackage{amsmath} \usepackage{wasysym} \usepackage{amsfonts} \usepackage{amssymb} \usepackage{amsbsy} \usepackage{mathrsfs} \usepackage{upgreek} \setlength{\oddsidemargin}{-69pt} \begin{document}$$21\%$$\end{document} improvement in position estimation accuracy.",,,,,,,,,3,,,,,,3,1,4,2195-268X,2195-2698,,,,,English,,,,,,,,Force estimation; UAV; Rotor drag; Sliding-window optimization; Visual-inertial odometry,,,,
C,"Shin, S; Lee, E; Choi, J; Myung, H",,,IEEE,"Lee, Eungchang/QTS-5072-2026; Shin, Sungjae/KVC-0944-2024; Myung, Hyun/C-1698-2011","Lee, Eungchang/0000-0003-0219-784X; Myung, Hyun/0000-0002-5799-2026",,,,,MIR-VIO: Mutual Information Residual-based Visual Inertial Odometry with UWB Fusion for Robust Localization,,,,,,,,"2021 21ST INTERNATIONAL CONFERENCE ON CONTROL, AUTOMATION AND SYSTEMS (ICCAS 2021)",,International Conference on Control Automation and Systems,,,,,,91,96,,,,10.23919/ICCAS52745.2021.9649888,,,,,,,Proceedings Paper,,2021,"For many years, there has been an impressive progress on visual odometry applied to mobile robots and drones. However, the visual perception is still in the spotlight as a challenging field because the vision sensor has some problems in obtaining correct scale information with a monocular camera and also is vulnerable to a situation in which illumination is changed. In this paper, UWB sensor fusion is proposed in the visual inertial odometry algorithm as a solution to mitigate this problem. We designed a cost function based on mutual information considering the UWB. Considering the characteristic of the UWB signal model, where the uncertainty increases as the distance between the UWB anchor and the tag increases, we introduced a new residual term to the cost function. When the experiment was conducted in an indoor environment with the above methodology, the initialization problem in an environment with few feature points was solved through the UWB sensor fusion, and localization became robust. And when the residual term using the concept of mutual information was used, the most robust odometry could be obtained.",,,,,"21st International Conference on Control, Automation and Systems (ICCAS)","OCT 12-15, 2021",,SOUTH KOREA,15,,,,,,18,0,6,2093-7121,,978-89-93215-21-2,,,,English,,,,,,,,Sensor Fusion; Visual Inertial Odometry; Ultra-Wideband; Localization; Mobile Robot; Information Theory,,,,
J,"Li, ZY; Tian, MC; Ji, RX; Li, SZ; Ma, SL; Ding, HL; Duan, P; Jiang, XY",,,,,,,,,,Lightweight positioning method for UAV swarms in GNSS-denied scenarios,,,,,,,,MEASUREMENT,,,,292,,,,,,123253,,,10.1016/j.measurement.2026.123253,,,,,SEP 2026,,Article,DEC 15,2026,"Cooperative operations of unmanned aerial vehicle (UAV) swarms face severe performance degradation under global-navigation-satellite-system-denied conditions-primarily owing to the failure of obtaining accurate relative positioning estimates. To address this issue, this paper proposes a lightweight and robust positioning scheme that tightly fuses ultra-wideband (UWB) ranging measurements with visual-inertial odometry (VIO) estimates. Leveraging a tightly coupled sliding-window optimization framework, the scheme jointly processes multi-temporal UWB inter-agent range observations and VIO-derived displacement increments, supported by actively planned and motion-differentiated trajectories among swarm members. Additionally, the paper introduces a computationally efficient three-stage analytical solution framework: (i) multidimensional- scalingbased coordinate computation and normalization; (ii) geometric ambiguity elimination; and (iii) closed-form heading angle estimation. This framework addresses the issues of high computational burden and sensitivity to initial guesses inherent in conventional iterative nonlinear optimization methods. Simulations and physical system experiments demonstrated that, compared with conventional nonlinear optimization approaches, the proposed method reduces computational-resource consumption in moderate-scale UAV swarm positioning tasks while eliminating the requirement for prior knowledge of agents' initial positions. These advantages substantially extend the application scope of UAV swarms.",,,,,,,,,0,,,,,,0,0,0,0263-2241,1873-412X,,,,,English,,,,,,,,UAV swarms; GNSS-denied; UWB; VIO; Sliding window; MDS; Geometric ambiguity; Closed-form heading estimation,,,,
C,"Dornellas, D; Rosa, F; Bernardino, A; Ribeiro, R; Santos-Victor, J",,,IEEE,"Bernardino, Alexandre/G-1316-2010; Santos-Victor, José/K-2093-2012; Ribeiro, Ricardo/M-8244-2014","Bernardino, Alexandre/0000-0003-3991-1269; Santos-Victor, José/0000-0002-9036-1728;",,,,,GPS emulation via visual-inertial odometry for inspection drones,,,,,,,,2019 19TH INTERNATIONAL CONFERENCE ON ADVANCED ROBOTICS (ICAR),,,,,,,,755,760,,,,,,,,,,,Proceedings Paper,,2019,"This work tested the applicability of a navigation system based on cameras and inertial sensors for a quadrotor UAV, motivated by the desire to expand its operational envelope to regions with low GPS signal reception. A standalone navigation module composed of a stereo camera pair, an IMU, synchronization electronics and a SoC computational board was developed and provided with OKVIS, a recent open-source VIO (Visual-Inertial Odometry) algorithm. In order to quantitatively assess its performance, an indoors dataset was recorded in a controlled environment, with precise ground-truth from a motion capture system. The system was integrated with a quadrotor UAV, functioning as an additional GPS sensor from the perspective of the onboard autopilot. For this end, the VIO trajectory data was georeferenced using information from the onboard GPS receiver, as well as from the orientation estimator embedded in the IMU. To the best of our knowledge, our system is the first to follow this integration approach, this being one of the main contributions of this work. Having validated the system with handheld testing, flight tests were performed. We show, qualitatively, that our system effectively yields improved trajectory estimates under low GPS signal reception.",,,,,19th International Conference on Advanced Robotics (ICAR),"DEC 02-06, 2019",,"Belo Horizonte, BRAZIL",1,,,,,,1,0,4,,,978-1-7281-2467-4,,,,English,,,,,,,,,,,,
J,"Pritzl, V; Vrba, M; Tortorici, C; Ashour, R; Saska, M",,,,"Saska, Martin/L-3669-2013; Ashour, Reem/HMP-4813-2023; Vrba, Matouš/GXV-6607-2022","Ashour, Reem/0000-0002-0928-7904; Pritzl, Václav/0000-0002-7248-6666; Vrba, Matouš/0000-0002-4823-8291",,,,,Adaptive estimation of UAV altitude in complex indoor environments using degraded and time-delayed measurements with time-varying uncertainties,,,,,,,,ROBOTICS AND AUTONOMOUS SYSTEMS,,,,160,,,,,,104315,,,10.1016/j.robot.2022.104315,,,,,DEC 2022,,Article,FEB,2023,"A novel approach for robust Unmanned Aerial Vehicle (UAV) altitude estimation relying on laser measurements that is designed for use in complex indoor environments is proposed in this paper. Specifically, we aim to design a system with general usability inside multi-floor buildings. The multi -floor buildings are characterized by areas lacking distinct vertical geometric features to be used as reference by 3D Light Detection and Ranging (LiDAR) localization algorithms, and by areas with either flat floors or limited areas with inconsistent ground elevation. The proposed approach solves the problem of adaptive fusion of data from multiple sources with apriori-unknown confidence dependent on the current environmental properties. Whenever the environment contains enough geometric structure, altitude data from a 3D LiDAR-based Simultaneous Localization and Mapping (SLAM) algorithm are utilized. In environments that are too symmetrical for reliable SLAM operation, the approach relies mostly on measurements from a downward-facing 1D laser rangefinder, while simultaneously detecting inconsistent ground elevation areas. These measurements are fused with barometer data, Inertial Measurement Unit (IMU) data, and information from the UAV position controllers. Furthermore, our approach correctly handles the measurement delay caused by 3D LiDAR data processing that significantly differs from other sensor delays. The performance of the proposed approach has been validated in complex simulations and real-world experiments with the produced altitude estimate utilized in the control loop of the UAV. The proposed approach is released as open-source as part of the MRS UAV System.(c) 2022 Elsevier B.V. All rights reserved.",,,,,,,,,20,,,,,,22,0,43,0921-8890,1872-793X,,,,,English,,,,,,,,Unmanned Aerial Vehicle; UAV; Altitude estimation; State estimation; LIDAR; Laser; Indoor,,,,
J,"Zhao, BX; Hellwich, O; Hu, TJ; Zhou, DL; Niu, YF; Shen, LC",,,,"HU, Tianjiang/F-1933-2010",,,,,,Employing smartphone as on-board navigator in unmanned aerial vehicles: implementation and experiments,,,,,,,,INDUSTRIAL ROBOT-THE INTERNATIONAL JOURNAL OF ROBOTICS RESEARCH AND APPLICATION,,,,42,4,,,306,313,,,,10.1108/IR-01-2015-0016,,,,,,,Article,,2015,"Purpose - This study aims to investigate if smartphone sensors can be used in an unmanned aerial vehicle (UAV) localization system. With the development of technology, smartphones have been tentatively used in micro-UAVs due to their lightweight, inexpensiveness and flexibility. In this study, a Samsung Galaxy S3 smartphone is selected as an on-board sensor platform for UAV localization in Global Positioning System (GPS)-denied environments and two main issues are investigated: Are the phone sensors appropriate for UAV localization? If yes, what are the boundary conditions of employing them? Design/methodology/approach - Efficient accuracy estimation methodologies for the phone sensors are proposed without using any expensive instruments. Using these methods, one can estimate his phone sensors accuracy at any time without special instruments. Then, a visual-inertial odometry scheme is introduced to evaluate the phone sensors-based path estimation performance. Findings - Boundary conditions of using smartphone in a UAV navigation system are found. Both indoor and outdoor localization experiments are carried out and experimental results validate the effectiveness of the boundary conditions and the corresponding implemented scheme. Originality/value - With the phone as a payload, UAVs can be further realized in smaller scale at lower cost, which will be used widely in the field of industrial robots.",,,,,,,,,3,,,,,,3,0,29,0143-991X,1758-5791,,,,,English,,,,,,,,Smartphone; Navigation; Unmanned aerial vehicles (UAV); MEMS sensor calibration,,,,
J,"Lee, JC; Chen, CC; Shen, CT; Lai, YC",,,,"; Lai, Ying-Chih/AAE-1335-2019","Shen, Chang-Te/0009-0005-7873-4148; Lai, Ying-Chih/0000-0002-3471-3290",,,,,Landmark-Based Scale Estimation and Correction of Visual Inertial Odometry for VTOL UAVs in a GPS-Denied Environment,,,,,,,,SENSORS,,,,22,24,,,,,9654,,,10.3390/s22249654,,,,,,,Article,DEC,2022,"With the rapid development of technology, unmanned aerial vehicles (UAVs) have become more popular and are applied in many areas. However, there are some environments where the Global Positioning System (GPS) is unavailable or has the problem of GPS signal outages, such as indoor and bridge inspections. Visual inertial odometry (VIO) is a popular research solution for non-GPS navigation. However, VIO has problems of scale errors and long-term drift. This study proposes a method to correct the position errors of VIO without the help of GPS information for vertical takeoff and landing (VTOL) UAVs. In the initial process, artificial landmarks are utilized to improve the positioning results of VIO by the known landmark information. The position of the UAV is estimated by VIO. Then, the accurate position is estimated by the extended Kalman filter (EKF) with the known landmark, which is used to obtain the scale correction using the least squares method. The Inertial Measurement Unit (IMU) data are used for integration in the time-update process. The EKF can be updated with two measurements. One is the visual odometry (VO) estimated directly by a landmark. The other is the VIO with scale correction. When the landmark is detected during takeoff phase, or the UAV is returning to the takeoff location during landing phase, the trajectory estimated by the landmark is used to update the scale correction. At the beginning of the experiments, preliminary verification was conducted on the ground. A self-developed UAV equipped with a visual-inertial sensor to collect data and a high-precision real time kinematic (RTK) to verify trajectory are applied to flight tests. The experimental results show that the method proposed in this research effectively solves the problems of scale and the long-term drift of VIO.",,,,,,,,,12,,,,,,15,1,22,,1424-8220,,,,,English,,,,,,,,data fusion; non-GPS navigation; scale correction; visual inertial odometry; artificial landmark; extended Kalman filter,,,,
J,"Xu, YF; Liu, YZ; Qin, MH; Zhao, H; Tao, W",,,,"Yuanzhi, Liu/JYO-7638-2024",,,,,,Global Low Bias Visual/inertial/weak-positional-aided Fusion Navigation System,,,,,,,,ACTA PHOTONICA SINICA,,,,53,4,,,,,415001,,,10.3788/gzxb20245304.0415001,,,,,,,Article,APR,2024,"In recent years, the rapid development of mobile robots, autonomous driving, drones and other technologies has increased the demand for high-precision navigation in complex environments. Visual-inertial odometry has been widely used in the field of robot navigation because of its low cost and high practicability. However, due to its relative measurement principle, the cumulative error can increase significantly during long-term operation of the system. To solve this problem, a global low-bias visual/inertial/ weak-positional-aided fusion navigation system is proposed. The system provides optional solutions to integrate several unbiased positioning information such as Global Navigation Satellite System (GNSS) satellite navigation original information, US base station ranging information, and visual target positioning auxiliary information, fully combining the advantages of global information and visual-inertial odometry. Thus, high precision, high continuity, high real-time, indoor and outdoor integration of low-bias global navigation results are obtained. The main frame of the system designed in this paper is a factor graph model, based on the visual-inertial odometry, which ensures the high frequency pose output and seamless indoor/outdoor switching of the system. The visual-inertial residual factor is defined based on the visual reprojection model and IMU pre-integration model. For different application scenarios, GNSS constraints and ultrasonic constraints are introduced in the form of optional factors and state quantities, and GNSS residuals and ultrasonic residuals are defined. Among them, the GNSS factor constructs residuals with pseudorange measurements and Doppler shift information. The ultrasonic factor constructs the residual from the ultrasonic positioning results and the ultrasonic base station distance measurement. At the same time, ArUco visual information correction optional module is provided. Based on ArUco marker position prior information and ArUco target recognition algorithm, ArUco assisted global pose optimization method is defined. A wheeled robot platform equipped with multiple sensors, such as cameras and LiDAR, was built to collect data and conduct algorithm testing in the underground parking lot and the connected aboveground architectural complex area. The experimental scene was scanned by laser scanner and the map truth value was generated. The VIO assisted LiDAR point cloud and map prior were used for point cloud registration to obtain accurate track truth value. The positioning and navigation performance of three different methods, namely, proposed method, VINS-Mono method and ORB-SLAM3 method, were tested respectively in three scenarios:indoor, in-outdoor during the day and in-outdoor at night. The test results show that in the three scenarios, the RPE and ATE evaluation results of the proposed method are superior to the other methods. Especially under harsh conditions, the ATE RMSE of the proposed method is 3.495 m in in-outdoor scenes at night, which is significantly better than VINS-Mono (10.77 m) and ORB-SLAM3 (15.02 m). In addition, the experiment also tests the comparison between the proposed method using VIO+ArUco module and the VINS-Mono method with the loopback detection function enabled, proving that the introduction of ArUco module is of great significance for eliminating global cumulative errors and improving global navigation accuracy, and can solve the problem of loopback detection failure to a certain extent. In general, this paper presents an extensible multi-modal information weak-aided visual inertial navigation system. The experimental results show that the proposed system has excellent global positioning accuracy and universality in different scenes. In future work, the range of multi-modal information can be further expanded to explore the integration scheme of sensor information such as LiDAR, magnetometer and other sensing characteristics.",,,,,,,,,2,,,,,,4,2,18,1004-4213,,,,,,Chinese,,,,,,,,Visual-inertial odometry; Global navigation satellite system; Ultrasonic positioning; Visual marker; Indoor and outdoor integration,,,,
C,"Li, YF; Xiong, Z; Wang, JQ; Gao, GH",,,,,,"Yan, L; Duan, H; Deng, Y",,,,A Visual-Inertial Localization Method Based on Motion Feature Constraints,,,,,,,,"ADVANCES IN GUIDANCE, NAVIGATION AND CONTROL, VOL 2",,Lecture Notes in Electrical Engineering,,1338,,,,65,74,,,,10.1007/978-981-96-2204-7_7,,,,,,,Proceedings Paper,,2025,"The method of fusing visual and inertial information for localization has been shown to deliver stable navigational outcomes when the unmanned aerial vehicle (UAV) undergoes large attitude changes. However, when the UAV's motion state changes such as sudden stopping and prolonged hovering to identify the search target, the drift noise of the IMU and insufficient constraints of the visual features results in diminished precision of localization. Furthermore, if there is interference from dynamic objects in the environment currently, incorrect visual measurement information will be introduced. To tackle the issue, this research advances a method for visual-inertial navigation anchored in the motion feature constraints, which introduces a zero-velocity update factor into optimization without increasing the number of sensors to detect the zero-velocity state of the UAV and improve the localization accuracy. By designing UAV experiments, it is proved that the method outlined in this paper indeed improves the precision of positioning in dynamic scenes where the UAV's trajectory appears a long-time hovering compared to VINS-Fusion.",,,,,"2024 International Conference on Guidance, Navigation and Control","AUG 09-11, 2024",National University of Defense Technology,"Changsha, PEOPLES R CHINA",0,,,,,,0,0,0,1876-1100,1876-1119,978-981-96-2206-1; 978-981-96-2204-7; 978-981-96-2203-0,,,,English,,,,,,,,Navigation and Positioning; UAV; Multi-source Fusion; Nonlinear Optimization; Zero-velocity Update,,,,
J,"Liu, YP; Dong, JX; Li, YD; Gong, XX; Wang, J",,,,"Liu, Yuanpeng/HNB-6644-2023; Wang, Jun/AAM-6868-2021","Gong, Xiaoxi/0000-0002-2607-5081;",,,,,A UAV-Based Aircraft Surface Defect Inspection System via External Constraints and Deep Learning,,,,,,,,IEEE TRANSACTIONS ON INSTRUMENTATION AND MEASUREMENT,,,,71,,,,,,5019315,,,10.1109/TIM.2022.3198713,,,,,,,Article,,2022,"In the field of aircraft maintenance, regular inspection of fuselage surface during the aircraft life cycle is a vital task to ensure the aircraft quality and flight safety. Currently, the inspection task is generally carried out manually in an indoor hangar, which is with low efficiency and reliability. In this article, a novel system based on the unmanned aerial vehicle (UAV) is presented to achieve automated aircraft surface inspection efficiently. The hardware is established with a lightweight and low-cost flight platform, on which a sensor containing an inertial measurement unit (IMU) and a camera is equipped for UAV localization. A high-resolution camera is equipped to collect images of fuselage for defect detection. Our inspection framework is mainly composed of two modules: the UAV localization module and the defect detection module. The localization module is designed to estimate the relative pose between the UAV and the aircraft, providing the foundation for image positioning on the aircraft surface. The existing visual-inertial odometry (VIO) approach is adopted to implement the pose estimation. To reduce the large drifts caused by the VIO approach, a novel method is proposed to deploy precalibrated ArUco markers around the aircraft, which serve as external constraints for the VIO objective to realize joint optimization of the camera pose. In addition, an adaptive weighting method is proposed, which takes into consideration the recognition effect of markers to balance the external constraints. The defect detection module aims to detect defects on the fuselage surface from images captured by the high-resolution camera, which is implemented based on deep learning. To address the issue of detection on a few training samples, the transfer learning strategy is exploited to first pretrain the model on a public defect dataset and then fine-tune it on our collected aircraft defect dataset. After detecting the defects, the defective region is reflected on the fuselage surface through the UAV pose on the corresponding frame provided by the localization module, realizing the accurate defect localization. Experiments on both the simulation environment and real data demonstrate the superiority of our proposed external localization module and the effectiveness of the crack detection module.",,,,,,,,,3,,,,,,7,11,75,0018-9456,1557-9662,,,,,English,,,,,,,,Aircraft; Location awareness; Inspection; Cameras; Surface cracks; Autonomous aerial vehicles; Aircraft navigation; Aircraft surface inspection; defect detection; pose estimation; unmanned aerial vehicles (UAVs); visual-inertial odometry (VIO),,,,
J,"Yang, DL; Liu, HY; Jin, XY; Chen, JW; Wang, CC; Ding, XL; Xu, K",,,,"; Jin, Xueying/OYE-1080-2025; chen, jiawei/ABF-7307-2021; XU, KUN/KCL-7242-2024","Yang, Daolong/0009-0007-1738-5604; Jin, Xueying/0000-0002-9323-3342; chen, jiawei/0000-0002-3616-8409; XU, KUN/0000-0003-4733-393X",,,,,Enhancing VIO Robustness Under Sudden Lighting Variation: A Learning-Based IMU Dead-Reckoning for UAV Localization,,,,,,,,IEEE ROBOTICS AND AUTOMATION LETTERS,,,,9,5,,,4535,4542,,,,10.1109/LRA.2024.3377950,,,,,,,Article,MAY,2024,"Visual Inertial Odometry (VIO) is commonly used for real-time Unmanned Aerial Vehicle (UAV) localization. However, the performance of VIO significantly deteriorates when UAV encounters sudden lighting variation in the environment, which poses a significant risk during flight. To address this issue without introducing additional sensors, a learning-based dead-reckoning algorithm relying solely on inertial measurement, which shares the same source with VIO, is proposed. The core idea of our method tightly couples a model-based Left Invariant Extended Kalman Filter (LIEKF) with a statistical neural network, both driven by raw inertial measurement. We have validated our algorithm for comparable accuracy with commonly deployed VIO methods under favorable lighting conditions and outperforms other IMU dead-reckoning algorithms in open-source datasets and real-world scenarios. To further enhance localization robustness while UAV traverses environments with different lighting conditions, we introduce an approach that tightly integrates our algorithm with VIO, and validate its effectiveness in real-world scenarios. It is believed that our work presents a promising way for enhancing robustness in vision-based localization methods within the robotics society.",,,,,,,,,12,,,,,,13,3,60,2377-3766,,,,,,English,,,,,,,,Autonomous aerial vehicles; Dead reckoning; Location awareness; Lighting; Kalman filters; Pedestrians; Prediction algorithms; Aerial systems: perception and autonomy; localization; deep learning methods,,,,
J,"Zhang, X; Yuan, WH; Zheng, LX; Zhan, XQ; Ren, QY; Lin, BJ",,,,"zhang, xin/S-9993-2019; zhan, xingqun/GLU-5130-2022","zhang, xin/0000-0003-3397-9924; zhan, xingqun/0000-0002-7655-067X",,,,,Information sparsification for visual-inertial odometry by manipulating Bayes tree,,,,,,,,AEROSPACE SCIENCE AND TECHNOLOGY,,,,118,,,,,,107065,,,10.1016/j.ast.2021.107065,,,,,AUG 2021,,Article,NOV,2021,"A new information sparsification method is developed for visual-inertial odometry (VIO) used for exploratory unmanned aerial vehicles (UAV's). While most of the existing methods are designed for global (and thus postprocessing) bundle adjustment (BA) problems, our method is specifically designed to run incrementally on a local BA formulation in real time. The majority of the existing state-of-the-art methods are designed for pose graph optimization (PGO). Unlike PGO problems where the only variables to be optimized are robot poses, a combination of pose, velocity, and inertial measurement unit (IMU) bias is used in VIO. Existing approaches to sparsification cannot be directly applied to this formulation. Therefore, we design a trick to split the dense information matrix into two parts: IMU information and purely visual information and by doing so, existing methods of sparsification can be reused and applied to the purely visual information, which accounts for most of the nonzero entries within the dense information matrix. In addition, we design a new way of summarizing the dense information matrix: using Bayes tree in an incremental smoothing framework for fast data retrieval. Results using public benchmark dataset EuRoC show that the marginalized and sparsified smoother achieves the primary goal of power saving in terms of shortened pipeline cycle time while maintaining absolute trajectory accuracies comparable to that of the complete formulation and better than those offered by fellow sparsification solutions. (c) 2021 Elsevier Masson SAS. All rights reserved.",,,,,,,,,3,,,,,,3,1,14,1270-9638,1626-3219,,,,,English,,,,,,,,Visual inertial odometry; Factor graph; Bayes tree; Marginalization; Sparsification; GTSAM,,,,
C,"Gomaa, MAK; De Silva, O; Jayasiri, A; Mann, GKI",,,IEEE,"Gomaa, Mahmoud/KVB-4230-2024; De Silva, Oscar/AAU-4866-2020; Mann, George/AAW-9312-2021",,,,,,Towards Consistent Visual-Inertial Navigation for Unmanned Aerial Vehicles using Depth Information,,,,,,,,2022 IEEE CANADIAN CONFERENCE ON ELECTRICAL AND COMPUTER ENGINEERING (CCECE),,Canadian Conference on Electrical and Computer Engineering,,,,,,118,123,,,,10.1109/CCECE49351.2022.9918398,,,,,,,Proceedings Paper,,2022,This paper proposes a new filtering-based depth enhanced visual inertial navigation system (DE-VINS) for quadrotor unmanned aerial vehicles (UAV). This filter addresses the drifting and degraded performance of a class of conventional monocular VINS filters at hovering conditions. A theoretical nonlinear observability analysis is performed to verify the filter design. The performance of the proposed DE-VINS is numerically evaluated using a Matlab simulator and then compared against the conventional VINS filter proposed in literature. The results show improved performance of the DE-VINS in terms of estimation accuracy and consistency at zero-velocity flight conditions.,,,,,Canadian Conference on Electrical and Computer Engineering (CCECE),"SEP 18-20, 2022",,"Halifax, CANADA",1,,,,,,2,0,5,0840-7789,,978-1-6654-8432-9,,,,English,,,,,,,,,,,,
C,"Chang, CW; Lian, FL",,,IEEE,,,,,,,Error-State Kalman Filter based Visual-Inertial Odometry Using Orientation Measurement on Unit Quaternion Group,,,,,,,,2024 IEEE/RSJ INTERNATIONAL CONFERENCE ON INTELLIGENT ROBOTS AND SYSTEMS (IROS 2024),,IEEE International Conference on Intelligent Robots and Systems,,,,,,12559,12564,,,,10.1109/IROS58592.2024.10801565,,,,,,,Proceedings Paper,,2024,"The inaccessibility of data from standard sensor suites on closed-platform unmanned aerial vehicles (UAVs) has been a hindrance to developing a compatible visual-inertial odometry (VIO). Despite the advance of recent VIO research, these works often emphasize fusing detailed sensor models with available sensor data at relatively high frequencies. To address this issue, in this paper, we derive an innovation signal for an orientation measurement model on the unit quaternion group S-3 based on the error-state Kalman filter (ESKF) framework. Leveraging the error-state formulation, the innovation signal directly exploits the geometric error representation on S-3 instead of treating unit quaternions as R-4 vectors. Flight experiments on a small commercial UAV (Fig. 1) have been carried out to compare the performance of the proposed ESKF with quaternion measurements on S-3 (ESKF-Q) against the original ESKF framework. Experimental results demonstrate that while both representations of unit quaternion measurements in ESKF framework improve orientation estimates with unperturbed orientation measurement model, only the proposed ESKF-Q exhibits convergent state estimates in the presence of uncertainties in the orientation measurement model.",,,,,2024 International Conference on Intelligent Robots and Systems,"OCT 14-18, 2024",Institute of Electrical and Electronics Engineers Inc,"Abu Dhabi, U ARAB EMIRATES",1,,,,,,1,0,6,2153-0858,,979-8-3503-7771-2; 979-8-3503-7770-5,,,,English,,,,,,,,,,,,
C,"Zhan, JR; Lin, HY",,,IEEE,"Lin, Huei-Yung/H-2949-2012",,,,,,Improving Visual Inertial Odometry with UWB Positioning for UAV Indoor Navigation,,,,,,,,2022 26TH INTERNATIONAL CONFERENCE ON PATTERN RECOGNITION (ICPR),,International Conference on Pattern Recognition,,,,,,4189,4195,,,,10.1109/ICPR56361.2022.9956500,,,,,,,Proceedings Paper,,2022,"This paper presents a method to improve the localization accuracy for visual inertial odometry (VIO) by combining the ultra-wideband (UWB) positioning technology. The overall architecture is mainly divided into two stages. In the first stage, the constraint on UWB short-term position change is adopted to improve the pose estimation results of the VIO system. It is also used to solve the translation error caused by the lack of visual features and vibration during the flight. In the second stage, a loose coupling method based on nonlinear optimization is utilized to fuse the local pose estimator of the VIO system with the global constraints from the UWB positioning. At the beginning of each optimization, the alignment between the VIO and UWB frames is estimated to avoid the influence of the coordinate transformation caused by the cumulative error of the VIO system. Since there are no public datasets available for comparison, we have established several datasets containing large vibration amplitudes and weak feature points. In the experiment, the performance evaluation of the proposed technique is carried out using the Apriltag approach for verification.",,,,,26th International Conference on Pattern Recognition / 8th International Workshop on Image Mining - Theory and Applications (IMTA),"AUG 21-25, 2022",,"Montreal, CANADA",5,,,,,,5,0,7,1051-4651,,978-1-6654-9062-7,,,,English,,,,,,,,,,,,
J,"Cong, YZ; Su, WB; Jiang, N; Zong, WP; Li, L; Xu, Y; Xu, TH; Wu, PP",,,,"; Zong, Wenpeng/J-5375-2017","Xu, Yan/0000-0001-8599-7986; Cong, Yangzi/0000-0003-4390-5910; Xu, Tianhe/0000-0001-5818-6264; Zong, Wenpeng/0000-0001-8559-1185",,,,,Adaptive Covariance Matrix for UAV-Based Visual-Inertial Navigation Systems Using Gaussian Formulas,,,,,,,,SENSORS,,,,25,15,,,,,4745,,,10.3390/s25154745,,,,,,,Article,AUG 1,2025,"In a variety of UAV applications, visual-inertial navigation systems (VINSs) play a crucial role in providing accurate positioning and navigation solutions. However, traditional VINS struggle to adapt flexibly to varying environmental conditions due to fixed covariance matrix settings. This limitation becomes especially acute during high-speed drone operations, where motion blur and fluctuating image clarity can significantly compromise navigation accuracy and system robustness. To address these issues, we propose an innovative adaptive covariance matrix estimation method for UAV-based VINS using Gaussian formulas. Our approach enhances the accuracy and robustness of the navigation system by dynamically adjusting the covariance matrix according to the quality of the images. Leveraging the advanced Laplacian operator, detailed assessments of image blur are performed, thereby achieving precise perception of image quality. Based on these assessments, a novel mechanism is introduced for dynamically adjusting the visual covariance matrix using a Gaussian model according to the clarity of images in the current environment. Extensive simulation experiments across the EuRoC and TUM VI datasets, as well as the field tests, have validated our method, demonstrating significant improvements in navigation accuracy of drones in scenarios with motion blur. Our algorithm has shown significantly higher accuracy compared to the famous VINS-Mono framework, outperforming it by 18.18% on average, as well as the optimization rate of RMS, which reaches 65.66% for the F1 dataset and 41.74% for F2 in the field tests outdoors.",,,,,,,,,4,,,,,,5,8,19,,1424-8220,,,,,English,,,,,,,,drones/UAV; motion blur; image quality assessment; visual-inertial navigation system; adaptive covariance matrix,,,,
J,"Liu, XX; Xue, WH; Xu, XL; Zhao, MK; Qin, B",,,,,"LIU, Xiaoxiong/0000-0002-8061-5974",,,,,Research on Unmanned Aerial Vehicle (UAV) Visual Landing Guidance and Positioning Algorithms,,,,,,,,DRONES,,,,8,6,,,,,257,,,10.3390/drones8060257,,,,,,,Article,JUN,2024,"Considering the weak resistance to interference and generalization ability of traditional UAV visual landing navigation algorithms, this paper proposes a deep-learning-based approach for airport runway line detection and fusion of visual information with IMU for localization. Firstly, a coarse positioning algorithm based on YOLOX is designed for airport runway localization. To meet the requirements of model accuracy and inference speed for the landing guidance system, regression loss functions, probability prediction loss functions, activation functions, and feature extraction networks are designed. Secondly, a deep-learning-based runway line detection algorithm including feature extraction, classification prediction and segmentation networks is designed. To create an effective detection network, we propose efficient loss function and network evaluation methods Finally, a visual/inertial navigation system is established based on constant deformation for visual localization. The relative positioning results are fused and optimized with Kalman filter algorithms. Simulation and flight experiments demonstrate that the proposed algorithm exhibits significant advantages in terms of localization accuracy, real-time performance, and generalization ability, and can provide accurate positioning information during UAV landing processes.",,,,,,,,,12,,,,,,13,3,55,,2504-446X,,,,,English,,,,,,,,computer vision; deep neural networks; autonomous landing; combined navigation,,,,
J,"Park, I; Cho, S",,,,,"Park, In-gyoon/0000-0002-9076-2281",,,,,Fusion localization for indoor airplane inspection using visual inertial odometry and ultrasonic RTLS,,,,,,,,SCIENTIFIC REPORTS,,,,13,1,,,,,18117,,,10.1038/s41598-023-43425-y,,,,,,,Article,OCT 23,2023,"In this paper, the fusion localization system for the visual inertial odometry (VIO) and ultrasonic real-time localization system (RTLS) for indoor airplane inspection using drones is proposed. In a hangar environment, either trilateration-based RTLS or vision-based localization shows disadvantages and neither can be used alone. In this research, we design a configuration of VIO suitable for hangar environment and outlier filter on ultrasonic RTLS for non-line of sight situations, so that both can be fused using graph optimization. The proposed solution can provide more accurate localization than the visual odometry-only system as well as continue estimating positions in the absence of RTLS data. Localization and real-time performance of the proposed algorithm are evaluated through experimentation in a hangar and a flight test in an outdoor space.",,,,,,,,,7,,,,,,8,1,11,2045-2322,,,,,,English,,,,,,,,,,,,
J,"Lin, HY; Chang, KL; Huang, HY",,,,"Lin, Huei-Yung/H-2949-2012",,,,,,Development of Unmanned Aerial Vehicle Navigation and Warehouse Inventory System Based on Reinforcement Learning,,,,,,,,DRONES,,,,8,6,,,,,220,,,10.3390/drones8060220,,,,,,,Article,JUN,2024,"In this paper, we present the exploration of indoor positioning technologies for UAVs, as well as navigation techniques for path planning and obstacle avoidance. The objective was to perform warehouse inventory tasks, using a drone to search for barcodes or markers to identify objects. For the indoor positioning techniques, we employed visual-inertial odometry (VIO), ultra-wideband (UWB), AprilTag fiducial markers, and simultaneous localization and mapping (SLAM). These algorithms included global positioning, local positioning, and pre-mapping positioning, comparing the merits and drawbacks of various techniques and trajectories. For UAV navigation, we combined the SLAM-based RTAB-map indoor mapping and navigation path planning of the ROS for indoor environments. This system enabled precise drone positioning indoors and utilized global and local path planners to generate flight paths that avoided dynamic, static, unknown, and known obstacles, demonstrating high practicality and feasibility. To achieve warehouse inventory inspection, a reinforcement learning approach was proposed, recognizing markers by adjusting the UAV's viewpoint. We addressed several of the main problems in inventory management, including efficiently planning of paths, while ensuring a certain detection rate. Two reinforcement learning techniques, AC (actor-critic) and PPO (proximal policy optimization), were implemented based on AprilTag identification. Testing was performed in both simulated and real-world environments, and the effectiveness of the proposed method was validated.",,,,,,,,,17,,,,,,17,11,88,,2504-446X,,,,,English,,,,,,,,UAV; indoor positioning; path planning; warehouse inventory inspection; reinforcement learning,,,,
C,"Gabdullin, A; Shvedov, G; Ivanou, M; Afanasyev, I",,,,"/ABA-9510-2021; Afanasyev, Ilya/E-7024-2010","Afanasyev, Ilya/0000-0002-6658-5369","Sugisaka, M; Jia, Y; Ito, T; Lee, JJ",,,,Analysis of onboard sensor-based odometry for a quadrotor UAV in outdoor environment,,,,,,,,ICAROB 2018: PROCEEDINGS OF THE 2018 INTERNATIONAL CONFERENCE ON ARTIFICIAL LIFE AND ROBOTICS,,,,,,,,196,199,,,,,,,,,,,Proceedings Paper,,2018,"This article introduces a comparative analysis of a quadrotor UAV trajectories evaluated by processing onboard sensors (camera and IMU) with ROS-based monocular visual odometry software. Parrot Bebop drone was launched outdoor within teleoperated closed-loop trajectory along a known perimeter of a square work area, recording sensor's telemetry data for offline processing. We compared UAV monocular SLAM trajectories with Bebop visual-inertial odometry and verified them with the ground truth estimated by an external observer (a hovering quadcopter DJI Mavic, flying at the height of 40m with a camera pointing downwards and tracking near-surface Bebop's flight).",,,,,International Conference on Artificial Life and Robotics (ICAROB),"FEB 01-04, 2018","ICAROB Soc,Int Conf Artificial Life & Robot, Int Steering Comm,IEEE Fukuoka Sect,Chinese Assoc Artificial Intelligence","Beppu, JAPAN",3,,,,,,3,0,2,,,978-4-9908350-3-3,,,,English,,,,,,,,monocular visual odometry; GPS-denied environment; quadrotor UAV; SLAM; ROS,,,,
J,"von Stumberg, L; Cremers, D",,,,,"Cremers, Daniel/0000-0002-3079-7984; von Stumberg, Lukas/0000-0002-4708-3742",,,,,DM-VIO: Delayed Marginalization Visual-Inertial Odometry,,,,,,,,IEEE ROBOTICS AND AUTOMATION LETTERS,,,,7,2,,,1408,1415,,,,10.1109/LRA.2021.3140129,,,,,,,Article,APR,2022,"We present DM-VIO, a monocular visual-inertial odometry system based on two novel techniques called delayed marginalization and pose graph bundle adjustment. DM-VIO performs photometric bundle adjustment with a dynamic weight for visual residuals. We adopt marginalization, which is a popular strategy to keep the update time constrained, but it cannot easily be reversed, and linearization points of connected variables have to be fixed. To overcome this we propose delayed marginalization: The idea is to maintain a second factor graph, where marginalization is delayed. This allows us to later readvance this delayed graph, yielding an updated marginalization prior with new and consistent linearization points. In addition, delayed marginalization enables us to inject IMU information into already marginalized states. This is the foundation of the proposed pose graph bundle adjustment, which we use for IMU initialization. In contrast to prior works on IMU initialization, it is able to capture the full photometric uncertainty, improving the scale estimation. In order to cope with initially unobservable scale, we continue to optimize scale and gravity direction in the main system after IMU initialization is complete. We evaluate our system on the EuRoC, TUM-VI, and 4Seasons datasets, which comprise flying drone, large-scale hand held, and automotive scenarios. Thanks to the proposed IMU initialization, our system exceeds the state of the art in visual-inertial odometry, even outperforming stereo-inertial methods while using only a single camera and IMU. The code will be published at http://vision.in.tum.de/dm-vio",,,,,,,,,144,,,,,,155,2,124,2377-3766,,,,,,English,,,,,,,,Visual-Inertial SLAM; SLAM,,,,
J,"Jantos, T; Scheiber, M; Brommer, C; Allak, E; Weiss, S; Steinbrener, J",,,,"Allak, Eren/IQR-7435-2023; Steinbrener, Jan/OTH-8807-2025","Weiss, Stephan/0000-0001-6906-5409; Jantos, Thomas/0009-0007-6066-0931; Brommer, Christian/0000-0002-2801-2172; Steinbrener, Jan/0000-0002-2465-2527; Scheiber, Martin/0000-0002-3415-7378; Allak, Eren/0009-0004-5248-2862",,,,,"AIVIO: Closed-Loop, Object-Relative Navigation of UAVs With AI-Aided Visual Inertial Odometry",,,,,,,,IEEE ROBOTICS AND AUTOMATION LETTERS,,,,9,12,,,10764,10771,,,,10.1109/LRA.2024.3479713,,,,,,,Article,DEC,2024,"Object-relative mobile robot navigation is essential for a variety of tasks, e.g. autonomous critical infrastructure inspection, but requires the capability to extract semantic information about the objects of interest from raw sensory data. While deep learning-based (DL) methods excel at inferring semantic object information from images, such as class and relative 6 degrees of freedom (6-DoF) pose, they are computationally demanding and thus often not suitable for payload constrainedmobile robots. In this letter we present a real-time capable unmanned aerial vehicle (UAV) system for object-relative, closed-loop navigation with a minimal sensor configuration consisting of an inertial measurement unit (IMU) and RGB camera. Utilizing a DL-based object pose estimator, solely trained on synthetic data and optimized for companion board deployment, the object-relative pose measurements are fused with the IMU data to perform object-relative localization. We conduct multiple real-world experiments to validate the performance of our system for the challenging use case of power pole inspection. An example closed-loop flight is presented in the supplementary video.",,,,,,,,,6,,,,,,7,3,9,2377-3766,,,,,,English,,,,,,,,AI-based methods; autonomous vehicle navigation; object-relative localization; vision-based navigation,,,,
C,"Slavic, G; Marcenaro, L; Gómez, DM; Regazzoni, C",,,IEEE,"Regazzoni, Carlo/AAJ-3235-2020; Regazzoni, Carlo/B-6092-2012; Martín Gómez, David/AAX-5531-2020",,,,,,Methodology for Localizing an Indoor Drone Using Onboard Sensors and Validating by a Fixed Lidar,,,,,,,,"2025 IEEE 12TH INTERNATIONAL WORKSHOP ON METROLOGY FOR AEROSPACE, METROAEROSPACE",,IEEE Metrology for AeroSpace,,,,,,137,142,,,,10.1109/MetroAeroSpace64938.2025.11114592,,,,,,,Proceedings Paper,,2025,"This work presents a method for drone localization in indoor environments, which poses a significant issue due to the unreliability or lack of GNSS signals. Drone positional information is crucial in indoor surveillance applications. So, to address this issue, this paper proposes a method for drone localization that uses onboard sensors (camera and IMUs) and ArUco markers placed in the environment. The positions estimated from Visual Inertial Odometry (VIO) are combined with the ones from marker detection through a Kalman Filter (KF). Then, an external fixed Lidar sensor is employed to track the drone. This latter localization serves as a ground-truth for the former one, and for possible successive elaborations of the positional data. The two estimations are aligned and synchronized. The methodology is evaluated using a DJI FLY 2S drone and an Ouster OS1 Lidar in a closed environment.",,,,,12th International Workshop on Metrology for AeroSpace-METROAEROSPACE-Annual,"JUN 18-20, 2025",Institute of Electrical and Electronics Engineers Inc,"Naples, ITALY",0,,,,,,0,0,1,2575-7482,2575-7490,979-8-3315-0153-2; 979-8-3315-0152-5,,,,English,,,,,,,,indoor drone; localization; drone sensors; ArUco markers; visual inertial odometry; Lidar,,,,
C,"Lee, J; Lee, K",,,IEEE,/AAM-6979-2020,,,,,,Active Heading Planning for Improving Visual-Inertial Odometry,,,,,,,,"2024 INTERNATIONAL CONFERENCE ON UNMANNED AIRCRAFT SYSTEMS, ICUAS",,International Conference on Unmanned Aircraft Systems,,,,,,1085,1092,,,,10.1109/ICUAS60882.2024.10556967,,,,,,,Proceedings Paper,,2024,"Visual-inertial odometry (VIO) is a technique to estimate the motion of a vehicle platform by fusing camera and inertial sensor data. It operates effectively in GPS-denied environments such as indoors and is widely utilized in applications like autonomous navigation of unmanned aerial vehicles (UAVs) due to its real-time performance and high localization accuracy. However, since VIO relies on textures in the environment or features extracted from image frames, localization may easily fail if the number of feature points in the image is insufficient or the UAV faces a low-texture environment. To address these issues, we propose an active VIO algorithm by planning heading angles autonomously. This algorithm improves VIO accuracy and maintains robust localization even in an unknown environment by employing heading planning to acquire more feature points in the subsequent image frames. To achieve this, we first divide an image frame into several sections and count the number of feature points in each section. Next, we determine the desired heading angle based on the feature-occupied ratio of each section. The proposed approach is validated in various cases in a simulation environment that mimics an indoor warehouse.",,,,,International Conference on Unmanned Aircraft Systems (ICUAS),"JUN 04-07, 2024",IEEE,"Chania-Crete, GREECE",0,,,,,,0,0,5,2373-6720,,979-8-3503-5789-9; 979-8-3503-5788-2,,,,English,,,,,,,,,,,,
C,"Wan, CY; Zhang, ZQ; Xiong, R; Wang, Y",,,,"Xiong, Rong/L-4422-2013",,"Yan, L; Duan, H; Deng, Y",,,,Fusing Multiple Maps into Error-Bounded Segmented VIO: Preliminary Study,,,,,,,,"ADVANCES IN GUIDANCE, NAVIGATION AND CONTROL, VOL 8",,Lecture Notes in Electrical Engineering,,1344,,,,483,494,,,,10.1007/978-981-96-2228-3_45,,,,,,,Proceedings Paper,,2025,"Visual Inertial Odometry (VIO) is commonly utilized for the localization of mobile platforms such as autonomous vehicles and drones. However, long-time movement can cause VIO drift. Although it is an effective method of combining prior map information to provide a more accurate localization result, it is usually costly to build a global and consistent map for large scenes. In an effort to mitigate the accumulation of error intrinsic to long-duration deployment of odometry and to avoid the construction of a global map, our approach involves the segmentation of the scene or trajectory for discrete odometry operations. We introduce a method for triggered reinitialization of the VIO, which incorporates tightly coupled map information derived from multi-segment motion processes into the VIO system. This strategy effectively reduces the accumulation of VIO drifts, a common challenge in robotics.",,,,,"2024 International Conference on Guidance, Navigation and Control","AUG 09-11, 2024",National University of Defense Technology,"Changsha, PEOPLES R CHINA",0,,,,,,0,0,0,1876-1100,1876-1119,978-981-96-2230-6; 978-981-96-2228-3; 978-981-96-2227-6,,,,English,,,,,,,,Visual-inertial Odometry; Map-based Localization,,,,
C,"Ahn, S; Lee, M; Kim, Y; Dong-il You; Lim, S",,,,,,"Park, D; Liu, C; Lee, DY; Kim, MJ",,,,Design and Simulation of an Emergency Navigation System for Indoor Swarm Drones,,,,,,,,ROBOT INTELLIGENCE TECHNOLOGY AND APPLICATIONS 9,,Lecture Notes in Networks and Systems,,1419,,,,280,289,,,,10.1007/978-3-031-92011-0_23,,,,,,,Proceedings Paper,,2025,"In this study, we designed an emergency navigation system for swarm drones operating without Global Navigation Satellite System (GNSS) support. The system is intended to facilitate emergency landings using Visual-Inertial Odometry (VIO) based on mission cameras when LiDAR-based Simultaneous Localization and Mapping (SLAM) is deemed unreliable. To reduce computational load on the mission computer, LiDAR is utilized for position estimation during regular mission operations, while the mission camera is employed for position estimation only in emergency situations. For application in swarm drones, emergency landing zones are further subdivided to prevent collisions among drones. To validate the emergency navigation system, various scenarios were created and simulated using the Gazebo simulator. The results confirmed that, during indoor swarm drone operations, the proposed emergency navigation system allows safe and collision-free landings in emergency situations.",,,,,12th International Conference on Robot Intelligence Technology and Applications-RiTA,"DEC 04-07, 2024","Xi'An Jiaotong-Liverpool University,Ulsan National Institute of Science & Technology (UNIST)","Ulsan, SOUTH KOREA",0,,,,,,0,0,0,2367-3370,2367-3389,978-3-031-92010-3; 978-3-031-92011-0,,,,English,,,,,,,,Emergency Landing; Swarm drones; SLAM (Simultaneous Localization and Mapping); VIO (Visual Inertial Odometry),,,,
J,"Ye, XY; Song, FJ; Zhang, ZY; Zeng, QH",,,,"; Ye, Xiaoyu/JFS-6337-2023","fujun, song/0000-0001-8706-3474; Ye, Xiaoyu/0000-0002-9226-5676",,,,,A Review of Small UAV Navigation System Based on Multisource Sensor Fusion,,,,,,,,IEEE SENSORS JOURNAL,,,,23,17,,,18926,18948,,,,10.1109/JSEN.2023.3292427,,,,,,,Review,SEPT 1,2023,"In recent years, unmanned aircraft systems (UASs) have played an increasingly significant role in the military and civil fields. The flight control system, as the hub of an unmanned aerial vehicle (UAV), is responsible for the key function of autonomous flight, while a reliable and stable navigation system provides important information such as position status for flight control and represents the sensory function of the UAV. A highly autonomous and credible UAV requires a navigation system that meets specific requirements for accuracy, integrity, and continuity, resulting in a multitude of sensors on-board the UAV that are heterogeneous, redundant, and multisource, creating a highly complex navigation system. In this article, we review multisensor fusion (MSF) technology for small UAVs over the last 20 years and provide an overview of three typical multisource fusion architectures based on filtering, factor graph optimization, and data-driven, focusing on inductive identification of key technologies for multisource information fusion state estimation systems, including calibration techniques to improve data quality, observability analysis to provide theoretical support, additional model constraint correction using aircraft, and resilient fusion management techniques across all sources. Finally, we propose future directions for UAS navigation systems to address the limitations of the existing systems.",,,,,,,,,77,,,,,,91,19,209,1530-437X,1558-1748,,,,,English,,,,,,,,Sensors; Intelligent sensors; Navigation; Sensor systems; Autonomous aerial vehicles; Aerospace control; Sensor phenomena and characterization; Factor graph optimization (FGO); Kalman filter (KF); multisensor fusion (MSF); resilient; unmanned aircraft systems (UASs),,,,
J,"Li, CY; Wang, JA; Liu, JH; Shan, JY",,,,,"Wang, Jianan/0000-0003-4161-1687; LI, CHUNYU/0000-0002-1166-1555; liu, junhui/0000-0002-1787-8851",,,,,Cooperative Visual-Range-Inertial Navigation for Multiple Unmanned Aerial Vehicles,,,,,,,,IEEE TRANSACTIONS ON AEROSPACE AND ELECTRONIC SYSTEMS,,,,59,6,,,7851,7865,,,,10.1109/TAES.2023.3297555,,,,,,,Article,DEC,2023,"In this article, the cooperative navigation issue is investigated for a group of unmanned aerial vehicles (UAVs). A distributed estimation architecture fusing range, visual, and intermittent position measurements is proposed. Relative range and co-observed features are utilized to construct direct and indirect geometric constraints between UAVs, respectively. Compared with its independent counterpart, the proposed collaborative estimation scheme is more accurate and robust, while maintaining scalability and efficiency in practical deployment. To solve the intractable problem of evaluating the cross covariance between local estimators during estimation, the covariance intersection (CI) algorithm is introduced into the distributed fusion scheme, where each UAV only estimates its own pose and covariance. Observability analysis is provided to gain insights about the system's identification properties. Finally, the algorithm is applied to a practical patrolling scenario of multiple UAVs, and both numerical and software-in-the-loop (SITL) simulations are performed to illustrate the feasibility and effectiveness of the proposed scheme.",,,,,,,,,22,,,,,,24,6,58,0018-9251,1557-9603,,,,,English,,,,,,,,Autonomous aerial vehicles; Estimation; Cameras; Navigation; Visualization; Global navigation satellite system; Time measurement; Aerial systems; cooperative localization; multi unmanned aerial vehicle (UAV) systems; ultra-wideband (UWB); visual-inertial navigation,,,,
C,"Mao, J; Zhang, LL; He, XF; Qu, H; Hu, XP",,,IEEE,"Zhang, Lilian/JTT-5577-2023",,,,,,A 2D Georeferenced Map Aided Visual-Inertial System for Precise UAV Localization,,,,,,,,2022 IEEE/RSJ INTERNATIONAL CONFERENCE ON INTELLIGENT ROBOTS AND SYSTEMS (IROS),,IEEE International Conference on Intelligent Robots and Systems,,,,,,4455,4462,,,,10.1109/IROS47612.2022.9982254,,,,,,,Proceedings Paper,,2022,"Precise geolocalization is crucial for unmanned aerial vehicles (UAVs). However, most current deployed UAVs rely on the global navigation satellite systems (GNSS) for geolocalization. In this paper, we propose to use a lightweight visual-inertial system with a 2D georeferenced map to obtain accurate geodetic positions for UAVs. The proposed system firstly integrates a micro inertial measurement unit (MIMU) and a monocular camera to build a visual-inertial odometry (VIO) to consecutively estimate the UAV's motion states and reconstruct the 3D position of the observed visual features in the local world frame. To obtain the geolocation, the visual features tracked by the odometry are further registered to the 2D georeferenced map. While most conventional methods perform image-level aerial image registration, we propose to align the reconstructed 3D points with the map, and then use the registered 3D points to relocalize the vehicle in the geodetic frame, which helps to improve the geolocalization accuracy. Finally, a pose graph is deployed to fuse the geolocation from the point registration and the local navigation result from the visual- inertial odometry (VIO) to obtain smooth and drift-free geolocalization results. We have validated the proposed method by installing the sensors to a UAV body rigidly and have conducted two real-world flights in different environments with unknown initials. The results show that the proposed method can achieve less than 4m position error in flight at about 100m high and less than 9m position error in flight at about 300m high.",,,,,IEEE/RSJ International Conference on Intelligent Robots and Systems (IROS),"OCT 23-27, 2022","IEEE,Royal Soc Japan,IEEE Robot & Automat Soc,IES,SICE,New Technol Fdn","Kyoto, JAPAN",13,,,,,,14,1,7,2153-0858,,978-1-6654-7927-1,,,,English,,,,,,,,,,,,
C,"Mascaro, R; Teixeira, L; Hinzmann, T; Siegwart, R; Chli, M",,,IEEE,"Siegwart, Roland/A-4495-2008; Teixeira, Lucas/K-6550-2019; Chli, Margarita/N-3301-2015; Hinzmann, Timo/ABF-3676-2020","Chli, Margarita/0000-0001-5611-7492; Hinzmann, Timo/0000-0001-7446-9790",,,,,GOMSF: Graph-Optimization based Multi-Sensor Fusion for robust UAV pose estimation,,,,,,,,2018 IEEE INTERNATIONAL CONFERENCE ON ROBOTICS AND AUTOMATION (ICRA),,IEEE International Conference on Robotics and Automation ICRA,,,,,,1421,1428,,,,,,,,,,,Proceedings Paper,,2018,"Achieving accurate, high-rate pose estimates from proprioceptive and/or exteroceptive measurements is the first step in the development of navigation algorithms for agile mobile robots such as Unmanned Aerial Vehicles (UAVs). In this paper, we propose a decoupled Graph-Optimization based Multi-Sensor Fusion approach (GOMSF) that combines generic 6 Degree-of-Freedom (DoF) visual-inertial odometry poses and 3 DoF globally referenced positions to infer the global 6 DoF pose of the robot in real-time. Our approach casts the fusion as a real-time alignment problem between the local base frame of the visual-inertial odometry and the global base frame. The alignment transformation that relates these coordinate systems is continuously updated by optimizing a sliding window pose graph containing the most recent robot's states. We evaluate the presented pose estimation method on both simulated data and large outdoor experiments using a small UAV that is capable to run our system onboard. Results are compared against different state-of-the-art sensor fusion frameworks, revealing that the proposed approach is substantially more accurate than other decoupled fusion strategies. We also demonstrate comparable results in relation with a finely tuned Extended Kalman Filter that fuses visual, inertial and GPS measurements in a coupled way and show that our approach is generic enough to deal with different input sources in a straightforward manner.",,,,,IEEE International Conference on Robotics and Automation (ICRA),"MAY 21-25, 2018","IEEE,CSIRO,Australian Govt, Dept Def Sci & Technol,DJI,Queensland Univ Technol,Woodside,Baidu,Bosch,Houston Mechatron,Kinova Robot,KUKA,Hit Robot Grp,Honda Res Inst,iRobot,Mathworks,NuTonomy,Ouster,Uber","Brisbane, AUSTRALIA",117,,,,,,137,0,23,1050-4729,2577-087X,978-1-5386-3081-5,,,,English,,,,,,,,,,,,
C,"Pritzl, V; Vrba, M; Stepán, P; Saska, M",,,IEEE,"Štěpán, Petr/X-2931-2018; Saska, Martin/L-3669-2013; Vrba, Matouš/GXV-6607-2022","Štěpán, Petr/0000-0002-7444-3264; Vrba, Matouš/0000-0002-4823-8291",,,,,Cooperative Navigation and Guidance of a Micro-Scale Aerial Vehicle by an Accompanying UAV using 3D LiDAR Relative Localization,,,,,,,,2022 INTERNATIONAL CONFERENCE ON UNMANNED AIRCRAFT SYSTEMS (ICUAS),,International Conference on Unmanned Aircraft Systems,,,,,,526,535,,,,10.1109/ICUAS54217.2022.9836116,,,,,,,Proceedings Paper,,2022,"A novel approach for cooperative navigation and guidance of a micro-scale aerial vehicle by an accompanying Unmanned Aerial Vehicle (UAV) using 3D Light Detection and Ranging (LiDAR) relative localization is proposed in this paper. The use of 3D LiDARs represents a reliable way of environment perception and robust UAV self-localization in Global Navigation Satellite System (GNSS)-denied environments. However, 3D LiDARs are relatively heavy and they need to be carried by large UAV platforms. On the contrary, visual cameras are cheap, light-weight, and therefore ideal for small UAVs. However, visual self-localization methods suffer from loss of precision in texture-less environments, scale unobservability during certain maneuvers, and long-term drift with respect to the global frame of reference. Nevertheless, a micro-scale camera-equipped UAV is ideal for complementing a 3D LiDAR-equipped UAV as it can reach places inaccessible to a large UAV platform. To gain the advantages of both navigation approaches, we propose a cooperative navigation and guidance architecture utilizing a large LiDAR-equipped UAV accompanied by a small secondary UAV carrying a significantly lighter monocular camera. The primary UAV is localized by a robust LiDAR Simultaneous Localization and Mapping (SLAM) algorithm, while the secondary UAV utilizes a Visual-Inertial Odometry (VIO) approach with lower precision and reliability. The LiDAR data are used for markerless relative localization between the UAVs to enable precise guidance of the secondary UAV in the frame of reference of the LiDAR SLAM. The performance of the proposed approach has been extensively verified in simulations and real-world experiments with the algorithms running onboard the UAVs with no external localization infrastructure.",,,,,International Conference on Unmanned Aircraft Systems (ICUAS),"JUN 21-24, 2022",,"Dubrovnik, CROATIA",23,,,,,,24,2,33,2373-6720,,978-1-6654-0593-5,,,,English,,,,,,,,,,,,
J,"Lyu, Y; Yuan, SH; Xie, LH",,,,"Yuan, Shenghai/JDM-6241-2023; lyu, yang/ABI-5956-2020; Xie, Lihua/D-2236-2009","Yuan, Shenghai/0009-0003-1887-6342; Xie, Lihua/0000-0002-7137-4136",,,,,Structure Priors Aided Visual-Inertial Navigation in Building Inspection Tasks With Auxiliary Line Features,,,,,,,,IEEE TRANSACTIONS ON AEROSPACE AND ELECTRONIC SYSTEMS,,,,58,4,,,3037,3048,,,,10.1109/TAES.2022.3142663,,,,,,,Article,AUG,2022,"The article proposes a visual-inertial navigation method to support the autonomous operation of a quadrotor UAV during the building facade inspection tasks, where state-of-the-art vision-based localization methods may fail due to texture point feature insufficiency. Considering the appearance characteristics of the building facades, we additionally fuse line features and their corresponding structure prior information to the sliding-window-based estimator to improve localization reliability and accuracy. The contribution of the proposed method lies mainly in two aspects. First, we develop an informative feature selection mechanism according to the facade patterns and the inspection trajectory patterns to make a balance between localization accuracy and computation overheads. Second, we further utilize structure prior information, which is defined as line-to-line and point-to-line relationships, as another source of high-fidelity measurement to restrain the localization drifts. The proposed method is tested not only on public datasets, but also on an actual flight data package recorded in a building inspection task. Experimental results show that the proposed method can serve as a practical tool for navigating a robot in a building inspection task, with improved localization reliability and accuracy.",,,,,,,,,11,,,,,,13,0,33,0018-9251,1557-9603,,,,,English,,,,,,,,Inspection; Buildings; Location awareness; Navigation; Task analysis; Cameras; Optimization; Building inspection; information gain; line feature; visual-inertial navigation,,,,
J,"Minoda, K; Schilling, F; Wüest, V; Floreano, D; Yairi, T",,,,"; Schilling, Fabian/AAK-3207-2021","Minoda, Koji/0000-0002-8331-1546; Floreano, Dario/0000-0002-5330-4863; Wüest, Valentin/0000-0003-2193-1907; Schilling, Fabian/0000-0003-3787-5137",,,,,VIODE: A Simulated Dataset to Address the Challenges of Visual-Inertial Odometry in Dynamic Environments,,,,,,,,IEEE ROBOTICS AND AUTOMATION LETTERS,,,,6,2,,,1343,1350,,,,10.1109/LRA.2021.3058073,,,,,,,Article,APR,2021,"Dynamic environments such as urban areas are still challenging fin- popular visual-inertial odometry (VIO) algorithms. Existing datasets typically fail to capture the dynamic nature of these environments, therefore making it difficult to quantitatively evaluate the robustness of existing VIO methods. To address this issue, we propose three contributions: firstly, we provide the VIODE benchmark, a novel dataset recorded from a simulated UAV that navigates in challenging dynamic environments. The unique feature of the VIODE dataset is the systematic introduction of moving objects into the scenes. It includes three environments, each of which is available in four dynamic levels that progressively add moving objects. The dataset contains synchronized stereo images and 'MU data, as well as ground-truth trajectories and instance segmentation masks. Secondly, we compare state-of-the-art V [0 algorithms on the VIODE dataset and show that they display substantial performance degradation in highly dynamic scenes. Thirdly, we propose a simple extension for visual localization algorithms that relies on semantic information. Our results show that scene semantics are an effective way to mitigate the adverse effects of dynamic objects on VIO algorithms. Finally, we make the VIODE dataset publicly available at https://github.com/kminoda/VIODE.",,,,,,,,,57,,,,,,66,3,37,2377-3766,,,,,,English,,,,,,,,Data sets for SLAM; visual-inertial SLAM; aerial systems; perception and autonomy,,,,
J,"Minervini, A; Carrio, A; Guglieri, G",,,,"; Carrio, Adrian/AFK-5381-2022","Guglieri, Giorgio/0000-0001-6455-5062; MINERVINI, ALESSANO/0009-0007-5591-2217;",,,,,Enhancing Visual-Inertial Odometry Robustness and Accuracy in Challenging Environments,,,,,,,,ROBOTICS,,,,14,6,,,,,71,,,10.3390/robotics14060071,,,,,,,Article,MAY 27,2025,"Visual-Inertial Odometry (VIO) algorithms are widely adopted for autonomous drone navigation in GNSS-denied environments. However, conventional monocular and stereo VIO setups often lack robustness under challenging environmental conditions or during aggressive maneuvers, due to the sensitivity of visual information to lighting, texture, and motion blur. In this work, we enhance an existing open-source VIO algorithm to improve both the robustness and accuracy of the pose estimation. First, we integrate an IMU-based motion prediction module to improve feature tracking across frames, particularly during high-speed movements. Second, we extend the algorithm to support a multi-camera setup, which significantly improves tracking performance in low-texture environments. Finally, to reduce the computational complexity, we introduce an adaptive feature selection strategy that dynamically adjusts the detection thresholds according to the number of detected features. Experimental results validate the proposed approaches, demonstrating notable improvements in both accuracy and robustness across a range of challenging scenarios.",,,,,,,,,5,,,,,,5,2,5,,2218-6581,,,,,English,,,,,,,,VIO; multi-camera; localization; GNSS-denied; drones; robotics; autonomous; navigation,,,,
C,"Lin, SY; Zhang, XT; Liu, YS; Chen, YQ; Zhuang, Y",,,IEEE,"Liu, Yisha/MCX-3733-2025; Zhuang, Yan/NYS-3619-2025; Lin, Shuyue/HKO-2244-2023",,,,,,Kernel-VIO : An Optimization-based Tightly Coupled Indirect Visual-Inertial Odometry,,,,,,,,2021 27TH INTERNATIONAL CONFERENCE ON MECHATRONICS AND MACHINE VISION IN PRACTICE (M2VIP),,International Conference on Mechatronics and Machine Vision in Practice,,,,,,,,,,,10.1109/M2VIP49856.2021.9665087,,,,,,,Proceedings Paper,,2021,"This paper proposes an optimization-based tightly coupled Indirect Visual-Inertial Odometry (Kernel-VIO), which weights outliers with hybrid kernel functions. The novelty is that the hybrid weighting method based on kernel functions is firstly extended to the indirect-based VIO, which reduces the weight of outliers by dynamically weighting reprojection residual items, thereby the method suppresses adverse effects of outliers on the state estimator. Specifically, the proposed system processes the visual measurements and the IMU pre-integration in a tightly coupled way, next aligns the two information to complete the system initialization. Then, a nonlinear optimization framework is established by jointly minimizing the IMU pre-integration residuals, the reprojection residuals and prior information of sliding window marginalization to estimate the state of drones. The comparative experiments on the public dataset show that the accuracy and robustness of Kernel-VIO is better than the VINS-Mono without loop closure, and simulations demonstrate the effectiveness of the proposed Kernel-VIO.",,,,,27th International Conference on Mechatronics and Machine Vision in Practice (M2VIP),"NOV 26-28, 2021",,"Shanghai, PEOPLES R CHINA",0,,,,,,0,1,6,2996-4156,,978-1-6654-3153-8,,,,English,,,,,,,,,,,,
J,"Lee, S; Lee, H; Park, CG",,,,,"Lee, Suyong/0009-0003-7927-3430; Lee, Hanyeol/0000-0002-0169-4994",,,,,Maximizing Measurement Visual-Inertial Odometry for Low-Light Environment Through Online Image Pre-Processing,,,,,,,,IEEE ACCESS,,,,13,,,,59636,59645,,,,10.1109/ACCESS.2025.3555319,,,,,,,Article,,2025,"Recently, the interest in exploring unknown areas such as caves and tunnels has increased, and Visual-Inertial Odometry (VIO) can provide a suitable localization solution thanks to its lightweight and low cost advantages for mobile robots or drones. However, in such environments, lighting conditions are often not guaranteed due to lack of infrastructure. Although, attached light sources, such as body-mounted lights on robots and headlights on autonomous vehicles, can be used to address this problem, it is difficult to obtain images of consistent quality since the direction of the light changes as the robot moves. This can adversely affect the extraction and tracking of feature points, resulting in insufficient measurements. To solve this issue, we propose Maximizing Measurement VIO, named MMVIO, to ensure consistent image quality and rich measurements, which enables prolonged feature tracking in low-light environments. We employ two image pre-processing techniques, gamma -correction and CLAHE, whose parameters are estimated online using Bayesian Optimization (BO). The objective function of BO is to maximize the number of feature points extracted by the FAST corner detector, effectively increasing the measurements. For a detailed analysis, we conducted experiments using public datasets to validate our approach. The results show that MMVIO achieves the improved tracking time of the feature points and superior localization performance compared to other approaches that use different image quality metrics as objective functions. Moreover, we present the results that the localization accuracy of MMVIO is not only improved by online image pre-processing, but also is comparable to or outperforms the state-of-the-art VIOs.",,,,,,,,,0,,,,,,0,1,3,2169-3536,,,,,,English,,,,,,,,Feature extraction; Measurement; Image quality; Location awareness; Linear programming; Robots; Odometry; Bayes methods; Optimization; Histograms; Visual-inertial odometry; low-light image enhancement; image pre-processing; Bayesian optimization,,,,
J,"Suleiman, A; Zhang, ZD; Carlone, L; Karaman, S; Sze, V",,,,,"Suleiman, Amr/0000-0003-3669-4318",,,,,Navion: A 2-mW Fully Integrated Real-Time Visual-Inertial Odometry Accelerator for Autonomous Navigation of Nano Drones,,,,,,,,IEEE JOURNAL OF SOLID-STATE CIRCUITS,,,,54,4,SI,,1106,1119,,,,10.1109/JSSC.2018.2886342,,,,,,,Article; Proceedings Paper,APR,2019,"This paper presents Navion, an energy-efficient accelerator for visual-inertial odometry (VIO) that enables autonomous navigation of miniaturized robots (e.g., nano drones), and virtual reality (VR)/augmented reality (AR) on portable devices. The chip uses inertial measurements and mono/stereo images to estimate the drone's trajectory and a 3-D map of the environment. This estimate is obtained by running a state-of-the-art VIO algorithm based on non-linear factor graph optimization, which requires large irregularly structured memories and heterogeneous computation flow. To reduce the energy consumption and footprint, the entire VIO system is fully integrated on-chip to eliminate costly off-chip processing and storage. This paper uses compression and exploits both structured and unstructured sparsity to reduce on-chip memory size by 4.1x. Parallelism is used under tight area constraints to increase throughput by 43%. The chip is fabricated in 65-nm CMOS and can process 752 x 480 stereo images from EuRoC data set in real time at 20 frames per second (fps) consuming only an average power of 2 mW. At its peak performance, Navion can process stereo images at up to 171 fps and inertial measurements at up to 52 kHz, while consuming an average of 24 mW. The chip is configurable to maximize accuracy, throughput, and energy-efficiency tradeoffs and to adapt to different environments. To the best of our knowledge, this is the first fully integrated VIO system in an application-specified integrated circuit (ASIC).",,,,,32nd Symposium on VLSI Circuits,"JUN 18-22, 2018","IEEE Solid State Circuits Soc,Japan Soc Appl Phys,Inst Elect, Informat & commun Engineers,IEEE Electron Devices Soc","Honolulu, HI",133,,,,,,153,2,37,0018-9200,1558-173X,,,,,English,,,,,,,,Localization; mapping; nano drones; navigation; simultaneous localization and mapping (SLAM); visual-inertial odometry (VIO),,,,
C,"Miki, T; Khrapchenkov, P; Hori, K",,,IEEE,,,"Howard, A; Althoefer, K; Arai, F; Arrichiello, F; Caputo, B; Castellanos, J; Hauser, K; Isler, V; Kim, J; Liu, H; Oh, P; Santos, V; Scaramuzza, D; Ude, A; Voyles, R; Yamane, K; Okamura, A",,,,UAV/UGV Autonomous Cooperation: UAV assists UGV to climb a cliff by attaching a tether,,,,,,,,2019 INTERNATIONAL CONFERENCE ON ROBOTICS AND AUTOMATION (ICRA),,IEEE International Conference on Robotics and Automation ICRA,,,,,,8041,8047,,,,10.1109/icra.2019.8794265,,,,,,,Proceedings Paper,,2019,"This paper proposes a novel cooperative system for an Unmanned Aerial Vehicle (UAV) and an Unmanned Ground Vehicle (UGV) which utilizes the UAV not only as a flying sensor but also as a tether attachment device. Two robots are connected with a tether, allowing the UAV to anchor the tether to a structure located at the top of a steep terrain, impossible to reach for UGVs. Thus, enhancing the poor traversability of the UGV by not only providing a wider range of scanning and mapping from the air, but also by allowing the UGV to climb steep terrains with the winding of the tether. In addition, we present an autonomous framework for the collaborative navigation and tether attachment in an unknown environment. The UAV employs visual inertial navigation with 3D voxel mapping and obstacle avoidance planning. The UGV makes use of the voxel map and generates an elevation map to execute path planning based on a traversability analysis. Furthermore, we compared the pros and cons of possible methods for the tether anchoring from multiple points of view. To increase the probability of successful anchoring, we evaluated the anchoring strategy with an experiment. Finally, the feasibility and capability of our proposed system were demonstrated by an autonomous mission experiment in the field with an obstacle and a cliff.",,,,,IEEE International Conference on Robotics and Automation (ICRA),"MAY 20-24, 2019","Bosch,DJI,Kinova,Mercedes Benz,Samsung,Argo AI,Clearpath Robot,Element AI,Fetch Robot,Huawei,iRobot,KUKA,Quanser,SICK,Toyota Res Inst,Uber,Waymo,Zhejiang Lab,Amazon,Applanix,Cloudminds,Honda Res Inst,MathWorks,Ouster","Montreal, CANADA",54,,,,,,64,1,43,1050-4729,2577-087X,978-1-5386-6026-3,,,,English,,,,,,,,,,,,
C,"Udugama, UVBL; Vosselman, G; Nex, F",,,,"; Nex, Francesco/G-9264-2018; Vosselman, George/D-3985-2009","Udugama Vithanage, Bavantha Lakshan Udugama/0000-0002-1932-692X; Nex, Francesco/0000-0002-5712-6902; Vosselman, George/0000-0001-8813-8028","El-Sheimy, N; Abdelbary, AA; El-Bendary, N; Mohasseb, Y",,,,MONO-HYDRA: REAL-TIME 3D SCENE GRAPH CONSTRUCTION FROM MONOCULAR CAMERA INPUT WITH IMU,,,,,,,,"GEOSPATIAL WEEK 2023, VOL. 10-1",,"ISPRS Annals of the Photogrammetry, Remote Sensing and Spatial Information Sciences",,,,,,439,445,,,,10.5194/isprs-annals-X-1-W1-2023-439-2023,,,,,,,Proceedings Paper,,2023,"The ability of robots to autonomously navigate through 3D environments depends on their comprehension of spatial concepts, ranging from low-level geometry to high-level semantics, such as objects, places, and buildings. To enable such comprehension, 3D scene graphs have emerged as a robust tool for representing the environment as a layered graph of concepts and their relationships. However, building these representations using monocular vision systems in real-time remains a difficult task that has not been explored in depth. This paper puts forth a real-time spatial perception system Mono-Hydra, combining a monocular camera and an IMU sensor setup, focusing on indoor scenarios. However, the proposed approach is adaptable to outdoor applications, offering flexibility in its potential uses. The system employs a suite of deep learning algorithms to derive depth and semantics. It uses a robocentric visual-inertial odometry (VIO) algorithm based on square-root information, thereby ensuring consistent visual odometry with an IMU and a monocular camera. This system achieves sub-20 cm error in real-time processing at 15 fps, enabling real-time 3D scene graph construction using a laptop GPU (NVIDIA 3080). This enhances decision-making efficiency and effectiveness in simple camera setups, augmenting robotic system agility. We make Mono-Hydra publicly available at: https://github.com/UAV-Centre-ITC/Mono_Hydra.",,,,,5th International-Society-for-Photogrammetry-and-Remote-Sensing (ISPRS) Geospatial Week (GSW),"SEP 02-07, 2023",Int Soc Photogrammetry & Remote Sensing,"Cairo, EGYPT",2,,,,,,2,0,4,2194-9042,2194-9050,,,,,English,,,,,,,,Real-time Mapping; 3D scene graphs; Spatial understanding; Deep learning; Visual Inertial odometry,,,,
J,"Ghanizadegan, K; Hashim, HA",,,,"; Ghanizadegan, Khashayar/MTE-9428-2025","A. Hashim, Hashim/0000-0003-2376-0603; Ghanizadegan, Khashayar/0009-0002-4806-9253",,,,,DeepUKF-VIN: Adaptively-tuned Deep Unscented Kalman Filter for 3D Visual-Inertial Navigation based on IMU-Vision-Net,,,,,,,,EXPERT SYSTEMS WITH APPLICATIONS,,,,271,,,,,,126656,,,10.1016/j.eswa.2025.126656,,,,,FEB 2025,,Article,MAY 1,2025,"This paper addresses the challenge of estimating the orientation, position, and velocity of a vehicle operating in three-dimensional (3D) space with six degrees of freedom (6-DoF). A Deep Learning-based Adaptation Mechanism (DLAM) is proposed to adaptively tune the noise covariance matrices of Kalman-type filters for the Visual-Inertial Navigation (VIN) problem, leveraging IMU-Vision-Net. Subsequently, an adaptively tuned Deep Learning Unscented Kalman Filter for 3D VIN (DeepUKF-VIN) is introduced to utilize the proposed DLAM, thereby robustly estimating key navigation components, including orientation, position, and linear velocity. The proposed DeepUKF-VIN integrates data from onboard sensors, specifically an inertial measurement unit (IMU) and visual feature points extracted from a camera, and is applicable for GPS-denied navigation. Its quaternion-based design effectively captures navigation nonlinearities and avoids the singularities commonly encountered with Euler-angle-based filters. Implemented indiscrete space, the DeepUKF-VIN facilitates practical filter deployment. The filter's performance is evaluated using real-world data collected from an IMU and a stereo camera at low sampling rates. The results demonstrate filter stability and rapid attenuation of estimation errors, highlighting its high estimation accuracy. Furthermore, comparative testing against the standard Unscented Kalman Filter (UKF) in two scenarios consistently shows superior performance across all navigation components, thereby validating the efficacy and robustness of the proposed DeepUKF-VIN.",,,,,,,,,10,,,,,,10,9,54,0957-4174,1873-6793,,,,,English,,,,,,,,Deep learning; Unscented Kalman Filter; Adaptive tuning; Estimation; Navigation; Unmanned aerial vehicle; Sensor-fusion,,,,
J,"Zhang, B; Shao, XY; Wang, YK; Sun, GH; Yao, WR",,,,"Yao, Weiran/N-2543-2019","Yao, Weiran/0000-0002-6570-3888; Shao, Xiangyu/0000-0002-7779-2267",,,,,R-LVIO: Resilient LiDAR-Visual-Inertial Odometry for UAVs in GNSS-denied Environment,,,,,,,,DRONES,,,,8,9,,,,,487,,,10.3390/drones8090487,,,,,,,Article,SEP,2024,"In low-altitude, GNSS-denied scenarios, Unmanned aerial vehicles (UAVs) rely on sensor fusion for self-localization. This article presents a resilient multi-sensor fusion localization system that integrates light detection and ranging (LiDAR), cameras, and inertial measurement units (IMUs) to achieve state estimation for UAVs. To address challenging environments, especially unstructured ones, IMU predictions are used to compensate for pose estimation in the visual and LiDAR components. Specifically, the accuracy of IMU predictions is enhanced by increasing the correction frequency of IMU bias through data integration from the LiDAR and visual modules. To reduce the impact of random errors and measurement noise in LiDAR points on visual depth measurement, cross-validation of visual feature depth is performed using reprojection error to eliminate outliers. Additionally, a structure monitor is introduced to switch operation modes in hybrid point cloud registration, ensuring accurate state estimation in both structured and unstructured environments. In unstructured scenes, a geometric primitive capable of representing irregular planes is employed for point-to-surface registration, along with a novel pose-solving method to estimate the UAV's pose. Both private and public datasets collected by UAVs validate the proposed system, proving that it outperforms state-of-the-art algorithms by at least 12.6%.",,,,,,,,,11,,,,,,12,7,31,,2504-446X,,,,,English,,,,,,,,Multi-sensor fusion; LiDAR-visual-inertial odometry; structure quantification; point-to-surface alignment,,,,
C,"Liu, DD; Mei, JH; Zhou, J; Li, S",,,IEEE,,", Jin/0009-0006-3866-6942",,,,,An Observability Constrained Downward-Facing Optical-Flow-Aided Visual-Inertial Odometry,,,,,,,,"2024 IEEE/RSJ INTERNATIONAL CONFERENCE ON INTELLIGENT ROBOTS AND SYSTEMS, IROS 2024",,IEEE International Conference on Intelligent Robots and Systems,,,,,,3218,3225,,,,10.1109/IROS58592.2024.10802729,,,,,,,Proceedings Paper,,2024,"Visual-Inertial Odometry (VIO) has been widely used by autonomous drones as an onboard navigation method. However, it suffers from drifts especially in scenarios where the environments have few texture features such as an empty room with solid color walls. Optical flow sensors are another type of onboard sensor used by drones that face downward and measure the velocity by detecting changes in pixels between consecutive images, which don't introduce accumulative error. In this work, we present an efficient tight-coupled estimator to improve the accuracy of VIO by fusing the measurements of a downward-facing optical flow sensor into the VIO framework consistently. We further analyze the observability of the estimators and prove that there are four unobservable directions in the ideal case and then we utilize OC-EKF to maintain the consistency of the estimator. Furthermore, we extend an adaptive weighting algorithm to the proposed method, which can better adapt to the scenes where feature tracking is less accurate. Finally, both simulation and real-world experiments demonstrate the feasibility of the proposed method.",,,,,2024 International Conference on Intelligent Robots and Systems,"OCT 14-18, 2024",Institute of Electrical and Electronics Engineers Inc,"Abu Dhabi, U ARAB EMIRATES",2,,,,,,2,0,1,2153-0858,,979-8-3503-7771-2; 979-8-3503-7770-5,,,,English,,,,,,,,,,,,
J,"Lee, K; Johnson, EN",,,,"Lee, Kyuman/AAM-6979-2020","Lee, Kyuman/0000-0003-0755-9635",,,,,Latency Compensated Visual-Inertial Odometry for Agile Autonomous Flight,,,,,,,,SENSORS,,,,20,8,,,,,2209,,,10.3390/s20082209,,,,,,,Article,APR,2020,"In visual-inertial odometry (VIO), inertial measurement unit (IMU) dead reckoning acts as the dynamic model for flight vehicles while camera vision extracts information about the surrounding environment and determines features or points of interest. With these sensors, the most widely used algorithm for estimating vehicle and feature states for VIO is an extended Kalman filter (EKF). The design of the standard EKF does not inherently allow for time offsets between the timestamps of the IMU and vision data. In fact, sensor-related delays that arise in various realistic conditions are at least partially unknown parameters. A lack of compensation for unknown parameters often leads to a serious impact on the accuracy of VIO systems and systems like them. To compensate for the uncertainties of the unknown time delays, this study incorporates parameter estimation into feature initialization and state estimation. Moreover, computing cross-covariance and estimating delays in online temporal calibration correct residual, Jacobian, and covariance. Results from flight dataset testing validate the improved accuracy of VIO employing latency compensated filtering frameworks. The insights and methods proposed here are ultimately useful in any estimation problem (e.g., multi-sensor fusion scenarios) where compensation for partially unknown time delays can enhance performance.",,,,,,,,,9,,,,,,10,6,31,,1424-8220,,,,,English,,,,,,,,VIO; UAV; EKF; IMU; camera vision; time delay; latency compensation; online temporal calibration; sensor fusion; navigation,,,,
C,"Xiang, YF; Yu, JC; Xu, YF; Hu, Y; Guo, KY; Dong, YH; Wang, Y",,,IEEE,"Dong, Yuhan/H-6499-2011",,,,,,Load Balanced Sparse Bundle Adjustment Accelerator for CNN-Based Visual-Inertial Odometry on FPGA,,,,,,,,"2024 INTERNATIONAL CONFERENCE ON FIELD PROGRAMMABLE TECHNOLOGY, ICFPT",,IEEE International Conference on Field Programmable Technology,,,,,,,,,,,10.1109/ICFPT64416.2024.11113446,,,,,,,Proceedings Paper,,2024,"Visual-Inertial Odometry (VIO) is a fundamental module in unmanned systems, and Convolutional Neural Network (CNN)-based feature extraction methods have been increasingly adopted in recent years. As Domain-Specific Architectures (DSA) for CNN have advanced, Bundle Adjustment (BA) in the VIO backend, rather than CNN, has become the computational bottleneck in embedded systems. However, the CNN accelerator consumes substantial FPGA resources, leaving limited capacity for BA. To address this issue, we design an efficient BA accelerator that utilizes the sparsity of the data and employs a workload segmentation and subtask scheduling architecture. Additionally, we propose a method to compress the frontend feature extraction algorithm. Experiments on the ZCU102 and a small drone demonstrate that our BA accelerator achieves 30.3x speedup over the ARM CPU, and higher resource efficiency compared to recent accelerators. The frontend and backend of the VIO system are accelerated by 3.1x and 3.7x, respectively, resulting in an overall processing speed of 19.7 fps in real world.",,,,,23rd International Conference on Field Programmable Technology-ICFPT-Annual,"DEC 10-12, 2024","Institute of Electrical and Electronics Engineers Inc,Advanced Micro Devices,IEEE Council on Electronic Design Automation","Sydney, AUSTRALIA",0,,,,,,0,0,0,2837-0430,,979-8-3315-2322-0; 979-8-3315-2321-3,,,,English,,,,,,,,VIO; bundle adjustment; specialized accelerators; hardware-software co-design,,,,
C,"Zhao, SB; Zhang, HR; Wang, P; Nogueira, L; Scherer, S",,,IEEE,,,,,,,Super Odometry: IMU-centric LiDAR-Visual-Inertial Estimator for Challenging Environments,,,,,,,,2021 IEEE/RSJ INTERNATIONAL CONFERENCE ON INTELLIGENT ROBOTS AND SYSTEMS (IROS),,IEEE International Conference on Intelligent Robots and Systems,,,,,,8729,8736,,,,10.1109/IROS51168.2021.9635862,,,,,,,Proceedings Paper,,2021,"We propose Super Odometry, a high-precision multi-modal sensor fusion framework, providing a simple but effective way to fuse multiple sensors such as LiDAR, camera, and IMU sensors and achieve robust state estimation in perceptually-degraded environments. Different from traditional sensor-fusion methods, Super Odometry employs an IMU-centric data processing pipeline, which combines the advantages of loosely coupled methods with tightly coupled methods and recovers motion in a coarse-to-fine manner. The proposed framework is composed of three parts: IMU odometry, Visual-inertial odometry, and LiDAR-inertial odometry. The Visual-inertial odometry and LiDAR-inertial odometry provide the pose prior to constrain the IMU bias and receive the motion prediction from IMU odometry. To ensure high performance in real-time, we apply a dynamic octree that only consumes 10% of the running time compared with a static KD-tree. The proposed system was deployed on drones and ground robots, as part of Team Explorer's effort to the DARPA Subterranean Challenge where the team won 1st and 2nd place in the Tunnel and Urban Circuits 1, respectively.",,,,,IEEE/RSJ International Conference on Intelligent Robots and Systems (IROS),"SEP 27-OCT 01, 2021","IEEE,RSJ",ELECTR NETWORK,166,,,,,,201,6,92,2153-0858,,978-1-6654-1714-3,,,,English,,,,,,,,,,,,
C,"Batta, N; Williams, G; Murphy, S; Quantz, A; Pegues, J; Manjunath, P; Bluman, J",,,Amer Soc Mech Engineers,,,,,,,DRONE ASSISTED TARGETING FOR DIRECT FIRE ENGAGEMENTS,,,,,,,,"PROCEEDINGS OF ASME 2021 INTERNATIONAL MECHANICAL ENGINEERING CONGRESS AND EXPOSITION (IMECE2021), VOL 4",,,,,,,,,,V004T04A029,,,,,,,,,,Proceedings Paper,,2021,"The goal of the project is to develop a drone and recovery station system capable of tracking a target and round fired from a tank. Key aspects of the project include maintaining a level platform through the shot, performing accurate localization, and reacting to movements in the tank turret. The goal is for the design to be able to operate in GPS-denied and light-denied environments. After significant testing and research, the drone will be placed 10 meters behind and 20 meters above the tank muzzle and the recovery station will be placed on the rear of the tank. The drone will perform localization using visual- inertial odometry (VIO) and will react to movements in the tank turret by using a filtered IMU to send up the tank's azimuth. All communication will be transmitted over WiFi and the video from the camera will be livestreamed on the recovery station laptop. In this semester, key areas of focus will be validating the VIO algorithm, developing a method for aligning the drone with the tank turret, establishing communication over WiFi, and then conducting final testing.",,,,,ASME International Mechanical Engineering Congress and Exposition (IMECE),"NOV 01-05, 2021",Amer Soc Mech Engineers,ELECTR NETWORK,0,,,,,,0,0,0,,,978-0-7918-8558-1,,,,English,,,,,,,,Visual-Inertial Odometry; Small UAS (sUAS); Automation,,,,
C,"Hsiung, J; Hsiao, M; Westman, E; Valencia, R; Kaess, M","Kosecka, J",,,,"Kaess, Michael/0000-0002-7590-3357","Maciejewski, AA; Okamura, A; Bicchi, A; Stachniss, C; Song, DZ; Lee, DH; Chaumette, F; Ding, H; Li, JS; Wen, J; Roberts, J; Masamune, K; Chong, NY; Amato, N; Tsagwarakis, N; Rocco, P; Asfour, T; Chung, WK; Yasuyoshi, Y; Sun, Y; Maciekeski, T; Althoefer, K; AndradeCetto, J; Chung, WK; Demircan, E; Dias, J; Fraisse, P; Gross, R; Harada, H; Hasegawa, Y; Hayashibe, M; Kiguchi, K; Kim, K; Kroeger, T; Li, Y; Ma, S; Mochiyama, H; Monje, CA; Rekleitis, I; Roberts, R; Stulp, F; Tsai, CHD; Zollo, L",,,,Information Sparsification in Visual-Inertial Odometry,,,,,,,,2018 IEEE/RSJ INTERNATIONAL CONFERENCE ON INTELLIGENT ROBOTS AND SYSTEMS (IROS),,IEEE International Conference on Intelligent Robots and Systems,,,,,,1146,1153,,,,,,,,,,,Proceedings Paper,,2018,"In this paper, we present a novel approach to tightly couple visual and inertial measurements in a fixed-lag visual-inertial odometry (VIO) framework using information sparsification. To bound computational complexity, fixed-lag smoothers typically marginalize out variables, but consequently introduce a densely connected linear prior which significantly deteriorates accuracy and efficiency. Current state-of-the-art approaches account for the issue by selectively discarding measurements and marginalizing additional variables. However, such strategies are sub-optimal from an information-theoretic perspective. Instead, our approach performs a dense marginalization step and preserves the information content of the dense prior. Our method sparsifies the dense prior with a nonlinear factor graph by minimizing the information loss. The resulting factor graph maintains information sparsity, structural similarity, and nonlinearity. To validate our approach, we conduct real-time drone tests and perform comparisons to current state-of-the-art fixed-lag VIO methods in the EuRoC visual-inertial dataset. The experimental results show that the proposed method achieves competitive and superior accuracy in almost all trials. We include a detailed run-time analysis to demonstrate that the proposed algorithm is suitable for real-time applications.",,,,,25th IEEE/RSJ International Conference on Intelligent Robots and Systems (IROS),"OCT 01-05, 2018","IEEE Robot & Automat Soc,IEEE Ind Elect Soc,Robot Soc Japan,Soc Instrument & Control Engineers,New Technol Fdn,IEEE,Adept MobileRobots,Willow Garage,Aldebaran Robot,Natl Instruments,Reflexxes GmbH,Schunk Intec S L U,Univ Carlos III Madrid,BOSCH,JD COM,Pal Robot,KUKA,Santander,Squirrel AI Learning,Baidu,Generat Robots,KINOVA Robot,Ouster,Univ Pablo Olavide Sevilla,Rapyuta Robot,SICK,TOYOTA,UP,Amazon,ARGO,Built Robot,Disney Res,Easy Mile,Hitachi,Robot,Khalifa Univ,Magazino,MathWorks,New Dexterity,Schunk,nuTonomy,PILZ,Prophesee,Rootnik,Saga Robot,Shadow,Soft Bank Robot,Anyverse,GalTech,Generat Robot,IEEE CAA Journal Automatica Sinica,Sci Robot, AAAS,TERAS","Madrid, SPAIN",35,,,,,,43,0,9,2153-0858,,978-1-5386-8094-0,,,,English,,,,,,,,,,,,
J,"Antonini, A; Guerra, W; Murali, V; Sayre-McCord, T; Karaman, S",,,,"; Murali, Varun/OEN-0898-2025","Antonini, Amado/0000-0001-9090-1600; Murali, Varun/0000-0001-8522-3569",,,,,The Blackbird UAV dataset,,,,,,,,INTERNATIONAL JOURNAL OF ROBOTICS RESEARCH,,,,39,10-11,SI,,1346,1364,278364920908331,,,10.1177/0278364920908331,,,,,MAR 2020,,Article,SEP,2020,"This article describes the Blackbird unmanned aerial vehicle (UAV) Dataset, a large-scale suite of sensor data and corresponding ground truth from a custom-built quadrotor platform equipped with an inertial measurement unit (IMU), rotor tachometers, and virtual color, grayscale, and depth cameras. Motivated by the increasing demand for agile, autonomous operation of aerial vehicles, this dataset is designed to facilitate the development and evaluation of high-performance UAV perception algorithms. The dataset contains over 10 hours of data from our quadrotor tracing 18 different trajectories at varying maximum speeds (0.5 to 13.8 ms(-1)) through 5 different visual environments for a total of 176 unique flights. For each flight, we provide 120 Hz grayscale, 60 Hz RGB-D, and 60 Hz semantically segmented images from forward stereo and downward-facing photorealistic virtual cameras in addition to 100 Hz IMU, 190 Hz motor speed sensors, and 360 Hz millimeter-accurate motion capture ground truth. The Blackbird UAV dataset is therefore well suited to the development of algorithms for visual inertial navigation, 3D reconstruction, and depth estimation. As a benchmark for future algorithms, the performance of two state-of-the-art visual odometry algorithms are reported and scripts for comparing against the benchmarks are included with the dataset. The dataset is available for download at http://blackbirddataset.mit.edu/..",,,,,,,,,33,,,,,,45,1,62,0278-3649,1741-3176,,,,,English,,,,,,,,Dataset; quadrotor; visual; inertial; ground truth; localization; RGBD; benchmark; semantic segmentation,,,,
J,"Zhuang, LC; Zhong, XR; Xu, LJ; Tian, CB; Yu, WS",,,,"; Yu, Wenshuai/HHS-6100-2022","Zhong, Xiaorong/0000-0003-4644-6641; 田, 春宝/0009-0003-5452-1450; , Licong Zhuang/0009-0001-9517-4956; Yu, Wenshuai/0000-0002-2730-0818;",,,,,Visual SLAM for Unmanned Aerial Vehicles: Localization and Perception,,,,,,,,SENSORS,,,,24,10,,,,,2980,,,10.3390/s24102980,,,,,,,Review,MAY,2024,"Localization and perception play an important role as the basis of autonomous Unmanned Aerial Vehicle (UAV) applications, providing the internal state of movements and the external understanding of environments. Simultaneous Localization And Mapping (SLAM), one of the critical techniques for localization and perception, is facing technical upgrading, due to the development of embedded hardware, multi-sensor technology, and artificial intelligence. This survey aims at the development of visual SLAM and the basis of UAV applications. The solutions to critical problems for visual SLAM are shown by reviewing state-of-the-art and newly presented algorithms, providing the research progression and direction in three essential aspects: real-time performance, texture-less environments, and dynamic environments. Visual-inertial fusion and learning-based enhancement are discussed for UAV localization and perception to illustrate their role in UAV applications. Subsequently, the trend of UAV localization and perception is shown. The algorithm components, camera configuration, and data processing methods are also introduced to give comprehensive preliminaries. In this paper, we provide coverage of visual SLAM and its related technologies over the past decade, with a specific focus on their applications in autonomous UAV applications. We summarize the current research, reveal potential problems, and outline future trends from academic and engineering perspectives.",,,,,,,,,32,,,,,,37,15,231,,1424-8220,,,,,English,,,,,,,,localization; perception; visual SLAM; UAV; odometry; feature extraction; visal-inertial SLAM; NeRF,,,,
J,"Tacconi, R; Marini, MR; Saraceno, M; Foresti, GL; Cinque, L; Mecca, A",,,,"Marini, Marco Raoul/AAR-5812-2021; MECCA, Alessio/GPW-6569-2022","Tacconi, Roberto/0009-0007-8927-5148; MECCA, Alessio/0000-0002-1370-8759",,,,,"A Comprehensive Taxonomy of UAVs: A Comparative Feature Matrix for Hardware, Capabilities, and Payloads",,,,,,,,IEEE ACCESS,,,,14,,,,3821,3851,,,,10.1109/ACCESS.2025.3642069,,,,,,,Article,,2026,"This survey consolidates the state of the art in vision-based unmanned aerial vehicle (UAV) systems and introduces a unifying taxonomy and feature matrix that relate platform form-factors, onboard capabilities, and payload characteristics to application domains. We systematically review and classify recent literature across agriculture, transportation and logistics, infrastructure inspection, search and rescue, environmental monitoring, emergency response, surveying/mapping, and surveillance, and analyze operational trade-offs of prominent platform classes-multi-rotor, fixed-wing, and hybrid UAVs-with respect to endurance, payload capacity, maneuverability, sensing modalities (i.e., red-green-blue (RGB) cameras and thermal sensors), and onboard computation. Algorithmic trends are synthesized, highlighting advances in lightweight deep learning (DL) techniques (notably convolutional neural network (CNN)-based perception), robust state estimation via visual-inertial odometry (VIO) and simultaneous localization and mapping (SLAM), and multisensor fusion. Recurring challenges are identified, including limited flight endurance, resilient operation in Global Positioning System (GPS)-denied or cluttered environments, scarcity of domain-specific datasets for vision tasks, and the absence of standardized benchmarks and safety frameworks. Finally, we outline research directions to promote resilient, explainable, and energy-aware UAVs and to accelerate the transition from experimental prototypes to operational deployments.",,,,,,,,,3,,,,,,3,5,7,2169-3536,,,,,,English,,,,,,,,Sensors; Payloads; Autonomous aerial vehicles; Surveys; Artificial intelligence; Taxonomy; Cameras; Inspection; Thermal sensors; Surveillance; UAVs; aerial robotics; computer vision; vision-based perception; SLAM; multisensor fusion; edge artificial intelligence (AI); environmental monitoring; infrastructure inspection; precision agriculture,,,,
J,"Luo, XL; Lv, JH; Sun, G",,,,"Luo, Xin-long/AAE-5564-2019; lv, jiahui/KUF-3026-2024","Luo, Xin-long/0000-0002-4924-6007;",,,,,Continuation methods with the trusty time-stepping scheme for linearly constrained optimization with noisy data,,,,,,,,OPTIMIZATION AND ENGINEERING,,,,23,1,,,329,360,,,,10.1007/s11081-020-09590-z,,,,,FEB 2021,,Article,MAR,2022,"The nonlinear optimization problem with linear constraints has many applications in engineering fields such as the visual-inertial navigation and localization of an unmanned aerial vehicle maintaining the horizontal flight. In order to solve this practical problem efficiently, this paper constructs a continuation method with the trusty time-stepping scheme for the linearly equality-constrained optimization problem at every sampling time. At every iteration, the new method only solves a system of linear equations other than the traditional optimization method such as the sequential quadratic programming (SQP) method, which needs to solve a quadratic programming subproblem. Consequently, the new method can save much more computational time than SQP. Numerical results show that the new method works well for this problem and its consumed time is about one fifth of that of SQP (the built-in subroutine fmincon.m of the MATLAB2018a environment) or that of the traditional dynamical method (the built-in subroutine ode15s.m of the MATLAB2018a environment). Furthermore, we also give the global convergence analysis of the new method.",,,,,,,,,8,,,,,,8,0,11,1389-4420,1573-2924,,,,,English,,,,,,,,Continuation method; Trust-region technique; Visual-inertial localization; Unmanned aerial vehicle; Noisy data; Differential-algebraic dynamical system,,,,
C,"Li, CY; He, MF; Lyu, X; Meng, ZY",,,IEEE,"; He, Mengfan/OSI-1297-2025; Lyu, Xu/AFH-2587-2022","LI, CHUNYU/0000-0002-1166-1555;",,,,,In-Flight Initialization of Global Visual-Inertial Estimators using Geospatial Data,,,,,,,,2024 IEEE/RSJ INTERNATIONAL CONFERENCE ON INTELLIGENT ROBOTS AND SYSTEMS (IROS 2024),,IEEE International Conference on Intelligent Robots and Systems,,,,,,13450,13457,,,,10.1109/IROS58592.2024.10802622,,,,,,,Proceedings Paper,,2024,"In this work, we propose a solution that leverages geospatial data to initialize the monocular visual-inertial navigation system. For Visual-Inertial Navigation Systems (VINS) operating on UAVs, the ability to perform initialization and relocalization in mid-air is essential. However, degenerate motion can cause VINS to lose scale, making traditional initialization algorithms less reliable. To address this issue, we fuse geographic information in the initialization process, and utilize a learning-based feature matching algorithm to associate the information with inertial states. The proposed approach demonstrates adaptability to the degenerate motions of UAVs and significantly surpasses the estimation accuracy of conventional VINS initialization algorithms. Compared to methods that assist initialization by using a laser-range-finder (LRF), the proposed method solely relies on low-cost satellite imagery and elevation information. We evaluate the proposed approach on a large-scale UAV dataset, and compare with existing methods. The results demonstrate the superior effectiveness of the proposed method.",,,,,2024 International Conference on Intelligent Robots and Systems,"OCT 14-18, 2024",Institute of Electrical and Electronics Engineers Inc,"Abu Dhabi, U ARAB EMIRATES",1,,,,,,1,0,1,2153-0858,,979-8-3503-7771-2; 979-8-3503-7770-5,,,,English,,,,,,,,,,,,
J,"Kühne, J; Vogt, C; Magno, M; Benini, L",,,,"Vogt, Christian/PXY-2916-2026; Magno, Michele/AEQ-0927-2022",,,,,,LEVIO: Lightweight Embedded Visual Inertial Odometry for Resource-Constrained Devices,,,,,,,,IEEE SENSORS JOURNAL,,,,26,3,,,5026,5036,,,,10.1109/JSEN.2025.3644788,,,,,,,Article,FEB 1,2026,"Accurate, infrastructure-less sensor systems for motion tracking are essential for mobile robotics and augmented reality (AR) applications. The most popular stateof- the-art visual-inertial odometry (VIO) systems, however, are too computationally demanding for resource-constrained hardware, such as micro-drones and smart glasses. This work presents LEVIO, a fully featured VIO pipeline optimized for ultralow-power compute platforms, allowing six-degreesof- freedom (DoFs) real-time sensing. LEVIO incorporates established VIO components such as oriented FAST and rotated BRIEF (ORB) feature tracking and bundle adjustment (BA), while emphasizing a computationally efficient architecture with parallelization and low memory usage to suit embedded microcontrollers and low-power system on chip (SoCs). This article proposes and details the algorithmic design choices and the hardware-software co-optimization approach, and presents real-time performance on resource-constrained hardware. LEVIO is validated on a parallelprocessing ultralow-power RISC-V SoC, achieving 20 FPS while consuming less than 100mW, and benchmarked against public VIO datasets, offering a compelling balance between efficiency and accuracy. To facilitate reproducibility and adoption, the complete implementation is released as open-source.",,,,,,,,,2,,,,,,2,2,4,1530-437X,1558-1748,,,,,English,,,,,,,,Pipelines; Accuracy; Visualization; Cameras; Real-time systems; Optimization; Tracking; Feature extraction; Odometry; Hardware; Constrained devices; cyber-physical systems; embedded devices; energy-efficient devices,,,,
C,"Zhou, Y; Qin, G; Lin, F",,,IEEE,,,,,,,Development of Nano UAV Platform for Navigation in GPS-Denied Environment Using Snapdragon,,,,,,,,IECON 2018 - 44TH ANNUAL CONFERENCE OF THE IEEE INDUSTRIAL ELECTRONICS SOCIETY,,IEEE Industrial Electronics Society,,,,,,5642,5647,,,,,,,,,,,Proceedings Paper,,2018,"In order to develop a nano UAV in a GPS-denied environment, a visual-inertial system (VINS) consisting of a monocular camera and a low-cost inertial measurement unit (IMU) should be integrated, as they make a minimum, ultra lightweight sensor suite that enables both autonomous flight and sufficient environment awareness. Although there are numerous potential applications, getting to understand the structure of the flight platform can be cumbersome and confusing. Packages and resources provided on the Qualcomm developer network (QCN) and their official GitHub group ATLFlight contain un-unified and disorderly chunks of information. In this paper, we present an organized documentation that presents in detail, the platform structure as a whole, from hardware to software architecture, including installation and API related applications.",,,,,44th Annual Conference of the IEEE Industrial-Electronics-Society (IECON),"OCT 20-23, 2018","IEEE Ind Elect Soc,Inst Elect & Elect Engineers","Washington, DC",2,,,,,,2,0,8,1553-572X,,978-1-5090-6684-1,,,,English,,,,,,,,Snapdragon Flight; visual inertial odometry; UAV; tutorial,,,,
J,"Asil, U; Nasibov, E",,,,"ASIL, Ufuk/KGL-1638-2024; Nasibov, Efendi/ISV-0173-2023","Nasibov, Efendi/0000-0002-1889-6410",,,,,Adaptive Covariance and Quaternion-Focused Hybrid Error-State EKF/UKF for Visual-Inertial Odometry,,,,,,,,INTERNATIONAL JOURNAL OF COMPUTATIONAL INTELLIGENCE SYSTEMS,,,,18,1,,,,,206,,,10.1007/s44196-025-00942-0,,,,,,,Article,AUG 7,2025,"This study presents an innovative hybrid Visual-Inertial Odometry (VIO) method for Unmanned Aerial Vehicles (UAVs) that is resilient to environmental challenges and capable of dynamically assessing sensor reliability. Built upon a loosely coupled sensor fusion architecture, the system utilizes a novel hybrid Quaternion-focused Error-State EKF/UKF (Qf-ES-EKF/UKF) architecture to process inertial measurement unit (IMU) data. This architecture first propagates the entire state using an Error-State Extended Kalman Filter (ESKF) and then applies a targeted Scaled Unscented Kalman Filter (SUKF) step to refine only the orientation. This sequential process blends the accuracy of SUKF in quaternion estimation with the overall computational efficiency of ESKF. The reliability of visual measurements is assessed via a dynamic sensor confidence score based on metrics, such as image entropy, intensity variation, motion blur, and inference quality, adapting the measurement noise covariance to ensure stable pose estimation even under challenging conditions. Comprehensive experimental analyses on the EuRoC MAV dataset demonstrate key advantages: an average improvement of 49% in position accuracy in challenging scenarios, an average of 57% in rotation accuracy over ESKF-based methods, and SUKF-comparable accuracy achieved with approximately 48% lower computational cost than a full SUKF implementation. These findings demonstrate that the presented approach strikes an effective balance between computational efficiency and estimation accuracy, and significantly enhances UAV pose estimation performance in complex environments with varying sensor reliability.",,,,,,,,,2,,,,,,3,4,16,1875-6891,1875-6883,,,,,English,,,,,,,,VIO; Hybrid filtering; Adaptive fltering; SUKF; ESKF; Loosely coupled,,,,
C,"Minervini, A; Primatesta, S; Guglieri, G",,,IEEE,"; Primatesta, Stefano/AAT-6724-2021","Guglieri, Giorgio/0000-0001-6455-5062;",,,,,Enhanced Altitude Estimation for Unmanned Aerial Vehicles in a GNSS-denied Environment,,,,,,,,"2024 INTERNATIONAL CONFERENCE ON UNMANNED AIRCRAFT SYSTEMS, ICUAS",,International Conference on Unmanned Aircraft Systems,,,,,,1177,1183,,,,10.1109/ICUAS60882.2024.10556904,,,,,,,Proceedings Paper,,2024,"GNSS-denied environments represent challenging environments for autonomous drones. Ensuring an accurate altitude estimate plays a crucial role in guaranteeing mission efficiency in such scenarios. The literature on autonomous drone localization in GNSS-denied environments relies on visual inertial odometry-based algorithms. However, the reliability of this technology cannot be guaranteed in poor features environments (homogeneous floor, white walls) or in high and low brightness conditions. Even applications adopting loop closure algorithms in combination with visual inertial odometry localization suffer from considerable position estimation drift in challenging environments. This paper aims to propose a methodology to address the altitude estimation problem for drones operating in GNSS-denied environments by combining a V-SLAM algorithm with altitude measurements from a range finder. To account for ground inconsistencies due to varying terrain or obstacles, we have developed an Adaptive Kalman Filter. The Mahalanobis distance evaluation accomplishes the task of detecting these inconsistencies, enabling the filter to adapt and update states properly even in the presence of inconsistent range finder measurements. Experimental results demonstrate the effectiveness of the proposed solution in mitigating the drift accumulated by a purely V-SLAM algorithm.",,,,,International Conference on Unmanned Aircraft Systems (ICUAS),"JUN 04-07, 2024",IEEE,"Chania-Crete, GREECE",3,,,,,,3,0,5,2373-6720,,979-8-3503-5789-9; 979-8-3503-5788-2,,,,English,,,,,,,,,,,,
J,"Buchanan, R; Agrawal, V; Camurri, M; Dellaert, F; Fallon, M",,,,"Camurri, Marco/MZR-2212-2025","Buchanan, Russell/0000-0001-9172-5856",,,,,Deep IMU Bias Inference for Robust Visual-Inertial Odometry With Factor Graphs,,,,,,,,IEEE ROBOTICS AND AUTOMATION LETTERS,,,,8,1,,,41,48,,,,10.1109/LRA.2022.3222956,,,,,,,Article,JAN,2023,"Visual Inertial Odometry (VIO) is one of the most established state estimation methods for mobile platforms. However, when visual tracking fails, VIO algorithms quickly diverge due to rapid error accumulation during inertial data integration. This error is typically modeled as a combination of additive Gaussian noise and a slowly changing bias which evolves as a random walk. In this work, we propose to train a neural network to learn the true bias evolution. We implement and compare two common sequential deep learning architectures: LSTMs and Transformers. Our approach follows from recent learning-based inertial estimators, but, instead of learning a motion model, we target IMU bias explicitly, which allows us to generalize to locomotion patterns unseen in training. We show that our proposed method improves state estimation in visually challenging situations across a wide range of motions by quadrupedal robots, walking humans, and drones. Our experiments show an average 15% reduction in drift rate, with much larger reductions when there is total vision failure. Importantly, we also demonstrate that models trained with one locomotion pattern (human walking) can be applied to another (quadruped robot trotting) without retraining.",,,,,,,,,46,,,,,,54,5,92,2377-3766,,,,,,English,,,,,,,,Visual-inertial SLAM; sensor fusion; deep learning methods,,,,
J,"Cotta, JLS; Gutierrez, H; Bertaska, IR; Inness, JP; Rakoczy, J",,,,"; Gutierrez, Hector/AAL-4710-2021; Silva Cotta, Joao Leonardo/QUV-3548-2026","Silva Cotta, Joao Leonardo/0000-0003-4032-3798; Gutierrez, Hector/0000-0003-2181-1964;",,,,,High-Altitude Precision Landing by Smartphone Video Guidance Sensor and Sensor Fusion,,,,,,,,DRONES,,,,8,2,,,,,37,,,10.3390/drones8020037,,,,,,,Article,FEB,2024,"This paper describes the deployment, integration, and demonstration of the Smartphone Video Guidance Sensor (SVGS) as novel technology for autonomous 6-DOF proximity maneuvers and high-altitude precision landing of UAVs via sensor fusion. The proposed approach uses a vision-based photogrammetric position and attitude sensor (SVGS) to support the precise automated landing of a UAV from an initial altitude above 100 m to ground, guided by an array of landing beacons. SVGS information is fused with other on-board sensors at the flight control unit to estimate the UAV's position and attitude during landing relative to a ground coordinate system defined by the landing beacons. While the SVGS can provide mm-level absolute positioning accuracy depending on range and beacon dimensions, the proper operation of the SVGS requires a line of sight between the camera and the beacon, and readings can be disturbed by environmental lighting conditions and reflections. SVGS readings can therefore be intermittent, and their update rate is not deterministic since the SVGS runs on an Android device. The sensor fusion of the SVGS with on-board sensors enables an accurate and reliable update of the position and attitude estimates during landing, providing improved performance compared to state-of-art automated landing technology based on an infrared beacon, but its implementation must address the challenges mentioned above. The proposed technique also shows significant advantages compared with state-of-the-art sensors for High-Altitude Landing, such as those based on LIDAR.",,,,,,,,,8,,,,,,8,1,8,,2504-446X,,,,,English,,,,,,,,unmanned aerial vehicle; autonomous landing; Smartphone Video Guidance Sensor; visual inertial odometry; sensor fusion; infrared beacon; LIDAR,,,,
J,"Zhang, D; Xu, F; Pun, CM; Yang, Y; Lan, RS; Wang, LJ; Li, YJ; Gao, H",,,,"; Pun, Chi Man/GRJ-3703-2022; Luo, yujie/KGK-3881-2024","Lan, Rushi/0000-0002-9488-8236;",,,,,Virtual Reality Aided High-Quality 3D Reconstruction by Remote Drones,,,,,,,,ACM TRANSACTIONS ON INTERNET TECHNOLOGY,,,,22,1,,,,,18,,,10.1145/3458930,,,,,,,Article,FEB,2022,"Artificial intelligence including deep learning and 3D reconstruction methods is changing the daily life of people. Now, an unmanned aerial vehicle that can move freely in the air and avoid harsh ground conditions has been commonly adopted as a suitable tool for 3D reconstruction. The traditional 3D reconstruction mission based on drones usually consists of two steps: image collection and offline post-processing. But there are two problems: one is the uncertainty of whether all parts of the target object are covered, and another is the tedious post-processing time. Inspired by modern deep learning methods, we build a telexistence drone system with an onboard deep learning computation module and a wireless data transmission module that perform incremental real-time dense reconstruction of urban cities by itself. Two technical contributions are proposed to solve the preceding issues. First, based on the popular depth fusion surface reconstruction framework, we combine it with a visual-inertial odometry estimator that integrates the inertial measurement unit and allows for robust camera tracking as well as high-accuracy online 3D scan. Second, the capability of real-time 3D reconstruction enables a new rendering technique that can visualize the reconstructed geometry of the target as navigation guidance in the HMD. Therefore, it turns the traditional path-planning-based modeling process into an interactive one, leading to a higher level of scan completeness. The experiments in the simulation system and our real prototype demonstrate an improved quality of the 3D model using our artificial intelligence leveraged drone system.",,,,,,,,,8,,,,,,11,2,60,1533-5399,1557-6051,,,,,English,,,,,,,,3D reconstruction; virtual reality; unmanned aerial vehicle; telexistence; human-robot-interaction,,,,
J,"Dai, B; He, YQ; Yang, LY; Su, Y; Yue, YF; Xu, WL",,,,"; Yue, Yufeng/AAE-1720-2019","He, Yuqing/0000-0001-5067-1169; su, yun/0000-0003-0217-4373",,,,,SIMSF: A Scale Insensitive Multi-Sensor Fusion Framework for Unmanned Aerial Vehicles Based on Graph Optimization,,,,,,,,IEEE ACCESS,,,,8,,,,118273,118284,,,,10.1109/ACCESS.2020.3000555,,,,,,,Article,,2020,"Given the payload limitation of unmanned aerial vehicles (UAVs), lightweight sensors such as camera, inertial measurement unit (IMU), and GPS, are ideal onboard measurement devices. By fusing multiple sensors, accurate state estimations can be achieved. Robustness against sensor faults is also possible because of redundancy. However, scale estimation of visual systems (visual odometry or visual inertial odometry, VO/VIO) suffers from sensor noise and special-case movements such as uniform linear motion. Thus, in this paper, a scale insensitive multi-sensor fusion (SIMSF) framework based on graph optimization is proposed. This framework combines the local estimation of the VO/VIO and global sensors to infer the accurate global state estimation of UAVs in real time. A similarity transformation between the local frame of the VO/VIO and the global frame is estimated by optimizing the poses of the most recent UAV states. In particular, for VO, an initial scale is estimated by aligning the VO with the IMU and GPS measurements. Moreover, a fault detection method for VO/VIO is also proposed to enhance the robustness of the fusion framework. The proposed methods are tested on a UAV platform and evaluated in several challenging environments. A comparison between our results and the results from other state-of-the-art algorithms demonstrate the superior accuracy, robustness, and real-time performance of our system. Our work is also a general fusion framework, which can be extended to other platforms as well.",,,,,,,,,11,,,,,,11,0,32,2169-3536,,,,,,English,,,,,,,,Global Positioning System; Optimization; State estimation; Cameras; Robustness; Sensor fusion; Multi-sensor fusion; graph optimization; fusion framework; scale insensitive; unmanned aerial vehicle; state estimation,,,,
J,"Li, JF",,,,,,,,,,A control-theoretic framework for autonomous UAV navigation in GNSSdenied environments via adaptive multi-sensor fusion,,,,,,,,ADVANCES IN DIFFERENTIAL EQUATIONS AND CONTROL PROCESSES,,,,33,3,,,,,4733,,,10.59400/adecp4733,,,,,,,Article,,2026,"This paper develops a control-theoretic framework for autonomous unmanned aerial vehicle (UAV) navigation in environments where Global Navigation Satellite System (GNSS) signals are degraded or denied. The navigation problem is posed as a stochastic dynamical system: vehicle kinematics and inertial error states are modelled by a nonlinear It & ocirc; stochastic differential equation, and heterogeneous sensor observations enter through a family of nonlinear output maps. State estimation is formulated as a matrix Riccati differential equation in which measurement confidence is modulated by a bounded, continuously differentiable weighting law governed by its own first-order differential equation. We prove that, under uniform observability and boundedness of the weighting law, the estimation error is exponentially bounded in mean square, and we obtain an explicit convergence rate that degrades continuously rather than discontinuously as individual sensors lose reliability-a formal statement of graceful degradation. Learning-based feature extraction is incorporated as a bounded exogenous perturbation, and the estimator is shown to be input-to-state stable with respect to it. Trajectory generation is cast as a constrained optimal control problem solved in receding-horizon form, and the estimator-controller interconnection is shown to be stable by a small-gain argument. A schedulability analysis bounds the sensing-to-actuation latency, making the real-time claim a proved property of the task set. Experiments across five scenarios yield 0.38 m Root Mean Square Error (RMSE) indoors and 0.72 m in urban canyons, improving on visual-inertial odometry by 41.5% and conventional extended Kalman filtering by 66.1% in indoor flight.",,,,,,,,,0,,,,,,0,0,0,0974-3243,3048-734X,,,,,English,,,,,,,,adaptive control; stochastic differential equations; multi-sensor fusion; optimal control; stability analysis; UAV systems,,,,
C,"Sun, SZ; Chen, C; Wang, ZY; Zhou, J; Li, LC; Yang, BS; Cong, YZ; Wang, HY",,,,"Yang, Bisheng/A-4642-2013; SUN, SHANGZHE/HOF-1768-2023; Zhou, Jian/IAL-9072-2023","SUN, SHANGZHE/0009-0005-0096-8454;","El-Sheimy, N; Abdelbary, AA; El-Bendary, N; Mohasseb, Y",,,,Real-Time UAV 3D Image Point Clouds Mapping,,,,,,,,"GEOSPATIAL WEEK 2023, VOL. 10-1",,"ISPRS Annals of the Photogrammetry, Remote Sensing and Spatial Information Sciences",,,,,,1097,1104,,,,10.5194/isprs-annals-X-1-W1-2023-1097-2023,,,,,,,Proceedings Paper,,2023,"This paper proposes a real-time 3D image point clouds mapping algorithm for UAVs that is capable of mapping effectively in weak GNSS environments. And a UAV mapping system is integrated with a RGB camera, an inertial measurement unit (IMU), a GNSS receiver, data transmission devices, and a DJI M300 flight platform. To achieve real-time and robust mapping, the system utilizes a visual-inertial odometry (VIO) that tightly couples GNSS, RGB image, and IMU, which provides stable state estimation information for mapping. Subsequently, a dense matching algorithm based on key frames is adopted to recover 3D mapping information with low-computational cost. Extensive experiments are conducted on our test site, demonstrating the system's ability to build maps stably, even under the effect of wind. The results compared with the trajectory reconstructed by Pix4D show that the system achieves competitive accuracy of pose estimation and is capable of real-time mapping.",,,,,5th International-Society-for-Photogrammetry-and-Remote-Sensing (ISPRS) Geospatial Week (GSW),"SEP 02-07, 2023",Int Soc Photogrammetry & Remote Sensing,"Cairo, EGYPT",7,,,,,,8,1,8,2194-9042,2194-9050,,,,,English,,,,,,,,Real-time; SLAM; VIO; UAV; Mapping,,,,
C,"Dai, HT; Jing, GF; Yang, DK; Li, YG; Ren, ZB; Yan, DY",,,IEEE,,,,,,,Distributed Cooperative Localization for Multi-UAV System in GNSS Constrained Environment,,,,,,,,"2025 INTERNATIONAL UBIQUITOUS POSITIONING, INDOOR NAVIGATION AND LOCATION-BASED SERVICES CONFERENCE, UPINLBS",,International Conference on Ubiquitous Positioning Indoor Navigation and Location Based Services,,,,,,19,24,,,,10.1109/UPINLB568186.2025.11468423,,,,,,,Proceedings Paper,,2025,"In GNSS-constrained environments, singleUAV localization based on visual-inertial odometry (VIO) or inertial navigation systems (INS) degrades rapidly due to error accumulation. We propose a distributed cooperative localization method for multi-UAV systems. Under a Fisher Information Matrix (FIM)-Extended Kalman Filter (EKF) fusion framework, pairwise constraints among UAVs are formed via networked relative measurements, and a sequential measurement scheduling and covariance update strategy is used to suppress error diffusion. We cast measurement scheduling as a partially observable multi-agent reinforcement learning problem and develop a Multi-Agent Double-Dueling DQN (MAD3QN) policy under centralized training and decentralized execution. Simulation results show that, compared with the MADQNbased strategy, MAD3QN reduces localization uncertainty by 32.24% on average. The approach provides an efficient, scalable solution for distributed cooperative localization in GNSS-constrained environments.",,,,,2025 Conference on Ubiquitous Positioning Indoor Navigation and Location Based Services-UPINLBS-Annual,"DEC 17-19, 2025",Institute of Electrical and Electronics Engineers Inc,"Shenzhen, PEOPLES R CHINA",0,,,,,,0,0,0,2372-1685,,979-8-3315-7139-9; 979-8-3315-7138-2,,,,English,,,,,,,,Cooperative localization; Multi-UAV system; Reinforcement learning; Kalman filter; GNSS constrained environment,,,,
C,"Zheng, X; Wen, WS; Hsu, LT",,,IEEE,"Hsu, Li-Ta/I-9078-2014",,,,,,Tightly-coupled Line Feature-aided Visual Inertial Localization within Lightweight 3D Prior Map for Intelligent Vehicles,,,,,,,,"2023 IEEE 26TH INTERNATIONAL CONFERENCE ON INTELLIGENT TRANSPORTATION SYSTEMS, ITSC",,IEEE International Conference on Intelligent Transportation Systems-ITSC,,,,,,6019,6026,,,,10.1109/ITSC57777.2023.10422196,,,,,,,Proceedings Paper,,2023,"Visual-inertial navigation system (VINS) is widely used for autonomous platforms but suffers from drifting over a long time. To remedy this situation, a lightweight 3D prior map-aided visual-inertial navigation system is presented in this paper, which tightly couples the visual-inertial data stream with a lightweight prior map involving 3D line information. To fill the gaps between 3D maps and 2D images, the mutual geometric feature of line segments is utilized to connect these two types of information in different dimensions. By detecting and matching line features in two data sources, the line pairs are utilized as constraints in the nonlinear optimization model and added to the existing factor graph framework in a tightly coupled form. Meanwhile, a fast line feature tracking strategy is employed to monitor and remove extreme outliers, which will further improve the reliability of this structural characteristic during the cross-modality localization. The effectiveness of the proposed method is evaluated by public indoor unmanned aerial vehicles (UAV) datasets, and outdoor unmanned ground vehicles (UGV) datasets generated by the CARLA simulator.",,,,,IEEE 26th International Conference on Intelligent Transportation Systems (ITSC),"SEP 24-28, 2023",IEEE,"Bilbao, SPAIN",1,,,,,,1,0,3,2153-0009,,979-8-3503-9946-2,,,,English,,,,,,,,,,,,
C,"Suleiman, A; Zhang, ZD; Carlone, L; Karaman, S; Sze, V",,,IEEE,,,,,,,Navion: A Fully Integrated Energy-Efficient Visual-Inertial Odometry Accelerator for Autonomous Navigation of Nano Drones,,,,,,,,2018 IEEE SYMPOSIUM ON VLSI CIRCUITS,,Symposium on VLSI Circuits-Digest of Papers,,,,,,133,134,,,,,,,,,,,Proceedings Paper,,2018,"This paper presents Navion, an energy-efficient accelerator for visual-inertial odometry (VIO) that enables autonomous navigation of miniaturized robots (e.g., nano drones), and virtual/augmented reality on portable devices. The chip uses inertial measurements and mono/stereo images to estimate the drone's trajectory and a 3D map of the environment. This estimate is obtained by running a state-of-the-art algorithm based on non-linear factor graph optimization, which requires large irregularly structured memories and heterogeneous computation flow. To reduce the energy consumption and footprint, the entire VIO system is fully integrated on chip to eliminate costly off-chip processing and storage. This work uses compression and exploits both structured and unstructured sparsity to reduce on-chip memory size by 4.1x. Parallelism is used under tight area constraints to increase throughput by 43%. The chip is fabricated in 65nm CMOS, and can process 752x480 stereo images at up to 171 fps and inertial measurements at up to 52 kHz, while consuming an average of 24mW. The chip is configurable to maximize accuracy, throughput and energy-efficiency across different environments. To the best of our knowledge, this is the first fully integrated VIO system in an ASIC.",,,,,Conference on Optical and Infrared Interferometry and Imaging VII,"DEC 14-22, 2020",SPIE,ELECTR NETWORK,40,,,,,,53,0,1,,,978-1-5386-4214-6,,,,English,,,,,,,,VIO; localization; mapping; nano drones; navigation,,,,
C,"Michalczyk, J; Scheiber, M; Jung, R; Weiss, S",,,IEEE,,"Scheiber, Martin/0000-0002-3415-7378",,,,,Radar-Inertial Odometry for Closed-Loop Control of Resource-Constrained Aerial Platforms,,,,,,,,"2023 IEEE INTERNATIONAL SYMPOSIUM ON SAFETY, SECURITY, AND RESCUE ROBOTICS, SSRR",,IEEE International Symposium on Safety Security and Rescue Robots,,,,,,61,68,,,,10.1109/SSRR59696.2023.10499937,,,,,,,Proceedings Paper,,2023,"In this paper, we present a Radar-Inertial Odometry (RIO) framework capable of running on a portable resource-constrained embedded computer in real-time as a state estimator for closing the feedback control loop on an Unmanned Aerial Vehicle (UAV) platform. The presented framework efficiently implements a RIO approach relying on the multistate tightly-coupled Extended Kalman Filter (EKF) fusing instantaneous velocities of and distances to 3D points delivered by a lightweight, low-cost, off-the-shelf Frequency Modulated Continuous Wave (FMCW) radar with Inertial Measurement Unit (IMU) readings. The usage, accuracy and consistency of the implemented framework are improved compared to state-of-the-art by the online calibration of the sensors' extrinsic parameters. Our method is particularly relevant for (but not limited to) UAVs, enabling them to navigate autonomously in Global Navigation Satellite System (GNSS)-denied environments using very affordable and accessible hardware. In addition, thanks to the properties of the radar sensor, we enable autonomous navigation in challenging conditions for robot perception due to external factors such as fog, darkness or strong illumination which might be encountered in disaster zones. We show in real-world closed-loop flight experiments the effectiveness and efficiency of our estimator. The beneficial impact of the online calibration on estimation accuracy and consistency is also shown. Moreover, we compare the presented approach to a state-of-the-art vision-based algorithm (Visual-Inertial Odometry (VIO)) in visually degraded conditions.",,,,,"IEEE International Symposium on Safety, Security, and Rescue Robotics (SSRR)","NOV 13-15, 2023",IEEE,"Fukushima, JAPAN",8,,,,,,9,2,5,2374-3247,,979-8-3503-8111-5; 979-8-3503-8112-2,,,,English,,,,,,,,,,,,
J,"Liu, D; Wu, JY; Du, Y; Zhang, RQ; Cong, M",,,,,,,,,,SBC-SLAM: Semantic Bioinspired Collaborative SLAM for Large-Scale Environment Perception of Heterogeneous Systems,,,,,,,,IEEE TRANSACTIONS ON INSTRUMENTATION AND MEASUREMENT,,,,73,,,,,,5018110,,,10.1109/TIM.2024.3385825,,,,,,,Article,,2024,"Recently, there have been efforts to enable collaborative simultaneous localization and mapping (SLAM) of heterogeneous unmanned aerial vehicle (UAV)/unmanned ground vehicle (UGV) in large-scale dynamic environments. However, the challenges of collaborative localization introduced by the view differences between aerial and ground robots, high cost of storing, reusing the metric map, greatly limit the application of traditional visual SLAM algorithms in cross-domain robot collaborative SLAM. To address these issues, this article introduces a semantic-based bioinspired SLAM frame work for operating mobile robots equipped with a visual system in unstructured large-scale outdoor environments. This system forms a semidense semantic map through bioinspired tightly coupled visual inertial odometry, which can encode the sensory cues and self-motion cues with biological neural models in a compact and efficient manner. The topological information of semantic feature points serves as visually robust scene descriptor. It enables UAVs and UGVs to recognize the same scene with view variation. The proposed system is tested in both synthetic and real-world large-scale unstructured environments. Proposed system achieving a similar level of accuracy with about 20% of the key frame information required by traditional algorithms. It successfully registered heterogeneous robot's trajectory in both simulation and real environment, with errors under 10%. Its accuracy shows advantage to previous algorithms.",,,,,,,,,7,,,,,,7,4,69,0018-9456,1557-9662,,,,,English,,,,,,,,Brain inspired simultaneous localization and mapping (SLAM); large-scale environment measurement; semantic metric map; view robust scene descriptor; visual SLAM,,,,
J,"Ghanizadegan, K; Hashim, HA",,,,"; Ghanizadegan, Khashayar/MTE-9428-2025","A. Hashim, Hashim/0000-0003-2376-0603; Ghanizadegan, Khashayar/0009-0002-4806-9253",,,,,Quaternion-Based Unscented Kalman Filter for 6-DoF Vision-Based Inertial Navigation in GPS-Denied Regions,,,,,,,,IEEE TRANSACTIONS ON INSTRUMENTATION AND MEASUREMENT,,,,74,,,,,,8500713,,,10.1109/TIM.2024.3509582,,,,,,,Article,,2025,"This article investigates the orientation, position, and linear velocity estimation problem of a rigid-body moving in 3-D space with six degrees-of-freedom (6-DoF). The highly nonlinear navigation kinematics are formulated to ensure global representation of the navigation problem. A computationally efficient quaternion-based navigation unscented Kalman filter (QNUKF) is proposed to imitate the true nonlinear navigation kinematics and utilize onboard visual-inertial navigation (VIN) units to achieve successful Global Positioning System (GPS)-denied navigation. The proposed QNUKF is designed in the discrete form to operate based on the data fusion of photographs garnered by a vision unit (stereo or monocular camera) and information collected by a low-cost inertial measurement unit (IMU). The photographs are processed to extract feature points in 3-D space, while the six-axis IMU supplies angular velocity and accelerometer measurements expressed with respect to the body frame. Robustness and effectiveness of the proposed QNUKF have been confirmed through experiments on a real-world dataset collected by a drone navigating in 3-D and consisting of stereo images and six-axis IMU measurements. Also, the proposed approach is validated against state-of-the-art filtering techniques.",,,,,,,,,18,,,,,,20,7,37,0018-9456,1557-9662,,,,,English,,,,,,,,Inertial measurement unit (IMU); localization; navigation; navigation; sensor fusion; sensor fusion; unmanned aerial vehicle (UAV); unmanned aerial vehicle (UAV); vision unit; vision unit; vision unit,,,,
C,"Atik, KC; Erdogan, E; Yahsi, AY; Kara, F; Yalcin, B; Cetin, G; Ure, NK",,,IEEE,"Erdogan, Enes/KWT-5006-2024; Ure, Nazim/AAD-3967-2021",,,,,,Cooperative Visual Inertial Odometry for Heterogeneous Swarm of Drones Navigating in Noisy Environments,,,,,,,,2022 IEEE 31ST INTERNATIONAL SYMPOSIUM ON INDUSTRIAL ELECTRONICS (ISIE),,,,,,,,727,734,,,,10.1109/ISIE51582.2022.9831647,,,,,,,Proceedings Paper,,2022,"This paper presents a methodology for enhancing the localization performance of drone swarms by collaborative propagation of the estimates of drones equipped with higher cost sensors to the drones with lower-cost sensors. Although recent advances in visual-inertial odometry (VIO) enabled good performance in GPS denied environments, the localization performance is still highly dependent on the accuracy of inertial sensors. Moreover, environmental effects that corrupt visual inputs also contribute to the error rate of VIO estimates thus localization in noisy environments with low-grade sensors is still widely an open problem. We show that this problem can be alleviated when drones are navigating in the form of a swarm, and the relative distance measurements between drones are available through ultra-wideband (UWB) signals. In particular, we develop a collaborative Kalman filtering and optimization framework, where the drones with lower grade sensors receive updates from drones that have access to higher-quality measurements. We validate our approach in a simulation environment with realistic visual representations and show that the proposed methodology can significantly improve the localization performance, especially for the scenarios where the camera measurements are corrupted with high noise. We further present results in simplistic flight tests to demonstrate the applicability of our approach to real hardware.",,,,,IEEE 31st International Symposium on Industrial Electronics (ISIE),"JUN 01-03, 2022",IEEE,"Anchorage, AK",0,,,,,,0,0,9,,,978-1-6654-8240-0,,,,English,,,,,,,,optimization; swarm drone; localization; VIO,,,,
C,"Shao, W; Dou, LF; Zhao, HX; Wang, BN; Xi, HL; Yao, WL",,,IEEE,,,,,,,A Visual/Inertial Relative Navigation Method for UAV Formation,,,,,,,,PROCEEDINGS OF THE 32ND 2020 CHINESE CONTROL AND DECISION CONFERENCE (CCDC 2020),,Chinese Control and Decision Conference,,,,,,1831,1836,,,,10.1109/ccdc49329.2020.9164765,,,,,,,Proceedings Paper,,2020,"Nowadays, the task of determining positions for Unmanned Aerial Vehicles (UAVs) has been mainly handled by combining Inertial Navigation System (INS) with Global Positioning System (GPS). This paper presents a visual/inertial relative navigation method for UAV formation to overcome the disadvantages of GPS such as disturbed easily. Firstly, INS and visual navigation system are respectively studied. Secondly, the state and observation equations of the visual/inertial navigation system are established. And Muti-rate Kalman Filter (MKF) is designed to estimate the position errors. Finally, the performance of this method is analyzed via a simulation.",,,,,32nd Chinese Control And Decision Conference (CCDC),"AUG 22-24, 2020","NE Univ,Chinese Assoc Automat Tech Comm Control & Decis Cyber Phys Syst,Chinese Assoc Automat,Anhui Univ,IEEE Control Syst Soc,NE Univ, State Key Lab Synthet Automat Proc Ind,Chinese Assoc Automat, Tech Comm Control Theory","Hefei, PEOPLES R CHINA",4,,,,,,5,0,12,1948-9439,,978-1-7281-5855-6,,,,English,,,,,,,,UAV Formation; Relative Navigation; Visual Navigation; Inertial Navigation; Muti-rate Kalman Filter,,,,
C,"Song, JL; Sanchez-Cuevas, PJ; Richard, A; Rajan, RT; Olivares-Mendez, M",,,IEEE,"; Sanchez-Cuevas, P./L-4623-2017; Rajan, Raj/G-4387-2013","Song, Junlin/0000-0001-9690-7253; Rajan, Raj/0000-0002-6443-9624",,,,,GPS-VIO Fusion with Online Rotational Calibration,,,,,,,,2024 IEEE INTERNATIONAL CONFERENCE ON ROBOTICS AND AUTOMATION (ICRA 2024),,IEEE International Conference on Robotics and Automation ICRA,,,,,,11906,11912,,,,10.1109/ICRA57147.2024.10611466,,,,,,,Proceedings Paper,,2024,"Accurate global localization is crucial for autonomous navigation and planning. To this end, various GPS-aided Visual-Inertial Odometry (GPS-VIO) fusion algorithms are proposed in the literature. This paper presents a novel GPS-VIO system that is able to significantly benefit from the online calibration of the rotational extrinsic parameter between the GPS reference frame and the VIO reference frame. The behind reason is this parameter is observable. This paper provides novel proof through nonlinear observability analysis. We also evaluate the proposed algorithm extensively on diverse platforms, including flying UAV and driving vehicle. The experimental results support the observability analysis and show increased localization accuracy in comparison to state-ofthe-art (SOTA) tightly-coupled algorithms.",,,,,IEEE International Conference on Robotics and Automation (ICRA),"MAY 13-17, 2024","IEEE,IEEE Robot & Automat Soc","Yokohama, JAPAN",2,,,,,,2,0,2,1050-4729,2577-087X,979-8-3503-8458-1; 979-8-3503-8457-4,,,,English,,,,,,,,Sensor Fusion; State Estimation; Kalman Filter,,,,
C,"Ju, ZM; Yan, C; Xiang, XJ; Lai, J; Zhou, H; Tang, DQ",,,IEEE,,,,,,,Virtual Stereo Vision-Based Localization and 3D Mesh Mapping for Dual UAV Systems,,,,,,,,"2025 IEEE INTERNATIONAL CONFERENCE ON ROBOTICS AND BIOMIMETICS, ROBIO",,IEEE International Conference on Robotics and Biomimetics,,,,,,2340,2345,,,,10.1109/ROBIO66223.2025.11378261,,,,,,,Proceedings Paper,,2025,"Simultaneous Localization and Mapping (SLAM) has been extensively applied to solve the problem of robot localization and mapping without absolute position measurements. Visual sensors are widely used in odometry techniques due to their low cost and richer information content. However, when robots operate far from the scene (e.g., high-altitude UAVs), visual-inertial odometry (VIO) positioning accuracy degrades significantly. This compromises the balance between autonomous precision and rapid scene understanding. To address this issue, we propose a collaborative dual-UAV localization and real-time scene reconstruction framework for high-altitude operations. By utilizing inter-UAV visual overlap observations and wireless ranging constraints, we propose a collaborative decentralized trajectory localization and global map point consistency optimization scheme. Our solution achieves high-altitude precise positioning and maintains dual-UAV observation consistency, enabling real-time construction of large-scale navigable maps. Evaluation results in photorealistic simulated environments demonstrate the superior accuracy of our approach in high-altitude localization and scene reconstruction.",,,,,21st International Conference on Robotics and Biomimetics-ROBIO,"DEC 03-07, 2025",Institute of Electrical and Electronics Engineers Inc,"Chengdu, PEOPLES R CHINA",0,,,,,,0,0,0,2994-3566,,979-8-3315-5748-5; 979-8-3315-5747-8,,,,English,,,,,,,,,,,,
C,"Xu, CA; Shi, YJ; Zhou, C",,,IEEE,,,,,,,Multi-sensor fusion framework based on GPS state detection,,,,,,,,"2023 2ND CONFERENCE ON FULLY ACTUATED SYSTEM THEORY AND APPLICATIONS, CFASTA",,,,,,,,624,629,,,,10.1109/CFASTA57821.2023.10243321,,,,,,,Proceedings Paper,,2023,"In this paper, a GPS Fusion Framework Based on Graph Optimization is proposed. Integrating visual inertial navigation odometer, a robust and high-precision UAV positioning algorithm for indoor and outdoor complex environments is completed. By using the proposed method, UAV platform can accurately obtain its own pose in indoor and outdoor, tunnel and other different environments. Compared with the pure visual positioning algorithm, the proposed multi-sensor fusion algorithm based on GPS state detection improves the positioning accuracy significantly. Finally, the algorithm is verified on the KITTI dataset and the quadrotor UAV platform. It is proven that the proposed algorithm has high precision and strong robustness.",,,,,2nd Conference on Fully Actuated System Theory and Applications (CFASTA),"JUL 14-16, 2023","CAA, Tech Comm Fully Actuated Syst Theory & Applicat,IEEE Ind Elect Soc,IEEE Beijing Sect,CAA, Tech Comm Control Theory,So Univ Sci & Technol,Harbin Inst Technol,China Univ Petr,Qingdao Univ","Shandong Univ Sci & Technol, Coll Elect Engn & Automat, Qingdao, PEOPLES R CHINA",2,,,,,,2,1,12,,,979-8-3503-3216-2,,,,English,,,,,,,,GPS Fusion Framework; odometer; multi-sensor; UAV; visual positioning; KITTI dataset,,,,
J,"Wang, RM; Deng, ZL",,,,,"Wang, Runmin/0009-0002-1483-9547",,,,,Rapid Initialization Method of Unmanned Aerial Vehicle Swarm Based on VIO-UWB in Satellite Denial Environment,,,,,,,,DRONES,,,,8,7,,,,,339,,,10.3390/drones8070339,,,,,,,Article,JUL,2024,"In environments where satellite signals are blocked, initializing UAV swarms quickly is a technical challenge, especially indoors or in areas with weak satellite signals, making it difficult to establish the relative position of the swarm. Two common methods for initialization are using the camera for joint SLAM initialization, which increases communication burden due to image feature point analysis, and obtaining a rough positional relationship using prior information through a device such as a magnetic compass, which lacks accuracy. In recent years, visual-inertial odometry (VIO) technology has significantly progressed, providing new solutions. With improved computing power and enhanced VIO accuracy, it is now possible to establish the relative position relationship through the movement of drones. This paper proposes a two-stage robust initialization method for swarms of more than four UAVs, suitable for larger-scale satellite denial scenarios. Firstly, the paper analyzes the Cram & eacute;r-Rao lower bound (CRLB) problem and the moving configuration problem of the cluster to determine the optimal anchor node for the algorithm. Subsequently, a strategy is used to screen anchor nodes that are close to the lower bound of CRLB, and an optimization problem is constructed to solve the position relationship between anchor nodes through the relative motion and ranging relationship between UAVs. This optimization problem includes quadratic constraints as well as linear constraints and is a quadratically constrained quadratic programming problem (QCQP) with high robustness and high precision. After addressing the anchor node problem, this paper simplifies and improves a fast swarm cooperative positioning algorithm, which is faster than the traditional multidimensional scaling (MDS) algorithm. The results of theoretical simulations and actual UAV tests demonstrate that the proposed algorithm is advanced, superior, and effectively solves the UAV swarm initialization problem under the condition of a satellite signal rejection.",,,,,,,,,6,,,,,,6,1,22,,2504-446X,,,,,English,,,,,,,,cooperative positioning; quadratically constrained quadratic programming; multidimensional scaling (MDS); Cram & eacute;r-Rao lower bound (CRLB); GNSS-denied,,,,
C,"Kannapiran, S; Van Baar, J; Berman, S",,,IEEE,"van Baar, Jeroen/AAR-6934-2020",,,,,,"A Visual Inertial Odometry Framework for 3D Points, Lines and Planes",,,,,,,,2021 IEEE/RSJ INTERNATIONAL CONFERENCE ON INTELLIGENT ROBOTS AND SYSTEMS (IROS),,IEEE International Conference on Intelligent Robots and Systems,,,,,,9206,9211,,,,10.1109/IROS51168.2021.9636526,,,,,,,Proceedings Paper,,2021,"Recovering rigid registration between successive camera poses lies at the heart of 3D reconstruction, SLAM and visual odometry. Registration relies on the ability to compute discriminative 2D features in successive camera images for determining feature correspondences, which is very challenging in feature-poor environments, i.e. low-texture and/or low-light environments. In this paper, we aim to address the challenge of recovering rigid registration between successive camera poses in feature-poor environments in a Visual Inertial Odometry (VIO) setting. In addition to inertial sensing, we instrument a small aerial robot with an RGBD camera and propose a framework that unifies the incorporation of 3D geometric entities: points, lines, and planes. The tracked 3D geometric entities provide constraints in an Extended Kalman Filtering framework. We show that by directly exploiting 3D geometric entities, we can achieve improved registration. We demonstrate our approach on different texture-poor environments, with some containing only flat texture-less surfaces providing essentially no 2D features for tracking. In addition, we evaluate how the addition of different 3D geometric entities contributes to improved pose estimation by comparing an estimated pose trajectory to a ground truth pose trajectory obtained from a motion capture system. We consider computationally efficient methods for detecting 3D points, lines and planes, since our goal is to implement our approach on small mobile robots, such as drones.",,,,,IEEE/RSJ International Conference on Intelligent Robots and Systems (IROS),"SEP 27-OCT 01, 2021","IEEE,RSJ",ELECTR NETWORK,5,,,,,,7,0,21,2153-0858,,978-1-6654-1714-3,,,,English,,,,,,,,,,,,
C,"Mandal, DK; Jandhyala, S; Omer, OJ; Kalsi, GS; George, B; Neela, G; Rethinagiri, SK; Subramoney, S; Hacking, L; Radford, J; Jones, E; Kuttanna, B; Wang, H",,,IEEE,; /AAC-7533-2019,"Omer, Om Ji/0000-0002-9149-5605; Subramoney, Sreenivas/0000-0001-5372-0173;",,,,,Visual Inertial Odometry At the Edge: A Hardware-Software Co-design Approach for Ultra-low Latency and Power,,,,,,,,"2019 DESIGN, AUTOMATION & TEST IN EUROPE CONFERENCE & EXHIBITION (DATE)",,Design Automation and Test in Europe Conference and Exhibition,,,,,,960,963,,,,10.23919/date.2019.8714921,,,,,,,Proceedings Paper,,2019,"Visual Inertial Odometry (VIO) is used for estimating pose and trajectory of a system and is a foundational requirement in many emerging applications like AR/VR, autonomous navigation in cars, drones and robots. In this paper, we analyze key compute bottlenecks in VIO and present a highly optimized VIO accelerator based on a hardware-software co-design approach. We detail a set of novel micro-architectural techniques that optimize compute, data movement, bandwidth and dynamic power to make it possible to deliver high quality of VIO at ultra-low latency and power required for budget constrained edge devices. By offloading the computation of the critical linear algebra algorithms from the CPU, the accelerator enables high sample rate IMU usage in VIO processing while acceleration of image processing pipe increases precision, robustness and reduces IMU induced drift in final pose estimate. The proposed accelerator requires a small silicon footprint (1.3 mm2 in a 28nm process at 600 MHz), utilizes a modest on-chip shared SRAM (560KB) and achieves 10x speedup over a software-only implementation in terms of image sample-based pose update latency while consuming just 2.2 mW power. In a FPGA implementation, using the EuRoC VIO dataset (VGA 30fps images and 100Hz IMU) the accelerator design achieves pose estimation accuracy (loop closure error) comparable to a software based VIO implementation.",,,,,"22nd Design, Automation and Test in Europe Conference and Exhibition (DATE)","MAR 25-29, 2019","European Design & Automat Assoc,Elect Syst Design Alliance,IEEE Council Elect Design Automat,European Elect Chips & Syst Design Initiat,ACM Special Interest Grp Design Automat,Russian Acad Sci,IEEE Comp Soc Test Technol Tech Council,IEEE Solid State Circuits Soc,Int Federat Informat Proc,Cadence Acad Network,Mentor Graph,Synopsys","Florence, ITALY",15,,,,,,19,0,4,1530-1591,,978-3-9819263-2-3,,,,English,,,,,,,,,,,,
J,"Wang, SD; Ahmad, NS",,,,"Ahmad, Nur/F-5246-2019; Wang, Shoude/LWJ-3966-2024","Wang, Shoude/0009-0004-2485-2299",,,,,AI-based approaches for improving autonomous mobile robot localization in indoor environments: A comprehensive review,,,,,,,,ENGINEERING SCIENCE AND TECHNOLOGY-AN INTERNATIONAL JOURNAL-JESTECH,,,,63,,,,,,101977,,,10.1016/j.jestch.2025.101977,,,,,MAR 2025,,Review,MAR,2025,"The adoption of indoor autonomous mobile robot (AMR) has surged significantly, driven by their ability to integrate diverse sensors, maintain low operating costs, facilitate easy deployment, and exhibit superior mobility. Nonetheless, navigating complex indoor environments presents substantial challenges that can impede AMR performance and diminish overall system efficiency. To overcome these obstacles, researchers have concentrated on developing autonomous localization techniques that empower AMR to navigate and execute tasks effectively within intricate settings. Recent advancements in artificial intelligence (AI) applications have profoundly influenced this field, enhancing the control and decision-making capabilities of AMR. This paper offers a comprehensive review of AI-based strategies aimed at improving localization of indoor AMR, including aerial vehicles. We systematically categorize and critically analyze existing research on Simultaneous Localization and Mapping (SLAM)-based methods, odometry-based approaches, and multi-sensor fusion techniques, elucidating the principles and implementations of various AI methodologies. Additionally, we discuss real-time performance challenges associated with AI-based approaches and delineate the distinctions between AI-enhanced localization methods and traditional localization techniques, highlighting the necessity and advantages of adopting AI-based solutions. By clarifying these methodologies, our goal is to enhance their comprehension and promote their widespread adoption within the field. Finally, we discuss emerging research directions and ongoing challenges, providing guidance for future investigations and advancements in the domain of indoor AMR.",,,,,,,,,21,,,,,,23,24,86,2215-0986,,,,,,English,,,,,,,,Autonomous mobile robots (AMR); Unmanned aerial vehicle (UAV); Artificial intelligence (AI); AI-based localization; Indoor localization; Autonomous navigation; Indoor environments; Odometry methods,,,,
C,"Michalczyk, J; Schöffmann, C; Fornasier, A; Steinbrener, J; Weiss, S",,,IEEE,"Steinbrener, Jan/OTH-8807-2025",,,,,,Radar-Inertial State-Estimation for UAV Motion in Highly Agile Manoeuvres,,,,,,,,2022 INTERNATIONAL CONFERENCE ON UNMANNED AIRCRAFT SYSTEMS (ICUAS),,International Conference on Unmanned Aircraft Systems,,,,,,583,589,,,,10.1109/ICUAS54217.2022.9836130,,,,,,,Proceedings Paper,,2022,"Multicopter Unmanned Aerial Vehicles (UAV) are known for their high agility and aggressive manoeuvres. Despite significant advances in state estimation for such vehicles with multiple sensors, their accurate state estimation in highly agile manoeuvres is still a challenge in the research community. In this paper, we present a radar-inertial based method for estimating the full 6D pose and 3D velocity of a UAV including sensor extrinsics and Inertial Measurement Unit (IMU) intrinsics. In an Extended Kalman Filter (EKF) framework, we fuse range measurements of corner reflectors detected by a Frequency Modulated Continuous Wave (FMCW) radar sensor together with IMU readings. Our tightly coupled fusion approach and the high-frequency state correction together with the inherent benefits of radar sensors (e.g. resilience to aerosols, light changes, etc) enables tracking of highly aggressive trajectories in real experiments which are shown to be particularly challenging for a state of the art Visual-Inertial Odometry (VIO) approach we compare against.",,,,,International Conference on Unmanned Aircraft Systems (ICUAS),"JUN 21-24, 2022",,"Dubrovnik, CROATIA",5,,,,,,7,0,2,2373-6720,,978-1-6654-0593-5,,,,English,,,,,,,,,,,,
J,"Jiang, S; Yang, YF; Gu, SY; Li, JH; Hou, YY",,,,"Jiang, Shang/IST-0285-2023; Gu, Siyang/OML-9137-2025","Jiang, Shang/0000-0002-0665-8693;",,,,,Bridge Geometric Shape Measurement Using LiDAR-Camera Fusion Mapping and Learning-Based Segmentation Method,,,,,,,,BUILDINGS,,,,15,9,,,,,1458,,,10.3390/buildings15091458,,,,,,,Article,APR 25,2025,"The rapid measurement of three-dimensional bridge geometric shapes is crucial for assessing construction quality and in-service structural conditions. Existing geometric shape measurement methods predominantly rely on traditional surveying instruments, which suffer from low efficiency and are limited to sparse point sampling. This study proposes a novel framework that utilizes an airborne LiDAR-camera fusion system for data acquisition, reconstructs high-precision 3D bridge models through real-time mapping, and automatically extracts structural geometric shapes using deep learning. The main contributions include the following: (1) A synchronized LiDAR-camera fusion system integrated with an unmanned aerial vehicle (UAV) and a microprocessor was developed, enabling the flexible and large-scale acquisition of bridge images and point clouds; (2) A multi-sensor fusion mapping method coupling visual-inertial odometry (VIO) and Li-DAR-inertial odometry (LIO) was implemented to construct 3D bridge point clouds in real time robustly; and (3) An instance segmentation network-based approach was proposed to detect key structural components in images, with detected geometric shapes projected from image coordinates to 3D space using LiDAR-camera calibration parameters, addressing challenges in automated large-scale point cloud analysis. The proposed method was validated through geometric shape measurements on a concrete arch bridge. The results demonstrate that compared to the oblique photogrammetry method, the proposed approach reduces errors by 77.13%, while its detection time accounts for 4.18% of that required by a stationary laser scanner and 0.29% of that needed for oblique photogrammetry.",,,,,,,,,9,,,,,,9,11,38,,2075-5309,,,,,English,,,,,,,,bridge geometric shape; LiDAR; point cloud; 3D reconstruction; deep learning,,,,
J,"Zhuang, Y; Sun, X; Li, Y; Huai, JZ; Hua, LC; Yang, XS; Cao, XX; Zhang, P; Cao, Y; Qi, LN; Yang, J; El-Bendary, N; El-Sheimy, N; Thompson, J; Chen, RZ",,,,"; Sun, Xiao/HOF-7852-2023; /AAC-6315-2019; Zhuang, Yuan/H-8928-2019; Thompson, John/LTD-4186-2024; Yang, Jun/ABF-5707-2021; El-Bendary, Nashwa/AAI-5414-2020; Li, You/AAD-8417-2020; Chen, Ruizhi/JWA-0977-2024; Cao, Xiaoxiang/JTU-4799-2023; Huai, Jianzhu/AAI-1880-2020","Cao, Yue/0000-0002-2098-7637; Sun, Xiao/0000-0003-4349-0460; El-Bendary, Nashwa/0000-0001-6553-4159; Li, You/0000-0003-3785-0976; Cao, Xiaoxiang/0000-0001-7340-9673;",,,,,Multi-sensor integrated navigation/positioning systems using data fusion: From analytics-based to learning-based approaches,,,,,,,,INFORMATION FUSION,,,,95,,,,62,90,,,,10.1016/j.inffus.2023.01.025,,,,,FEB 2023,,Article,JUL,2023,"Navigation/positioning systems have become critical to many applications, such as autonomous driving, Internet of Things (IoT), Unmanned Aerial Vehicle (UAV), and smart cities. However, it is difficult to provide a robust, accurate, and seamless solution with single navigation/positioning technology. For example, the Global Navigation Satellite System (GNSS) cannot perform satisfactorily indoors; consequently, multi-sensor integrated systems provide the solution, as they compensate for the limitations of single technology by using the complementary characteristics of different sensors. This article describes a thorough investigation into multi-sensor data fusion, which over the last ten years has been used for integrated positioning/navigation systems. In this article, different navigation/positioning systems are classified and elaborated upon from three aspects: (1) sources, (2) algorithms and architectures, and (3) scenarios, which we further divide into two categories: (i) analytics-based fusion and (ii) learning-based fusion. For analytics-based fusion, we discuss the Kalman filter and its variants, graph optimization methods, and integrated schemes. For learning-based fusion, several supervised, unsupervised, reinforcement learning, and deep learning techniques are illustrated in multi -sensor integrated positioning/navigation systems. Design consideration of these integrated systems is discussed in detail from several aspects and their application scenarios are categorized. Finally, future directions for their research and implementation are discussed.",,,,,,,,,213,,,,,,239,65,723,1566-2535,1872-6305,,,,,English,,,,,,,,Machine learning; Data fusion; Estimation; Integrated navigation system; Multi-sensor; Positioning,,,,
J,"Li, XX; Wang, XB; Liao, JC; Li, X; Li, SY; Lyu, HB",,,,"Wang, Xuanbin/PNG-9500-2026; Li, Shengyu/KEH-4907-2024; Li, Xiaoling/JVN-8800-2024",,,,,,Semi-tightly coupled integration of multi-GNSS PPP and S-VINS for precise positioning in GNSS-challenged environments,,,,,,,,SATELLITE NAVIGATION,,,,2,1,,,,,1,,,10.1186/s43020-020-00033-9,,,,,,,Article,JAN 4,2021,"Because of its high-precision, low-cost and easy-operation, Precise Point Positioning (PPP) becomes a potential and attractive positioning technique that can be applied to self-driving cars and drones. However, the reliability and availability of PPP will be significantly degraded in the extremely difficult conditions where Global Navigation Satellite System (GNSS) signals are blocked frequently. Inertial Navigation System (INS) has been integrated with GNSS to ameliorate such situations in the last decades. Recently, the Visual-Inertial Navigation Systems (VINS) with favorable complementary characteristics is demonstrated to realize a more stable and accurate local position estimation than the INS-only. Nevertheless, the system still must rely on the global positions to eliminate the accumulated errors. In this contribution, we present a semi-tight coupling framework of multi-GNSS PPP and Stereo VINS (S-VINS), which achieves the bidirectional location transfer and sharing in two separate navigation systems. In our approach, the local positions, produced by S-VINS are integrated with multi-GNSS PPP through a graph-optimization based method. Furthermore, the accurate forecast positions with S-VINS are fed back to assist PPP in GNSS-challenged environments. The statistical analysis of a GNSS outage simulation test shows that the S-VINS mode can effectively suppress the degradation of positioning accuracy compared with the INS-only mode. We also carried out a vehicle-borne experiment collecting multi-sensor data in a GNSS-challenged environment. For the complex driving environment, the PPP positioning capability is significantly improved with the aiding of S-VINS. The 3D positioning accuracy is improved by 49.0% for Global Positioning System (GPS), 40.3% for GPS + GLOANSS (Global Navigation Satellite System), 45.6% for GPS + BDS (BeiDou navigation satellite System), and 51.2% for GPS + GLONASS + BDS. On this basis, the solution with the semi-tight coupling scheme of multi-GNSS PPP/S-VINS achieves the improvements of 41.8-60.6% in 3D positioning accuracy compared with the multi-GNSS PPP/INS solutions.",,,,,,,,,96,,,,,,109,4,72,2662-9291,2662-1363,,,,,English,,,,,,,,Multi-GNSS PPP; Visual-inertial odometry; Multi-sensor fusion; GNSS-challenged environment; Autonomous driving,,,,
J,"Li, ZY; Li, H; Xiangli, C; Shen, YY; Yu, Y; Li, F",,,,,,,,,,BIM-Constrained Elastic Fusion Navigation Framework for UAV Bridge Inspection Under Intermittent GNSS Outage,,,,,,,,DRONES,,,,10,7,,,,,552,,,10.3390/drones10070552,,,,,JUL 2026,,Article,JUL 21,2026,"UAV bridge inspection requires centimeter-level global positioning in the engineering coordinate frame to associate detected defects with BIM component IDs and mileage stakes. Intermittent GNSS outages beneath beams, inside box girders, and in pier-dense regions cause conventional navigation methods to accumulate drift or produce discontinuous pose estimates. This paper presents BCEF-Nav, a BIM-constrained elastic fusion navigation framework for UAV bridge inspection. The framework adaptively adjusts GNSS constraints according to signal availability and replaces degraded GNSS references with semantic-geometric constraints from a high-precision as-built BIM model within a sliding-window optimizer. Semantic-guided feature matching suppresses false correspondences in repetitive bridge structures. BCEF-Nav uses only low-cost commercial sensors and is compatible with mainstream inspection UAVs. Digital twin simulations and field experiments achieved an ATE RMSE of 5.7 cm after 120 s of complete GNSS occlusion and a 100% positioning success rate with positioning errors below 10 cm, outperforming seven recent state-of-the-art baselines.",,,,,,,,,0,,,,,,0,1,1,,2504-446X,,,,,English,,,,,,,,UAV bridge inspection; intermittent GNSS occlusion; BIM-constrained navigation; visual-inertial odometry; multi-sensor fusion; tight coupling optimization,,,,
J,"Wang, YS; Chang, CH",,,,,"Wang, Yu Shun/0000-0001-8489-5371",,,,,UAV Sensor Data Fusion for Localization Using Adaptive Multiscale Feature Matching Mechanisms Under GPS-Deprived Environment,,,,,,,,AEROSPACE,,,,12,12,,,,,1048,,,10.3390/aerospace12121048,,,,,,,Article,NOV 25,2025,"The application of unmanned vehicles in civilian and military fields is increasingly widespread. Traditionally, unmanned vehicles primarily rely on Global Positioning Systems (GPSs) for positioning; however, GPS signals can be limited or completely lost in conditions such as building obstructions, indoor environments, or electronic interference. In addition, countries are actively developing GPS jamming and deception technologies for military applications, making precise positioning and navigation of unmanned vehicles in GPS-denied or constrained environments a critical issue that needs to be addressed. In this work, authors propose a method based on Visual-Inertial Odometry (VIO), integrating the extended Kalman filter (EKF), an Inertial Measurement Unit (IMU), optical flow, and feature matching to achieve drone localization in GPS-denied environments. The proposed method uses the heading angle and acceleration data obtained from the IMU as the state prediction for the EKF, and estimates relative displacement using optical flow. It further corrects the optical flow calculation errors through IMU rotation compensation, enhancing the robustness of visual odometry. Additionally, when re-selecting feature points for optical flow, it combines a KAZE feature matching technique for global position correction, reducing drift errors caused by long-duration flight. The authors also employ an adaptive noise adjustment strategy that dynamically adjusts the internal state and measurement noise matrices of the EKF based on the rate of change in heading angle and feature matching reliability, allowing the drone to maintain stable positioning in various flight conditions. According to the simulation results, the proposed method is able to effectively estimate the flight trajectory of drones without GPS. Compared to results that rely solely on optical flow or feature matching, it significantly reduces cumulative errors. This makes it suitable for urban environments, forest areas, and military applications where GPS signals are limited, providing a reliable solution for autonomous navigation and positioning of drones.",,,,,,,,,0,,,,,,0,2,4,,2226-4310,,,,,English,,,,,,,,visual-inertial odometry; EKF; optical flow method; drone image localization,,,,
C,"Liu, WX; Loianno, G; Mohta, K; Daniilidis, K; Kumar, V",,,IEEE,"Loianno, Giuseppe/E-7473-2017; Kumar, Vijay/AAM-8545-2020; Liu, Wenxin/LXW-5765-2024","Kumar, Vijay/0000-0002-3902-9391; Daniilidis, Kostas/0000-0003-0498-0758;",,,,,Semi-Dense Visual-Inertial Odometry and Mapping for Quadrotors with SWAP Constraints,,,,,,,,2018 IEEE INTERNATIONAL CONFERENCE ON ROBOTICS AND AUTOMATION (ICRA),,IEEE International Conference on Robotics and Automation ICRA,,,,,,3904,3909,,,,,,,,,,,Proceedings Paper,,2018,"Micro Aerial Vehicles have the potential to assist humans in real life tasks involving applications such as smart homes, search and rescue, and architecture construction. To enhance autonomous navigation capabilities these vehicles need to be able to create dense 3D maps of the environment, while concurrently estimating their own motion. In this paper, we are particularly interested in small vehicles that can navigate cluttered indoor environments. We address the problem of visual inertial state estimation, control and 3D mapping on platforms with Size, Weight, And Power (SWAP) constraints. The proposed approach is validated through experimental results on a 250 g, 22 cm diameter quadrotor equipped only with a stereo camera and an IMU with a computationally-limited CPU showing the ability to autonomously navigate, while concurrently creating a 3D map of the environment.",,,,,IEEE International Conference on Robotics and Automation (ICRA),"MAY 21-25, 2018","IEEE,CSIRO,Australian Govt, Dept Def Sci & Technol,DJI,Queensland Univ Technol,Woodside,Baidu,Bosch,Houston Mechatron,Kinova Robot,KUKA,Hit Robot Grp,Honda Res Inst,iRobot,Mathworks,NuTonomy,Ouster,Uber","Brisbane, AUSTRALIA",3,,,,,,4,0,4,1050-4729,,978-1-5386-3081-5,,,,English,,,,,,,,,,,,
C,"Peng, YX; Chen, CC; Huang, GQ",,,,"Huang, George/O-9005-2018",,"Ott, C",,,,QVIO2: Quantized MAP-based Visual-Inertial Odometry,,,,,,,,"2025 IEEE INTERNATIONAL CONFERENCE ON ROBOTICS AND AUTOMATION, ICRA",,,,,,,,1053,1059,,,,10.1109/ICRA55743.2025.11127636,,,,,,,Proceedings Paper,,2025,"Energy-efficient visual-inertial motion tracking on SWAP-constrained edge devices (e.g., drones and AR glasses) is essential but challenging. Our previous work [1] introduced the first-of-its-kind quantized visual-inertial odometry (QVIO), utilizing either raw measurement quantization (zQVIO) or single-bit residual quantization (rQVIO). While QVIO has demonstrated significant data transfer reduction with competitive performance, it has limitations. Specifically, zQVIO directly quantizes raw measurements into multi-bit values, while requiring the ad-hoc inflation of measurement noise to account for quantization errors. On the other hand, rQVIO is limited to single-bit measurement with certain accuracy loss. This work introduces QVIO2 to address these issues. The proposed QVIO2 improves data quantization strategies and derives a Maximum A Posteriori (MAP) quantized estimator that rigorously handles both multi-bit and single-bit, raw and residual quantized measurements in a unified manner. These improvements lead to more communication-efficient and accurate systems. Additionally, we optimize the communication protocol to further reduce data transfer by eliminating unnecessary transmissions. Extensive numerical and experimental results demonstrate reduced communication requirements and improved accuracy. Compared to the previous QVIO system, zQVIO2 achieves the same accuracy with a 30% reduction in data transfer, while rQVIO2 improves accuracy without increasing data communication. In real-world scenarios, our new zQVIO2 and rQVIO2 have demonstrated nearly no accuracy loss with only 4.6 bits and 3.5 bits of data communication, achieving compression rates of 7x and 9.1x.",,,,,2025 International Conference on Robotics and Automation-ICRA-Annual,"MAY 19-23, 2025",Institute of Electrical and Electronics Engineers Inc,"Atlanta, GA",0,,,,,,0,0,1,,,979-8-3315-4140-8; 979-8-3315-4139-2,,,,English,,,,,,,,,,,,
J,"Kühne, J; Magno, M; Benini, L",,,,"Magno, Michele/AEQ-0927-2022","Magno, Michele/0000-0003-0368-8923; Kühne, Jonas/0000-0003-4632-8856; BENINI, LUCA/0000-0001-8068-3806",,,,,Low Latency Visual Inertial Odometry With On-Sensor Accelerated Optical Flow for Resource-Constrained UAVs,,,,,,,,IEEE SENSORS JOURNAL,,,,25,5,,,7838,7847,,,,10.1109/JSEN.2024.3406948,,,,,,,Article,MAR 1,2025,"Visual inertial odometry (VIO) is the task of estimating the movement trajectory of an agent from an onboard camera stream fused with additional inertial measurement unit (IMU) measurements. A crucial subtask within VIO is the tracking of features, which can be achieved through optical flow (OF). As the calculation of OF is a resource-demanding task in terms of computational load and memory footprint, which needs to be executed at low latency, especially in robotic applications, OF estimation is today performed on powerful CPUs or GPUs. This restricts its use in a broad spectrum of applications where the deployment of such powerful, power-hungry processors is unfeasible due to constraints related to cost, size, and power consumption. On-sensor hardware acceleration is a promising approach to enable low latency VIO even on resource-constrained devices such as nano drones. This article assesses the speed-up in a VIO sensor system exploiting a compact OF sensor consisting of a global shutter camera and an application-specific integrated circuit (ASIC). By replacing the feature tracking logic of the VINS-Mono pipeline with data from this OF camera, we demonstrate a 49.4% reduction in latency and a 53.7% reduction of compute load of the VIO pipeline over the original VINS-Mono implementation, allowing VINS-Mono operation up to 50 FPS instead of 20 FPS on the quad-core ARM Cortex-A72 processor of a Raspberry Pi Compute Module 4.",,,,,,,,,10,,,,,,13,5,13,1530-437X,1558-1748,,,,,English,,,,,,,,Hardware acceleration; optical flow (OF); visual odometry; visual odometry; optical flow (OF); visual odometry,,,,
C,"Qiao, PA; Wu, RC; Sun, L; Yang, DF",,,ACM,,,,,,,A New Visual & Inertial Based Satellite Quality Evaluation Method,,,,,,,,"2022 5TH INTERNATIONAL CONFERENCE ON ARTIFICIAL INTELLIGENCE AND PATTERN RECOGNITION, AIPR 2022",,,,,,,,1075,1080,,,,10.1145/3573942.3573994,,,,,,,Proceedings Paper,,2022,"Visual and inertial navigation have obvious complementarity in navigation accuracy, and the combined navigation of the two has excellent anti-interference ability. In this paper, a visual-inertialbased satellite quality evaluation method is proposed. This method can judge whether the GPS (Global Positioning System) is interfered by comparing the visual-inertial navigation information with the GPS data information in the geographic coordinate system. This method enables the UAV to quickly switch the navigation mode under the condition of being disturbed, which ensures that the navigation function is accurate and free from interference, and provides a more solid foundation for the navigation of the UAV and other platforms.",,,,,5th International Conference on Artificial Intelligence and Pattern Recognition-AIPR,"SEP 23-25, 2022",Association for Computing Machinery,"Xiamen, PEOPLES R CHINA",0,,,,,,0,0,0,,,978-1-4503-9689-9,,,,English,,,,,,,,GPS Quality Evaluation; SLAM; VINS-Mono; Navigation,,,,
C,"Kim, TI; Jung, JH; Park, CG",,,,,,"Sugisaka, M; Jia, Y; Ito, T; Lee, JJ",,,,A Performance Analysis of Pose Estimation Based on Two-View Tracking and Multi-State Constraint Kalman Filter Fusion,,,,,,,,PROCEEDINGS OF THE 2020 INTERNATIONAL CONFERENCE ON ARTIFICIAL LIFE AND ROBOTICS (ICAROB2020),,,,,,,,506,509,,,,,,,,,,,Proceedings Paper,,2020,"This paper presents a performance analysis of two-view tracking and Multi-State Constraint Kalman Filter (MSCKF) fusion for a pose estimation. The system and measurement model of both two-view tracking and MSCKF are derived based on the fusion condition. The simulation result of the fused algorithm using the Drone Racing dataset, collected from an aggressive flight of micro aerial vehicle (MAV), shows the performance improvement of both attitude and position estimation compared to the performance of MSCKF.",,,,,7th International Conference on Artificial Life and Robotics (ICAROB),"JAN 13-16, 2020","ALife Robot Corp Ltd,Int Conf Artificial Life & Robot, Int Steering Comm,Chinese Assoc Artificial Intelligence",JAPAN,0,,,,,,0,3,4,,,978-4-9908350-5-7,,,,English,,,,,,,,Visual-Inertial Odometry; Two-View Tracking; Multi-State Constraint Kalman Filter; Sensor Fusion,,,,
C,"Kreinberg, J; Iuga, I; Zaugg, G; Pong, PWT",,,IEEE,,,,,,,Lidar-VIO Based Mapping of Elevator Shaft with UAV for Verification of Spatial Dimensions,,,,,,,,"2023 6TH INTERNATIONAL CONFERENCE ON ELECTRICAL ENGINEERING AND GREEN ENERGY, CEEGE",,,,,,,,301,308,,,,10.1109/CEEGE58447.2023.10246629,,,,,,,Proceedings Paper,,2023,"Current methods utilized for the inspection of spatial dimensions of elevator shafts currently entail the need to take manual measurements at various levels of the shaft. Utilizing a UAV to collect spatial dimensions has potential to allow inspectors to complete their jobs in a safer manner and to boost the accuracy and consistency of inspection procedures. The study presented tests the feasibility of a designed UAV based system that hosts a miniaturized simultaneous localization and mapping (SLAM) scheme for usage of generating a point cloud of an elevator shaft environment for spatial dimension inspection. Secondary usages of the scheme are further demonstrated for cases where the scheme is employed while not mounted on a UAV. Average horizontal measurement accuracy for the system employed in flight is found to be 6.57 cm, and there is little difference in accuracy for mapping performed not in flight. Visual inertial odometry is investigated for pose estimation reliability in dark environments and environments with little structural information to process. Further sensor characterizations are performed to characterize properties of point clouds generated of a laboratory, a hallway, and an elevator shaft.",,,,,6th International Conference on Electrical Engineering and Green Energy (CEEGE),"JUN 06-09, 2023","IEEE,IEEE Power & Energy Soc,Sci & Engn Inst","Univ Agder, Grimstad, NORWAY",0,,,,,,1,0,3,,,979-8-3503-1266-9,,,,English,,,,,,,,UAV; SLAM; Lidar; VIO; Robotics; ROS,,,,
J,"Jia, JT; Li, WS; Yu, X; Wang, YY; Guo, KX; Guo, L",,,,,,,,,,Augmented Ultra-Wideband Localization for Quadrotor UAV: Disturbance Rejection and Credibility Quantification,,,,,,,,IEEE TRANSACTIONS ON INDUSTRIAL ELECTRONICS,,,,73,5,,,7795,7805,,,,10.1109/TIE.2025.3642438,,,,,,,Article,MAY,2026,"Uninterrupted and accurate indoor localization without global navigation satellite systems (GNSS) is a challenging problem for quadrotor unscrewed aerial vehicles (UAVs). In this article, a plug-and-play ultra-wideband (UWB)-augmented localization scheme is developed, which is characterized by: 1) the embedded UAV dynamics to enrich information sources; 2) the composite disturbance filtering (CDF) algorithm for refined antidisturbance position estimation under UAV dynamic uncertainties and UWB measurement noises; and 3) a novel localization credibility metric which takes both system configuration and real-time algorithm operation status into account. By virtue of refined disturbance rejection and real-time credibility quantification, the designed UWB-augmented module allows for seamless integration into the existing UAV localization systems like the visual-inertial odometry (VIO), enhancing the overall localization performance with high-credibility UWB data. The effectiveness of the proposed scheme is demonstrated by developing and testing a UWB-augmented VIO localization system for quadrotor UAVs.",,,,,,,,,0,,,,,,0,14,14,0278-0046,1557-9948,,,,,English,,,,,,,,Location awareness; Autonomous aerial vehicles; Quadrotors; Estimation; Real-time systems; Distance measurement; Nonlinear optics; Measurement; Heuristic algorithms; Uncertainty; Composite disturbance filtering (CDF); credibility quantification; plug-and-play; quadrotor unscrewed aerial vehicle (UAV); ultra-wideband (UWB)-augmented localization,,,,
C,"Kalaitzakis, M; Carroll, S; Ambrosi, A; Whitehead, C; Vitzilaios, N",,,IEEE,"; Vitzilaios, Nikolaos/AGD-3349-2022","Kalaitzakis, Michail/0000-0003-4889-3330; Vitzilaios, Nikolaos/0000-0003-1252-586X",,,,,Experimental Comparison of Fiducial Markers for Pose Estimation,,,,,,,,2020 INTERNATIONAL CONFERENCE ON UNMANNED AIRCRAFT SYSTEMS (ICUAS'20),,International Conference on Unmanned Aircraft Systems,,,,,,781,789,,,,10.1109/icuas48674.2020.9213977,,,,,,,Proceedings Paper,,2020,"Accurate localization is crucial for the autonomous navigation and control of Unmanned Aircraft Systems (UAS). In most applications, localization is provided from a Global Navigation Satellite System like GPS and Galileo or more recently from Visual Odometry, Visual-Inertial Odometry, and Simultaneous Localization and Mapping methods. In many cases though, especially when precise maneuvers are required, fiducial markers are used. Fiducial markers are able to provide accurate localization data and have been used in many applications where reliable pose measurements are needed for specific objects or locations. This paper presents an experimental comparison of four different open-source fiducial markers that are widely used in UAS applications (ARTag, AprilTag, ArUco, and STag). The fiducial markers are evaluated based on their localization capabilities as well as their computational efficiency. To facilitate the comparison, a ROS package for the STag marker is developed and publicly released.",,,,,International Conference on Unmanned Aircraft Systems (ICUAS),"SEP 01-04, 2020","IEEE,IEEE CSS,IEEE Robot & Automat Soc,MCA,ICUAS Assoc,Univ Denver,Univ Denver, Daniel Felix Ritchie Sch Engn & Comp Sci,Tech Univ Crete, Sch Prod Engn & Management,Democritus Univ Thrace,NYU Abu Dhabi,Aristotle Univ Thessaloniki, Dept Mech Engn, Lab Fluid Mech & Trubomachinery,ALTUS,DRONE NODES,Journal Unmanned Vehicle Syst","Athens, GREECE",50,,,,,,61,0,14,2373-6720,,978-1-7281-4278-4,,,,English,,,,,,,,,,,,
J,"Cioffi, G; Bauersfeld, L; Kaufmann, E; Scaramuzza, D",,,,,"Cioffi, Giovanni/0000-0003-3964-8552; Kaufmann, Elia/0000-0001-6094-5901; Bauersfeld, Leonard/0000-0002-5790-9982; Scaramuzza, Davide/0000-0002-3831-6778",,,,,Learned Inertial Odometry for Autonomous Drone Racing,,,,,,,,IEEE ROBOTICS AND AUTOMATION LETTERS,,,,8,5,,,2684,2691,,,,10.1109/LRA.2023.3252342,,,,,,,Article,MAY,2023,"Inertial odometry is an attractive solution to the problem of state estimation for agile quadrotor flight. It is inexpensive, lightweight, and it is not affected by perceptual degradation. However, only relying on the integration of the inertial measurements for state estimation is infeasible. The errors and time-varying biases present in such measurements cause the accumulation of large drift in the pose estimates. Recently, inertial odometry has made significant progress in estimating the motion of pedestrians. State-of-the-art algorithms rely on learning a motion prior that is typical of humans but cannot be transferred to drones. In this work, we propose a learning-based odometry algorithm that uses an inertial measurement unit (IMU) as the only sensor modality for autonomous drone racing tasks. The core idea of our system is to couple a model-based filter, driven by the inertial measurements, with a learning-based module that has access to the thrust measurements. We show that our inertial odometry algorithm is superior to the state-of-the-art filter-based and optimization-based visual-inertial odometry as well as the state-of-the-art learned-inertial odometry in estimating the pose of an autonomous racing drone. Additionally, we show that our system is comparable to a visual-inertial odometry solution that uses a camera and exploits the known gate location and appearance. We believe that the application in autonomous drone racing paves the way for novel research in inertial odometry for agile quadrotor flight.",,,,,,,,,29,,,,,,30,1,39,2377-3766,,,,,,English,,,,,,,,Drones; Quadrotors; State estimation; Neural networks; Gyroscopes; Logic gates; Displacement measurement; Aerial systems; applications; aerial systems; perception and autonomy; deep learning methods,,,,
C,"Hu, J; Lang, XM; Zhang, F; Mao, YN; Huang, GQ",,,IEEE,"Zhang, Feng/IRZ-5448-2023; Huang, George/O-9005-2018",,,,,,Square-Root Inverse Filter-based GNSS-Visual-Inertial Navigation,,,,,,,,"2024 IEEE INTERNATIONAL CONFERENCE ON ROBOTICS AND AUTOMATION, ICRA 2024",,IEEE International Conference on Robotics and Automation ICRA,,,,,,1646,1652,,,,10.1109/ICRA57147.2024.10611666,,,,,,,Proceedings Paper,,2024,"While Global Navigation Satellite System (GNSS) is often used to provide global positioning if available, its intermittency and/or inaccuracy calls for fusion with other sensors. In this paper, we develop a novel GNSS-Visual-Inertial Navigation System (GVINS) that fuses visual, inertial, and raw GNSS measurements within the square-root inverse sliding window filtering (SRI-SWF) framework in a tightly coupled fashion, which thus is termed SRI-GVINS. In particular, for the first time, we deeply fuse the GNSS pseudorange, Doppler shift, single-differenced pseudorange, and double-differenced carrier phase measurements, along with the visual-inertial measurements. Inherited from the SRI-SWF, the proposed SRI-GVINS gains significant numerical stability and computational efficiency over the start-of-the-art methods. Additionally, we propose to use a filter to sequentially initialize the reference frame transformation till converges, rather than collecting measurements for batch optimization. We also perform online calibration of GNSS-IMU extrinsic parameters to mitigate the possible extrinsic parameter degradation. The proposed SRI-GVINS is extensively evaluated on our own collected UAV datasets and the results demonstrate that the proposed method is able to suppress VIO drift in real-time and also show the effectiveness of online GNSS-IMU extrinsic calibration. The experimental validation on the public datasets further reveals that the proposed SRI-GVINS outperforms the state-of-the-art methods in terms of both accuracy and efficiency.",,,,,IEEE International Conference on Robotics and Automation (ICRA),"MAY 13-17, 2024","IEEE,IEEE Robot & Automat Soc","Yokohama, JAPAN",2,,,,,,3,2,9,1050-4729,2577-087X,979-8-3503-8458-1; 979-8-3503-8457-4,,,,English,,,,,,,,,,,,
C,"Maffra, F; Chen, ZT; Chli, M",,,IEEE,"Chli, Margarita/N-3301-2015","Chli, Margarita/0000-0001-5611-7492",,,,,Viewpoint-tolerant Place Recognition combining 2Dand 3D information for UAV navigation,,,,,,,,2018 IEEE INTERNATIONAL CONFERENCE ON ROBOTICS AND AUTOMATION (ICRA),,IEEE International Conference on Robotics and Automation ICRA,,,,,,2542,2549,,,,,,,,,,,Proceedings Paper,,2018,"The booming interest in Unmanned Aerial Vehicles (UAVs) is fed by their potentially great impact, however progress is hindered by their limited perception capabilities. While vision-based odometry was shown to run successfully onboard UAVs, loop-closure detection to correct for drift or to recover from tracking failures, has so far, proven particularly challenging for UAVs. At the heart of this is the problem of viewpoint-tolerant place recognition; in stark difference to ground robots, UAVs can revisit a scene from very different viewpoints. As a result, existing approaches struggle greatly as the task at hand violates underlying assumptions in assessing scene similarity. In this paper, we propose a place recognition framework, which exploits both efficient binary features and noisy estimates of the local 3D geometry, which are anyway computed for visual-inertial odometry onboard the UAV. Attaching both an appearance and a geometry signature to each 'location', the proposed approach demonstrates unprecedented recall for perfect precision as well as high quality loopclosing transformations on both flying and hand-held datasets exhibiting large viewpoint and appearance changes as well as perceptual aliasing.",,,,,IEEE International Conference on Robotics and Automation (ICRA),"MAY 21-25, 2018","IEEE,CSIRO,Australian Govt, Dept Def Sci & Technol,DJI,Queensland Univ Technol,Woodside,Baidu,Bosch,Houston Mechatron,Kinova Robot,KUKA,Hit Robot Grp,Honda Res Inst,iRobot,Mathworks,NuTonomy,Ouster,Uber","Brisbane, AUSTRALIA",36,,,,,,40,0,4,1050-4729,2577-087X,978-1-5386-3081-5,,,,English,,,,,,,,,,,,
J,"Xie, MR; Jung, SY; Chen, KW",,,,,"Chen, Kuan-Wen/0000-0002-4159-201X; Jung, Shing-Yun/0000-0003-3967-6748; Xie, Ming-Ru/0000-0003-3844-104X",,,,,"Using Biostimulants, Soil Additives, and Plant Protectants to Improve Corn Yield in South Texas",,,,,,,,AEROSPACE,,,,10,5,,,,,488,,,10.3390/aerospace10050488,,,,,,,Article,MAY 22,2023,"In this paper, we propose a three-dimensional autonomous drone exploration system (ADES) with a lightweight and low-latency saliency prediction model to explore unknown environments. Several studies have applied saliency prediction in drone exploration. However, these studies are not sufficiently mature. For example, the computational complexity and the size of the developed prediction models have not been considered. In addition, some studies have only proposed saliency prediction models without actually applying them to drones. The ADES system proposed in this paper has a small and fast saliency prediction model and uses a novel drone exploration approach based on visual-inertial odometry to solve the practical problems encountered during drone exploration, such as collisions with and the repeated exploration of salient objects. The proposed ADES system performs comparably to the state-of-the-art, multiple-discontinuous-image saliency prediction network TA-MSNet and enables drones to explore unknown environments with high efficiency.",,,,,,,,,2,,,,,,2,0,5,,2226-4310,,,,,English,,,,,,,,automation; drone exploration; location awareness; prediction methods; UAV exploration,,,,
C,"Karjalainen, V; Koivumäki, N; Hakala, T; George, A; Muhojoki, J; Hyyppa, E; Suomalainen, J; Honkavaara, E",,,,"Hakala, Teemu/D-6166-2016; Suomalainen, Juha/M-1170-2016; Honkavaara, Eija/KIL-0162-2024","Suomalainen, Juha/0000-0003-2029-8820; Karjalainen, Väinö Eerik/0009-0000-2203-1711","Yilmaz, A; Wegner, JD; Qin, R",,,,Autonomous robotic drone system for mapping forest interiors,,,,,,,,"MID-TERM SYMPOSIUM THE ROLE OF PHOTOGRAMMETRY FOR A SUSTAINABLE WORLD, VOL. 48-2",,"International Archives of the Photogrammetry, Remote Sensing and Spatial Information Sciences",,,,,,167,172,,,,10.5194/isprs-archives-XLVIII-2-2024-167-2024,,,,,,,Proceedings Paper,,2024,"During the last decade, the use of drones in forest monitoring and remote sensing has become highly popular. While most of the monitoring tasks take place in high altitudes and open air, in the last few years drones have also gained interest in under-canopy data collection. However, flying under the forest canopy is a complex task since the drone can not use Global Navigation Satellite Systems (GNSS) for positioning and it has to continually avoid obstacles, such as trees, branches, and rocks, on its path. For that reason, drone-based data collection under the forest canopy is still mainly based on manual control by human pilots. Autonomous flying in GNSS-denied obstacle-rich environment has been an actively researched topic in the field of robotics during the last years and various open-sourced methods have been published in the literature. However, most of the research is done purely from the point-of-view of robotics and only a few studies have been published in the boundary of forest sciences and robotics aiming to take steps towards autonomous forest data collection. In this study, a prototype of an autonomous under-canopy drone is developed and implemented utilizing state-of-the-art open-source methods. The prototype is utilizing the EGO-Planner-v2 trajectory planner for autonomous obstacle avoidance and VINS-Fusion for Visual-inertial-odometry based GNSS-free pose estimation. The flying performance of the prototype is evaluated by performing multiple test flights with real hardware in two different boreal forest test plots with medium and difficult densities. Furthermore, the first results of the forest data collecting performance are obtained by post-processing the data collected with a low-cost stereo camera during one test flight to a 3D point cloud and by performing diameter breast at height (DBH) estimation. In the medium-density forest, all seven test flights were successful, but in the difficult test forest, one of eight test flights failed. The RMSE of the DBH estimation was 3.86 cm (12.98 %).",,,,,ISPRS TC II Mid-term Symposium on Role of Photogrammetry for a Sustainable World,"JUN 11-14, 2024",ISPRS TC II,"Las Vegas, NV",6,,,,,,7,4,11,1682-1750,2194-9034,,,,,English,,,,,,,,Autonomous flying; Forest; Visual-Inertial Odometry; Mapping; Path Planning; Forest inventory,,,,
J,"Liu, C; Prior, SD; Teacy, WTL; Warner, M",,,,"; Prior, Stephen/H-6097-2013","Warner, Martin/0000-0002-1483-0561; Prior, Stephen/0000-0002-4993-4942",,,,,Computationally efficient visual-inertial sensor fusion for Global Positioning System-denied navigation on a small quadrotor,,,,,,,,ADVANCES IN MECHANICAL ENGINEERING,,,,8,3,,,,,1687814016640996,,,10.1177/1687814016640996,,,,,,,Article,MAR,2016,"Because of the complementary nature of visual and inertial sensors, the combination of both is able to provide fast and accurate 6 degree-of-freedom state estimation, which is the fundamental requirement for robotic (especially, unmanned aerial vehicle) navigation tasks in Global Positioning System-denied environments. This article presents a computationally efficient visual-inertial fusion algorithm, by separating orientation fusion from the position fusion process. The algorithm is designed to perform 6 degree-of-freedom state estimation, based on a gyroscope, an accelerometer and a monocular visual-based simultaneous localisation and mapping algorithm measurement. It also recovers the visual scale for the monocular visual-based simultaneous localisation and mapping. In particular, the fusion algorithm treats the orientation fusion and position fusion as two separate processes, where the orientation fusion is based on a very efficient gradient descent algorithm, whereas the position fusion is based on a 13-state linear Kalman filter. The elimination of the magnetometer sensor avoids the problem of magnetic distortion, which makes it a power-on-and-go system once the accelerometer is factory calibrated. The resulting algorithm shows a significant computational reduction over the conventional extended Kalman filter, with competitive accuracy. Moreover, the separation between orientation and position fusion processes enables the algorithm to be easily implemented onto two individual hardware elements and thus allows the two fusion processes to be executed concurrently.",,,,,,,,,3,,,,,,3,0,31,1687-8132,1687-8140,,,,,English,,,,,,,,Visual inertial; sensor fusion; Kalman filter; gradient descent algorithm; unmanned aerial vehicle; quadrotor; Global Positioning System denied; navigation,,,,
C,"Do, HV; Kim, YH; Kwon, YS; Kang, S; Kim, HJ; Song, JW",,,IEEE,; /AAB-4404-2019,"Kim, Hak Ju/0000-0001-6629-8135; Do, Hoang Viet/0000-0002-7479-1293",,,,,An Adaptive Approach based on Multi-State Constraint Kalman Filter for UAVs,,,,,,,,"2021 21ST INTERNATIONAL CONFERENCE ON CONTROL, AUTOMATION AND SYSTEMS (ICCAS 2021)",,International Conference on Control Automation and Systems,,,,,,481,485,,,,10.23919/ICCAS52745.2021.9649897,,,,,,,Proceedings Paper,,2021,"High accurate and robust motion estimation plays a fundamental role in the autonomous navigation system, especially for Visual Inertial Navigation System (VINS). The consistent of extended Kalman Filter (EKF)-based estimator highly relies on the prior information of the process noise (Q) and the measurement noise (R) covariance matrices. In this paper, we apply an adaptation rule to the well-known Multi-State Constraint Kalman Filter (MSCKF) using innovation and residual information for a monocular VINS that is mounted in a drone. The shortcoming of MSCKF is that the state vector grows as the number of detected features increasing. Since the vision process can give different estimated results due to various error sources such as the ambiguity or the quality of the camera, each epoch should have different weighting factors. Therefore, Q and R covariance matrices should be adapted. It is shown through the simulation that the proposed algorithm has more robustness and accuracy against the conventional approach which has fixed values of Q and R covariance matrices.",,,,,"21st International Conference on Control, Automation and Systems (ICCAS)","OCT 12-15, 2021",,SOUTH KOREA,1,,,,,,2,1,9,2093-7121,,978-89-93215-21-2,,,,English,,,,,,,,Visual Inertial Navigation System; Adaptive; Multi State Constrain Kalman Filter; Unmanned Aerial Vehicles.,,,,
C,"Serov, A; Clemens, J; Schill, K",,,IEEE,"Serov, Andreas/NDT-4460-2025",,,,,,Visual-Inertial Odometry aided by Speed and Steering Angle Measurements,,,,,,,,2022 25TH INTERNATIONAL CONFERENCE ON INFORMATION FUSION (FUSION 2022),,,,,,,,,,,,,,,,,,,,Proceedings Paper,,2022,"Visual-inertial navigations systems (VINS) can be an essential building block for autonomous systems, that are equipped with a camera and an inertial measurement unit (IMU), especially in indoor or GNSS-denied environments. One prevalent visual-inertial odometry (VIO) algorithm is the multi-state constraint Kalman Filter (MSCKF). OpenVINS is an open source project that performs visual-inertial state estimation using the core functionality of the MSCKF. However, it offers several extensions. It is designed for general purpose, but in certain cases it is beneficial to use domain knowledge in order to increase accuracy and robustness in state estimation. In this paper, we propose using vehicle speed, steering angle, and wheel speeds measurements in conjunction with OpenVINS by performing additional filter updates in the context of autonomous driving. The updates are conducted using a classical Kalman filtering approach, where speed and steering measurements are processed at their respective sensor frequency. Additionally, all measurements between camera frames, which have the slowest measurement frequency, are gathered and a 3 degrees of freedom (DOF) planar motion update is performed in a preintegrated fashion. In contrast to handheld devices and drones commonly used as visual-inertial platforms, the movement of automotive vehicles is constrained in a nonholonomic way which is reflected in the updates. These extensions are evaluated on real-world datasets of typical urban driving. The results show that state estimation with the additional updates is smoother and leads to lower translation errors, where a preintegrated vehicle update using a single-track model offers the best overall performance. The code is provided in a fork of the original project: https://github.com/aserbremen/open_vins",,,,,25th International Conference of Information Fusion (FUSION),"JUL 04-07, 2022","William Demant Fdn,SAAB,Mitsubishi Elect Res Lab,Ericsson,Metron,Verizon,Nordic Inertial,UMS Skeldar,ACTIA Nordic,Arriver,NIRA Dynam,Int Soc Informat Fus,IEEE AESS,Linkoping,ACTIA,Real Labs Res","Linkoping, SWEDEN",3,,,,,,3,1,4,,,,,,,English,,,,,,,,,,,,
C,"Xie, MR; Jung, SY; Chen, KW",,,,,"Chen, Kuan-Wen/0000-0002-4159-201X; Jung, Shing-Yun/0000-0003-3967-6748; Xie, Ming-Ru/0000-0003-3844-104X","Spencer, SN",,,,Efficient Drone Exploration in Real Unknown Environments,,,,,,,,"SIGGRAPH ASIA 2022 POSTERS, SA 2022",,,,,,,,,,,,,10.1145/3550082.3564205,,,,,,,Proceedings Paper,,2022,"We propose an autonomous drone exploration system (ADES) with a lightweight and low-latency saliency prediction model to explore unknown environments. Recent studies have applied saliency prediction to drone exploration. However, these studies are not sufficiently mature. The ADES system proposes a smaller and faster saliency prediction model and adopts a novel drone exploration approach based on visual-inertial odometry (VIO) to solve the practical problems encountered during exploration, i.e., exploring salient objects without colliding with them and not repeatedly exploring salient objects. The system not only has a performance comparable to that of the state-of-the-art multiple-discontinuous-image saliency prediction network (TA-MSNet) but also enables drones to explore unknown environments more efficiently.",,,,,SIGGRAPH Asia Conference,"DEC 06-09, 2022",ACM SIGGRAPH,"Daegu, SOUTH KOREA",0,,,,,,0,0,0,,,978-1-4503-9462-8,,,,English,,,,,,,,,,,,
C,"Amaral, G; Martins, JJ; Martins, P; Dias, A; Almeida, J; Silva, E",,,IEEE,"; Silva, Eduardo/IQS-1403-2023; Dias, André/N-1438-2019","Serrão da Veiga Martins, Pedro Miguel/0009-0000-0231-1812; Silva, Eduardo/0000-0001-7166-3459; Dias, André/0000-0001-5734-075X",,,,,Data fusion approach for unmodified UAV tracking with vision and mmWave Radar,,,,,,,,"2025 INTERNATIONAL CONFERENCE ON UNMANNED AIRCRAFT SYSTEMS, ICUAS",,International Conference on Unmanned Aircraft Systems,,,,,,801,808,,,,10.1109/ICUAS65942.2025.11007835,,,,,,,Proceedings Paper,,2025,"The knowledge of the precise 3D position of a target in tracking applications is a fundamental requirement. The lack of a low-cost single sensor capable of providing the three-dimensional position (of a target) makes it necessary to use complementary sensors together. This research presents a Local Positioning System (LPS) for outdoor scenarios, based on a data fusion approach for unmodified UAV tracking, combining a vision sensor and mmWave radar. The proposed solution takes advantage of the radar's depth observation ability and the potential of a neural network for image processing. We have evaluated five data association approaches for radar data cluttered to get a reliable set of radar observations. The results demonstrated that the estimated target position is close to an exogenous ground truth obtained from a Visual Inertial Odometry (VIO) algorithm executed onboard the target UAV. Moreover, the developed system's architecture is prepared to be scalable, allowing the addition of other observation stations. It will increase the accuracy of the estimation and extend the actuation area. To the best of our knowledge, this is the first work that uses a mmWave radar combined with a camera and a machine learning algorithm to track a UAV in an outdoor scenario.",,,,,2025 International Conference on Unmanned Aircraft Systems-ICUAS-Annual,"MAY 14-17, 2025",Institute of Electrical and Electronics Engineers Inc,"Charlotte, NC",2,,,,,,2,3,8,2373-6720,,979-8-3315-1329-0; 979-8-3315-1328-3,,,,English,,,,,,,,Local Positioning System; mmWave Radar; Tensor Processing Unit; Target tracking; Data fusion,,,,
J,"Zhao, JM; Deng, ZL; Su, WJ; Lou, BY; Liu, YX",,,,,,,,,,Indoor UAV Localization via Multi-Anchor One-Shot Calibration and Factor Graph Fusion,,,,,,,,REMOTE SENSING,,,,18,9,,,,,1407,,,10.3390/rs18091407,,,,,MAY 2026,,Article,MAY 2,2026,"Indoor localization for unmanned aerial vehicles (UAVs) remains challenging in GNSS-denied environments due to the difficulty of position calibration of multiple ultra-wideband (UWB) anchors and the asynchronous fusion of heterogeneous sensors. This paper proposes a multi-sensor fusion localization framework that integrates multi-anchor one-shot calibration with factor graph optimization (FGO). First, Landmark Multidimensional Scaling (LMDS) is used to reconstruct the relative geometry of the anchors and the onboard tag from ranging measurements. Then, rigid Procrustes alignment is performed using a small number of anchors with known coordinates in the East-North-Up (ENU) frame to recover the transformation to the ENU frame, thereby enabling efficient position calibration of multiple UWB anchors and UAV pose initialization. Subsequently, a tightly coupled factor graph is constructed by incorporating inertial measurement unit (IMU) pre-integration, UWB ranging, laser rangefinder height measurements, and visual-inertial odometry (VIO) pose constraints. The resulting nonlinear optimization problem is solved using incremental smoothing, which improves robustness against non-line-of-sight (NLOS) errors and long-term drift. Experimental results on anchor calibration, public datasets, and real-world indoor UAV flights demonstrate that the proposed method improves the accuracy and robustness of indoor UAV localization. In particular, on the real-world rectangle trajectory, FGO-TC reduces the RMSE by approximately 38.8% compared with FGO-LC.",,,,,,,,,0,,,,,,0,5,5,,2072-4292,,,,,English,,,,,,,,multi-sensor fusion; LMDS; IMU; UWB; FGO; UAV localization,,,,
C,"Vempati, AS; Gilitschenski, I; Nieto, J; Beardsley, P; Siegwart, R",,,,"Siegwart, Roland/A-4495-2008","Vempati, Anurag Sai/0000-0001-9533-7930","Bicchi, A; Okamura, A",,,,Onboard Real-time Dense Reconstruction of Large-scale Environments for UAV,,,,,,,,2017 IEEE/RSJ INTERNATIONAL CONFERENCE ON INTELLIGENT ROBOTS AND SYSTEMS (IROS),,IEEE International Conference on Intelligent Robots and Systems,,,,,,3479,3486,,,,,,,,,,,Proceedings Paper,,2017,"In this paper, we propose a GPU parallelized SLAM system capable of using photometric and inertial data together with depth data from an active RGB-D sensor to build accurate dense 3D maps of indoor environments. We describe several extensions to existing dense SLAM techniques that allow us to operate in real-time onboard memory constrained robotic platforms. Our primary contribution is a memory management algorithm that scales to large scenes without being limited by GPU memory resources. Moreover, by integrating a visual-inertial odometry system, we robustly track the camera pose even on an agile platform such as a quadrotor UAV. Our robust camera tracking framework can deal with fast camera motions and varying environments by relying on depth, color and inertial motion cues. Global consistency is achieved via regular checking for loop closures in conjunction with a pose graph, as a basis for corrective deformation of the 3D map. Our efficient SLAM system is capable of producing highly dense meshes up to 5mm resolution at rates close to 60Hz fully onboard a UAV. Experimental validations both in simulation and on a real-world platform, show that our approach is fast, more robust and more memory efficient than state-of-the-art techniques, while obtaining better or comparable accuracy.",,,,,IEEE/RSJ International Conference on Intelligent Robots and Systems (IROS),"SEP 24-28, 2017","IEEE,RSJ,IEEE Robot & Automat Soc,IEEE IES,SICE,New Technol Fdn","Vancouver, CANADA",12,,,,,,14,0,11,2153-0858,,978-1-5386-2682-5,,,,English,,,,,,,,,,,,
C,"Zhao, SS; Li, R; Shi, YJ; Li, HR",,,,,"Li, Rui/0000-0003-0288-7007","Jia, Y; Zhang, W; Fu, Y",,,,An Autonomous Visual-Inertial-Based Navigation System for Quadrotor,,,,,,,,"PROCEEDINGS OF 2020 CHINESE INTELLIGENT SYSTEMS CONFERENCE, VOL II",,Lecture Notes in Electrical Engineering,,706,,,,404,414,,,,10.1007/978-981-15-8458-9_43,,,,,,,Proceedings Paper,,2021,"In this paper, we present a practical autonomous navigation system based on the visual-inertial of a quadrotor. Due to the practical engineering requirement of improving the applicability of the advanced visual-inertial navigation fusion algorithm and 3D mapping algorithm, we realize the on-line 3D trajectory planning and tracking control algorithm with full consideration of UAV dynamics design, and finally complete the quadrotor autonomous navigation system consisting of UAV, upper computer and other software and hardware components. The feasibility is verified by actual flight experiments. The results show that the quadrotor autonomous navigation system can achieve high-precision positioning, online 3D reconstruction and dynamic autonomous navigation in a complex unknown environment without GPS. The system has good accuracy and robustness in real-time, which provides a strong technical support for the subsequent expansion of platform function.",,,,,2020 Chinese Intelligent Systems Conference,"OCT 24-25, 2020",,"Shenzhen City, PEOPLES R CHINA",0,,,,,,0,2,4,1876-1100,1876-1119,978-981-15-8460-2; 978-981-15-8458-9; 978-981-15-8457-2,,,,English,,,,,,,,Quadrotor; Visual-inertial; TSDF; Trajectory planning; Autonomous navigation,,,,
J,"Xu, HY; Zhao, GP; Bo, YM",,,,,,,,,,UAV-UGV Collaborative Localization in GNSS-Denied Large-Scale Environments: An Anchor-Free VIO-UWB Fusion with Adaptive Weighting and Outlier Suppression,,,,,,,,DRONES,,,,10,3,,,,,175,,,10.3390/drones10030175,,,,,,,Article,MAR 4,2026,"In GNSS-denied large-scale outdoor environments, UAVs and UGVs that rely solely on visual-inertial odometry (VIO) suffer from accumulated global drift as the trajectory grows. Meanwhile, inter-platform ultra-wideband (UWB) ranging exhibits unknown, time-varying noise under NLOS/multipath, rendering naive weighting unreliable. This paper presents an anchor-free collaborative localization framework for UAV-UGV teams that fuses pairwise UWB ranges (including UAV-UAV, UAV-UGV, and UGV-UGV) with onboard VIO in a factor-graph backend via a two-stage robust scheme. First, we bound VIO drift using per-agent state covariance and reject UWB outliers with a Mahalanobis gate, preventing early-stage bias when VIO is still accurate. Then, during global optimization, we adaptively estimate the Fisher information of UWB factors from measurement-state residuals, enabling online self-tuning of measurement confidence under time-varying SNR. Real-world experiments with three UAVs and two UGVs over multi-level rooftops and forest-open areas (similar to 1.6 km(2)) show that, compared to an outlier-only variant, the proposed method further reduces localization RMSE by about 24.6% and maximum error by about 31.2% for both UAVs and UGVs, maintaining strong performance during long trajectories dominated by VIO drift and NLOS ranges. The approach requires no fixed anchors or GNSS and is applicable to UAV-UGV teams for disaster response, cooperative mapping/inspection, and bandwidth-limited operations.",,,,,,,,,3,,,,,,3,15,15,,2504-446X,,,,,English,,,,,,,,SLAM; UWB; factor graph; multi-robot systems,,,,
C,"Yang, T; Müller, MW",,,,,,,,,,AgriNav: UAV Simulator for Vision-based Navigation in Agricultural Environments,,,,,,,,IFAC PAPERSONLINE,,,,59,23,,,23,27,,,,10.1016/j.ifacol.2025.11.757,,,,,DEC 2025,,Proceedings Paper,,2025,"We present AgriNav, a simulator for vision-based navigation and data collection for unmanned aerial vehicles (UAVs) in agricultural environments. Developing autonomous aerial robots for large-scale agricultural data collection requires significant effort in hardware-software integration, especially for accurate state estimation and navigation. While many existing simulators offer image generation features, they are not designed for direct use with visual-inertial odometry (VIO) packages, which depend on precise sensor calibration, data synchronization, and specific message formats. We address this challenge by generating synthetic data that mimic physical sensor outputs and providing a modular communication framework, enabling users to efficiently experiment with odometry and navigation algorithms without requiring hardware testing. Using Unity for rendering, we provide pre-built maps and plant models for rapid testing and simple scene customization. AgriNav is open source and available at: https://github.com/Teaya-Yang/AgriNav.git. Copyright (c) 2025 The Authors. This is an open access article under the CC BY-NC-ND license (https://creativecommons.org/licenses/by-nc-nd/4.0/)",,,,,"8th IFAC Conference on Sensing, Control and Automation Technologies for Agriculture (AGRICONTROL)","AUG 27-29, 2025","Int Federat Automat Control, Tech Comm 8 1 Control Agr,Int Federat Automat Control, Tech Comm 4 2 Mechatron Syst,Int Federat Automat Control, Tech Comm 7 5 Intelligent Autonomous Vehicles,Int Federat Automat Control, Tech Comm 8 4 Biosystems & Bioprocesses,Univ Calif, Davis,The Reservoir,Farm Robot Challenge,Testopia Inc","Davis, CA",0,,,,,,0,0,0,2405-8963,,,,,,English,,,,,,,,Agricultural Robotics; Machine Vision; Sensing; Automation with UAVs; Precision Agriculture; Simulation; Robotic Navigation,,,,
C,"Lin, ZY; Xu, WB; Wang, W",,,IEEE,,,,,,,A Moving Target Tracking System of Quadrotors with Visual-Inertial Localization,,,,,,,,"2023 IEEE INTERNATIONAL CONFERENCE ON ROBOTICS AND AUTOMATION, ICRA",,IEEE International Conference on Robotics and Automation ICRA,,,,,,3296,3302,,,,10.1109/ICRA48891.2023.10161323,,,,,,,Proceedings Paper,,2023,"This paper implements a vision-based moving target tracking system of quadrotors with visual-inertial localization in GNSS-denied indoor environments. We use the visual-inertial odometry to estimate the states of the UAV by minimizing visual and inertial residuals, and estimate the states of the target with extended Kalman Filter from visual detection. This research formulates the target tracking problem as optimization-based trajectory generation where a weighted sum cost function jointly penalizes the tracking error, the control cost of the trajectory and the trajectory length, while enforcing the safety and feasibility constraints. We present a strategy that represents the trajectory as piecewise Bezier curves using Bernstein polynomial basis. Due to the special properties of Bezier curves, the position of the entire trajectory and its derivatives can be directly bounded within the safe spaces, thus this facilitating the dynamics of the quadrotor. The proposed strategy can generate smooth and collision-free tracking trajectories and is time and space efficient. We conduct simulations and real-world experiments to validate the effectiveness of our system.",,,,,IEEE International Conference on Robotics and Automation (ICRA),"MAY 29-JUN 02, 2023","IEEE,IEEE Robot & Automat Soc","London, ENGLAND",5,,,,,,5,1,6,1050-4729,2577-087X,979-8-3503-2365-8,,,,English,,,,,,,,,,,,
J,"Brogaard, RY; Boukas, E",,,,"Boukas, Evangelos/HPG-0014-2023","Boukas, Evangelos/0000-0002-9919-5746",,,,,Autonomous GPU-based UAS for inspection of confined spaces: Application to marine vessel classification,,,,,,,,ROBOTICS AND AUTONOMOUS SYSTEMS,,,,172,,,,,,104590,,,10.1016/j.robot.2023.104590,,,,,DEC 2023,,Article,FEB,2024,"Inspection of confined spaces poses a series of health risks to human surveyors, and therefore a need for robotic solutions arises. In this paper, we design and demonstrate a real-time system for collecting 3D structural and visual data from a series of inspection points within a prior map of a confined space. The system consists of a GPU accelerated 3D point cloud registration and a visual inertial odometry estimate fused in an Unscented Kalman Filter. Using the state-of-the-art deep learning-based feature descriptors, FCGF -and the robust Teaser++ 3D registration algorithm- point clouds from a narrow field of view, time-of-flight, camera can be registered to a prior map of the environment, to provide accurate cm-level absolute pose estimates. The uncertainty of the system is furthermore estimated on the basis of the novel GPU-based Stein ICP algorithm. Visual defects, represented by augmented reality fiducial markers, are automatically detected during inspection, and their positions are estimated in the map frame of the confined space. The performance of the system has been evaluated in realtime onboard a small UAV, within a mock-up model of a water ballast tank from a marine vessel, where the UAV was able to navigate and inspect the ambiguous and featureless environment. All defects were estimated within +/-10 cm of their actual position.",,,,,,,,,7,,,,,,9,1,11,0921-8890,1872-793X,,,,,English,,,,,,,,Inspection; Absolute localization; Machine learning; UAV,,,,
J,"Yang, Y; Liu, XX; Liu, XH; Guo, YC; Zhang, WG",,,,,"Guo, Yicong/0000-0003-0971-730X; yue, yang/0000-0002-2511-2960; LIU, Xiaoxiong/0000-0002-8061-5974; Liu, Xuhang/0000-0002-7790-9701",,,,,Variational Adaptive LM-IEKF for Full State Navigation System of Wind Disturbance and Observability Analysis,,,,,,,,IEEE TRANSACTIONS ON INSTRUMENTATION AND MEASUREMENT,,,,71,,,,,,8504312,,,10.1109/TIM.2022.3191713,,,,,,,Article,,2022,"Robust and accurate state estimation algorithms applied to the small unmanned aerial vehicles (UAVs) are always promising depending on the multiple onboard local and global sensors. This article proposes a variational adaptive Levenberg-Marquardt iterated extended Kalman filter (VA-LM-IEKF) full state estimation algorithm to calculate the reliable UAV flight state parameters in wind disturbance. The navigation system based on the LM-IEKF can provide an accurate state by expanding the optimization range of estimated points. An adaptive filter using the variational Bayesian approach is proposed to improve the filter robustness to the observation noise covariance matrix. Moreover, a judging criterion is introduced into the filter observation correction step to eliminate the observed abnormal values. In addition, observability analysis with the Lie algebra for the navigation system is established to evaluate the system observability. Simulation and real-data experiments in the self-developed small UAVs platform demonstrate that the performance of the proposed algorithm is better than the state-of-the-art methods in solution accuracy and filter robustness.",,,,,,,,,0,,,,,,1,3,48,0018-9456,1557-9662,,,,,English,,,,,,,,Navigation; Mathematical models; Kalman filters; Sensors; Observability; Estimation; State estimation; Iterated extended Kalman filter (IEKF); Levenberg-Marquardt (LM); Lie algebra; observability analysis; small unmanned aerial vehicles (UAVs); variational Bayesian (VB) approach,,,,
C,"Xu, YF; Yu, JC; Zhang, SQ; Xiang, YF; Jia, HY; Wang, Y",,,ACM,,"Yu, Jincheng/0009-0007-3831-3845; Xiang, Yunfei/0000-0003-3699-7503; Xu, Yuanfan/0000-0002-5671-3734",,,,,Invited: Automatic Hardware/Software Design for High-Speed Autonomous Unmanned Aerial Vehicles Guided by a Flight Model,,,,,,,,"PROCEEDINGS OF THE 61ST ACM/IEEE DESIGN AUTOMATION CONFERENCE, DAC 2024",,,,,,,,,,,,,10.1145/3649329.3663516,,,,,,,Proceedings Paper,,2024,"Autonomous Unmanned Aerial Vehicles (UAVs) are on the rise in the industrial and academic communities. Since most UAVs are severely size, weight, and power (SWaP) constrained, building computing system for high-speed UAVs is challenging. Current domainspecific hardware-software (HW-SW) designs for UAVs are mainly bottom-up, focusing on optimizing a single module in the whole system, such as visual-inertial odometry (VIO), depth estimation, or planning. But this leads to underdesign for flight speed as agile navigation depends on a tight combination of multiple modules. To find the optimal HW-SW design for systematic flight performance, we propose a top-down automatic design framework. A flight model is introduced to guide the inter-module and the intra-module HWSW optimization towards the system-level goal. For the perception algorithms, we define the representative design space. And some critical non-AI operators are accelerated and profiled on embedded GPU to achieve better hardware performance. The design framework is evaluated on a micro UAV equipped with a Nvidia Jetson Orin NX. In a specific navigation scenario, the design found by our framework achieve 40% and 65% increase on flight speed than two manual design methods respectively.",,,,,61st Design Automation Conference,"JUN 23-27, 2024","Acm,Institute of Electrical and Electronics Engineers Inc","San Francisco, CA",0,,,,,,0,0,3,,,979-8-4007-0601-1,,,,English,,,,,,,,,,,,
C,"Bartolomei, L; Teixeira, L; Chli, M",,,IEEE,"Teixeira, Lucas/K-6550-2019; Chli, Margarita/N-3301-2015","Chli, Margarita/0000-0001-5611-7492",,,,,Perception-aware Path Planning for UAVs using Semantic Segmentation,,,,,,,,2020 IEEE/RSJ INTERNATIONAL CONFERENCE ON INTELLIGENT ROBOTS AND SYSTEMS (IROS),,IEEE International Conference on Intelligent Robots and Systems,,,,,,5808,5815,,,,10.1109/IROS45743.2020.9341347,,,,,,,Proceedings Paper,,2020,"In this work, we present a perception-aware path-planning pipeline for Unmanned Aerial Vehicles (UAVs) for navigation in challenging environments. The objective is to reach a given destination safely and accurately by relying on monocular camera-based state estimators, such as Keyframe-based Visual-Inertial Odometry (VIO) systems. Motivated by the recent advances in semantic segmentation using deep learning, our path-planning architecture takes into consideration the semantic classes of parts of the scene that are perceptually more informative than others. This work proposes a planning strategy capable of avoiding both texture-less regions and problematic areas, such as lakes and oceans, that may cause large drift or failures in the robot's pose estimation, by using the semantic information to compute the next best action with respect to perception quality. We design a hierarchical planner, composed of an A* path-search step followed by B-Spline trajectory optimization. While the A* steers the UAV towards informative areas, the optimizer keeps the most promising landmarks in the camera's field of view. We extensively evaluate our approach in a set of photo-realistic simulations, showing a remarkable improvement with respect to the state-of-the-art in active perception.",,,,,IEEE/RSJ International Conference on Intelligent Robots and Systems (IROS),"OCT 24-JAN 24, 2020-2021","IEEE,RSJ",ELECTR NETWORK,44,,,,,,54,1,21,2153-0858,,978-1-7281-6212-6,,,,English,,,,,,,,,,,,
J,"Kalaimani, N; Saran, R; Vignesh, G",,,,,,,,,,A comprehensive review of AI-based UAV navigation techniques in GPS-denied environments,,,,,,,,INTERNATIONAL JOURNAL OF INTELLIGENT UNMANNED SYSTEMS,,,,,,,,,,,,,10.1108/IJIUS-03-2026-0077,,,,,SEP 2026,,Article; Early Access,2026 SEP 1,2026,"Purpose - This paper aims to provide a comprehensive review of artificial intelligence (AI)-based navigation techniques for unmanned aerial vehicles (UAVs) operating in GPS-denied environments. It highlights the limitations of traditional satellite-based navigation in indoor, urban and dense environments, and explores how AI-driven approaches can enhance autonomous navigation reliability and accuracy. Design/methodology/approach - The study reviews literature published between 2020 and 2025, focusing on AI-based navigation frameworks. It analyzes methods such as deep learning, reinforcement learning, visual/ inertial SLAM, Kalman filtering and multi-sensor fusion. A comparative evaluation is conducted based on algorithm design, sensor configurations, computational requirements and validation methodologies used in existing research. Findings - The review identifies a growing trend toward hybrid navigation architectures combining traditional estimation techniques with AI-based models. It finds that sensor fusion and learning-based perception significantly improve navigation in GPS-denied environments. However, challenges such as high computational requirements, limited onboard processing capabilities and data inefficiency in reinforcement learning remain key barriers. Originality/value - This paper provides an up-to-date and structured review of AI-based UAV navigation specifically focused on GPS-denied environments. It offers a detailed comparison of existing approaches and highlights emerging trends such as hybrid architectures and Edge AI integration, providing valuable insights and future research directions for researchers and practitioners.",,,,,,,,,0,,,,,,0,5,5,2049-6427,2049-6435,,,,,English,,,,,,,,UAV; GPS-denied navigation; Deep reinforcement learning; Visual-inertial odometry; Sensor fusion; SLAM; Sim-to-real transfer; Autonomous systems,,,,
J,"Li, RC; Lyu, J; Wang, AB; Yu, R; Wu, DL; Xin, B",,,,,"Xin, Bin/0000-0001-9989-0418",,,,,FLAGDroneRacing: An Autonomous Drone Racing System,,,,,,,,UNMANNED SYSTEMS,,,,12,6,,,985,1000,,,,10.1142/S230138502450033X,,,,,JUL 2023,,Article,NOV,2024,"This paper presents a complete system for autonomous drone racing combining image recognition, depth mapping, visual-inertial odometry (VIO), and collision-free trajectory planning. The proposed system focuses on simple, robust, and computationally efficient techniques to enable onboard hardware applications. A loosely coupled visual-inertial localization system is devised, to ensure real-time and robust localization. A lightweight CPU-based detection module is designed, which consists of autonomous mapping and gate detection components. We also introduce a robust and efficient trajectory planner to generate smooth and collision-free trajectories in real-time. The proposed methods are tested extensively through benchmark comparisons and challenging indoor flights, while simulation results show the validness and effectiveness of our proposed system. We release our implementation as an open-source ROS-package.",,,,,,,,,6,,,,,,6,1,10,2301-3850,2301-3869,,,,,English,,,,,,,,Autonomous drone racing; motion planning; aerial robots; VIO,,,,
J,"Wang, X; Wang, MY; Liu, X",,,,,,,,,,Efficient SLAM Algorithm Based on Quaternions for Real-Time Navigation of Unmanned Aerial Vehicles,,,,,,,,TRANSACTIONS ON EMERGING TELECOMMUNICATIONS TECHNOLOGIES,,,,37,3,,,,,e70386,,,10.1002/ett.70386,,,,,,,Article,FEB 27,2026,"Efficient quaternion-based Simultaneous Localization and Mapping framework designed for real-time navigation of Unmanned Aerial Vehicles in GPS-denied environments is presented here. Unlike conventional Euler angle or matrix-based SLAM approaches, the proposed system employs quaternion-based propagation in Inertial Measurement Unit (IMU) module, thereby eliminating singularities such as gimbal lock and ensuring numerically stable orientation estimation. It integrates Quaternion Error-State Extended Kalman Filter for incremental fusion of visual and inertial measurements and incorporates an incremental pose-graph backend with quaternion retraction to reduce drift during long-term navigation. Novelty lies in unifying quaternion mathematics with lightweight incremental optimization, thereby achieving a balance between accuracy and computational feasibility for real-time onboard deployment. Experimental validation on KAIST Visual-Inertial Odometry dataset demonstrates significant performance gains. Raw IMU is -50 Hz (20-25 ms/frame), far exceeding latency constraints of UAV flight dynamics. Additional analysis confirmed robustness with an average UAV speed of 1261.98 m/s, velocity stability (std. dev. 689.43 m/s) and reliable feature tracking (> 1800 map points reconstructed). These findings establish the framework as a novel, lightweight and robust SLAM solution suitable not only for UAVs but also for space-air-ground autonomous systems requiring accurate real-time navigation under computational constraints.",,,,,,,,,0,,,,,,0,4,5,2161-3915,,,,,,English,,,,,,,,error-state extended Kalman filter; pose-graph optimization and sensor fusion; quaternion propagation; real-time navigation; simultaneous localization and mapping; unmanned aerial vehicles,,,,
J,"Zhao, JM; Deng, ZL; Hu, EW; Su, WJ; Lou, BY; Liu, YX",,,,,"苏, 文举/0009-0008-9224-0293; Hu, Enwen/0000-0001-5019-3961",,,,,An Indoor UAV Localization Framework with ESKF Tightly-Coupled Fusion and Multi-Epoch UWB Outlier Rejection,,,,,,,,SENSORS,,,,25,24,,,,,7673,,,10.3390/s25247673,,,,,,,Article,DEC 18,2025,"Unmanned aerial vehicles (UAVs) are increasingly used indoors for inspection, security, and emergency tasks. Achieving accurate and robust localization under Global Navigation Satellite System (GNSS) unavailability and obstacle occlusions is therefore a critical challenge. Due to their inherent physical limitations, Inertial Measurement Unit (IMU)-based localization errors accumulate over time, Ultra-Wideband (UWB) measurements suffer from systematic biases in Non-Line-of-Sight (NLOS) environments and Visual-Inertial Odometry (VIO) depends heavily on environmental features, making it susceptible to long-term drift. We propose a tightly coupled fusion framework based on the Error-State Kalman Filter (ESKF). Using an IMU motion model for prediction, the method incorporates raw UWB ranges, VIO relative poses, and TFmini altitude in the update step. To suppress abnormal UWB measurements, a multi-epoch outlier rejection method constrained by VIO is developed, which can robustly eliminate NLOS range measurements and effectively mitigate the influence of outliers on observation updates. This framework improves both observation quality and fusion stability. We validate the proposed method on a real-world platform in an underground parking garage. Experimental results demonstrate that, in complex indoor environments, the proposed approach exhibits significant advantages over existing algorithms, achieving higher localization accuracy and robustness while effectively suppressing UWB NLOS errors as well as IMU and VIO drift.",,,,,,,,,4,,,,,,4,8,12,,1424-8220,,,,,English,,,,,,,,UWB; IMU; NLOS; outlier rejection; ESKF; indoor UAV localization,,,,
J,"Yuan, SH; Wang, H; Xie, LH",,,,"Yuan, Shenghai/JDM-6241-2023; Xie, Lihua/D-2236-2009; Wang, Han/A-5016-2011","Yuan, Shenghai/0009-0003-1887-6342; Xie, Lihua/0000-0002-7137-4136; Wang, Han/0000-0001-5448-9903",,,,,Survey on Localization Systems and Algorithms for Unmanned Systems,,,,,,,,UNMANNED SYSTEMS,,,,9,2,,,129,163,,,,10.1142/S230138502150014X,,,,,,,Article,APR,2021,"Intelligent unmanned systems have important applications, such as pesticide-spraying in agriculture, robot-based warehouse management systems, and missile-firing drones. The underlying assumption behind all autonomy is that the agent knows its relative position or egomotion with respect to some reference or scene. There exist thousands of localization systems in the literature. These localization systems use various combinations of sensors and algorithms, such as visual/visual-inertial SLAM, to achieve robust localization. The majority of the methods use one or more sensors from LIDAR, camera, IMU, UWB, GPS, compass, tracking system, etc. This survey presents a systematic review and analysis of published algorithms and techniques chronologically, and we introduce various highly impactful works. We provide insightful investigation and taxonomy on sensory data forming principle, feature association principle, egomotion estimation formation, and fusion model for each type of system. At last, some open problems and directions for future research are also included. We aim to survey the literature comprehensively to provide a complete understanding of localization methodologies, performance, advantages and limitations, and evaluations of various methods, shedding some light for future research.",,,,,,,,,76,,,,,,84,2,120,2301-3850,2301-3869,,,,,English,,,,,,,,Localization; Sensor fusion; Visual-inertial SLAM; LIDAR SLAM; UAV; Unmanned systems,,,,
C,"Del Col, G; Karjalainen, V; Hakala, T; Honkavaara, E",,,,"Hakala, Teemu/D-6166-2016; Honkavaara, Eija/KIL-0162-2024",,"Honkavaara, E; Nex, F; Chiabrando, F; DeOliveira, RA; Lehtola, VV; Iwaszczuk, D; DiPietra, V; Kim, T",,,,Autonomous Drone Navigation in Forest Environments Using Deep Learning,,,,,,,,"INTERNATIONAL ARCHIVES OF THE PHOTOGRAMMETRY, REMOTE SENSING AND SPATIAL INFORMATION SCIENCES, VOLUME XLVIII-2/W11-2025",,,,,,,,87,93,,,,10.5194/isprs-archives-XLVIII-2-W11-2025-87-2025,,,,,,,Proceedings Paper,,2025,"Autonomous drone navigation in dense forests remains challenging due to unreliable GNSS signals, difficulty detecting thin branches, and cumulative drift in Visual-Inertial Odometry (VIO). This work investigates a deep learning-based navigation solution using a simulation-to-reality approach, focusing on boreal forests where fine obstacles and dense foliage are prevalent. A vision-based system was deployed, combining a semantically-enhanced depth autoencoder for small-branch detection and a Collision Prediction Network (CPN) based on motion primitive evaluation. The system, trained using RotorS and Aerial Gym simulations data, was implemented on a custom drone featuring a RealSense D435i and a RealSense T265 sensor suite and NVIDIA Orin NX for onboard processing. Real-world tests in open, lightly vegetated, and dense forests revealed robust performance against larger obstacles but highlighted limitations in thin-branch avoidance and odometry drift in highly cluttered environments. While simulation results were satisfactory, real-world trials achieved moderate success (60 m flights), demonstrating the potential of the framework for forestry applications. As future directions, integrating higher-resolution sensors, RGB-depth fusion, a y-velocity integration and possibly a small lidar, to address current gaps are proposed. The findings underscore the need for real-world validation beyond simulation to bridge the perception-action gap in complex environments.",,,,,2025 International Workshop on Uncrewed Aerial Vehicles in Geomatics-UAV-g,"SEP 10-12, 2025",International Society for Photogrammetry and Remote Sensing,"Espoo, FINLAND",2,,,,,,2,0,0,,,,,,,English,,,,,,,,Autonomous navigation; deep learning; UAV; forest environments; obstacle avoidance; trajectory planning,,,,
J,"Du, SY; Xu, MY; Li, YX; Fang, W; Liu, QW; Yi, P; Hong, YG",,,,"Liu, Qingwen/S-9022-2018","洪, 奕光/0000-0001-9505-8739; Yi, Peng/0000-0002-2494-1505",,,,,Multiview Landmark-Assisted UAV Swarm 6-DoF Pose Estimation Using Resonant Beam and VIO,,,,,,,,IEEE INTERNET OF THINGS JOURNAL,,,,12,15,,,31511,31525,,,,10.1109/JIOT.2025.3573755,,,,,,,Article,AUG 1,2025,"As an essential aerial platform in Internet of Things (IoT) applications, UAV swarms require high-precision attitude estimation in GPS-limited and dynamic environments, which supports higher-level IoT functions, such as smart logistics, disaster response, and environmental monitoring. However, most odometry-based pose estimation methods in dynamic scenarios without GPS encounter issues with cumulative errors over time. In this article, we propose a method to reduce these cumulative errors by constraining the absolute positioning of visual-inertial odometry (VIO) using relative poses obtained from multiview landmark and resonant-beam (RBeam) sensors between UAVs. For synchronous moments, we estimate the six Degree-of-Freedom (DoF) relative pose using the Angle of Arrival and Time of Flight data from the RBeam, combined with nonlinear optimization. For asynchronous moments, a two-stage visual estimation method is introduced, combining multicamera epipolar geometry for rotation recovery and depth reconstruction optimization for translation recovery, enabling the estimation of asynchronous relative poses (ARPs). Finally, we design a global objective function based on a sliding window and factor graph, integrating RBeam, multiview landmark, and VIO for absolute 6-DoF pose optimization of the UAV swarm. Simulation results demonstrate that optimizing with the addition of RBeam synchronous relative poses improves overall positioning accuracy by 32.94% compared to pure VIO. Incorporating both RBeam synchronous and visual ARPs further enhances overall positioning accuracy by 37.65%. Additionally, the UAV's attitude benefits from the rotational constraints provided by the RBeam, achieving over 30% improvement in the pitch and yaw directions.",,,,,,,,,1,,,,,,1,0,10,2327-4662,,,,,,English,,,,,,,,Autonomous aerial vehicles; Location awareness; Accuracy; Optimization; Pose estimation; Visualization; Drones; Sensors; Internet of Things; 6-DOF; Deep reconstruction optimization; multicamera epipolar geometry; resonant beam positioning,,,,
J,"Hu, ZH; Butt, MZ; Nasir, N; Salleh, MB",,,,"Nasir, Nazri/KHX-1612-2024; Salleh, Badrul/U-5814-2018",,,,,,Vision-based autonomous navigation for quadrotor UAVs in unknown and constrained environments,,,,,,,,INTERNATIONAL JOURNAL OF INTELLIGENT ROBOTICS AND APPLICATIONS,,,,9,4,,,1743,1754,,,,10.1007/s41315-025-00462-2,,,,,MAY 2025,,Article,DEC,2025,"The demand for autonomous UAV navigation in complex environments is growing rapidly. However, most existing studies focus on simulations, lacking real-world validation under challenging conditions. This study systematically evaluates a vision-based navigation framework combining VINS-Mono for localization and Ego-Planner for path planning in GPS-denied, low-light, high-obstacle-density environments. Unlike traditional approaches that struggle with UAV high-frequency motion and dynamic constraints, VINS-Mono provides accurate high-frequency positioning via visual-inertial fusion. At the same time, Ego-Planner enables smooth, dynamically feasible real-time trajectory generation. Real-world experiments on three randomly generated maps (minimum obstacle spacing: 0.8 m (twice UAV wheelbase); obstacle density: 0.72 obstacles/m2) achieved a minimum 70% success rate, with 87% of trajectories smoother than A* in simulations. Results demonstrate the framework's robustness, though challenges such as field-of-view constraints and sensor-induced localization errors affecting replanning remain. This study presents a real-world evaluation of vision-based UAV navigation in constrained environments, offering insights into its feasibility and limitations. The findings contribute to improving trajectory optimization and UAV autonomy in constrained GPS-denied scenarios.",,,,,,,,,7,,,,,,7,4,16,2366-5971,2366-598X,,,,,English,,,,,,,,Vision-based UAV autonomous navigation; Unknown constrained environments; Real-world validation,,,,
C,"Sayre-McCord, T; Guerra, W; Antonini, A; Arneberg, J; Brown, A; Cavalheiro, G; Fang, YJ; Gorodetsky, A; McCoy, D; Quilter, S; Riether, F; Tal, E; Terzioglu, Y; Carlone, L; Karaman, S",,,IEEE,,"Tal, Ezra/0000-0002-3601-0935",,,,,Visual-inertial navigation algorithm development using photorealistic camera simulation in the loop,,,,,,,,2018 IEEE INTERNATIONAL CONFERENCE ON ROBOTICS AND AUTOMATION (ICRA),,IEEE International Conference on Robotics and Automation ICRA,,,,,,2566,2573,,,,,,,,,,,Proceedings Paper,,2018,"The development of fast, agile micro Unmanned Aerial Vehicles (UAVs) has been limited by (i) on-board computing hardware restrictions, (ii) the lack of sophisticated visionbased perception and vision-in-the-loop control algorithms, and (iii) the absence of development environments where such systems and algorithms can be rapidly and easily designed, implemented, and validated. Here, we first present a new micro UAV platform that integrates high-rate cameras, inertial sensors, and an NVIDIA Jetson Tegra X1 system-on-chip compute module that boasts 256 GPU cores. The UAV mechanics and electronics were designed and built in house, and are described in detail. Second, we present a novel  virtual reality development environment, in which photorealistically-rendered synthetic on-board camera images are generated in real time while the UAV is in flight. This development environment allows us to rapidly prototype computing and sensing hardware as well as perception and control algorithms, using real physics, real interoceptive sensor data (e. g., from the on-board inertial measurement unit), and synthetic exteroceptive sensor data (e. g., from synthetic cameras). Third, we demonstrate repeated agile maneuvering with closed-loop vision-based perception and control algorithms, which we have developed using this environment.",,,,,IEEE International Conference on Robotics and Automation (ICRA),"MAY 21-25, 2018","IEEE,CSIRO,Australian Govt, Dept Def Sci & Technol,DJI,Queensland Univ Technol,Woodside,Baidu,Bosch,Houston Mechatron,Kinova Robot,KUKA,Hit Robot Grp,Honda Res Inst,iRobot,Mathworks,NuTonomy,Ouster,Uber","Brisbane, AUSTRALIA",23,,,,,,35,0,10,1050-4729,,978-1-5386-3081-5,,,,English,,,,,,,,,,,,
J,"Carlone, L; Karaman, S",,,,,,,,,,Attention and Anticipation in Fast Visual-Inertial Navigation,,,,,,,,IEEE TRANSACTIONS ON ROBOTICS,,,,35,1,,,1,20,,,,10.1109/TRO.2018.2872402,,,,,,,Article,FEB,2019,"We study a visual-inertial navigation (VIN) problem in which a robot needs to estimate its state using an on-board camera and an inertial sensor, without any prior knowledge of the external environment. We consider the case in which the robot can allocate limited resources to VIN, due to tight computational constraints. Therefore, we answer the following question: under limited resources, what are the most relevant visual cues to maximize the performance of VIN? Our approach has four key ingredients. First, it is task-driven, in that the selection of the visual cues is guided by a metric quantifying the VIN performance. Second, it exploits the notion of anticipation, since it uses a simplified model for forward-simulation of robot dynamics, predicting the utility of a set of visual cues over a future time horizon. Third, it is efficient and easy to implement, since it leads to a greedy algorithm for the selection of the most relevant visual cues. Fourth, it provides formal performance guarantees: we leverage submodularity to prove that the greedy selection cannot be far from the optimal (combinatorial) selection. Simulations and real experiments on agile drones show that our approach ensures state-of-the-art VIN performance while maintaining a lean processing time. In the easy scenarios, our approach outperforms appearance-based feature selection in terms of localization errors. In the most challenging scenarios, it enables accurate VIN while appearance-based feature selection fails to track robot's motion during aggressive maneuvers.",,,,,,,,,52,,,,,,68,1,54,1552-3098,1941-0468,,,,,English,,,,,,,,Aerial robotics; computer vision; sensor fusion; simultaneous localization and mapping (SLAM),,,,
J,"Zhang, TJ; Zhang, L; Chen, Y; Zhou, YC",,,,"Zhou, Yicong/A-8017-2009; Zhang, Lei/HSC-7058-2023","Zhou, Yicong/0000-0002-4487-6384;",,,,,CVIDS: A Collaborative Localization and Dense Mapping Framework for Multi-Agent Based Visual-Inertial SLAM,,,,,,,,IEEE TRANSACTIONS ON IMAGE PROCESSING,,,,31,,,,6562,6576,,,,10.1109/TIP.2022.3213189,,,,,,,Article,,2022,"Nowadays, visual SLAM (Simultaneous Localization And Mapping) has become a hot research topic due to its low costs and wide application scopes. Traditional visual SLAM frameworks are usually designed for single-agent systems, completing both the localization and the mapping with sensors equipped on a single robot or a mobile device. However, the mobility and work capacity of the single agent are usually limited. In reality, robots or mobile devices sometimes may be deployed in the form of clusters, such as drone formations, wearable motion capture systems, and so on. As far as we know, existing SLAM systems designed for multi-agents are still sporadic, and most of them have non-negligible limitations in functions. Specifically, on one hand, most of the existing multi-agent SLAM systems can only extract some key features and build sparse maps. On the other hand, schemes that can reconstruct the environment densely cannot get rid of the dependence on depth sensors, such as RGBD cameras or LiDARs. Systems that can yield high-density maps just with monocular camera suites are temporarily lacking. As an attempt to fill in the research gap to some extent, we design a novel collaborative SLAM system, namely CVIDS (Collaborative Visual-Inertial Dense SLAM), which follows a centralized and loosely coupled framework and can be integrated with any existing Visual-Inertial Odometry (VIO) to accomplish the co-localization and the dense reconstruction. Integrating our proposed robust loop closure detection module and two-stage pose-graph optimization pipeline, the co-localization module of CVIDS can estimate the poses of different agents in a unified coordinate system efficiently from the packed images and local poses sent by the client-ends of different agents. Besides, our motion-based dense mapping module can effectively recover the 3D structures of selected keyframes and then fuse their depth information to the global map for reconstruction. The superior performance of CVIDS is corroborated by both quantitative and qualitative experimental results. To make our results reproducible, the source code has been released at https://cslinzhang.github.io/CVIDS.",,,,,,,,,26,,,,,,29,2,55,1057-7149,1941-0042,,,,,English,,,,,,,,Simultaneous localization and mapping; Collaboration; Sensors; Location awareness; Cameras; Image reconstruction; Sensor systems; Multi-agent; monocular camera suite; dense mapping; visual-inertial odometry,,,,
J,"Shi, MJ; de Silva, R; Yu, H; Polvara, R; Popovic, M",,,,"Polvara, Riccardo/GPF-5661-2022",,,,,,Perception-Aware Autonomous Exploration in Feature-Limited Environments,,,,,,,,IEEE ROBOTICS AND AUTOMATION LETTERS,,,,11,8,,,9970,9977,,,,10.1109/LRA.2026.3710053,,,,,,,Article,AUG,2026,"Autonomous exploration in unknown environments relies on onboard state estimation for localisation and mapping. Existing exploration methods primarily maximise coverage efficiency, but often overlook that visual-inertial odometry (VIO) performance strongly depends on the availability of robust visual features. Consequently, exploration policies can drive a robot into feature-sparse regions where tracking degrades, leading to odometry drift, corrupted maps, and mission failure. We propose a hierarchical perception-aware exploration framework for a stereo-equipped uncrewed aerial vehicle (UAV) that explicitly incorporates perceptual quality into frontier selection and yaw planning during exploration. Our approach (i) associates each candidate frontier with an expected feature quality using a global feature map, prioritising visually informative subgoals, and (ii) optimises a continuous yaw trajectory along the planned path to maintain stable feature tracks. We evaluate our method in simulation across environments with varying texture levels and in real-world indoor experiments with largely textureless walls. Compared to baselines that ignore feature quality and/or omit continuous yaw optimisation, our method achieves more reliable feature tracking, reduced odometry drift, and up to 48% higher coverage before odometry error exceeds specified thresholds.",,,,,,,,,0,,,,,,0,2,2,2377-3766,,,,,,English,,,,,,,,Tracking; Visualization; Trajectory; Optimization; Autonomous aerial vehicles; Odometry; Planning; Cameras; Fuels; Location awareness; View planning for SLAM; motion and path planning; aerial systems: perception and autonomy,,,,
J,"Daspan, A; Nimsongprasert, A; Srichai, P; Wiengchanda, P",,,,,"Srichai, Prathan/0000-0002-4992-2028",,,,,Implementation of Robot Operating System in Raspberry Pi 4 for Autonomous Landing Quadrotor on ArUco Marker,,,,,,,,INTERNATIONAL JOURNAL OF MECHANICAL ENGINEERING AND ROBOTICS RESEARCH,,,,12,4,,,210,215,,,,10.18178/ijmerr.12.4.210-215,,,,,,,Article,JUL,2023,"This article describes the novel design and implementation of the Robot Operating System (ROS) for the autonomous quadrotor landing on ArUco marker application. On a Raspberry Pi 4 companion computer, the ROS was set up using Ubuntu Mate 18.04. Then, to create communication between program nodes, ROS was put into practice together with autonomous landing. In the control approach, the Visual Inertial Odometry (VIO) technique, which uses vision -based localization, is employed to estimate the 3D posture. For computing the command control to direct movement quadrotor to landing on ArUco marker, the autolanding application is built. In experimental, 25 landing experiment trials were completed. The distance between the Drone's camera's center and the ArUco marker's center was calculated. In the results, the average distance accuracy during experimental validation was 11.12 cm, with a standard deviation of 3.67 cm.",,,,,,,,,5,,,,,,5,2,6,,2278-0149,,,,,English,,,,,,,,quadrotor; raspberry pi; autonomous landing; robot operating system; ArUco marker,,,,
J,"Shalaby, MA; Dahdah, N; Ahmed, SS; Cossette, CC; Le Ny, J; Forbes, JR",,,,"; Le Ny, Jerome/D-9586-2012","Shalaby, Mohammed/0000-0002-6145-6509; Cossette, Charles/0000-0002-9380-8361; Le Ny, Jerome/0000-0002-3417-4135; Dahdah, Nicholas/0009-0006-9846-7216",,,,,MILUV: A Multi-UAV Indoor Localization dataset with UWB and Vision,,,,,,,,INTERNATIONAL JOURNAL OF ROBOTICS RESEARCH,,,,45,11,,,1627,1647,,,,10.1177/02783649251405898,,,,,JAN 2026,,Article,SEP,2026,"This paper introduces MILUV, a Multi-UAV Indoor Localization dataset with UWB and Vision measurements. This dataset comprises 217 minutes of flight time over 36 experiments using three quadcopters, collecting ultra-wideband (UWB) ranging data such as the raw timestamps and channel-impulse response data, vision data from a stereo camera and a bottom-facing monocular camera, inertial measurement unit data, height measurements from a laser rangefinder, magnetometer data, and ground-truth poses from a motion-capture system. The UWB data is collected from up to 12 transceivers affixed to mobile robots and static tripods in both line-of-sight and non-line-of-sight conditions. The UAVs fly at a maximum speed of 4.418 m/s in an indoor environment with visual fiducial markers as features. MILUV is versatile and can be used for a wide range of applications beyond localization, but the primary purpose of MILUV is for testing and validating multi-robot UWB- and vision-based localization algorithms. The dataset can be downloaded at https://doi.org/10.25452/figshare.plus.28386041.v1. A development kit is presented alongside the MILUV dataset, which includes benchmarking algorithms such as visual-inertial odometry, UWB-based localization using an extended Kalman filter, and classification of CIR data using machine learning approaches. The development kit can be found at https://github.com/decargroup/miluv, and is supplemented with a website available at https://decargroup.github.io/miluv/.",,,,,,,,,3,,,,,,3,3,10,0278-3649,1741-3176,,,,,English,,,,,,,,ultra-wideband radio; vision; localization; multi-robot teams,,,,
J,"Zhang, PH; Chen, G; Li, YZ; Dong, W",,,,"; Li, Yuzhu/HHN-5062-2022","Dong, Wei/0000-0003-2640-1585; Li, Yuzhu/0000-0001-8065-2364; Chen, Gang/0000-0002-0124-2752",,,,,Agile Formation Control of Drone Flocking Enhanced With Active Vision-Based Relative Localization,,,,,,,,IEEE ROBOTICS AND AUTOMATION LETTERS,,,,7,3,,,6359,6366,,,,10.1109/LRA.2022.3171096,,,,,,,Article,JUL,2022,"The vision-based relative localization can provide effective feedback for the cooperation of aerial swarm and has been widely investigated in previous works. However, the limited field of view (FOV) inherently restricts its performance. To cope with this issue, we propose a novel distributed active vision-based relative localization framework and apply it to formation control in aerial swarms. Inspired by bird flocks in nature, we realize omnidirectional visual detection with a novel active vision structure and devise graph-based attention planning (GAP) to obtain the optimal observation target assignment for the swarm's active vision. Then active visual detection results are fused with onboard measurements from Ultra-WideBand (UWB) and visual-inertial odometry (VIO) to obtain real-time relative positions, which further improve the formation control performance of the swarm. Simulations and experiments demonstrate that the proposed active vision system outperforms the fixed vision system in terms of estimation and formation accuracy.",,,,,,,,,49,,,,,,54,4,75,2377-3766,,,,,,English,,,,,,,,Multi-robot systems; localization; omnidirectional vision,,,,
C,"Solin, A; Li, R; Pilzer, A",,,IEEE,"Solin, Arno/G-6859-2012; Li, Rui/PRG-3736-2026",,,,,,A Look at Improving Robustness in Visual-inertial SLAM by Moment Matching,,,,,,,,2022 25TH INTERNATIONAL CONFERENCE ON INFORMATION FUSION (FUSION 2022),,,,,,,,,,,,,,,,,,,,Proceedings Paper,,2022,"The fusion of camera sensor and inertial data is a leading method for ego-motion tracking in autonomous and smart devices. State estimation techniques that rely on nonlinear filtering are a strong paradigm for solving the associated information fusion task. The de facto inference method in this space is the celebrated extended Kalman filter (EKF), which relies on first-order linearizations of both the dynamical and measurement model. This paper takes a critical look at the practical implications and limitations posed by the EKF, especially under faulty visual feature associations and the presence of strong confounding noise. As an alternative, we revisit the assumed density formulation of Bayesian filtering and employ a moment matching (unscented Kalman filtering) approach to both visual-inertial odometry and visual SLAM. Our results highlight important aspects in robustness both in dynamics propagation and visual measurement updates, and we show state-of-the-art results on EuRoC MAV drone data benchmark.",,,,,25th International Conference of Information Fusion (FUSION),"JUL 04-07, 2022","William Demant Fdn,SAAB,Mitsubishi Elect Res Lab,Ericsson,Metron,Verizon,Nordic Inertial,UMS Skeldar,ACTIA Nordic,Arriver,NIRA Dynam,Int Soc Informat Fus,IEEE AESS,Linkoping,ACTIA,Real Labs Res","Linkoping, SWEDEN",2,,,,,,2,0,1,,,,,,,English,,,,,,,,,,,,
J,"Imran, A; Varadharajan, VS; Braga, RG; Beltrame, G; St-Onge, D",,,,"Beltrame, Giovanni/AGI-8030-2022",,,,,,Swarm robotics localization: comparing methods from infrared to foundation models,,,,,,,,SWARM INTELLIGENCE,,,,20,1,,,1,23,,,,10.1007/s11721-025-00256-z,,,,,,,Article,DEC 1,2026,"Efficient collaboration within a robot swarm relies on precise relative localization among swarm members. However, in real-world scenarios such as GNSS-denied indoor environments, achieving accurate localization becomes challenging due to the absence of a global reference frame. This study evaluates the relative localization accuracy and operational feasibility of four systems: infrared-based (IR), visual-inertial odometry (VIO), ultra-wideband (UWB), and a decentralized spatial foundation model. We conduct low-fidelity simulations using simplified sensor models with large number of robots and high-fidelity simulations with realistic sensor observations to assess each system's capability in supporting collective swarm behaviors. The systems are further validated through real-world experiments involving two swarms: one composed of five aerial robots and the other of five ground robots, performing three distinct collaborative behaviors. The results provide a comparative analysis of the systems, highlighting their estimation accuracy, communication overheads, and their impact on behavior performance.",,,,,,,,,0,,,,,,0,1,6,1935-3812,1935-3820,,,,,English,,,,,,,,Swarm robotics; Relative localization; Collective behaviors; Robotic simulatio,,,,
J,"Gallo, E; Barrientos, A",,,,"Gallo, Eduardo/IAO-0564-2023; Barrientos, Antonio/B-4053-2013","Gallo, Eduardo/0000-0002-7397-0425; Barrientos, Antonio/0000-0003-1691-3907",,,,,GNSS-Denied Semi-Direct Visual Navigation for Autonomous UAVs Aided by PI-Inspired Inertial Priors,,,,,,,,AEROSPACE,,,,10,3,,,,,220,,,10.3390/aerospace10030220,,,,,,,Article,MAR,2023,"This article proposes a method to diminish the horizontal position drift in the absence of GNSS (Global Navigation Satellite System) signals experienced by the VNS (Visual Navigation System) installed onboard a UAV (Unmanned Air Vehicle) by supplementing its pose estimation non-linear optimizations with priors based on the outputs of the INS (Inertial Navigation System). The method is inspired by a PI (Proportional Integral) control loop, in which the attitude and altitude inertial outputs act as targets to ensure that the visual estimations do not deviate past certain thresholds from their inertial counterparts. The resulting IA-VNS (Inertially Assisted Visual Navigation System) achieves major reductions in the horizontal position drift inherent to the GNSS-Denied navigation of autonomous UAVs. Stochastic high-fidelity Monte Carlo simulations of two representative scenarios involving the loss of GNSS signals are employed to evaluate the results and to analyze their sensitivity to the terrain type overflown by the aircraft. The authors release the C++ implementation of both the navigation algorithms and the high-fidelity simulation as open-source software.",,,,,,,,,5,,,,,,7,2,20,,2226-4310,,,,,English,,,,,,,,GNSS-Denied; visual inertial navigation; autonomous navigation; autonomy; UAV; optimization,,,,
J,"Matiki, T; Narazaki, Y; Chowdhary, G; Spencer, BF Jr",,,,"Chowdhary, Girish/S-8918-2019; /HPF-4195-2023",,,,,,Adaptive neural pose regression enabled by updatable graphics-based digital twin for robust UAV localization in GPS-denied civil infrastructure,,,,,,,,ROBOTICS AND AUTONOMOUS SYSTEMS,,,,204,,,,,,105570,,,10.1016/j.robot.2026.105570,,,,,,,Article,OCT,2026,"Autonomous inspection of civil structures using unmanned aerial vehicles (UAVs) offers a safer and more efficient alternative to manual methods; however, in GPS-denied environments, the absence of global positioning makes reliable navigation challenging and requires the use of onboard sensing. Conventional approaches such as Visual-Inertial Odometry (VIO) and Simultaneous Localization and Mapping (SLAM) estimate motion by tracking local features, but are susceptible to drift accumulation over time, even though loop closure can partially reduce this effect. Recent data-driven methods directly regress UAV poses from images, but their performance depends on large, accurately labeled datasets that are difficult to obtain in practice. To address this limitation, this study presents an updatable Graphics-Based Digital Twin (GBDT) that provides a globally referenced structural prior and generates synthetic image-pose datasets for training Siamese neural pose regressors for absolute pose estimation. The network embeds synthetic GBDT renders and real inspection images into a shared feature space, promoting reliance on geometric structure rather than appearance. To reduce the synthetic-to-real gap, geometric cues are emphasized through preprocessing while appearance variations are suppressed, and a geometric constraint loss enables indirect supervision on real images without ground-truth poses. By regressing poses relative to GBDT template views with known global poses, the method avoids cumulative drift and maintains consistent global alignment. Wireless communication between the UAV edge device and a base station enables real-time inference. Experiments on a custom-built drone demonstrate stable flight and improved global localization compared to the Intel T265 VIO-SLAM and RTAB-Map. As the GBDT is incrementally updated using inspection imagery, localization accuracy improves over successive deployments, enabling increasingly reliable autonomous UAV-based monitoring. Code is available at https://github.com/tmatiki2/GBDTpose/tree/main.",,,,,,,,,0,,,,,,0,5,5,0921-8890,1872-793X,,,,,English,,,,,,,,Unmanned aerial vehicles; Parametric pose estimation; SLAM; VIO; Digital twin; Computer vision,,,,
J,"Qian, ZH; Wang, YJ",,,,,,,,,,Intelligent Unmanned Aerial Vehicles for Low-altitude Economy: A Review of the Technology Framework and Future Prospects,,,,,,,,JOURNAL OF ELECTRONICS & INFORMATION TECHNOLOGY,,,,48,1,,,,,251246,,,10.11999/JEIT251246,,,,,,,Review,JAN,2026,"Significance The deep integration of new quality productive forces with the digital economy accelerates the development of the low-altitude economy and positions it as an emerging driver of global economic growth. Operating in airspace typically below 3 000 m, this industrial system supports diverse applications, including Unmanned Aerial Vehicle (UAV) logistics, Urban Air Mobility (UAM), industrial inspection, and public safety. Intelligent UAVs, characterized by cost efficiency, scalability, and autonomous capability, function as the core technical enabler of this ecosystem. Their deployment promotes a transition in aviation from centralized and isolated operation modes toward distributed, intelligent, and service-oriented aerial utilization. From a strategic perspective, intelligent UAVs contribute to industrial upgrading, urban infrastructure improvement, airspace security assurance, and regional economic development. Therefore, a systematic review and structured construction of an intelligent UAV technology framework is necessary to support future research, clarify key challenges, and promote sustained development of the low-altitude economy. Progress A holistic technology framework for intelligent UAVs is constructed, organized hierarchically from foundational technologies to application-oriented systems. The framework integrates four interrelated domains. Intelligent perception and navigation emphasize stable operation in complex environments through tightly coupled multi-sensor fusion and advanced state estimation methods, such as visual-inertial odometry, supported by multi-source adaptive positioning in Global Navigation Satellite System (GNSS)-denied scenarios. Wireless communication networks focus on reliable Beyond-Visual-Line-Of-Sight (BVLOS) connectivity by combining cellular network access, self-organizing flying ad hoc networks (FANETs) with intelligent topology control, and UAV-assisted edge computing for efficient resource scheduling. Autonomous decision-making and cooperative control evolve from classical rule-based approaches toward learning-based paradigms, where multi-agent reinforcement learning enables coordinated swarm behavior and adaptive task execution. Low-altitude security and airspace management provide essential system support through integrated detection and countermeasure technologies, supplemented by UAV cloud platforms and Unmanned aircraft system Traffic Management (UTM) for coordinated airspace operation. Conclusions The review indicates that UAVs are transitioning from isolated platforms to interconnected intelligent nodes embedded within the low-altitude economy system. Although substantial progress has been achieved across multiple technological domains, several critical challenges remain. Major technical constraints include maintaining communication reliability in complex low-altitude channels, addressing perception degradation in cluttered or deceptive environments, achieving robust autonomous cooperation under uncertainty, and overcoming the inherent limitations of existing energy and power technologies. These technical issues coexist with non-technical barriers, such as the establishment of adaptive regulatory and airspace governance frameworks, the formation of scalable and sustainable business models, and the enhancement of public acceptance. The analysis suggests that addressing these challenges requires deep integration of enabling technologies. A closed-loop evolution paradigm of challenge-driven -> technology fusion -> system construction -> feedback iteration is proposed to describe the intrinsic iterative logic of technological development and to provide methodological guidance for future research and engineering practice. Prospects Future intelligent UAV development is expected to concentrate on several strongly coupled directions. Intelligent holistic communication will advance through deep integration of air-ground-space networks and Integrated Sensing And Communication (ISAC), forming a proactive data environment that supports predictive resource management and resilient connectivity. Cognitive swarm intelligence will promote the transformation of UAV clusters into cooperative cognitive systems by combining large language models for task comprehension with multi-agent reinforcement learning for decentralized decision-making, enabling emergent collective intelligence. High-assurance autonomous security will rely on formal verification of artificial intelligence models, explainable decision mechanisms, and extensive application of digital twins for virtual validation and certification, thereby strengthening operational trust. In parallel, green and sustainable technologies will influence the full lifecycle of UAV systems, encouraging advances in high-energy-density power solutions, including solid-state batteries and hydrogen fuel cells, the use of environmentally friendly materials, and artificial intelligence-based optimization of energy consumption and acoustic performance, which together support the long-term sustainability of the low-altitude economy.",,,,,,,,,3,,,,,,3,54,64,1009-5896,,,,,,Chinese,,,,,,,,Low-altitude economy; Intelligent Unmanned Aerial Vehicle(UAV); Technology system; Closed-loop evolution paradigm,,,,
J,"Du, SY; Xu, MY; Fang, W; Xiong, ML; Liu, QW; Yi, P; Hong, YG",,,,"Xiong, Mingliang/HKE-4285-2023",,,,,,Integrated Resonant Beam and VIO for AAV Position and Attitude Sensing in Air-Ground Vehicular Network,,,,,,,,IEEE TRANSACTIONS ON VEHICULAR TECHNOLOGY,,,,75,5,,,8467,8481,,,,10.1109/TVT.2025.3628254,,,,,,,Article,MAY,2026,"In air-ground vehicular networks, autonomous aerial vehicles (AAVs) often serve as airborne communication relays or sensing nodes, where accurate position and attitude estimation is critical for ensuring stable beam alignment, reliable link establishment, and precise mission execution. However, in GNSS-denied or infrastructure-free environments, conventional visual-inertial odometry (VIO) systems suffer from cumulative drift over time and distance. To address this challenge, we propose a blueresonant beam sensing (RBS)-aided pose estimation method that leverages spatially separated laser cavities to extract relative positions and attitudes between AAVs. Specifically, we estimate the angle of arrival (AoA) of beam spots through resonant beam (RB) mapping and perform time-of-flight (ToF) ranging to compute relative poses, where pitch and yaw are directly obtained from AoA, and roll is estimated via a nonlinear optimization decoupled from VIO attitudes. Furthermore, we integrate RBS and VIO using a factor graph optimization framework, where sensor fusion is adaptively weighted based on measurement uncertainty and error models. Simulation results demonstrate that our method significantly improves relative attitude estimation in yaw and pitch dimensions, and enhances overall swarm localization accuracy by 22% to 39% with different swarm scales compared to VIO-only methods. Additionally, it outperforms existing VIO-UWB-Visual fusion approaches, achieving an accuracy gain of nearly 10%.",,,,,,,,,0,,,,,,0,5,5,0018-9545,1939-9359,,,,,English,,,,,,,,AAV swarm localization; resonant beam sensing; multi-sensor integration; factor graph optimization,,,,
C,"Mohsen, F; Safa, A",,,IEEE,,,,,,,Deep Fusion of Ultra-Low-Resolution Thermal Camera and Gyroscope Data for Lighting-Robust and Compute-Efficient Rotational Odometry,,,,,,,,"2025 IEEE/ACS 22ND INTERNATIONAL CONFERENCE ON COMPUTER SYSTEMS AND APPLICATIONS, AICCSA",,International Conference on Computer Systems and Applications,,,,,,,,,,,10.1109/AICCSA66935.2025.11315348,,,,,,,Proceedings Paper,,2025,"Accurate rotational odometry is crucial for autonomous robotic systems, particularly for small, power-constrained platforms such as drones and mobile robots. This study introduces thermal-gyro fusion, a novel sensor fusion approach that integrates ultra-low-resolution thermal imaging with gyroscope readings for rotational odometry. Unlike RGB cameras, thermal imaging is invariant to lighting conditions and, when fused with gyroscopic data, mitigates drift-a common limitation of inertial sensors. We first develop a multi-modal data acquisition system to collect synchronized thermal and gyroscope data, along with rotational speed labels, across diverse environments. Subsequently, we design and train a lightweight Convolutional Neural Network (CNN) that fuses both modalities for rotational speed estimation. Our analysis demonstrates that thermal-gyro fusion enables a significant reduction in thermal camera resolution without significantly compromising accuracy, thereby improving computational efficiency and memory utilization. These advantages make our approach well-suited for real-time deployment in resource-constrained robotic systems. Finally, to facilitate further research, we publicly release our dataset as supplementary material.",,,,,22nd International Conference on Computer Systems and Applications-AICCSA,"OCT 19-22, 2025",Institute of Electrical and Electronics Engineers Inc,QATAR,0,,,,,,0,0,0,2161-5322,,979-8-3315-5694-5; 979-8-3315-5693-8,,,,English,,,,,,,,Sensor fusion; thermal camera; odometry,,,,
J,"Bosello, M; Aguiari, D; Keuter, Y; Pallotta, E; Kiade, S; Caminati, G; Pinzarrone, F; Halepota, J; Panerati, J; Pau, G",,,,"Pau, Giovanni/PFR-3042-2026","Pau, Giovanni/0000-0003-2216-7170; Bosello, Michael/0000-0002-0647-072X; AGUIARI, DAVIDE/0000-0002-4204-2482; Pallotta, Enrico/0009-0003-9276-0540; Pinzarrone, Flavio/0009-0004-5526-852X; Panerati, Jacopo/0000-0003-2994-5422; Halepota, Muhammad Junaid/0009-0008-6870-3884; , Sara Kiade/0009-0006-7544-1435; Keuter, Yvo/0009-0005-7650-3872; , Gyordan Caminati/0009-0004-5385-6491",,,,,"Race Against the Machine: A Fully-Annotated, Open-Design Dataset of Autonomous and Piloted High-Speed Flight",,,,,,,,IEEE ROBOTICS AND AUTOMATION LETTERS,,,,9,4,,,3799,3806,,,,10.1109/LRA.2024.3371288,,,,,,,Article,APR,2024,"Unmanned aerial vehicles, and multi-rotors in particular, can now perform dexterous tasks in impervious environments, from infrastructure monitoring to emergency deliveries. Autonomous drone racing has emerged as an ideal benchmark to develop and evaluate these capabilities. Its challenges include accurate and robust visual-inertial odometry during aggressive maneuvers, complex aerodynamics, and constrained computational resources. As researchers increasingly channel their efforts into it, they also need the tools to timely and equitably compare their results and advances. With this dataset, we want to (i) support the development of new methods and (ii) establish quantitative comparisons for approaches originating from the broader robotics and artificial intelligence communities. We want to provide a one-stop resource that is comprehensive of (i) aggressive autonomous and piloted flight, (ii) high-resolution, high-frequency visual, inertial, and motion capture data, (iii) commands and control inputs, (iv) multiple light settings, and (v) corner-level labeling of drone racing gates. We also release the complete specifications to recreate our flight platform, using commercial off-the-shelf components and the open-source flight controller Betaflight, to democratize drone racing research.",,,,,,,,,4,,,,,,5,0,9,2377-3766,,,,,,English,,,,,,,,Aerial systems: perception and autonomy; data sets for robot learning; data sets for robotic vision,,,,
J,"Song, S; Lim, H; Lee, AJ; Myung, H",,,,"Myung, Hyun/C-1698-2011; Song, Seungwon/AEP-5030-2022; Lee, Junho/IWM-0928-2023","Myung, Hyun/0000-0002-5799-2026; Song, Seungwon/0000-0002-3394-8936; Lim, Hyungtae/0000-0002-7185-4666; Lee, Alex/0000-0001-5638-7417",,,,,DynaVINS: A Visual-Inertial SLAM for Dynamic Environments,,,,,,,,IEEE ROBOTICS AND AUTOMATION LETTERS,,,,7,4,,,11523,11530,,,,10.1109/LRA.2022.3203231,,,,,,,Article,OCT,2022,"Visual inertial odometry and SLAM algorithms are widely used in various fields, such as service robots, drones, and autonomous vehicles. Most of the SLAM algorithms are based on assumption that landmarks are static. However, in the real-world, various dynamic objects exist, and they degrade the pose estimation accuracy. In addition, temporarily static objects, which are static during observation but move when they are out of sight, trigger false positive loop closings. To overcome these problems, we propose a novel visual-inertial SLAM framework, called DynaVINS, which is robust against both dynamic objects and temporarily static objects. In our framework, we first present a robust bundle adjustment that could reject the features from dynamic objects by leveraging pose priors estimated by the IMU preintegration. Then, a keyframe grouping and a multi-hypothesis-based constraints grouping methods are proposed to reduce the effect of temporarily static objects in the loop closing. Subsequently, we evaluated our method in a public dataset that contains numerous dynamic objects. Finally, the experimental results corroborate that our DynaVINS has promising performance compared with other state-of-the-art methods by successfully rejecting the effect of dynamic and temporarily static objects.",,,,,,,,,123,,,,,,142,4,147,2377-3766,,,,,,English,,,,,,,,Visual-inertial SLAM; SLAM; visual tracking,,,,
C,"Römer, R; Emmert, T; Schoellig, AP",,,,"Schoellig, Angela/D-2358-2016",,"Ott, C",,,,Flying through Moving Gates without Full State Estimation,,,,,,,,2025 IEEE INTERNATIONAL CONFERENCE ON ROBOTICS AND AUTOMATION (ICRA),,,,,,,,9906,9912,,,,10.1109/ICRA55743.2025.11127465,,,,,,,Proceedings Paper,,2025,"Autonomous drone racing requires powerful perception, planning, and control and has become a benchmark and test field for autonomous, agile flight. Existing work usually assumes static race tracks with known maps, which enables offline planning of time-optimal trajectories, performing localization to the gates to reduce the drift in visual-inertial odometry (VIO) for state estimation or training learningbased methods for the particular race track and operating environment. In contrast, many real-world tasks like disaster response or delivery need to be performed in unknown and dynamic environments. To make drone racing more robust against unseen environments and moving gates, we propose a control algorithm that operates without a race track map or VIO, relying solely on monocular measurements of the line of sight to the gates. For this purpose, we adopt the law of proportional navigation (PN) to accurately fly through the gates despite gate motions or wind. We formulate the PN-informed vision-based control problem for drone racing as a constrained optimization problem and derive a closedform optimal solution. Through simulations and real-world experiments, we demonstrate that our algorithm can navigate through moving gates at high speeds while being robust to different gate movements, model errors, wind, and delays.",,,,,2025 International Conference on Robotics and Automation-ICRA-Annual,"MAY 19-23, 2025",Institute of Electrical and Electronics Engineers Inc,"Atlanta, GA",0,,,,,,0,0,0,,,979-8-3315-4140-8; 979-8-3315-4139-2,,,,English,,,,,,,,,,,,
J,"Cai, YY; Jing, WY; Ren, JN; Bai, HD; Li, SM; Sun, Y; Xie, M",,,,,,,,,,ESKF-g2o-SLAM: A Stereo Visual-Inertial SLAM with ORB Features and ESKF-Based VIO,,,,,,,,ELECTRONICS,,,,15,12,,,,,2599,,,10.3390/electronics15122599,,,,,JUN 2026,,Article,JUN 12,2026,"With the development of the low-altitude economy, low-altitude intelligent agents such as delivery robots, courier drones, and outdoor cleaning robots are gradually moving towards widespread application. One of the core challenges faced by such systems is localization and mapping in complex scenarios characterized by satellite signal denial and unknown environmental prior information. To address this requirement, this paper proposes ESKF-g2o-SLAM, a stereo visual-inertial SLAM system that integrates an ESKF (Error-State Kalman Filter)-based visual-inertial odometry front-end with an ORB-feature-based g2o graph optimization back-end in a cascaded, loosely coupled manner. The proposed method was evaluated on 11 sequences of the EuRoC dataset and compared with state-of-the-art approaches including ORB-SLAM2 (stereo), MSCKF-VIO, OKVIS, and VINS-Fusion (stereo). Ablation studies show marginal improvements on selected sequences and suggest potential robustness advantages under more challenging visual conditions. Experimental results show that our method achieves competitive accuracy in terms of both Absolute Trajectory Error (ATE) and Relative Pose Error (RPE), exhibiting good robustness and stability.",,,,,,,,,0,,,,,,0,4,4,2079-9292,,,,,,English,,,,,,,,low-altitude robots; visual-inertial SLAM; ESKF; graph optimization,,,,
J,"Xu, H; Zhang, YC; Zhou, BY; Wang, LQ; Yao, XJ; Meng, GT; Shen, SJ",,,,"; ZHANG, Yichen/KIA-6085-2024","Meng, Guotao/0000-0001-9496-7770; ZHANG, Yichen/0000-0003-4067-8820; Zhou, Boyu/0000-0002-4125-7481; Yao, Xinjie/0000-0002-4206-3101; Wang, Luqi/0000-0003-4180-1333",,,,,Omni-Swarm: A Decentralized Omnidirectional Visual-Inertial-UWB State Estimation System for Aerial Swarms,,,,,,,,IEEE TRANSACTIONS ON ROBOTICS,,,,38,6,,,3374,3394,,,,10.1109/TRO.2022.3182503,,,,,JUL 2022,,Article,DEC,2022,"Decentralized state estimation is one of the most fundamental components of autonomous aerial swarm systems in GPS-denied areas; yet, it remains a highly challenging research topic. Omni-swarm, a decentralized omnidirectional visual-inertial-ultrawideband (UWB) state estimation system for aerial swarms, is proposed in this article to address this research niche. To solve the issues of observability, complicated initialization, insufficient accuracy, and lack of global consistency, we introduce an omnidirectional perception front end in Omni-swarm. It consists of stereo wide-field-of-view cameras and UWB sensors, visual-inertial odometry, multidrone map-based localization, and visual drone tracking algorithms. The measurements from the front end are fused with graph-based optimization in the back end. The proposed method achieves centimeter-level relative state estimation accuracy while guaranteeing global consistency in the aerial swarm, as evidenced by the experimental results. Moreover, supported by Omni-swarm, interdrone collision avoidance can be accomplished without any external devices, demonstrating the potential of Omni-swarm as the foundation of autonomous aerial swarms.",,,,,,,,,134,,,,,,156,4,97,1552-3098,1941-0468,,,,,English,,,,,,,,Drones; State estimation; Location awareness; Visualization; Estimation; Cameras; Observability; Aerial systems; multirobot systems; perception and autonomy; sensor fusion; swarms,,,,
J,"Shpagin, P; Panchenko, T",,,,"Panchenko, Taras/AAY-2285-2020",,,,,,NaviLoc: Trajectory-Level Visual Localization for GNSS-Denied UAV Navigation,,,,,,,,DRONES,,,,10,2,,,,,97,,,10.3390/drones10020097,,,,,,,Article,JAN 29,2026,"Highlights What are the main findings? NaviLoc enables training-free GNSS-denied aerial-to-satellite localization using trajectory-level fusion of image matching and motion sensing. On low-altitude (50-150 m) rural UAV flights, NaviLoc achieves a 19.5 m Mean Localization Error (16.0 & times; better than prior state-of-the-art). What are the implications of the main finding? Trajectory-level optimization handles visually repetitive rural environments, enabling reliable GPS-free navigation. The lightweight algorithm enables real-time CPU-only deployment (9 FPS on Raspberry Pi 5), supporting embedded autonomy.Highlights What are the main findings? NaviLoc enables training-free GNSS-denied aerial-to-satellite localization using trajectory-level fusion of image matching and motion sensing. On low-altitude (50-150 m) rural UAV flights, NaviLoc achieves a 19.5 m Mean Localization Error (16.0 & times; better than prior state-of-the-art). What are the implications of the main finding? Trajectory-level optimization handles visually repetitive rural environments, enabling reliable GPS-free navigation. The lightweight algorithm enables real-time CPU-only deployment (9 FPS on Raspberry Pi 5), supporting embedded autonomy.Abstract Aerial-to-satellite visual localization enables GNSS-denied UAV navigation, but the appearance gap between low-altitude (50-150 m) UAV imagery and nadir satellite tiles makes per-frame Visual Place Recognition (VPR) unreliable. Under perceptual aliasing, high-similarity matches are often geographically inconsistent, so na & iuml;ve anchoring fails. We introduce NaviLoc, a training-free three-stage trajectory-level estimator that treats VPR as a noisy measurement source and exploits Visual-Inertial Odometry (VIO) as a relative-motion prior. Stage 1 (Global Align) estimates a global SE(2) transform by maximizing an explicit trajectory-level similarity objective. Stage 2 (Refinement) performs sliding-window bounded weighted Procrustes updates. Stage 3 (Smoothing) computes a strictly convex MAP trajectory estimate that fuses VIO displacements with VPR anchors while clamping detected outliers. On a challenging low-altitude rural UAV benchmark, NaviLoc attains 19.5 m Mean Localization Error (MLE)-a 16.0 & times; reduction compared to state-of-the-art localization method AnyLoc-VLAD, and 32.1 & times; compared to raw VIO drift. End-to-end inference runs at 9 FPS on Raspberry Pi 5, enabling real-time embedded deployment.",,,,,,,,,0,,,,,,0,3,4,,2504-446X,,,,,English,,,,,,,,visual localization; UAV navigation; Visual Place Recognition; GNSS-denied navigation; satellite imagery; trajectory optimization; robust estimation,,,,
J,"Dutta, S; Gupta, A; Saran, V; Zakhor, A",,,,"zakhor, avideh/GYA-1602-2022","zakhor, avideh/0000-0003-4770-6353; Saran, Varun/0000-0002-4994-6652; Gupta, Aayush/0009-0004-7888-0498",,,,,Vision-Guided Outdoor Flight and Obstacle Evasion via Reinforcement Learning,,,,,,,,IEEE ROBOTICS AND AUTOMATION LETTERS,,,,11,2,,,1202,1209,,,,10.1109/LRA.2025.3641120,,,,,,,Article,FEB,2026,"Although quadcopters boast impressive traversal capabilities enabled by their omnidirectional maneuverability, the need for continuous pilot control in complex environments impedes their application in GNSS and telemetry-denied scenarios. To this end, we propose a novel sensorimotor policy that uses stereo-vision depth and visual-inertial odometry (VIO) to autonomously navigate through obstacles in an unknown environment to reach a goal point. The policy is comprised of a pre-trained autoencoder as the perception head followed by a planning and control LSTM network which outputs velocity commands that can be followed by an off-the-shelf commercial drone. We leverage reinforcement and privileged learning paradigms to train the policy in simulation through a two-stage process: 1) initial training with optimal trajectories generated by a global motion planner acting as a supervisory backbone, 2) further fine-tuning in a curriculum environment. To bridge the sim-to-real gap, we employ domain randomization and reward shaping to create a policy that is both robust to noise and domain shift. In outdoor experiments, our approach achieves successful zero-shot transfer to both obstacle environments and a drone platform that were never encountered during training.",,,,,,,,,1,,,,,,1,7,15,2377-3766,,,,,,English,,,,,,,,Drones; Training; Trajectory; Long short term memory; Navigation; Autoencoders; Reinforcement learning; Imitation learning; Feature extraction; Vectors; Aerial Systems: Perception and Autonomy; Reinforcement Learning; Vision-Based Navigation,,,,
C,"Bahrami, R; Jafarnejadsani, H",,,IEEE,"Bahrami, Rayan/NUP-3391-2025",,,,,,Multi-Robot Coordination with Adversarial Perception,,,,,,,,"2025 INTERNATIONAL CONFERENCE ON UNMANNED AIRCRAFT SYSTEMS, ICUAS",,International Conference on Unmanned Aircraft Systems,,,,,,370,377,,,,10.1109/ICUAS65942.2025.11007832,,,,,,,Proceedings Paper,,2025,"This paper investigates the resilience of perception-based multi-robot coordination with wireless communication to online adversarial perception. A systematic study of this problem is essential for many safety-critical robotic applications that rely on the measurements from learned perception modules. We consider a (small) team of quadrotor robots that rely only on an Inertial Measurement Unit (IMU) and the visual data measurements obtained from a learned multi-task perception module (e.g., object detection) for downstream tasks, including relative localization and coordination. We focus on a class of adversarial perception attacks that cause misclassification, mislocalization, and latency. We propose that the effects of adversarial misclassification and mislocalization can be modeled as sporadic (intermittent) and spurious measurement data for the downstream tasks. To address this, we present a framework for resilience analysis of multi-robot coordination with adversarial measurements. The framework integrates data from Visual-Inertial Odometry (VIO) and the learned perception model for robust relative localization and state estimation in the presence of adversarially sporadic and spurious measurements. The framework allows for quantifying the degradation in system observability and stability in relation to the success rate of adversarial perception. Finally, experimental results on a multi-robot platform demonstrate the real-world applicability of our methodology for resource-constrained robotic platforms.",,,,,2025 International Conference on Unmanned Aircraft Systems-ICUAS-Annual,"MAY 14-17, 2025",Institute of Electrical and Electronics Engineers Inc,"Charlotte, NC",0,,,,,,0,0,0,2373-6720,,979-8-3315-1329-0; 979-8-3315-1328-3,,,,English,,,,,,,,,,,,
C,"Lew, T; Emmei, T; Fan, DD; Bartlett, T; Santamaria-Navarro, A; Thakker, R; Agha-mohammadi, AA",,,,"/G-5584-2017; Thakker, Rohan/GPK-6082-2022",,"Asfour, T; Yoshida, E; Park, J; Christensen, H; Khatib, O",,,,Contact Inertial Odometry: Collisions are your Friends,,,,,,,,ROBOTICS RESEARCH: THE 19TH INTERNATIONAL SYMPOSIUM ISRR,,Springer Proceedings in Advanced Robotics,,20,,,,938,958,,,,10.1007/978-3-030-95459-8_58,,,,,,,Proceedings Paper,,2022,"Autonomous exploration of unknown environments with aerial vehicles remains a challenge, especially in perceptually degraded conditions. Dust, fog, or a lack of visual or LiDAR-based features results in severe difficulties for state estimation algorithms, which failure can be catastrophic. In this work, we show that it is indeed possible to navigate in such conditions without any extero-ceptive sensing by exploiting collisions instead of treating them as constraints. To this end, we present a novel contact-based inertial odometry (CIO) algorithm: it uses estimated external forces with the environment to detect collisions and generate pseudo-measurements of the robot velocity, enabling autonomous flight. To fully exploit this method, we first perform modeling of a hybrid ground and aerial vehicle which can withstand collisions at moderate speeds, for which we develop an external wrench estimation algorithm. Then, we present our CIO algorithm and develop a reactive planner and control law which encourage exploration by bouncing off obstacles. All components of this framework are validated in hardware experiments and we demonstrate that a quadrotor can traverse a cluttered environment using an IMU only. This work can be used on drones to recover from visual inertial odometry failure or on micro-drones that do not have the payload capacity to carry cameras, LiDARs or powerful computers.",,,,,19th International Symposium of Robotics Research (ISRR),"OCT 06-10, 2019",Int Fdn Robot Res,"Hanoi, VIETNAM",3,,,,,,5,0,5,2511-1256,2511-1264,978-3-030-95459-8; 978-3-030-95458-1,,,,English,,,,,,,,,,,,
J,"Li, Y; Zhao, AK; Wang, YJ; Xu, ZY; Zhou, X; Xu, C; Zhou, JN; Gao, F",,,,"; Zhao, Anke/OTG-7095-2025",", YangQian/0009-0005-9715-830X; Zhao, Anke/0009-0009-1893-1536; Zhou, Xin/0000-0001-5484-205X;",,,,,FACT: Fast and Active Coordinate Initialization for Vision-Based Drone Swarms,,,,,,,,IEEE ROBOTICS AND AUTOMATION LETTERS,,,,10,2,,,931,938,,,,10.1109/LRA.2024.3518101,,,,,,,Article,FEB,2025,"Coordinate initialization is the first step in accomplishing collaborative tasks within robot swarms, determining the quality of tasks. However, fast and robust coordinate initialization in vision-based drone swarms remains elusive. To this end, our letter proposes a complete system for initial relative pose estimation, including both relative state estimation and active planning. Particularly, our work fuses onboard visual-inertial odometry with vision-based observations generating bearing and range measurements, which are anonymous, partially mutual, and noisy. It is the first method based on convex optimization to initialize coordinates with vision-based observations. Additionally, we designed a lightweight module to actively control the movement of robots for observation acquisition and collision avoidance. With only stereo cameras and inertial measurement units as sensors, we validate the practicability of our system in simulations and real-world areas with obstacles and without signals from the Global Navigation Satellite System. Compared to methods based on local optimization and filters, our system can achieve the global optimum for coordinate initialization more stably and quickly, which is suitable for robots with size, weight, and power constraints. The source code is released for reference.",,,,,,,,,5,,,,,,5,2,30,2377-3766,,,,,,English,,,,,,,,Robots; Robot kinematics; Drones; Estimation; Pose estimation; Planning; Collision avoidance; Optimization; Sensors; Global navigation satellite system; Aerial systems; perception and autonomy; swarm robotics; vision-based navigation,,,,
J,"Zou, R; Cannici, M; Scaramuzza, D",,,,,,,,,,Event-Aided Sharp Radiance Field Reconstruction for Fast-Flying Drones,,,,,,,,IEEE TRANSACTIONS ON ROBOTICS,,,,42,,,,1591,1606,,,,10.1109/TRO.2026.3672537,,,,,,,Article,,2026,"Fast-flying aerial robots promise rapid inspection under limited battery constraints, with direct applications in infrastructure inspection, terrain exploration, and search and rescue. However, high speeds lead to severe motion blur in images and induce significant drift and noise in pose estimates, making dense 3-D reconstruction with neural radiance fields (NeRFs) particularly challenging due to their high sensitivity to such degradations. In this work, we present a unified framework that leverages asynchronous event streams alongside motionblurred frames to reconstruct highfidelity radiance fields from agile drone flights. By embedding event image fusion into NeRF optimization and jointly refining event-based visual inertial odometry priors using both event and frame modalities, our method recovers sharp radiance fields and accurate camera trajectories without groundtruth supervision. We validate our approach on both synthetic data and realworld sequences captured by a fastflying drone. Despite highly dynamic drone flights, where RGB frames are severely degraded by motion blur and pose priors become unreliable, our method reconstructs high-fidelity radiance fields and preserves fine scene details, delivering a performance gain of over 50% on real-world data compared to state-of-the-art methods.",,,,,,,,,0,,,,,,0,1,1,1552-3098,1941-0468,,,,,English,,,,,,,,Image reconstruction; Three-dimensional displays; Cameras; Robots; Trajectory; Neural radiance field; Drones; Deblurring; Accuracy; Robot sensing systems; 3-D reconstruction; event cameras; high-speed aerial robotics; motion deblurring; neural radiance fields (NeRFs),,,,
J,"Yang, L; Li, B; Li, W; Brand, H; Jiang, B; Xiao, JZ",,,,,"xiao, jizhong/0000-0003-2398-7330",,,,,Concrete defects inspection and 3D mapping using CityFlyer quadrotor robot,,,,,,,,IEEE-CAA JOURNAL OF AUTOMATICA SINICA,,,,7,4,,,991,1002,,,,10.1109/JAS.2020.1003234,,,,,,,Article,JUL,2020,"The concrete aging problem has gained more attention in recent years as more bridges and tunnels in the United States lack proper maintenance. Though the Federal Highway Administration requires these public concrete structures to be inspected regularly, on-site manual inspection by human operators is time-consuming and labor-intensive. Conventional inspection approaches for concrete inspection, using RGB image-based thresholding methods, are not able to determine metric information as well as accurate location information for assessed defects for conditions. To address this challenge, we propose a deep neural network (DNN) based concrete inspection system using a quadrotor flying robot (referred to as CityFlyer) mounted with an RGB-D camera. The inspection system introduces several novel modules. Firstly, a visual-inertial fusion approach is introduced to perform camera and robot positioning and structure 3D metric reconstruction. The reconstructed map is used to retrieve the location and metric information of the defects. Secondly, we introduce a DNN model, namely AdaNet, to detect concrete spalling and cracking, with the capability of maintaining robustness under various distances between the camera and concrete surface. In order to train the model, we craft a new dataset, i.e., the concrete structure spalling and cracking (CSSC) dataset, which is released publicly to the research community. Finally, we introduce a 3D semantic mapping method using the annotated framework to reconstruct the concrete structure for visualization. We performed comparative studies and demonstrated that our AdaNet can achieve 8.41% higher detection accuracy than ResNets and VGGs. Moreover, we conducted five field tests, of which three are manual hand-held tests and two are drone-based field tests. These results indicate that our system is capable of performing metric field inspection, and can serve as an effective tool for civil engineers.",,,,,,,,,65,,,,,,69,1,98,2329-9266,2329-9274,,,,,English,,,,,,,,3D reconstruction; concrete inspection; deep neural network; quadrotor flying robot; visual-inertial fusion,,,,
J,"Xie, J; He, XF; Mao, J; Zhang, LL; Hu, XP",,,,"Zhang, Lilian/JTT-5577-2023",,,,,,C2VIR-SLAM: Centralized Collaborative Visual-Inertial-Range Simultaneous Localization and Mapping,,,,,,,,DRONES,,,,6,11,,,,,312,,,10.3390/drones6110312,,,,,,,Article,NOV,2022,"Collaborative simultaneous localization and mapping have a great impact on various applications such as search-and-rescue and agriculture. For each agent, the key to performing collaboration is to measure the motion relative to other participants or external anchors; currently, this is mainly accompanied by (1) matching to the shared maps from other agents or (2) measuring the range to anchors with UWB devices. While requiring multiple agents to visit the same area can decrease the task efficiency and anchors demand a distribution process, this paper proposes to use a monocular camera, an inertial measurement unit (IMU), and a UWB device as the onboard sensors on each agent to build an accurate and efficient centralized collaborative SLAM system. For each participant, visual-inertial odometry is adopted to estimate the motion parameters and build a local map of the explored areas. The agent-to-agent range is measured by the onboard UWB and is published to the central server together with the estimated motion parameters and the reconstructed maps. We designed a global optimization algorithm to make use of the cross-agent map match information detected by a visual place technique, and the agent-to-agent range information to optimize the motion parameter of all the participants and merge the local maps into a global map. Compared with existing collaborative SLAM systems, the proposed system can perform collaboration with onboard UWB measurements only, vision only, and a combination of these; this greatly improves the adaptiveness and robustness of the collaborative system. We also present an in-depth analysis of C2VIR-SLAM in multiple UAV real-flight datasets.",,,,,,,,,9,,,,,,9,1,68,,2504-446X,,,,,English,,,,,,,,collaborative SLAM; visual-inertia SLAM; multi-robot system,,,,
J,"Wang, HY; Guo, RS; Ma, PT; Ruan, CY; Luo, XY; Ding, WH; Zhong, TY; Xu, JG; Liu, YH; Chen, XL",,,,"Ruan, Ciyu/PSM-7176-2026","Ma, Pengtao/0009-0008-4801-6470",,,,,"Event Camera Meets Mobile Embodied Perception: Abstraction, Algorithm, Acceleration, Application",,,,,,,,ACM COMPUTING SURVEYS,,,,58,8,,,,,206,,,10.1145/3786332,,,,,,,Article,JUN,2026,"With the evolution of mobile embodied intelligence, agents such as drones and autonomous robots are transitioning toward high agility. This shift imposes stringent demands on embodied perception, requiring high-accuracy and low-latency feedback loops for reliable interaction. Event-based vision has emerged as a transformative paradigm. Its microsecond-level temporal resolution and high dynamic range render it ideal for embodied perception tasks on high-agility mobile platforms. However, asynchronous nature, substantial noise, lack of persistent semantic information, and large data volume pose challenges for processing on resource-constrained mobile agents. This article surveys the literature from 2014-2025 and presents a comprehensive overview of event-based mobile embodied perception. We organize review around four key pillars: event abstraction methods, perception algorithm advancements, hardware and software acceleration strategies, and mobile applications. We discuss critical tasks including visual odometry, object tracking, optical flow, and 3D reconstruction, while highlighting challenges associated with sensor fusion and real-time deployment. Furthermore, we outline future research directions, such as improving event cameras with advanced optics and leveraging neuromorphic computing for efficient processing. To support ongoing research, we provide an open-source Online Sheet with recent developments. We hope this survey serves as a reference, facilitating adoption of event-based vision across diverse mobile embodied applications.",,,,,,,,,13,,,,,,13,11,16,0360-0300,1557-7341,,,,,English,,,,,,,,Embodied AI; mobile embodied perception; event camera; event-based vision,,,,
C,"Turci, L; Vitiello, F; Causa, F; Opromolla, R; Fasano, G",,,IEEE,"Vitiello, Federica/LNQ-8991-2024; Causa, Flavia/AFM-5355-2022; Opromolla, Roberto/M-1585-2016; Fasano, Giancarmine/JWA-6282-2024","Opromolla, Roberto/0000-0003-4448-7490;",,,,,Comparison of Visual-Inertial Sensor Fusion Techniques for GNSS-Resilient Navigation,,,,,,,,"2024 AIAA DATC/IEEE 43RD DIGITAL AVIONICS SYSTEMS CONFERENCE, DASC",,IEEE-AIAA Digital Avionics Systems Conference,,,,,,,,,,,10.1109/DASC62030.2024.10748659,,,,,,,Proceedings Paper,,2024,"This paper analyzes and compares different visual-inertial (V-INS) sensor fusion strategies, conceived to enable GNSS-resilient navigation of Unmanned Aerial Vehicles (UAV). The strategies share the same data fusion architecture, based on a loosely coupled Extended Kalman Filter (EKF), but have variable characteristics concerning the image processing and pose estimation pipelines. Specifically, four different geolocation strategies are investigated to retrieve range information about the detected visual features in the observed scene, exploiting a flat Earth assumption, a local flat Earth assumption, a Digital Elevation Model (DEM) intersection and a triangulation method, respectively. The latter approach, in particular, does not require any geometrical assumption or any a priori knowledge on the observed scene. Furthermore, an original approach to provide the EKF with a consistent estimate of the covariance associated to the visual-based pose solution is proposed. The navigation performance is evaluated by means of numerical simulations reproducing a straight trajectory with hovering and a curved trajectory, both over an almost flat and a mountain scenario. In the best case of the flat scenario, the percentage error on the position estimate, computed with respect to the UAV traveled distance, is less than 0.15%, and the error on the attitude angles estimate is less than 0.08 degrees, while the Root Mean Square (RMS) values of the same quantities are about 0.09% and 0.04 degrees, respectively. In the mountain scenario the performance is degraded but the maximum errors are still kept approximately within 1% and 1 degrees, respectively.",,,,,43rd AIAA DATC/IEEE Digital Avionics Systems Conference,"SEP 29-OCT 03, 2024","Institute of Electrical and Electronics Engineers Inc,The Boeing Co,Southwest Research Institute (SwRI)","San Diego, CA",3,,,,,,3,0,0,2155-7195,,979-8-3503-4961-0; 979-8-3503-4962-7,,,,English,,,,,,,,visual odometry; feature geolocation; visual-inertial navigation; sensor fusion; covariance,,,,
C,"Mahdavi, MM; Sakhaee, MM; Alasty, A",,,,"Alasty, Aria/O-7476-2019",,"Delavar, MR; Pahlavani, P; Hasanlou, M",,,,Condition-Based LSTM for Residual Calculation of Optical Flow,,,,,,,,"INTERNATIONAL ARCHIVES OF THE PHOTOGRAMMETRY, REMOTE SENSING AND SPATIAL INFORMATION SCIENCES, VOLUME XLVIII-4/W22-2025",,,,,,,,37,44,,,,10.5194/isprs-archives-XLVIII-4-W22-2025-37-2026,,,,,,,Proceedings Paper,,2025,"Accurate state estimation for autonomous unmanned aerial vehicles ( UAVs) is essential in GPS-denied environments, such as in indoor tasks. In these situations, Inertial Navigation Systems (INS) perform well in the short term with good accuracy, but they suffer from accumulated error (drift) caused by sensors' noise and bias. Optical flow (OF) is often utilized to correct this drift by estimating lateral velocity from the motion of images; however, OF is degraded by gyroscope errors when the UAV performs aggressive turns or high-acceleration maneuvers. This paper proposes a lightweight, condition-based Long Short-Term Memory (LSTM) neural network to correct these errors. The LSTM model will identify and correct systematic OF velocity errors when the UAV is performing aggressive maneuvers and it is triggered by applying a hysteresis gate that monitors the magnitude of gyroscope readings. This way, the LSTM is only active in scenarios where OF measurements are less reliable. This approach preserves the efficiency of classical methods and prevents any degradation of system performance during stable flight. Several test scenarios were conducted in the Gazebo simulation environment to evaluate the performance of the algorithm. Overall, the INS/OF/LSTM framework reduces trajectory root mean square error (RMSE) by 63.77 % and velocity RMSE by 28.94 % compared to a typical INS/OF pipeline on average across all test scenarios. This paper demonstrates that condition-based LSTM networks increase the accuracy and reliability of classical optical flow-based velocity estimation used in UAV applications.",,,,,8th Geospatial Conference,"DEC 15-17, 2025",International Society for Photogrammetry and Remote Sensing,"Tehran, IRAN",0,,,,,,0,0,0,,,,,,,English,,,,,,,,Optical Flow; LSTM; Extended Kalman Filter; Visual-inertial fusion; Monocular Vision,,,,
J,"Yusefi, A; Durdu, A; Aslan, MF; Sungur, C",,,,"Yusefi, Abdullah/GVT-0630-2022; ASLAN, Muhammet Fatih/V-8019-2017; Durdu, Akif/AAQ-4344-2020","Yusefi, Abdullah/0000-0001-7557-8526; ASLAN, Muhammet Fatih/0000-0001-7549-0137; Sungur, Cemil/0000-0003-2340-6225; Durdu, Akif/0000-0002-5611-2322",,,,,LSTM and Filter Based Comparison Analysis for Indoor Global Localization in UAVs,,,,,,,,IEEE ACCESS,,,,9,,,,10054,10069,,,,10.1109/ACCESS.2021.3049896,,,,,,,Article,,2021,"Deep learning (DL) based localization and Simultaneous Localization and Mapping (SLAM) has recently gained considerable attention demonstrating remarkable results. Instead of constructing hand-crafted algorithms through geometric theories, DL based solutions provide a data-driven solution to the problem. Taking advantage of large amounts of training data and computing capacity, these approaches are increasingly developing into a new field that offers accurate and robust localization systems. In this work, the problem of global localization for unmanned aerial vehicles (UAVs) is analyzed by proposing a sequential, end-to-end, and multimodal deep neural network based monocular visual-inertial localization framework. More specifically, the proposed neural network architecture is three-fold; a visual feature extractor convNet network, a small IMU integrator bi-directional long short-term memory (LSTM), and a global pose regressor bi-directional LSTM network for pose estimation. In addition, by fusing the traditional IMU filtering methods instead of LSTM with the convNet, a more time-efficient deep pose estimation framework is presented. It is worth pointing out that the focus in this study is to evaluate the precision and efficiency of visual-inertial (VI) based localization approaches concerning indoor scenarios. The proposed deep global localization is compared with the various state-of-the-art algorithms on indoor UAV datasets, simulation environments and real-world drone experiments in terms of accuracy and time-efficiency. In addition, the comparison of IMU-LSTM and IMU-Filter based pose estimators is also provided by a detailed analysis. Experimental results show that the proposed filter-based approach combined with a DL approach has promising performance in terms of accuracy and time efficiency in indoor localization of UAVs.",,,,,,,,,31,,,,,,32,1,54,2169-3536,,,,,,English,,,,,,,,Location awareness; Cameras; Feature extraction; Visualization; Pose estimation; Simultaneous localization and mapping; Robot vision systems; Global localization; pose estimation; recurrent convolutional neural networks; bi-directional LSTM; VIO,,,,
C,"Bai, XW; Zhang, B; Wen, WS; Hsu, LT; Li, HY",,,IEEE,"Hsu, Li-Ta/I-9078-2014; Zhang, Bo/ABH-7966-2020","BAI, Xiwei/0000-0002-9659-3570; WEN, Weisong/0000-0003-4158-0913;",,,,,Perception-aided Visual-Inertial Integrated Positioning in Dynamic Urban Areas,,,,,,,,"2020 IEEE/ION POSITION, LOCATION AND NAVIGATION SYMPOSIUM (PLANS)",,IEEE-ION Position Location and Navigation Symposium,,,,,,1563,1571,,,,10.1109/plans46316.2020.9109963,,,,,,,Proceedings Paper,,2020,"Visual-inertial navigation systems (VINS) have been extensively studied in the past decades to provide positioning services for autonomous systems, such as autonomous driving vehicles (ADV) and unmanned aerial vehicles (UAV). Decent performance can be obtained by VINS in indoor scenarios with stable illumination and texture information. Unfortunately, applying the VINS in dynamic urban areas is still a challenging problem, due to the excessive dynamic objects which can significantly degrade the performance of VINS. Detecting and removing the features inside an image using the deep neural network (DNN) that belongs to unexpected objects, such as moving vehicles and pedestrians, is a straightforward idea to mitigate the impacts of dynamic objects on VINS. However, excessive exclusion of features can significantly distort the geometry distribution of visual features. Even worse, excessive removal can cause the unobservability of the system states. Instead of directly excluding the features that possibly belong to dynamic objects, this paper proposes to remodel the uncertainty of dynamic features. Then both the healthy and dynamic features are applied in the VINS. The experiment in a typical urban canyon is conducted to validate the performance of the proposed method. The result shows that the proposed method can effectively mitigate the impacts of the dynamic objects and improved accuracy is obtained.",,,,,"IEEE/ION Position, Location and Navigation Symposium (PLANS)","APR 20-23, 2020","IEEE,ION","Portland, OR",10,,,,,,10,0,2,2153-358X,,978-1-7281-0244-3,,,,English,,,,,,,,Visual Odometry; INS; VINS; Navigation; Positioning; Urban Areas,,,,
C,"Villalobos, G; Petrunin, ; Shin, HS; Gilmour, J",,,AIAA,"Shin, Hyo-Sang/AAI-6362-2021; Petrunin, Ivan/AAD-2471-2019","Shin, Hyo-Sang/0000-0001-9938-0370; Petrunin, Ivan/0000-0002-8705-5308",,,,,Robust Multi-Sensor Navigation in GNSS Degraded Environments,,,,,,,,AIAA SCITECH 2023 FORUM,,,,,,,,,,AIAA 2023-2242,,,10.2514/6.2023-2242,,,,,,,Proceedings Paper,,2023,"The success of an Unmanned Aircraft Vehicle for effective operation beyond visual line of sight is linked to the system's ability to maintain precise positioning during stationary and maneuvering flight under all encountered conditions, such as sensor measurement degradation or unavailability. Therefore, unmanned operations demand a resilient, accurate, and integral navigation system. Sensor fusion increases data redundancy by combining measurements from complementary sensors, such as Global Navigation Satellite Systems GNSS, Visual Inertial Navigation Systems VINS, and Light Detection and Ranging Systems LIDAR. This research aims to propose an enhanced adaptative sensor switching mechanism within a multi- sensor navigation system for improved robustness in GNSS-degraded environments accounting for accuracy through the interaction between different sensor models by means of their probability of failure. The switching is driven by a real-time process that dynamically adapts to sensor loss and degradation environments based solely on each sensor's adaptative probability of failure and their interaction. This approach is developed based on previous research and is improved to account for the dependency of heuristic determination for sensor uncertainty models. The simulation is achieved with the help of the UAV Toolbox from MATLAB and the positioning signals modeled through ground truth manipulation with existing error models to test and evaluate the proposed methodology. The results presented show an improvement by mitigating the heuristic dependency and Markov chain sensitivity reported in previous research.",,,,,AIAA Science and Technology (SciTech) Forum,"JAN 23-27, 2023",AIAA,"National Harbor, MD",2,,,,,,2,1,4,,,978-1-62410-699-6,,,,English,,,,,,,,,,,,
J,"Chen, CH; Pan, XF",,,,,"Pan, Xianfei/0000-0002-7808-2195; Chen, Changhao/0000-0002-8341-6399",,,,,Deep Learning for Inertial Positioning: A Survey,,,,,,,,IEEE TRANSACTIONS ON INTELLIGENT TRANSPORTATION SYSTEMS,,,,25,9,,,10506,10523,,,,10.1109/TITS.2024.3381161,,,,,APR 2024,,Article,SEP,2024,"Inertial sensors are widely utilized in smartphones, drones, vehicles, and wearable devices, playing a crucial role in enabling ubiquitous and reliable localization. Inertial sensor-based positioning is essential in various applications, including personal navigation, location-based security, and human-device interaction. However, low-cost MEMS inertial sensors' measurements are inevitably corrupted by various error sources, leading to unbounded drifts when integrated doubly in traditional inertial navigation algorithms, subjecting inertial positioning to the problem of error drifts. In recent years, with the rapid increase in sensor data and computational power, deep learning techniques have been developed, sparking significant research into addressing the problem of inertial positioning. Relevant literature in this field spans across mobile computing, robotics, and machine learning. In this article, we provide a comprehensive review of deep learning-based inertial positioning and its applications in tracking pedestrians, drones, vehicles, and robots. We connect efforts from different fields and discuss how deep learning can be applied to address issues such as sensor calibration, positioning error drift reduction, and multi-sensor fusion. This article aims to attract readers from various backgrounds, including researchers and practitioners interested in the potential of deep learning-based techniques to solve inertial positioning problems. Our review demonstrates the exciting possibilities that deep learning brings to the table and provides a roadmap for future research in this field.",,,,,,,,,105,,,,,,119,24,129,1524-9050,1558-0016,,,,,English,,,,,,,,Inertial navigation; deep learning; inertial sensor calibration; pedestrian dead reckoning; sensor fusion; visual-inertial odometry,,,,
J,"Merat, R; Cioffi, G; Bauersfeld, L; Scaramuzza, D",,,,,"Bauersfeld, Leonard/0000-0002-5790-9982; Cioffi, Giovanni/0000-0003-3964-8552",,,,,Drift-Free Visual SLAM Using Digital Twins,,,,,,,,IEEE ROBOTICS AND AUTOMATION LETTERS,,,,10,2,,,1633,1640,,,,10.1109/LRA.2024.3518840,,,,,,,Article,FEB,2025,"Globally-consistent localization in urban environments is crucial for autonomous systems such as self-driving vehicles and drones, as well as assistive technologies for visually impaired people. Traditional Visual-Inertial Odometry (VIO) and Visual Simultaneous Localization and Mapping (VSLAM) methods, though adequate for local pose estimation, suffer from drift in the long term due to reliance on local sensor data. While GPS counteracts this drift, it is unavailable indoors and often unreliable in urban areas. An alternative is to localize the camera to an existing 3D map using visual-feature matching. This can provide centimeter-level accurate localization but is limited by the visual similarities between the current view and the map. This paper introduces a novel approach that achieves accurate and globally-consistent localization by aligning the sparse 3D point cloud generated by the VIO/VSLAM system to a digital twin using point-to-plane matching; no visual data association is needed. The proposed method provides a 6-DoF global measurement tightly integrated into the VIO/VSLAM system. Experiments run on a high-fidelity GPS simulator and real-world data collected from a drone demonstrate that our approach outperforms state-of-the-art VIO-GPS systems and offers superior robustness against viewpoint changes compared to the state-of-the-art Visual SLAM systems.",,,,,,,,,7,,,,,,9,2,19,2377-3766,,,,,,English,,,,,,,,Visualization; Global Positioning System; Location awareness; Cameras; Point cloud compression; Digital twins; Urban areas; Simultaneous localization and mapping; Three-dimensional displays; Current measurement; Localization; mapping; SLAM,,,,
J,"Jiang, JZ; Pan, ER; Xu, WF; Sun, W; Ye, JY",,,,"; Jiang, Jizhou/NOE-8896-2025","Xu, Wenfu/0000-0001-8218-6061; Jiang, Jizhou/0009-0005-4533-3858",,,,,FWAF-VID: A Flapping-Wing Aggressive Flight Benchmark Dataset for Visual-Inertial Localization,,,,,,,,IEEE ROBOTICS AND AUTOMATION LETTERS,,,,10,6,,,6328,6335,,,,10.1109/LRA.2025.3560856,,,,,,,Article,JUN,2025,"Accurate state estimation of micro aerial vehicles (MAVs) in high-speed and dynamic environments poses a significant challenge for visual-inertial odometry (VIO) algorithms. Flapping-wing aerial vehicles (FWAVs), as an emerging flight platform, have attracted significant attention for stealth capabilities and efficient flight characteristics. Despite the availability of numerous MAV visual-inertial datasets for six-degree-of-freedom (6-DoF) state estimation, these datasets are not applicable for FWAVs with pronounced vibrations and agile maneuverability. To address this gap, we propose a large-scale flapping-wing aggressive flight visual-inertial dataset FWAF-VID. It contains diverse integrations of synchronized onboard cameras and IMU sensors. A total of 28 sequences include static flapping, calibration, and real-world flights collected in outdoor and indoor environments. The 17 flight sequences feature variations in illuminations, speeds, trajectories, camera perspectives, and flight modalities. We provide precisely aligned ground truth RTK and UWB measurements for algorithm evaluation. Furthermore, a comprehensive benchmark comparison is conducted, qualitatively and quantitatively evaluating the positioning accuracy of state-of-the-art VIO algorithms. The experimental results indicate that despite the degradation in localization accuracy in high-dynamic environments, FWAF-VID can effectively support the further development of VIO algorithms for FWAVs. To the best of our knowledge, this is the first onboard benchmark dataset tailored for aggressive flight in flapping-wing airborne platforms.",,,,,,,,,5,,,,,,5,5,24,2377-3766,,,,,,English,,,,,,,,Sensors; Benchmark testing; Heuristic algorithms; Quadrotors; Payloads; Location awareness; Cameras; Drones; Accuracy; Vibrations; Visual-inertial SLAM; aerial systems: perception and autonomy; biologically-inspired robots,,,,
C,"Arora, P; Vila, PA; Borghese, A; Carlson, SJ; Feil-Seifer, D; Papachristos, C",,,IEEE,"; BORGHESE, ALESSANDRO/HPI-4421-2023; Papachristos, Christos/KLD-9465-2024","Feil-Seifer, David/0000-0002-5502-7513;",,,,,UAV-based Foliage Plant Species Classification for Semantic Characterization of Pre-Fire Landscapes,,,,,,,,"2024 INTERNATIONAL CONFERENCE ON UNMANNED AIRCRAFT SYSTEMS, ICUAS",,International Conference on Unmanned Aircraft Systems,,,,,,792,799,,,,10.1109/ICUAS60882.2024.10556861,,,,,,,Proceedings Paper,,2024,"In this work we deal with the problem of establishing a system architecture to facilitate the real-time autonomous volumetric mapping alongside the semantic characterization of sagebrush ecosystem landscapes, in order to support the pre-fire modeling and analysis required to plan for wildfire prevention and/or suppression. The world, and more specifically the broader region of N. Nevada has been facing one of its most challenging periods over the course of the last decade, as far as uncontrolled wildfires are concerned. This has led to the development of research initiatives aimed at the ecosystemspecific modeling of the pre-, during-, and post-fire process effects in order to better understand, predict, and address these phenomena. However, to collect the required wide-field information that contains both centimeter-level volumetric mapping fidelity, as well as semantic details related to plant (sub)species, which for the common case of sagebrush can only be identified based on close-up inspection of their foliage fine structure, satellite photography remains insufficient. To this end, we propose a perception and mapping architecture of an aerial robotic system that is capable of: a) LiDAR-based centimeter-level reconstruction, b) robust multi-modal sensor fusion Simultaneous Localization and Mapping (SLAM) leveraging LiDAR, IMU, Visual-Inertial Odometry, and Differential GPS in a global optimization mapping framework, as well as c) a gimbal-driven point-zoom camera for the efficient real-time collection of close-up imagery of foliage pertaining to specific target plants, in order to allow their real-time identification based on their leaf micro-structure, by leveraging Deep-Learned classification deployed on a Neural Processing Unit. We present the associated systems, the overall hardware and software architecture, as well as a series of field deployment studies validating the proposed aerial robotic capabilities.",,,,,International Conference on Unmanned Aircraft Systems (ICUAS),"JUN 04-07, 2024",IEEE,"Chania-Crete, GREECE",0,,,,,,0,1,6,2373-6720,,979-8-3503-5789-9; 979-8-3503-5788-2,,,,English,,,,,,,,,,,,
J,"Cioffi, G; Bauersfeld, L; Scaramuzza, D",,,,,"Bauersfeld, Leonard/0000-0002-5790-9982; Cioffi, Giovanni/0000-0003-3964-8552",,,,,HDVIO2.0: Wind and Disturbance Estimation With Hybrid Dynamics VIO,,,,,,,,IEEE TRANSACTIONS ON ROBOTICS,,,,41,,,,5396,5410,,,,10.1109/TRO.2025.3603551,,,,,,,Article,,2025,"Visual-inertial odometry (VIO) is widely used for state estimation in autonomous micro aerial vehicles using onboard sensors. Current methods improve VIO by incorporating a model of the translational vehicle dynamics, yet their performance degrades when faced with low-accuracy vehicle models or continuous external disturbances, like wind. Additionally, incorporating rotational dynamics in these models is computationally intractable when they are deployed in online applications, e.g., in a closed-loop control system. We present HDVIO2.0, which models full 6-DoF, translational and rotational, vehicle dynamics and tightly incorporates them into a VIO system with minimal impact on the runtime. HDVIO2.0 builds upon the previous work, HDVIO, and addresses these challenges through a hybrid dynamics model combining a point-mass vehicle model with a learning-based component, with access to control commands and inertial measurement unit (IMU) history, to capture complex aerodynamic effects. The key idea behind modeling the rotational dynamics is to represent them with continuous-time functions. HDVIO2.0 leverages the divergence between the actual motion and the predicted motion from the hybrid dynamics model to estimate external forces as well as the robot state. Our system surpasses the performance of state-of-the-art methods in experiments using public and new drone dynamics datasets, as well as real-world flights in winds up to 25 km/h. Unlike existing approaches, we also show that accurate vehicle dynamics predictions are achievable without precise knowledge of the vehicle state.",,,,,,,,,1,,,,,,2,7,21,1552-3098,1941-0468,,,,,English,,,,,,,,Aerodynamics; Vehicle dynamics; Drones; Force; Quadrotors; Computational modeling; Accuracy; Noise; Estimation; Torque; Aerial systems; learning robot dynamics; perception and autonomy; visual - inertial SLAM,,,,
C,"Chen, CC; Peng, YX; Huang, GQ",,,,"Huang, George/O-9005-2018",,"Ott, C",,,,Iteration Worth It? Revisit Its Impact in Sliding-Window VIO,,,,,,,,"2025 IEEE INTERNATIONAL CONFERENCE ON ROBOTICS AND AUTOMATION, ICRA",,,,,,,,1060,1066,,,,10.1109/ICRA55743.2025.11127352,,,,,,,Proceedings Paper,,2025,"Visual-inertial odometry (VIO), which fuses noisy inertial readings and camera measurements to provide 3D motion tracking, is a foundational component in many autonomous applications. With the increasing use of next-generation edge devices (e.g., AR/VR devices, nano drones, and mobile robotics) that are constrained by limited power, resources, and multitasking demands, balancing computational efficiency and accuracy in VIO estimators has become more critical than ever. Historically, state estimation algorithms have been developed using either optimization or filtering-based methods, with the key distinction being the ability to relinearize measurements and correct state estimates iteratively. It has been widely claimed that iterative methods improve accuracy by allowing for the reduction of error through relinearization at a higher computational demand. Conversely, filtering methods are more efficient but may suffer from significant linearization errors. However, these trade-offs have not been thoroughly examined in the context of visual-inertial motion tracking. In this paper, we conduct the first comprehensive study on the impact of iterative algorithms in sliding-window VIO. We analyze the relinearization of IMU and camera measurements separately, providing insights into how each affects system performance. By considering key factors such as system observability and measurement processes, we offer a deeper understanding of VIO estimator behavior. Our findings, backed by real-world tests, offer practical guidelines for balancing accuracy and efficiency, helping practitioners determine when to prioritize iterative methods or simpler filtering approaches while encouraging researchers and engineers to rethink VIO design for optimal resource allocation.",,,,,2025 International Conference on Robotics and Automation-ICRA-Annual,"MAY 19-23, 2025",Institute of Electrical and Electronics Engineers Inc,"Atlanta, GA",0,,,,,,0,0,3,,,979-8-3315-4140-8; 979-8-3315-4139-2,,,,English,,,,,,,,,,,,
C,"Karjalainen, V; Hakala, T; George, A; Koivumäki, N; Suomalainen, J; Honkavaara, E",,,,"Suomalainen, Juha/M-1170-2016; Honkavaara, Eija/KIL-0162-2024","Suomalainen, Juha/0000-0003-2029-8820; Karjalainen, Väinö Eerik/0009-0000-2203-1711","El-Sheimy, N; Abdelbary, AA; El-Bendary, N; Mohasseb, Y",,,,A DRONE SYSTEM FOR AUTONOMOUS MAPPING FLIGHTS INSIDE A FOREST - A FEASIBILITY STUDY AND FIRST RESULTS,,,,,,,,"GEOSPATIAL WEEK 2023, VOL. 48-1",,"International Archives of the Photogrammetry, Remote Sensing and Spatial Information Sciences",,,,,,597,603,,,,10.5194/isprs-archives-XLVIII-1-W2-2023-597-2023,,,,,,,Proceedings Paper,,2023,"In recent years, drones have gained wide popularity in forest research and operational applications. Over the forest canopy, where Global Navigation Satellite Systems (GNSS) are available, the flights are already highly automated. However, under the canopy of dense forests, the flights still need active manual control by a human pilot due to missing GNSS signal and obstacles. The objective of this study was to design and implement a prototype of a drone autonomously flying inside a forest for future boreal forest research purposes by utilizing open-source algorithms. Based on a literature survey, EGO-Planner-v2 with VINS-Fusion localization and stereo-depth camera-based mapping was chosen as the base of the implemented prototype. The algorithms were first tested in a simulator and later a custom drone hardware was built to evaluate the performance and suitability in real boreal forest environments. The evaluation criteria for the performance were the success of the mission, the reliability of the obstacle avoidance, and the accuracy of the localization. Based on the results, the performance of the prototype was promising, but in dense forests, the sensing of small needleless branches and leafless understory vegetation needs to be improved to increase reliability. In a dense spruce forest, nine of 19 test flights were successful, when approximate flight distances varied between 35 m and 80 m. In the longest of those test flights, the error of the VINS-Fusion estimate of the trajectory length was approximately 1 m.",,,,,5th International-Society-for-Photogrammetry-and-Remote-Sensing (ISPRS) Geospatial Week (GSW),"SEP 02-07, 2023",Int Soc Photogrammetry & Remote Sensing,"Cairo, EGYPT",6,,,,,,6,1,2,1682-1750,2194-9034,,,,,English,,,,,,,,Autonomous flying; Forest; Visual-Inertial Odometry; Mapping; Path Planning,,,,
C,"Omari, S; Bloesch, M; Gohl, P; Siegwart, R",,,IEEE,"Siegwart, Roland/A-4495-2008","Siegwart, Roland/0000-0002-2760-7983",,,,,Dense Visual-Inertial Navigation System for Mobile Robots,,,,,,,,2015 IEEE INTERNATIONAL CONFERENCE ON ROBOTICS AND AUTOMATION (ICRA),,IEEE International Conference on Robotics and Automation ICRA,,,,,,2634,2640,,,,,,,,,,,Proceedings Paper,,2015,"Real-time dense mapping and pose estimation is essential for a wide range of navigation tasks in mobile robotic applications. We propose an odometry and mapping system that leverages the full photometric information from a stereo-vision system as well as inertial measurements in a probabilistic framework while running in real-time on a single low-power Intel CPU core. Instead of performing mapping and localization on a set of sparse image features, we use the complete dense image intensity information in our navigation system. By incorporating a probabilistic model of the stereo sensor and the IMU, we can robustly estimate the ego-motion as well as a dense 3D model of the environment in real-time. The probabilistic formulation of the joint odometry estimation and mapping process enables to efficiently reject temporal outliers in ego-motion estimation as well as spatial outliers in the mapping process. To underline the versatility of the proposed navigation system, we evaluate it in a set of experiments on a multi-rotor system as well as on a quadrupedal walking robot. We tightly integrate our framework into the stabilization-loop of the UAV and the mapping framework of the walking robot. It is shown that the dense framework exhibits good tracking and mapping performance in terms of accuracy as well as robustness in scenarios with highly dynamic motion patterns while retaining a relatively small computational footprint. This makes it an ideal candidate for control and navigation tasks in unstructured GPS-denied environments, for a wide range of robotic platforms with power and weight constraints. The proposed framework is released as an open-source ROS package.",,,,,IEEE International Conference on Robotics and Automation (ICRA),"MAY 26-30, 2015",IEEE,"Seattle, WA",20,,,,,,24,0,13,1050-4729,2577-087X,978-1-4799-6923-4,,,,English,,,,,,,,,,,,
C,"Baiguera, M; Ciarambino, M",,,,,,"Bruzzone, A; Pickl, S; Mazal, J; Fagiolini, A; Vasik, P; Pacillo, F; Stodola, P",,,,Multi-physics and Multi-spectral Sensors Simulator for Autonomous Flight Functions Development,,,,,,,,"MODELLING AND SIMULATION FOR AUTONOMOUS SYSTEMS, MESAS 2023",,Lecture Notes in Computer Science,,14615,,,,149,164,,,,10.1007/978-3-031-71397-2_9,,,,,,,Proceedings Paper,,2025,"In the context of Leonardo-LABS research on autonomous and intelligent systems a prototyping simulation stack has been recently settled to allow the development of core autonomy functions for future Leonardo rotary wing unmanned platforms. In order to increase the safety and reliability of UAV(s) some requirements, shared among all Leonardo-LHD platforms, have been identified as key enablers for future autonomous flight. This lead the selection of the 4 streams currently under development: GOA (Ground Object Awareness), ATA (Air Traffic Awareness), ATOL(Autonomous Take-Off and Landing) and ANav (Alternative/GNSS-denied navigation). The proposed simulation solution relies on Ansys (R) AVxcelerate for simulating sensors output subsequently interfaced to a widely diffused robotic middle-ware (ROS2) allowing a rapid development of perception pipelines heading to a full SIL capability and to test algorithms under one-to-one correspondence with real sensors output. In this work the overall software architecture will be discussed together with the integration into the simulation of a UAV's flight dynamic and IMU models. Such integration makes use of the Bullet Physics C++ SDK and leverages the above mentioned connection with the ROS2 stack. AVxcelerate has been recently adopted in the automotive industry for supporting autonomous car development as it allows to model and simulate multiple sensors like visible-cameras, LWIR-cameras, various LiDAR models (both flashing and rotating) and mmWave array radars. Moreover among the most advantageous features of Ansys solution there is the capability of modeling the interaction of the light's spectrum with matter and the possibility of quickly and effectively set sensors properties (cameras optics, radar antennas, LiDAR rays geometry and mechanical behavior, etc.). In the last section of this work will be also presented the so called visual-inertial navigation case of study (belonging to the ANav set of autonomy functions). It will be shown how we are currently addressing the navigation problem of a UAV via a monocular visible camera and IMU system relying on simulated data and will be shown how the problem is addressed leveraging the software architecture and multi-physic and multi-spectral modeling described in this work.",,,,,10th International Conference on Modelling and Simulation for Autonomous Systems,"OCT 17-19, 2023",,"Palermo, ITALY",0,,,,,,0,2,2,0302-9743,1611-3349,978-3-031-71396-5; 978-3-031-71397-2,,,,English,,,,,,,,,,,,
J,"Li, S; Ozo, MMO; De Wagter, C; de Croon, GCHE",,,,"; de Croon, Guido/AAG-5098-2020","De Wagter, Christophe/0000-0002-6795-8454;",,,,,Autonomous drone race: A computationally efficient vision-based navigation and control strategy,,,,,,,,ROBOTICS AND AUTONOMOUS SYSTEMS,,,,133,,,,,,103621,,,10.1016/j.robot.2020.103621,,,,,,,Article,NOV,2020,"Drone racing is becoming a popular sport where human pilots have to control their drones to fly at high speed through complex environments and pass a number of gates in a pre-defined sequence. In this paper, we develop an autonomous system for drones to race fully autonomously using only onboard resources. Instead of commonly used visual navigation methods, such as simultaneous localization and mapping and visual inertial odometry, which are computationally expensive for micro aerial vehicles (MAVs), we developed the highly efficient snake gate detection algorithm for visual navigation, which can detect the gate at 20 HZ on a Parrot Bebop drone. Then, with the gate detection result, we developed a robust pose estimation algorithm which has better tolerance to detection noise than a state-of-the-art perspective-n-point method. During the race, sometimes the gates are not in the drone's field of view. For this case, a state prediction-based feed-forward control strategy is developed to steer the drone to fly to the next gate. Experiments show that the drone can fly a half-circle with 1.5 m radius within 2 s with only 30 cm error at the end of the circle without any position feedback. Finally, the whole system is tested in a complex environment (a showroom in the faculty of Aerospace Engineering, TU Delft). The result shows that the drone can complete the track of 15 gates with a speed of 1.5 m/s which is faster than the speeds exhibited at the 2016 and 2017 IROS autonomous drone races. (C) 2020 Elsevier B.V. All rights reserved.",,,,,,,,,48,,,,,,53,1,32,0921-8890,1872-793X,,,,,English,,,,,,,,Micro aerial vehicle; Visual navigation; Autonomous drone race,,,,
J,"Santamaria-Navarro, A; Loianno, G; Solà, J; Kumar, V; Andrade-Cetto, J",,,,"Santamaria-Navarro, Angel/G-5584-2017; Andrade-Cetto, Juan/F-2576-2013; Kumar, Vijay/AAM-8545-2020; Loianno, Giuseppe/E-7473-2017; Solà, Joan/N-5977-2015","Santamaria-Navarro, Angel/0000-0002-6328-1423; Andrade-Cetto, Juan/0000-0002-6354-8941; Kumar, Vijay/0000-0002-3902-9391; Loianno, Giuseppe/0000-0002-3263-5401; Solà, Joan/0000-0002-2933-3381",,,,,Autonomous navigation of micro aerial vehicles using high-rate and low-cost sensors,,,,,,,,AUTONOMOUS ROBOTS,,,,42,6,,,1263,1280,,,,10.1007/s10514-017-9690-5,,,,,,,Article,AUG,2018,"The combination of visual and inertial sensors for state estimation has recently found wide echo in the robotics community, especially in the aerial robotics field, due to the lightweight and complementary characteristics of the sensors data. However, most state estimation systems based on visual-inertial sensing suffer from severe processor requirements, which in many cases make them impractical. In this paper, we propose a simple, low-cost and high rate method for state estimation enabling autonomous flight of micro aerial vehicles, which presents a low computational burden. The proposed state estimator fuses observations from an inertial measurement unit, an optical flow smart camera and a time-of-flight range sensor. The smart camera provides optical flow measurements up to a rate of 200 Hz, avoiding the computational bottleneck to the main processor produced by all image processing requirements. To the best of our knowledge, this is the first example of extending the use of these smart cameras from hovering-like motions to odometry estimation, producing estimates that are usable during flight times of several minutes. In order to validate and defend the simplest algorithmic solution, we investigate the performances of two Kalman filters, in the extended and error-state flavors, alongside with a large number of algorithm modifications defended in earlier literature on visual-inertial odometry, showing that their impact on filter performance is minimal. To close the control loop, a non-linear controller operating in the special Euclidean group SE(3) is able to drive, based on the estimated vehicle's state, a quadrotor platform in 3D space guaranteeing the asymptotic stability of 3D position and heading. All the estimation and control tasks are solved on board and in real time on a limited computational unit. The proposed approach is validated through simulations and experimental results, which include comparisons with ground-truth data provided by a motion capture system. For the benefit of the community, we make the source code public.",,,,,,,,,33,,,,,,37,0,54,0929-5593,1573-7527,,,,,English,,,,,,,,Micro aerial vehicles; Vision for robotics; Localization,,,,
C,"Rebello, J; Li, CS; Waslander, SL",,,IEEE Comp Soc,"Waslander, Steven/C-5850-2015",,,,,,DC-VINS: Dynamic Camera Visual Inertial Navigation System with Online Calibration,,,,,,,,2021 IEEE/CVF INTERNATIONAL CONFERENCE ON COMPUTER VISION WORKSHOPS (ICCVW 2021),,IEEE International Conference on Computer Vision Workshops,,,,,,2559,2568,,,,10.1109/ICCVW54120.2021.00289,,,,,,,Proceedings Paper,,2021,"Visual-inertial (VI) sensor combinations are becoming ubiquitous in a variety of autonomous driving and aerial navigation applications due to their low cost, limited power consumption and complementary sensing capabilities. However, current VI sensor configurations assume a static rigid transformation between the camera and IMU, precluding manipulating the viewpoint of the camera independent of IMU movement which is important in situations with uneven feature distribution and for high-rate dynamic motions. Gimbal stabilized cameras, as seen on most commercially available drones, have seen limited use in SLAM due to the inability to resolve the time-varying extrinsic calibration between the IMU and camera needed in tight sensor fusion. In this paper, we present the online extrinsic calibration between a dynamic camera mounted to an actuated mechanism and an IMU mounted to the body of the vehicle integrated into a Visual Odometry pipeline. In addition, we provide a degeneracy analysis of the calibration parameters leading to a novel parameterization of the actuated mechanism used in the calibration. We build our calibration into the VINS-Fusion package and show that we are able to accurately recover the calibration parameters online while manipulating the viewpoint of the camera to feature rich areas thereby achieving an average RMSE error of 0.26m over an average trajectory length of 340m, 31.45% lower than a traditional visual inertial pipeline with a static camera.",,,,,IEEE/CVF International Conference on Computer Vision (ICCVW),"OCT 11-17, 2021",IEEE,ELECTR NETWORK,0,,,,,,0,1,18,2473-9936,,978-1-6654-0191-3,,,,English,,,,,,,,,,,,
C,"Seth, A; James, A; Kuantama, E; Mukhopadhyay, S; Han, R",,,IEEE,"James, Alice/KKI-4229-2024; Seth, Avishkar/KKI-7223-2024; Mukhopadhyay, Subhas/AAJ-5336-2020",,,,,,Synchronized Mid-Air Drone Docking During Translational Motion,,,,,,,,"2025 IEEE INTERNATIONAL CONFERENCE ON ROBOTICS AND BIOMIMETICS, ROBIO",,IEEE International Conference on Robotics and Biomimetics,,,,,,757,763,,,,10.1109/ROBIO66223.2025.11375893,,,,,,,Proceedings Paper,,2025,"While mid-air drone docking has been explored in the literature, these works have addressed the case where one drone hovers during docking. This paper considers the additional challenge where both drones may be in translational motion during the docking. Further, our work is entirely reactive and does not require that one drone receive trajectory information in advance from the other drone during docking. We describe a position-based visual-inertial navigation (PBVIN) control system utilizing an optimized Truncated Hexagonal Pyramid (THP) marker for multi-drone quasi-stationary mid-air docking. The THP marker enables position synchronization and continuous tracking across three translational planes, even during docking. A non-homogeneous gain adaptation model is implemented to minimize positioning errors during dynamic control. The oblique docking design compensates for turbulence and leverages gravity to facilitate payload handoff. The THP marker's development is compared against single and cross-marker positioning (CMP) methods, demonstrating a 23.7% increase in positional hold consistency and a 22% reduction in localization drift. Outdoor trials validate mid-air docking capabilities, integrating PBVIN with global positioning to maintain synchronization at speeds up to 5 m/s. Docking tests reveal average position correction deviations of 8.52 mm for front-back (pitch) movements and 17.2 mm for left-right (roll) adjustments, ensuring high-precision tracking. The THP marker achieves 61% higher detection accuracy than single markers, while PBVIN successfully synchronizes drone movements in quasi-stationary conditions.",,,,,21st International Conference on Robotics and Biomimetics-ROBIO,"DEC 03-07, 2025",Institute of Electrical and Electronics Engineers Inc,"Chengdu, PEOPLES R CHINA",0,,,,,,0,0,0,2994-3566,,979-8-3315-5748-5; 979-8-3315-5747-8,,,,English,,,,,,,,,,,,
J,"Lee, JH; Seo, KW; Lee, JH; Oh, SY; Jung, JH; Song, JW",,,,,,,,,,Drone Path Planning Algorithm Based on image Feature Point Distribution,,,,,,,,JOURNAL OF THE KOREAN SOCIETY FOR AERONAUTICAL AND SPACE SCIENCES,,,,53,11,,,1167,1175,,,,10.5139/JKSAS.2025.53.11.1167,,,,,,,Article,,2025,"In this paper, we propose a feature-density based path planning algorithm for a quadcopter to execute a Return to Home (RTH) task in GPS-denied environments. The algorithm enhances the accuracy of VINS(Visual-Inertial Navigation System) by employing feature-rich trajectory when satellite signals are jammed or interrupted. In challenging scenarios like dense forests, urban canyons, or underground areas where visual landmarks may be sparse, our method dynamically adjusts the drone's trajectory to maximize the traversal of visually rich areas. By utilizing DBSCAN (Density-Based Spatial Clustering of Applications with Noise), we identify feature-rich regions with high feature density and abundant visual information, so that include them into the planned route. The outlier removal techniques are used to avoid inefficient detours that do not contribute to visual-based navigation, further optimizing the path. A weighted vector summation strategy is applied to balance between the shortest RTH route and maximizing the use of these high-density feature regions to enhance localization accuracy. Through simulation in environments with varying feature densities, our results demonstrate that the proposed algorithm avoids visually sparse areas while maintaining efficient path planning. The drone's ability to adapt its route to the environment improves overall navigation stability and ensures accurate localization even in feature-sparse conditions.",,,,,,,,,0,,,,,,0,2,3,1225-1348,2287-6871,,,,,Korean,,,,,,,,Clustering; Path Planning; High-density Feature Regions; Weighting Factor; Navigation,,,,
J,"Thalagala, RG; De Silva, O; Jayasiri, A; Gubbels, A; Mann, GK; Gosine, RG",,,,"De Silva, Oscar/AAU-4866-2020; Thalagala, Ravindu/JWA-6421-2024; Mann, George/AAW-9312-2021",,,,,,MUN-FRL: A Visual-Inertial-LiDAR Dataset for Aerial Autonomous Navigation and Mapping,,,,,,,,INTERNATIONAL JOURNAL OF ROBOTICS RESEARCH,,,,43,12,,,1853,1866,,,,10.1177/02783649241238358,,,,,APR 2024,,Article,OCT,2024,"This paper presents a unique outdoor aerial visual-inertial-LiDAR dataset captured using a multi-sensor payload to promote the global navigation satellite system (GNSS)-denied navigation research. The dataset features flight distances ranging from 300 m to 5 km, collected using a DJI-M600 hexacopter drone and the National Research Council (NRC) Bell412 Advanced Systems Research Aircraft (ASRA). The dataset consists of hardware-synchronized monocular images, inertial measurement unit (IMU) measurements, 3D light detection and ranging (LiDAR) point-clouds, and high-precision real-time kinematic (RTK)-GNSS based ground truth. Nine data sequences were collected as robot operating system (ROS) bags over 100 mins of outdoor environment footage ranging from urban areas, highways, airports, hillsides, prairies, and waterfronts. The dataset was collected to facilitate the development of visual-inertial-LiDAR odometry and mapping algorithms, visual-inertial navigation algorithms, object detection, segmentation, and landing zone detection algorithms based on real-world drone and full-scale helicopter data. All the data sequences contain raw sensor measurements, hardware timestamps, and spatio-temporally aligned ground truth. The intrinsic and extrinsic calibrations of the sensors are also provided, along with raw calibration datasets. A performance summary of state-of-the-art methods applied on the data sequences is also provided.",,,,,,,,,12,,,,,,13,6,57,0278-3649,1741-3176,,,,,English,,,,,,,,Dataset; aerial autonomy; full-scale aircraft; drones; visual-inertial-LiDAR odometry and mapping,,,,
C,"Liu, T; Chen, B; Wang, BK; Liu, DT",,,IEEE,,"Liu, Tao/0009-0008-2719-4526",,,,,An Improved Image Stitching Method Based on Vision-Inertial Fusion,,,,,,,,"2024 IEEE INTERNATIONAL INSTRUMENTATION AND MEASUREMENT TECHNOLOGY CONFERENCE, I2MTC 2024",,IEEE Instrumentation and Measurement Technology Conference,,,,,,,,,,,10.1109/I2MTC60896.2024.10560768,,,,,,,Proceedings Paper,,2024,"To enhance the accuracy of autonomous navigation in Unmanned Aerial Vehicles (UAVs) and boost their autonomous sensing and measuring abilities in challenging real-world flying scenarios. This paper focuses on the mapping process in autonomous navigation of UAVs. The work aims to solve the problems in traditional Oriented FAST and Rotated BRIEF (ORB) feature extraction algorithm where feature points are prone to accumulate in areas with rich texture, and the limitation of Oriented FAST and Rotated BRIEF Simultaneous Localization and Mapping 3 (ORB-SLAM3) system to construct dense maps. An improved image stitching method of visual-inertial fusion for dense mapping is proposed based on ORB-SLAM3. And the proposed method uses the obtained panoramic images to create dense maps. Firstly, the Scale Invariant Feature Transform (SIFT) algorithm is utilized during feature point extraction. The Random Sample Consensus (RANSAC) algorithm is applied for feature point optimization to obtain the best feature points for matching. Secondly, combining the posture information obtained by IMU pre-integration and the visual information will be used to compensate for the errors caused by the speed of the UAV and different angles of aerial photography. Then eliminating redundant and repeated pixels, and stitching adjacent pictures will help to get a panoramic picture. Finally, generate a dense map from the sparse point cloud map generated by ORB-SLAM3. Experiments based on the AirSim are performed to validate the proposed method. The result shows that the SIFT feature extraction method outperforms other methods, the improved image stitching method can effectively eliminate ghosting and pixel information loss problems in various environments, and the dense maps can also be achieved.",,,,,IEEE International Instrumentation and Measurement Technology Conference (I2MTC),"MAY 20-23, 2024","IEEE,IEEE Instrumentat & Measurement Soc,Xian Jiaotong Univ,S China Univ Technol","Glasgow, SCOTLAND",1,,,,,,1,1,7,2642-2069,,979-8-3503-8090-3; 979-8-3503-8091-0,,,,English,,,,,,,,ORB-SLAM3; Feature Extraction; SIFT; IMU; Image Stitching; Dense Mapping,,,,
J,"Lee, Y; Do, W; Yoon, H; Heo, J; Lee, W; Lee, D",,,,"; Do, Won Kyung/KIG-6141-2024","Yoon, Hanbyeol/0000-0002-3801-3988; Lee, Dongjun/0000-0003-2108-3960; Do, Won Kyung/0000-0002-4411-9535; lee, yongseok/0000-0002-8579-0958; Heo, Jinuk/0009-0008-6991-3234",,,,,"Visual-inertial hand motion tracking with robustness against occlusion, interference, and contact",,,,,,,,SCIENCE ROBOTICS,,,,6,58,,,,,eabe1315,,,10.1126/scirobotics.abe1315,,,,,,,Article,SEP 29,2021,"State-of-the-art technologies for hand (and finger) motion tracking do not always provide accurate and robust tracking. For example, severe occlusions can affect tracking with vision sensors, electromagnetic interference affects tracking with inertial measurement units (IMUs) and compasses, and ambiguous mechanical contact can affect tracking with soft sensors (i.e., the inability to distinguish motion-induced deformation). Here, we report a visual-inertial skeleton tracking (VIST) framework that provides robust and accurate hand tracking in a variety of real-world scenarios. Our proposed VIST framework comprises a sensor glove with multiple IMUs and passive visual markers as well as a head-mounted stereo camera. VIST also uses a tightly coupled filtering-based visual-inertial fusion algorithm to estimate the hand/finger motion and autocalibrates hand/glove-related kinematic parameters simultaneously while taking into account the hand anatomical constraints. Our VIST framework exhibits good tracking accuracy and robustness, affordable material cost, lightweight hardware and software, and durability to permit washing. We validate our VIST framework through quantitative and qualitative experiments in real-world conditions. Our approach to hand tracking has the potential to enrich not only human-robot interaction applications (e.g., direct humanoid hand teleoperation, hand-based collaborative robot programming, and drone swarm control) but also the user experience in many virtual reality and augmented reality applications.",,,,,,,,,70,,,,,,80,4,225,2470-9476,,,,,,English,,,,,,,,,,,34586835,
J,"Zhang, LC; Ye, W; Yan, J; Zhang, H; Betz, J; Yin, HL",,,,"Betz, Johannes/GWU-9527-2022; Ye, Wei/AAD-1688-2021","Betz, Johannes/0000-0001-9197-2849; Zhang, Linchuan/0009-0008-3840-4648; Ye, Wei/0000-0002-3784-7788",,,,,Loosely Coupled Stereo VINS Based on Point-Line Features Tracking With Feedback Loops,,,,,,,,IEEE TRANSACTIONS ON VEHICULAR TECHNOLOGY,,,,73,8,,,10916,10931,,,,10.1109/TVT.2024.3370732,,,,,,,Article,AUG,2024,"Visual-inertial navigation system (VINS) is a state-of-the-art technology for estimating the motion and position of moving objects, such as drones and robots. Tightly coupled methods have high accuracy but low real-time performance, while loosely coupled systems are more efficient, especially for resource-constrained systems. This study proposes a real-time loosely coupled stereo VINS based on point-line features. Unlike filter-based or optimization-based approaches, the pose estimation process is modeled as a control system. Firstly, as a loosely coupled scheme, the inertial measurement unit (IMU) data is used as the core of the proposed system. Feedback loops are introduced to correct the IMU bias, including a visual-inertial inter-frame bias estimation feedback loop and a versatile quaternion-based filter (VQF) gyroscope bias estimation feedback loop. Secondly, the accelerometer inclination correction based on VQF is introduced in the IMU propagation stage to account for slow inclination drift. To achieve better visual-inertial calibration bias results, line features are introduced in the visual part to improve accuracy and robustness. The scale of the line features is controlled by judging distance and gradient thresholds to improve the real-time performance of the edge drawing lines (EDLines) algorithm. The proposed method is evaluated on the EuRoC MAV dataset and tested on the KITTI dataset. The comparisons with previous methods on benchmark datasets demonstrate the effectiveness of the proposed method in terms of localization accuracy and real-time performance.",,,,,,,,,9,,,,,,9,3,21,0018-9545,1939-9359,,,,,English,,,,,,,,Loosely coupled; line features; real-time; stereo SLAM; visual-inertial system; Loosely coupled; line features; real-time; stereo SLAM; visual-inertial system,,,,
J,"Cheng, ZY; Liu, WY; Duan, CF; Liu, RF; Huang, XW; Dai, ZQ",,,,,"liu, wanying/0009-0000-5398-0813; Cheng, Zeyu/0009-0009-9496-1286",,,,,A sensor weights balancing strategy for GNSS-vision-IMU integration navigation,,,,,,,,MEASUREMENT SCIENCE AND TECHNOLOGY,,,,37,23,,,,,236305,,,10.1088/1361-6501/ae7506,,,,,,,Article,JUN 5,2026,"Visual-inertial navigation system (VINS) and Global Navigation Satellite System (GNSS) are key technologies in urban navigation, commonly used in drones and self-driving cars. VINS, however, suffers from drift errors over time, while GNSS often experiences signal blockage effects in complex urban environments, leading to unreliable positioning. To address this, we propose a GNSS-visual-inertial integrated navigation system for drift-free and robust positioning in such environments. This system integrates GNSS real-time kinematic, inertial measurement unit (IMU) pre-integration, and visual features within a factor graph optimization framework. To address the instability of GNSS signals, a dual-layer identification algorithm based on a dynamic Weibull distribution velocity threshold and a terrain-constrained elevation abrupt change confidence model is proposed for robust GNSS screening. Furthermore, a dynamic multi-source weight balancing mechanism leveraging visual residuals is introduced, which quantifies visual measurement quality via a segmented covariance adjustment function and adaptively adjusts the measurement weights of GNSS, visual, and IMU, thereby enhancing the system's robustness. The effectiveness of our system is validated through real-world vehicle experiments in multiple urban scenarios. Results show that the proposed system outperforms VINS-Fusion, with a positioning root mean square error (RMSE) of 0.32 m and 1.03 m in two campus scenes, representing improvements of 69.23 % and 69.97 % , respectively. In complex urban environments, the system achieves 98.5 % positioning availability (RMSE < 10 m), compared to 76.2 % for VINS-fusion.",,,,,,,,,0,,,,,,0,7,7,0957-0233,1361-6501,,,,,English,,,,,,,,multi-sensor; GNSS-visual-inertial; factor graph; signal screening; adaptive weighting.,,,,
C,"Haddadi, SJ; Castelan, EB",,,,"Castelan, Eugenio B/I-2284-2017","Castelan, Eugenio B/0000-0002-8079-3738","DoNascimento, TP; Colombini, EL; DeBrito, AV; Garcia, LTD; Sa, STD; Goncalves, LMG",,,,Visual-Inertial Fusion for Indoor Autonomous Navigation of a Quadrotor Using ORB-SLAM,,,,,,,,15TH LATIN AMERICAN ROBOTICS SYMPOSIUM 6TH BRAZILIAN ROBOTICS SYMPOSIUM 9TH WORKSHOP ON ROBOTICS IN EDUCATION (LARS/SBR/WRE 2018),,,,,,,,106,111,,,,10.1109/LARS/SBR/WRE.2018.00028,,,,,,,Proceedings Paper,,2018,"This brief addresses the accuracy of the pose estimation of a Low-Cost Quadrotor using visual SLAM and sensor data fusion for making an autonomous indoor navigation in a known GPS-denied environment. To perform this approach, two kinds of modules are employed. For the former, a Simultaneous Localization and Mapping (SLAM) system is used. This SLAM system uses Oriented Fast and rotated BRIEF (ORB) features, also known as ORB_SLAM. The second module is Extended Kalman Filter (EKF) that is applied for combining the obtained pose from ORB_SLAM and Inertial Measurement Unit (IMU). Since in this paper the SLAM process is performed by the frontal monocular camera of Quadrotor, so developing scale factor estimation in order to calculate the scale of the map with minimum error is necessary. In addition, a Proportional Integral Derivative (PID) is utilized to conduct the maneuver of the robot. All of these processes are done by sending data via Wi-Fi to a ground station in order to perform the data processing. To show the performance of the proposed algorithm, two experiments are carried out on an AR-Drone 2.0 quadrotor. The first one is position holding that shows the robustness of the estimated position of the system in hovering situation after take-off. The second one is an indoor trajectory tracking that illustrates the difference between the downward camera output position and the estimated position.",,,,,15th Latin American Robotic Symposium (LARS) / 6th Brazilian Symposium on Robotics (SBR) / 9th Workshop on Robotics in Education (WRE),"NOV 06-10, 2018","Fed Univ Paraiba,IEEE Comp Soc,Fed Univ Rio Grande Norte,Fed Univ Paraiba, Laser Lab,Fed Univ Rio Grande Norte, Natalnet Associate Labs,CNPq,Paraiba State Govt,Joao Pessoa City Council,SEBRAE,FIEPb,Fecomercio,BRISA,ANID,GMI,Magazine Luiza,RoboEduc","Joao Pessoa, BRAZIL",10,,,,,,10,0,8,,,978-1-5386-7761-2,,,,English,,,,,,,,Quadrotor; ORB-SLAM; Scale Factor Estimation; Sensor Fusion; Pose Estimation,,,,
J,"Coppola, M; McGuire, KN; De Wagter, C; de Croon, GCHE",,,,"Coppola, Mario/AAG-6137-2021; McGuire, Kimberly/AAB-5782-2022; de Croon, Guido/AAG-5098-2020","Coppola, Mario/0000-0003-4694-2960; De Wagter, Christophe/0000-0002-6795-8454",,,,,A Survey on Swarming With Micro Air Vehicles: Fundamental Challenges and Constraints,,,,,,,,FRONTIERS IN ROBOTICS AND AI,,,,7,,,,,,18,,,10.3389/frobt.2020.00018,,,,,,,Review,FEB 25,2020,"This work presents a review and discussion of the challenges that must be solved in order to successfully develop swarms of Micro Air Vehicles (MAVs) for real world operations. From the discussion, we extract constraints and links that relate the local level MAV capabilities to the global operations of the swarm. These should be taken into account when designing swarm behaviors in order to maximize the utility of the group. At the lowest level, each MAV should operate safely. Robustness is often hailed as a pillar of swarm robotics, and a minimum level of local reliability is needed for it to propagate to the global level. An MAV must be capable of autonomous navigation within an environment with sufficient trustworthiness before the system can be scaled up. Once the operations of the single MAV are sufficiently secured for a task, the subsequent challenge is to allow the MAVs to sense one another within a neighborhood of interest. Relative localization of neighbors is a fundamental part of self-organizing robotic systems, enabling behaviors ranging from basic relative collision avoidance to higher level coordination. This ability, at times taken for granted, also must be sufficiently reliable. Moreover, herein lies a constraint: the design choice of the relative localization sensor has a direct link to the behaviors that the swarm can (and should) perform. Vision-based systems, for instance, force MAVs to fly within the field of view of their camera. Range or communication-based solutions, alternatively, provide omni-directional relative localization, yet can be victim to unobservable conditions under certain flight behaviors, such as parallel flight, and require constant relative excitation. At the swarm level, the final outcome is thus intrinsically influenced by the on-board abilities and sensors of the individual. The real-world behavior and operations of an MAV swarm intrinsically follow in a bottom-up fashion as a result of the local level limitations in cognition, relative knowledge, communication, power, and safety. Taking these local limitations into account when designing a global swarm behavior is key in order to take full advantage of the system, enabling local limitations to become true strengths of the swarm.",,,,,,,,,99,,,,,,113,1,89,2296-9144,,,,,,English,,,,,,,,swarm; challenges; review; robustness; autonomous; micro air vehicles; drones; MAV,,,,
C,"Huang, C; Yang, ZY; Kong, Y; Chen, P; Yang, X; Cheng, KT","Kosecka, J",,,"Cheng, Kwang Ting/PKG-2466-2026; Chen, Peng/T-7500-2019","Cheng, Kwang-Ting Tim/0000-0002-3885-4912; Chen, Peng/0000-0001-6122-0574","Maciejewski, AA; Okamura, A; Bicchi, A; Stachniss, C; Song, DZ; Lee, DH; Chaumette, F; Ding, H; Li, JS; Wen, J; Roberts, J; Masamune, K; Chong, NY; Amato, N; Tsagwarakis, N; Rocco, P; Asfour, T; Chung, WK; Yasuyoshi, Y; Sun, Y; Maciekeski, T; Althoefer, K; AndradeCetto, J; Chung, WK; Demircan, E; Dias, J; Fraisse, P; Gross, R; Harada, H; Hasegawa, Y; Hayashibe, M; Kiguchi, K; Kim, K; Kroeger, T; Li, Y; Ma, S; Mochiyama, H; Monje, CA; Rekleitis, I; Roberts, R; Stulp, F; Tsai, CHD; Zollo, L",,,,Through-the-Lens Drone Filming,,,,,,,,2018 IEEE/RSJ INTERNATIONAL CONFERENCE ON INTELLIGENT ROBOTS AND SYSTEMS (IROS),,IEEE International Conference on Intelligent Robots and Systems,,,,,,4692,4699,,,,,,,,,,,Proceedings Paper,,2018,"Aerial filming in action scenes using a drone is difficult for inexperienced flyers because manipulating a remote controller and meeting the desired image composition are two independent, while concurrent, tasks. Existing systems attempt to utilize wearable GPS-based or infrared-based sensors to track the human movement and to assist in capturing footage. However, these sensors work only in either indoor (infrared-based) or outdoor environments (GPS-based), but not both. In this paper, we introduce a novel drone filming system which integrates monocular 3D human pose estimation and localization into a drone platform to remove the constraints imposed by wearable-sensor-based solutions. Meanwhile, given the estimated position, we propose a novel drone control system, called through-the-lens drone filming, to allow a cameraman to conveniently control the drone by manipulating a 3D model in the preview, which closes the gap between the flight control and the viewpoint design. Our system includes two key enabling techniques: 1) subject localization based on visual-inertial fusion, and 2) through-the-lens camera planning. This is the first drone camera system which allows users to capture human actions by manipulating the camera in a virtual environment. From the drone hardware, we integrate a gimbal camera and two GPUs into the limited space of a drone and demonstrate the feasibility of running the entire system onboard with insignificant delays, which are sufficient for filming in our real-time application. Experimental results, in both simulation and real-world scenarios, demonstrate that our techniques can greatly ease camera control and capture better videos.",,,,,25th IEEE/RSJ International Conference on Intelligent Robots and Systems (IROS),"OCT 01-05, 2018","IEEE Robot & Automat Soc,IEEE Ind Elect Soc,Robot Soc Japan,Soc Instrument & Control Engineers,New Technol Fdn,IEEE,Adept MobileRobots,Willow Garage,Aldebaran Robot,Natl Instruments,Reflexxes GmbH,Schunk Intec S L U,Univ Carlos III Madrid,BOSCH,JD COM,Pal Robot,KUKA,Santander,Squirrel AI Learning,Baidu,Generat Robots,KINOVA Robot,Ouster,Univ Pablo Olavide Sevilla,Rapyuta Robot,SICK,TOYOTA,UP,Amazon,ARGO,Built Robot,Disney Res,Easy Mile,Hitachi,Robot,Khalifa Univ,Magazino,MathWorks,New Dexterity,Schunk,nuTonomy,PILZ,Prophesee,Rootnik,Saga Robot,Shadow,Soft Bank Robot,Anyverse,GalTech,Generat Robot,IEEE CAA Journal Automatica Sinica,Sci Robot, AAAS,TERAS","Madrid, SPAIN",20,,,,,,23,0,5,2153-0858,,978-1-5386-8094-0,,,,English,,,,,,,,,,,,
J,"Rodriguez-Martinez, EA; Flores-Fuentes, W; Achakir, F; Sergiyenko, O; Murrieta-Rico, FN",,,,"; Murrieta-Rico, Fabian N/B-3039-2014; Flores-Fuentes, Wendy/B-7348-2016; Sergiyenko, Oleg/AAE-2767-2020","Rodriguez, Eder/0000-0002-5175-0384; Achakir, Farouk/0000-0003-4813-1635; Murrieta-Rico, Fabian N/0000-0001-9829-3013; Flores-Fuentes, Wendy/0000-0002-1477-7449; Sergiyenko, Oleg/0000-0003-4270-6872",,,,,"Vision-Based Navigation and Perception for Autonomous Robots: Sensors, SLAM, Control Strategies, and Cross-Domain Applications-A Review",,,,,,,,ENG,,,,6,7,,,,,153,,,10.3390/eng6070153,,,,,,,Article,JUL 7,2025,"Camera-centric perception has matured into a cornerstone of modern autonomy, from self-driving cars and factory cobots to underwater and planetary exploration. This review synthesizes more than a decade of progress in vision-based robotic navigation through an engineering lens, charting the full pipeline from sensing to deployment. We first examine the expanding sensor palette-monocular and multi-camera rigs, stereo and RGB-D devices, LiDAR-camera hybrids, event cameras, and infrared systems-highlighting the complementary operating envelopes and the rise of learning-based depth inference. The advances in visual localization and mapping are then analyzed, contrasting sparse and dense SLAM approaches, as well as monocular, stereo, and visual-inertial formulations. Additional topics include loop closure, semantic mapping, and LiDAR-visual-inertial fusion, which enables drift-free operation in dynamic environments. Building on these foundations, we review the navigation and control strategies, spanning classical planning, reinforcement and imitation learning, hybrid topological-metric memories, and emerging visual language guidance. Application case studies-autonomous driving, industrial manipulation, autonomous underwater vehicles, planetary rovers, aerial drones, and humanoids-demonstrate how tailored sensor suites and algorithms meet domain-specific constraints. Finally, the future research trajectories are distilled: generative AI for synthetic training data and scene completion; high-density 3D perception with solid-state LiDAR and neural implicit representations; event-based vision for ultra-fast control; and human-centric autonomy in next-generation robots. By providing a unified taxonomy, a comparative analysis, and engineering guidelines, this review aims to inform researchers and practitioners designing robust, scalable, vision-driven robotic systems.",,,,,,,,,27,,,,,,29,12,34,,2673-4117,,,,,English,,,,,,,,vision-based navigation; visual SLAM; multi-sensor fusion; deep learning; autonomous robotics,,,,
J,"Zhou, Y; Chu, SW",,,,,,,,,,Lightweight event camera inertial fusion pose estimation with Cramer Rao lower bound analysis,,,,,,,,DISCOVER COMPUTING,,,,29,1,,,,,279,,,10.1007/s10791-026-10171-4,,,,,MAY 2026,,Article,MAY 18,2026,"To address the limitations of traditional frame-based PnP algorithms-such as motion blur, limited dynamic range, and high computational complexity under high-speed motion and extreme illumination changes-this paper proposes the Event-PNP algorithm framework. This framework tightly couples asynchronous event streams with IMU data at the measurement model level, enabling high-precision real-time six-degree-of-freedom pose estimation. The algorithm establishes an event geometry model based on luminance constancy constraints, combining event triggering with pixel motion to avoid the temporal resolution loss inherent in traditional event frame accumulation. It employs IMU pre-integration techniques to jointly minimize event geometry errors and IMU residuals within a unified optimization framework. Through lightweight strategies such as incremental optimization and sparsification, the algorithm's computational complexity is reduced to linear-time. Theoretically, an event-inertial fusion Fisher information matrix framework is established, deriving a closed-form lower bound expression for the Cramer-Rao inequality to provide a theoretical benchmark for performance evaluation. Experiments demonstrate that Event-PNP achieves rotational accuracy of 0.08 degrees and translational accuracy of 1.2 cm, representing 35% and 42% improvements over existing state-of-the-art methods. On embedded platforms, it operates at update rates exceeding 200 Hz with a statistical efficiency of 0.89. The algorithm maintains stable tracking under extreme conditions such as high-speed motion (520 degrees/s) and stroboscopic lighting (100 Hz), demonstrating outstanding performance in applications like AR registration and drone landing. This work lays the theoretical and technical foundation for the large-scale application of event cameras in high-dynamic visual localization.",,,,,,,,,1,,,,,,1,8,8,2948-2984,2948-2992,,,,,English,,,,,,,,Event camera; Perspective-n-Point problem; Visual-inertial fusion; Lightweight optimization; Cram & eacute;r-Rao lower bound,,,,
J,"Xiao, J; Qiu, HC; Zhou, YK; Wang, R; Liu, P",,,,,"Xiao, Ju/0009-0006-4957-0356",,,,,MarsBird-VII: An Autonomous Stereo-Inertial Navigation System with Real-Time Optimization for a Mars Rotorcraft Space Drone,,,,,,,,DRONES,,,,10,5,,,,,346,,,10.3390/drones10050346,,,,,MAY 2026,,Article,MAY 4,2026,"Highlights What are the main findings? Mission-constrained stereo-inertial navigation and real-time optimization for a Mars rotorcraft (Tianwen-3 concept). A Parity-Window sliding-window back-end achieves bounded per-update complexity and deterministic onboard execution under Tianwen-3-class compute constraints. What are the implications of the main findings? Enables reliable real-time navigation under tight the computing budgets of space avionics. Flight experiments demonstrate accurate and robust state estimation and provide strong evidence for the feasibility of Tianwen-3-class rotorcraft navigation.Highlights What are the main findings? Mission-constrained stereo-inertial navigation and real-time optimization for a Mars rotorcraft (Tianwen-3 concept). A Parity-Window sliding-window back-end achieves bounded per-update complexity and deterministic onboard execution under Tianwen-3-class compute constraints. What are the implications of the main findings? Enables reliable real-time navigation under tight the computing budgets of space avionics. Flight experiments demonstrate accurate and robust state estimation and provide strong evidence for the feasibility of Tianwen-3-class rotorcraft navigation.Abstract Reliable autonomous navigation for Tianwen-3-class Mars rotorcraft must satisfy both sampling-level accuracy and hard real-time execution under severe onboard computational constraints. To address this challenge, we develop MarsBird-VII, a mission-constrained stereo visual-inertial navigation system that combines a computation-aware vision front-end with a Parity-Window sliding-window optimization back-end. The front-end decouples high-rate tracking from feature replenishment to bound perception latency, while the back-end alternates updates over interleaved state subsets and preserves full-window coupling through unified marginalization. Unlike simply reducing the sliding-window size, the proposed strategy reduces the per-update optimization cost without shrinking the geometric observation horizon, thereby improving the accuracy-runtime trade-off for embedded avionics. Earth-analog flight experiments demonstrate strong navigation performance under mission-relevant conditions. In full-sequence evaluation, the proposed system achieves an SE(3)-aligned translation APE of 0.31 m RMSE/0.47 m Max and further reaches 0.06 m RMSE/0.15 m Max on a nominal stable segment. Runtime profiling over 5000+ update cycles shows that the Parity-Window back-end keeps the maximum optimization latency below 58.32 ms, satisfying the 66.7 ms hard real-time deadline while maintaining accuracy close to full-window optimization. These results show that the proposed system provides a practical balance of accuracy, robustness, and deterministic real-time performance for Tianwen-3-class Mars rotorcraft navigation.",,,,,,,,,0,,,,,,0,3,3,,2504-446X,,,,,English,,,,,,,,Mars sample return; rotorcraft; autonomous navigation; multi-sensor fusion; real-time optimization,,,,
