Publication Type,Authors,Book Authors,Group Authors,Book Group Authors,Researcher Ids,ORCIDs,Book Editors,Author - Arabic,Grant Principal Investigator,Grant Co Principal Investigator,Article Title,Article Title - SciELO,Article Title - SciELO,Article Title - Chinese,Article Title - Russian,Patent Number,Patent Assignee,Source Title - Arabic,Source Title,Source Title - Korean,Book Series Title,Book Series Subtitle,Volume,Issue,Special Issue,Meeting Abstract,Start Page,End Page,Article Number,Version,Version History,DOI,Book DOI,License Name,License URI,License Description,Early Access Date,Supplement,Document Type,Publication Date,Publication Year,Abstract,Abstract - Foreign,Abstract - English Transliteration,Abstract - Foreign,Abstract - Korean,Conference Title,Conference Date,Conference Sponsor,Conference Location,"Times Cited, WoS Core","Times Cited, CSCD","Times Cited, RSCI","Times Cited, ARCI","Times Cited, BCI","Times Cited, SCIELO","Times Cited, All Databases",180 Day Usage Count,Since 2013 Usage Count,ISSN,eISSN,ISBN,Grant Number,No of References,Cited References,Language,Advisor,Committee Member,Copyright,Degree Name,Institution Address,Institution,Dissertation and Thesis Subjects,Author Keywords,Indexed Date,UT (Unique ID),Pubmed Id,
C,"Zhu, Jinyao; Yao, Chao; Janschek, Klaus",,,,,"Yao, Chao/0000-0001-8599-112X; Janschek, Klaus/0000-0002-7244-8977",,,,,Stereo Visual-Inertial Fusion for UAV State Estimation,,,,,,,,IFAC PAPERSONLINE,,,,53,2,,,9420,9425,,,,10.1016/j.ifacol.2020.12.2412,,,,,,,Proceedings Paper,2020,2020,"Visual-inertial fusion is frequently used for state estimation in aerial robotic applications due to the low-cost, simple hardware setup as well as the high accuracy. This work proposes a stereo visual-inertial fusion system based on the monocular method VINS-Mono, which tightly combines the visual and inertial measurements. Timing statistics are provided for the system running on an Intel NUC Mini-PC. The system real-time capability fulfills the requirements of the closed-loop control for a UAV. The proposed fusion system is evaluated in the public EuRoC MAV dataset and compared with several representative state-of-the-art open-sourced state estimators. According to the results, our method achieves competitive performance with relative low estimation errors in a computationally efficient manner. Copyright (C) 2020 The Authors.",,,,,21st IFAC World Congress on Automatic Control - Meeting Societal Challenges21st IFAC World Congress on Automatic Control - Meeting Societal Challenges,"JUL 11-17, 2020JUL 11-17, 2020",Int Federat Automat Control; Siemens; Bayer; ABB; MathWorks; Phoenix Contact; Ifak Technol; Berlin Heart; Elsevier; De Gruyter; Tele Medi GmbHInt Federat Automat Control; Siemens; Bayer; ABB; MathWorks; Phoenix Contact; Ifak Technol; Berlin Heart; Elsevier; De Gruyter; Tele Medi GmbH,ELECTR NETWORKELECTR NETWORK,1,0,0,0,0,0,1,0,6,2405-8963,,,,,,,,,,,,,,,2021-06-19,WOS:000652593100104,,
C,"Lee, Eungchang Mason; Wee, Inhwan; Kim, Taeyeon; Shim, David Hyunchul",,,IEEE,"Shim, Hyunchul/C-1669-2011","Lee, Eungchang/0000-0003-0219-784X",,,,,Comparison of Visual Inertial Odometry using FlightGoggles Simulator for UAV,,,,,,,,"2019 19TH INTERNATIONAL CONFERENCE ON CONTROL, AUTOMATION AND SYSTEMS (ICCAS 2019)",,International Conference on Control Automation and Systems,,,,,,1166,1169,,,,10.23919/iccas47443.2019.8971738,,,,,,,Proceedings Paper,2019,2019,"Recently, application of Unmanned Aerial Vehicle (UAV) attract much attention of not only academic but also industrial community. To control and make the most of UAV, state estimation is mandatory and it should work accurately on Real-time on computational-limited onboard PC. Especially, for the cases that GNSS-disabled environments or indoor situation, Visual Inertial Odometry using camera and IMU sensor has been actively studied.Generally, to research and develop the indoor navigation algorithm, high-performanced and super-expensive facilities like motion capture cameras are needed to measure the ground-truth.In this paper, we apply state-of-art Visual Inertial Odometry algorithms for state estimation of UAVs to FlightGoggles simulator which is photorealistic and which reflects UAV's real dynamics. Moreover, we compare the performance and resource utilization of those algorithms.",,,,,"19th International Conference on Control, Automation and Systems (ICCAS)19th International Conference on Control, Automation and Systems (ICCAS)","OCT 15-18, 2019OCT 15-18, 2019",IEEE; SICE; SCS; ACA; ECTI Assoc; ISR; AAI; Korea Tourism Org; Korean Federat Sci & Technol Soc; Jeju Convent & Visitors Bur; RS Automat; LG Chern; LSIS; SK Incheon; Inst Control Robot & SystIEEE; SICE; SCS; ACA; ECTI Assoc; ISR; AAI; Korea Tourism Org; Korean Federat Sci & Technol Soc; Jeju Convent & Visitors Bur; RS Automat; LG Chern; LSIS; SK Incheon; Inst Control Robot & Syst,"Jeju, SOUTH KOREAJeju, SOUTH KOREA",6,0,0,0,0,0,6,0,1,2093-7121,,978-89-93215-18-2,,,,,,,,,,,,,2020-08-19,WOS:000555707100166,,
C,"De Vito, Luca; Neyestani, Arman; Picariello, Francesco; Rapuano, Sergio; Tudosa, Ioan",,,IEEE,"Picariello, Francesco/L-5163-2019; De Vito, Luca/L-2997-2015; Rapuano, Sergio/HKE-2014-2023; TUDOSA, IOAN/D-3846-2013","Picariello, Francesco/0000-0001-6854-3026; De Vito, Luca/0000-0003-1896-2614;",,,,,Sensitivity Analysis of a Visual Inertial Odometry-based Navigation System for UAV,,,,,,,,"2025 IEEE INTERNATIONAL INSTRUMENTATION AND MEASUREMENT TECHNOLOGY CONFERENCE, I2MTC",,IEEE Instrumentation and Measurement Technology Conference,,,,,,,,,,,10.1109/I2MTC62753.2025.11079197,,,,,,,Proceedings Paper,2025,2025,"This paper presents a detailed sensitivity analysis of a Visual-Inertial Odometry (VIO) framework designed for unmanned aerial vehicle (UAV) navigation, utilizing sensor fusion from cameras, LiDAR, altimeters, and inertial measurement units (IMUs). The analysis quantifies the impact of various sources of uncertainty, including environmental and lighting conditions, intrinsic sensor parameters, and algorithmic factors associated with keypoint detection and matching. Through Monte Carlo simulations, several keypoint detection techniques, specifically ORB and semantic segmentation, are evaluated across diverse operational scenarios. The results demonstrate that the analysed framework achieves reliable trajectory estimation, with both ORB and semantic segmentation providing accurate and consistent positioning. Notably, semantic segmentation achieves the lowest uncertainty under varying conditions. This study validates the proposed uncertainty model and identifies critical factors influencing the reliability of VIO-based UAV navigation, offering insights for enhancing system performance in real-world applications.",,,,,2025 International Instrumentation and Measurement Technology Conference-I2MTC-Annual2025 International Instrumentation and Measurement Technology Conference-I2MTC-Annual,"MAY 19-22, 2025MAY 19-22, 2025",Institute of Electrical and Electronics Engineers Inc; IEEE Instrumentation and Measurement SocietyInstitute of Electrical and Electronics Engineers Inc; IEEE Instrumentation and Measurement Society,"Chemnitz, GERMANYChemnitz, GERMANY",0,0,0,0,0,0,0,1,1,2642-2069,,979-8-3315-0501-1; 979-8-3315-0500-4,,,,,,,,,,,,,2025-12-05,WOS:001554207900262,,
J,"Zeng, Qingxi; Yu, Haonan; Ji, Xufang; Tao, Xiaodong; Hu, Yixuan",,,,,"Zeng, Qingxi/0000-0003-2310-0656",,,,,Fast and Robust Semidirect Monocular Visual-Inertial Odometry for UAV,,,,,,,,IEEE SENSORS JOURNAL,,,,23,20,,,25254,25262,,,,10.1109/JSEN.2023.3309907,,,,,,,Article,OCT 15 2023,2023,"State estimation is critical for achieving autonomous navigation of the unmanned aerial vehicle (UAV). We present a fast and robust monocular visual-inertial odometry (VIO) algorithm, which achieves real-time pose estimation for UAV. A semidirect method for tracking is used in the front end to address the problem of the slow running speed of traditional VIO on onboard computing platforms, which preserves the fast performance of direct methods and the robustness of feature-based methods. Edgelet features are added to the Shi-Tomasi feature extraction to enhance the robustness of VIO in low-texture environments. Furthermore, a quadtree-based feature extraction algorithm is employed to filter features, which effectively addresses the issue of feature accumulation. In the back end of the VIO system, a sliding-window-based nonlinear optimization method is used to fuse image and inertial information. We evaluate our approach on the public European robotics challenges micro aerial vehicle (EuRoC MAV) dataset and compare it with the state-of-the-art VIO algorithms. The experimental results demonstrate that our proposed VIO system is capable of operating in challenging scenarios with fast motion, image blur, and weak texture features. Moreover, our proposed VIO system achieves comparable accuracy to the state-of-the-art VIO algorithms while improving tracking speed by 54.28% compared to VINS-Mono.",,,,,,,,,9,1,0,0,0,0,10,7,51,1530-437X,1558-1748,,,,,,,,,,,,,,2023-11-24,WOS:001098067300133,,
C,"Turci, Lorenzo; Causa, Flavia; Opromolla, Roberto; Fasano, Giancarmine",,,IEEE,"Causa, Flavia/AFM-5355-2022; Opromolla, Roberto/M-1585-2016; Fasano, Giancarmine/JWA-6282-2024",,,,,,LiDAR-Visual-Inertial Fusion Architectures for GNSS-Resilient Aerial Navigation: Performance Assessment,,,,,,,,"2025 AIAA DATC/IEEE 44TH DIGITAL AVIONICS SYSTEMS CONFERENCE, DASC",,IEEE-AIAA Digital Avionics Systems Conference,,,,,,,,,,,10.1109/DASC66011.2025.11257343,,,,,,,Proceedings Paper,2025,2025,"This work proposes a performance assessment of LiDAR-Visual-Inertial navigation approaches specifically tailored for GNSS-denied or challenged circumstances. A data fusion scheme, based on Extended Kalman Filter, has been designed to face various environmental and flight conditions that occur depending on topology and morphological characteristics of the environment and UAV dynamic. It loosely integrates camera and LiDAR measurements. Their measurements are combined altogether exploiting LiDAR measurements to associate depth information with image features. Conversely, when camera measurements cannot be used, LiDAR odometry is performed to incrementally estimate the pose of the UAV by defining the pose transformation between one LiDAR point cloud and the following one, integrating the solution with the filter propagated state in order to bound the otherwise unbounded drift of IMU-only navigation solution. Sensors measurements are fed into the filter weighted by their own covariance, which indicates the level of confidence associated with the measurement. A set of gating criteria is introduced to assess the validity of each measurement to be used within the filter and thus to improve its resiliency against anomalous pose estimates. In general, particular attention is paid to the integrity of the multi-sensor-based solution. The strategy is assessed through numerical simulations conducted within the Unreal Engine 4 environment integrated with MATLAB and Simulink, which allows retrieving realistic sensors data by simulating aircraft trajectory, rich texture 3D geometry, and world-like scene. Results show percentage errors on the position estimates, computed with respect to the UAV traveled distance, below 0.9%, and errors on attitude angles estimate under 0.8 degrees.",,,,,44th AIAA DATC/IEEE Digital Avionics Systems Conference-DASC44th AIAA DATC/IEEE Digital Avionics Systems Conference-DASC,"SEP 14-18, 2025SEP 14-18, 2025",DATC KK; American Institute of Aeronautics and Astronautics (AIAA); MITRE CorporationDATC KK; American Institute of Aeronautics and Astronautics (AIAA); MITRE Corporation,"Montreal, CANADAMontreal, CANADA",0,0,0,0,0,0,0,2,2,2155-7195,,979-8-3315-2520-0; 979-8-3315-2519-4,,,,,,,,,,,,,2026-02-21,WOS:001665766800158,,
J,"Chen, Xinyu; Li, Shuaixin; Lu, Ruifeng; Zhu, Xiaozhou",,,,"li, shuaixin/AAQ-6221-2020; Zhu, Xiaozhou/OJT-8416-2025","li, shuaixin/0000-0002-0933-8740; Zhu, Xiaozhou/0000-0003-2305-7467",,,,,GPLVINS: Tightly Coupled GNSS-Visual-Inertial Fusion for Consistent State Estimation with Point and Line Features for Unmanned Aerial Vehicles,,,,,,,,DRONES,,,,9,11,,,,,801,,,10.3390/drones9110801,,,,,,,Article,NOV 17 2025,2025,"Highlights What are the main findings? Proposes the GPLVINS system for UAVs, which builds a tightly coupled GNSS-visual-inertial nonlinear optimization framework by fusing point and line features on the basis of GVINS. This addresses the issue of insufficient feature extraction in traditional point-feature VIO under texture-sparse environments and enhances the stability of UAV 6-DoF pose estimation. Optimizes the traditional LSD line feature extraction algorithm: short line segments are filtered out via non-maximum suppression and length threshold screening. This not only reduces computational cost but also integrates line reprojection residuals into the optimization process, further improving positioning accuracy. What are the implication of the main findings? By comparing the performance of GPLVINS with GVINS, PL-VIO, and VINS-Fusion in indoor, outdoor, and indoor-outdoor transition scenarios, GPLVINS demonstrates superior positioning performance compared with other algorithms. Our system can handle complex situations such as drastic changes in lighting, loss of GNSS signals, or feature degradation, making it more suitable for the practical operational requirements of UAVs. Offers a more reliable state estimation scheme for UAV autonomous navigation. Particularly in GNSS-constrained or visually sparse feature scenarios, the incorporation of line features supplements environmental constraints and reduces the risk of pose drift, laying a foundation for subsequent extensions to stereo vision and adaptation to larger-scale textureless scenarios.Highlights What are the main findings? Proposes the GPLVINS system for UAVs, which builds a tightly coupled GNSS-visual-inertial nonlinear optimization framework by fusing point and line features on the basis of GVINS. This addresses the issue of insufficient feature extraction in traditional point-feature VIO under texture-sparse environments and enhances the stability of UAV 6-DoF pose estimation. Optimizes the traditional LSD line feature extraction algorithm: short line segments are filtered out via non-maximum suppression and length threshold screening. This not only reduces computational cost but also integrates line reprojection residuals into the optimization process, further improving positioning accuracy. What are the implication of the main findings? By comparing the performance of GPLVINS with GVINS, PL-VIO, and VINS-Fusion in indoor, outdoor, and indoor-outdoor transition scenarios, GPLVINS demonstrates superior positioning performance compared with other algorithms. Our system can handle complex situations such as drastic changes in lighting, loss of GNSS signals, or feature degradation, making it more suitable for the practical operational requirements of UAVs. Offers a more reliable state estimation scheme for UAV autonomous navigation. Particularly in GNSS-constrained or visually sparse feature scenarios, the incorporation of line features supplements environmental constraints and reduces the risk of pose drift, laying a foundation for subsequent extensions to stereo vision and adaptation to larger-scale textureless scenarios.Abstract The employment of linear features to enhance the positioning precision and robustness of point-based VIO (visual-inertial odometry) has attracted mounting attention, especially for UAV (unmanned aerial vehicle) applications where reliable 6-DoF pose estimation is critical for autonomous navigation, mission execution, and safety.This paper presents GPLVINS-GNSS (global navigation satellite system)-point-line-visual-inertial navigation system-a UAV-tailored enhancement of the nonlinear optimization-based GVINS (GNSS-visual-inertial navigation system). Unlike GVINS, which struggles with feature extraction in weak-texture environments and depends entirely on point features, GPLVINS innovatively integrates line features into its state optimization framework to enhance robustness and accuracy. While existing studies adopt the LSD (line segment detector) algorithm for line feature extraction, this approach often generates numerous short line segments in real-world scenes. Such an outcome not only increases computational costs but also degrades pose estimation performance. In order to address this issue, the present study proposes an NMS (non-maximum suppression) strategy for the refinement of LSD. The line reprojection residual is then formulated as the distance between point and line, which is incorporated into the nonlinear optimization process. Experimental validations on open-source datasets and self-collected UAV datasets across indoor, outdoor, and indoor-outdoor transition scenarios demonstrate that GPLVINS exhibits superior positioning performance and enhanced robustness for UAVs in environments with feature degradation or drastic lighting intensity variations.",,,,,,,,,0,0,0,0,0,0,0,4,4,,2504-446X,,,,,,,,,,,,,,2025-12-02,WOS:001624518900001,,
J,"Jung, Jae Hyung; Choe, Yeongkwon; Park, Chan Gook",,,,,"Choe, Yeongkwon/0000-0003-0328-2480; Jung, Jaehyung/0000-0003-4252-2758",,,,,Photometric Visual-Inertial Navigation With Uncertainty-Aware Ensembles,,,,,,,,IEEE TRANSACTIONS ON ROBOTICS,,,,38,4,,,2039,2052,,,,10.1109/TRO.2021.3139964,,,,,JAN 2022,,Article,AUG 2022,2022,"In this article, we propose a visual-inertial navigation system that directly minimizes a photometric error without an explicit data-association. We focus on the photometric error parametrized by pose and structure parameters that is highly nonconvex due to the nonlinearity of image intensity. The key idea is to introduce an optimal intensity gradient that accounts for a projective uncertainty of a pixel. Ensembles sampled from the state uncertainty contribute to the proposed gradient and yield a correct update direction even in a bad initialization point. We present two sets of experiments to demonstrate the strengths of our framework. First, a thorough Monte Carlo simulation in a virtual trajectory is designed to reveal robustness to large initial uncertainty. Second, we show that the proposed framework can achieve superior estimation accuracy with efficient computation time over state-of-the-art visual-inertial fusion methods in a real-world UAV flight test, where most scenes are composed of a featureless floor.",,,,,,,,,15,1,0,0,0,0,16,2,58,1552-3098,1941-0468,,,,,,,,,,,,,,2022-02-01,WOS:000745434200001,,
J,"Hong, Euntae; Lim, Jongwoo",,,,,,,,,,Visual-Inertial Odometry with Robust Initialization and Online Scale Estimation,,,,,,,,SENSORS,,,,18,12,,,,,4287,,,10.3390/s18124287,,,,,,,Article,DEC 2018,2018,"Visual-inertial odometry (VIO) has recently received much attention for efficient and accurate ego-motion estimation of unmanned aerial vehicle systems (UAVs). Recent studies have shown that optimization-based algorithms achieve typically high accuracy when given enough amount of information, but occasionally suffer from divergence when solving highly non-linear problems. Further, their performance significantly depends on the accuracy of the initialization of inertial measurement unit (IMU) parameters. In this paper, we propose a novel VIO algorithm of estimating the motional state of UAVs with high accuracy. The main technical contributions are the fusion of visual information and pre-integrated inertial measurements in a joint optimization framework and the stable initialization of scale and gravity using relative pose constraints. To account for the ambiguity and uncertainty of VIO initialization, a local scale parameter is adopted in the online optimization. Quantitative comparisons with the state-of-the-art algorithms on the European Robotics Challenge (EuRoC) dataset verify the efficacy and accuracy of the proposed method.",,,,,,,,,17,1,0,0,0,0,19,0,18,,1424-8220,,,,,,,,,,,,,,2019-01-22,WOS:000454817100206,30563151,
J,"Luo, Haolong; Li, Guangyun; Zou, Danping; Li, Kailin; Li, Xueqiang; Yang, Zidi",,,,"Li, Guang-Yun/AAE-4975-2019","Yang, Zidi/0009-0009-3500-5147",,,,,UAV Navigation With Monocular Visual Inertial Odometry Under GNSS-Denied Environment,,,,,,,,IEEE TRANSACTIONS ON GEOSCIENCE AND REMOTE SENSING,,,,61,,,,,,1001615,,,10.1109/TGRS.2023.3323519,,,,,,,Article,2023,2023,"In global satellite navigation system (GNSS)-denied environments, unmanned aerial vehicle (UAV) navigation based on visual-inertial odometry (VIO) has been widely studied. However, existing VIO methods still suffer from some practical problems, such as image enhancement oversaturation and unreasonable weighting in backend optimization. Therefore, this article presents monocular VIO with point-line fusion and backend adaptive optimization to improve the positioning accuracy and robustness of UAV navigation systems. In the front end, we proposed an adaptive gamma image correction algorithm for image preprocessing to avoid image oversaturation, which is more conducive to image extraction and matching. Instead of the traditional line segment detector (LSD) line feature extraction algorithm, we employed an improved EDLines algorithm to enhance the efficiency of line feature extraction, better meeting the high dynamic real-time requirements of UAV. In the backend, we proposed a tightly coupled nonlinear adaptive optimization method based on a two-step approach to address the issue of unreasonable static weights. In the first step, we established a factor graph model and performed the first nonlinear optimization based on a priori visual weights. In the second step, we calculated the reprojection error and established a functional model that examines the relationship between the reprojection error and the information matrix. We updated the information matrix using the reprojection error to adaptively adjust the weights of the point features and line features in real time. Finally, we performed a second nonlinear reoptimization. The proposed method was compared with the monocular visual-inertial system (VINS-MONO) (Qin et al. 2018) and point and line features (PL)-VINS (Fu et al. 2020) methods, the experimental results showing that the positioning accuracy of the proposed method on the public EuRoc dataset (Burri et al. 2016) improved by an average of 32.3% compared with the PL-VINS method, and by an average of 33.8% in three real-world scenarios under changing illumination, weak texture, and large-scale complex scenarios. The results demonstrated that the proposed method exhibited better robustness and higher positioning accuracy in various complex environments.",,,,,,,,,21,4,0,0,0,0,25,11,70,0196-2892,1558-0644,,,,,,,,,,,,,,2023-11-09,WOS:001087763100035,,
C,"Zhu, Xiangyu; Zhou, Jiaqi; Liang, Juntao; Zhou, Dongjie; Qiu, Zhoujingzi; Wang, Yong; Wu, Shunan; Wu, Zhigang",,,,"Zhou, Jiaqi/Q-2532-2018; Wu, Shunan/PMS-2670-2026",,"Yang, J; Zheng, Y; Gong, C",,,,A Simulated Dataset to Evaluate the Visual-Inertial Odometry Algorithms,,,,,,,,"PATTERN ANALYSIS AND MACHINE INTELLIGENCE, ICPAMI 2024",,Communications in Computer and Information Science,,2323,,,,202,207,,,,10.1007/978-981-96-3349-4_24,,,,,,,Proceedings Paper,2025,2025,"Visual-Inertial Odometry (VIO) algorithms play a crucial role in navigation and localization applications. However, they still face challenges in dynamic and adverse weather environments. Existing datasets often fail to capture the characteristics of such environments, making it difficult to evaluate the robustness of current VIO methods. To address this issue, we propose three contributions in this paper. Firstly, we present a novel dataset that records the flight of a simulated unmanned aerial vehicle (UAV) in challenging dynamic and foggy conditions. The dataset includes five different scenes, each with distinct characteristics, where we introduce moving objects and vary lighting and weather conditions. It comprises synchronized images, IMU data, as well as ground truth trajectories. Secondly, we compare state-of-the-art VIO algorithms on our dataset, demonstrating significant performance degradation in the aforementioned scenes. Lastly, we summarize the limitations of current VIO algorithms and provide insights into future research directions.",,,,,1st International Conference on Pattern Analysis and Machine Intelligence-ICPAMI1st International Conference on Pattern Analysis and Machine Intelligence-ICPAMI,"AUG 30-SEP 01, 2024AUG 30-SEP 01, 2024",Shanghai Jiao Tong University; Zhejiang University of TechnologyShanghai Jiao Tong University; Zhejiang University of Technology,PEOPLES R CHINAPEOPLES R CHINA,0,0,0,0,0,0,0,0,1,1865-0929,1865-0937,978-981-96-3348-7; 978-981-96-3349-4,,,,,,,,,,,,,2025-07-24,WOS:001512687800024,,
J,"Pritzl, Vaclav; Vrba, Matous; Stepan, Petr; Saska, Martin",,,,"Saska, Martin/L-3669-2013; Štěpán, Petr/X-2931-2018; Vrba, Matouš/GXV-6607-2022",,,,,,Fusion of Visual-Inertial Odometry With LiDAR Relative Localization for Cooperative Guidance of a Micro-Scale Aerial Vehicle,,,,,,,,IEEE ACCESS,,,,14,,,,31269,31285,,,,10.1109/ACCESS.2026.3666998,,,,,,,Article,2026,2026,"A novel relative localization approach for guidance of a micro-scale Unmanned Aerial Vehicle (UAV) by a well-equipped aerial robot fusing Visual-Inertial Odometry (VIO) with Light Detection and Ranging (LiDAR) is proposed in this paper. LiDAR-based localization is accurate and robust to challenging environmental conditions, but 3D LiDARs are relatively heavy and require large UAV platforms, in contrast to lightweight cameras. However, visual-based self-localization methods exhibit lower accuracy and can suffer from significant drift with respect to the global reference frame. To benefit from both sensory modalities, we focus on cooperative navigation in a heterogeneous team of a primary LiDAR-equipped UAV and a secondary micro-scale camera-equipped UAV. We propose a novel cooperative approach combining LiDAR relative localization data with VIO output on board the primary UAV to obtain an accurate pose of the secondary UAV. The pose estimate is used to precisely and reliably guide the secondary UAV along trajectories defined in the primary UAV reference frame. The experimental evaluation has shown the superior accuracy of our method to the raw VIO output, reaching the average 3D Absolute Trajectory Error (ATE) of 0.28 m, and demonstrated its capability to guide the secondary UAV along desired trajectories while mitigating VIO drift. Thus, such a heterogeneous system can explore large areas with LiDAR precision, as well as visit locations inaccessible to the large LiDAR-carrying UAV platforms, as was showcased in a real-world cooperative mapping scenario.",,,,,,,,,0,0,0,0,0,0,0,2,2,2169-3536,,,,,,,,,,,,,,,2026-03-22,WOS:001706374500041,,
C,"Omotuyi, Oyindamola; Kumar, Manish",,,,,,,,,,UAV Visual-Inertial Dynamics (VI-D) Odometry using Unscented Kalman Filter,,,,,,,,IFAC PAPERSONLINE,,,,54,20,,,814,819,,,,10.1016/j.ifacol.2021.11.272,,,,,DEC 2021,,Proceedings Paper,OCT 2021,2021,"Different approaches to Visual -Inertial odometry(VIO) has been presented in literature. However, few research works exploits the quadrotor translational and rotational dynamics and the known thrust and torque inputs. Additional information from the dynamics with known control inputs improves the state estimation. This paper is focused on the estimation of the quadrotor UAV 6 DOF pose by fusing the information from the dynamics of the quadrotor coupled with visual-inertial measurements using an Unscented Kalman Filter. The thrust and torque inputs drives the prediction model while the VIO system provides 6 DOF pose, velocity and unbiased angular velocity of the vehicle. The results shows that our approach improves the state estimates by about 2-5% in translation and 37% in rotation. Copyright (C) 2021 The Authors.",,,,,"Modeling, Estimation and Control Conference (MECC)Modeling, Estimation and Control Conference (MECC)","OCT 24-27, 2021OCT 24-27, 2021","Amer Automat Control Council; Int Federat Automat Control, Tech Comm 4 2 Mechatron Syst; Int Federat Automat Control, Tech Comm 7 1 Automot ControlAmer Automat Control Council; Int Federat Automat Control, Tech Comm 4 2 Mechatron Syst; Int Federat Automat Control, Tech Comm 7 1 Automot Control",ELECTR NETWORKELECTR NETWORK,9,1,0,0,0,0,12,2,13,2405-8963,,,,,,,,,,,,,,,2022-01-05,WOS:000730606300129,,
J,"Tejero-Ruiz, David; Solis-Martin, David; Perez-Grau, Francisco J.; Borrego-Diaz, Joaquin",,,,"/P-3596-2018; Borrego-Díaz, Joaquín/M-3295-2014; Martín, David/N-1623-2016","Tejero-Ruiz, David/0009-0005-4168-7253",,,,,Indoor UAV navigation using event cameras and intermediate frame reconstruction,,,,,,,,COMPUTER VISION AND IMAGE UNDERSTANDING,,,,264,,,,,,104650,,,10.1016/j.cviu.2026.104650,,,,,JAN 2026,,Article,FEB 2026,2026,"Indoor UAV navigation faces significant challenges due to GPS signal absence and limitations of conventional visual-inertial systems under challenging lighting and motion conditions. This paper presents an event-based visual-inertial odometry system that addresses these limitations through intermediate frame reconstruction from event streams combined with established odometry algorithms. The approach leverages event cameras' unique characteristics - microsecond temporal resolution, high dynamic range (120 dB), and motion blur immunity - to maintain stable navigation performance under conditions that cause conventional systems to fail. The system achieves real-time operation at 30 Hz frame reconstruction and 20 Hz pose estimation on embedded hardware, consuming 15 W power while adding only 50 g to the UAV platform. Experimental validation in controlled indoor environments demonstrates mean absolute pose errors of 26-42 cm across different operational conditions, comparable to conventional visual-inertial systems. Critically, the system maintains stable performance during rapid lighting transitions, showing only 59% performance degradation compared to baseline conditions, while conventional cameras typically experience complete tracking failure. The results establish event-based visual-inertial odometry as a viable alternative for indoor UAV navigation, particularly in applications requiring environmental robustness over marginal accuracy improvements under optimal conditions.",,,,,,,,,0,0,0,0,0,0,0,3,3,1077-3142,1090-235X,,,,,,,,,,,,,,2026-01-29,WOS:001668523900001,,
C,"Yan, Xu; Bi, Yingcai; Gao, Zhi; Lin, Feng",,,IEEE,,,,,,,Laser-aided Infrared Visual Inertial Odometry for Unmanned Aerial Vehicle with Multi-plane Constraint,,,,,,,,2018 3RD IEEE INTERNATIONAL CONFERENCE ON ADVANCED ROBOTICS AND MECHATRONICS (IEEE ICARM),,,,,,,,323,327,,,,,,,,,,,Proceedings Paper,2018,2018,"In this work, we propose an infrared visual inertial odometry (VIO) algorithm for unmanned aerial vehicles (UAV) for both daytime and nighttime. It utilizes images from a single downward-looking thermal camera, and uses a laser scanner to measure relative distance to determine the scale factor. The scale recovery process consists of a comprehensive logic flow to try out measurements into a homography decomposition with a multi-plane constraint, obtaining the results with minimum error, making the algorithm more robust. Moreover, other modifications, such as keyframe idea and pruning KLT tracker with sub-regions further improves the performance. Besides, the results are fused with an on-board IMU through an EKE based sensor fusion framework. This infrared visual inertial odometry algorithm can still navigate UAVs during the missions when GPS is down or not reliable or under poor illumination condition.",,,,,3rd IEEE International Conference on Advanced Robotics and Mechatronics (ICARM)3rd IEEE International Conference on Advanced Robotics and Mechatronics (ICARM),"JUL 18-20, 2018JUL 18-20, 2018",IEEE Syst Man & Cybernet Soc; Singapore Univ Technol & Design; Nanyang Technol Univ; Agcy Sci Technol & Res; IEEE Robot Automat Soc; Sunrise Instruments; IEEE Syst Man & Cybernet Soc Tech Comm Bio Mechatron & Bio Robot Syst; IEEE Robot Automat Soc Tech Comm Neuro Robot Syst; IEEE CAA Journal Automatica Sinica; Aiibbot; Guangxi Aiibbot Intelligent Technol Co Ltd; Leeman China; IEEEIEEE Syst Man & Cybernet Soc; Singapore Univ Technol & Design; Nanyang Technol Univ; Agcy Sci Technol & Res; IEEE Robot Automat Soc; Sunrise Instruments; IEEE Syst Man & Cybernet Soc Tech Comm Bio Mechatron & Bio Robot Syst; IEEE Robot Automat Soc Tech Comm Neuro Robot Syst; IEEE CAA Journal Automatica Sinica; Aiibbot; Guangxi Aiibbot Intelligent Technol Co Ltd; Leeman China; IEEE,"Natl Univ Singapore, Singapore, SINGAPORENatl Univ Singapore, Singapore, SINGAPORE",1,0,0,0,0,0,1,1,5,,,978-1-5386-7066-8,,,,,,,,,,,,,2019-02-21,WOS:000458327200056,,
J,"Chen, Shengyang; Chang, Ching-Wei; Wen, Chih-Yung",,,,"; WEN, Chih-Yung/M-1763-2015","Chen, Shengyang/0000-0003-1506-0615; WEN, Chih-Yung/0000-0002-1181-8786; Chang, Ching-Wei/0000-0001-7307-6039",,,,,Perception in the Dark; Development of a ToF Visual Inertial Odometry System,,,,,,,,SENSORS,,,,20,5,,,,,1263,,,10.3390/s20051263,,,,,,,Article,MAR 2020,2020,"Visual inertial odometry (VIO) is the front-end of visual simultaneous localization and mapping (vSLAM) methods and has been actively studied in recent years. In this context, a time-of-flight (ToF) camera, with its high accuracy of depth measurement and strong resilience to ambient light of variable intensity, draws our interest. Thus, in this paper, we present a realtime visual inertial system based on a low cost ToF camera. The iterative closest point (ICP) methodology is adopted, incorporating salient point-selection criteria and a robustness-weighting function. In addition, an error-state Kalman filter is used and fused with inertial measurement unit (IMU) data. To test its capability, the ToF-VIO system is mounted on an unmanned aerial vehicle (UAV) platform and operated in a variable light environment. The estimated flight trajectory is compared with the ground truth data captured by a motion capture system. Real flight experiments are also conducted in a dark indoor environment, demonstrating good agreement with estimated performance. The current system is thus shown to be accurate and efficient for use in UAV applications in dark and Global Navigation Satellite System (GNSS)-denied environments.",,,,,,,,,8,0,0,0,0,0,9,0,26,,1424-8220,,,,,,,,,,,,,,2020-04-23,WOS:000525271500025,32110910,
C,"Bednar, Jan; Petrlik, Matej; Vivaldini, Kelen Cristiane Teixeira; Saska, Martin",,,IEEE,"Saska, Martin/L-3669-2013; Vivaldini, Kelen Cristiane Teixeira/JAC-5505-2023; Petrlik, Matej/JPK-7022-2023; Bednar, Jan/H-3648-2017","Vivaldini, Kelen Cristiane Teixeira/0000-0001-5985-9635; Petrlik, Matej/0000-0002-5337-9558;",,,,,Deployment of Reliable Visual Inertial Odometry Approaches for Unmanned Aerial Vehicles in Real-world Environment,,,,,,,,2022 INTERNATIONAL CONFERENCE ON UNMANNED AIRCRAFT SYSTEMS (ICUAS),,International Conference on Unmanned Aircraft Systems,,,,,,167,176,,,,10.1109/ICUAS54217.2022.9836067,,,,,,,Proceedings Paper,2022,2022,"Integration of Visual Inertial Odometry (VIO) methods into a modular control system designed for deployment of Unmanned Aerial Vehicles (UAVs) and teams of cooperating UAVs in real-world conditions are presented in this paper. Reliability analysis and fair performance comparison of several methods integrated into a control pipeline for achieving full autonomy in real conditions is provided. Although most VIO algorithms achieve excellent localization precision and negligible drift on artificially created datasets, the aspects of reliability in non-ideal situations, robustness to degraded sensor data, and the effects of external disturbances and feedback control coupling are not well studied. These imperfections, which are inherently present in cases of real-world deployment of UAVs, negatively affect the ability of the most used VIO approaches to output a sensible pose estimation. We identify the conditions that are critical for a reliable flight under VIO localization and propose workarounds and compensations for situations in which such conditions cannot be achieved. The performance of the UAV system with integrated VIO methods is quantitatively analyzed w.r.t. RTK ground truth and the ability to provide reliable pose estimation for the feedback control is demonstrated onboard a UAV that is tracking dynamic trajectories under challenging illumination.",,,,,International Conference on Unmanned Aircraft Systems (ICUAS)International Conference on Unmanned Aircraft Systems (ICUAS),"JUN 21-24, 2022JUN 21-24, 2022",,"Dubrovnik, CROATIADubrovnik, CROATIA",8,0,0,0,0,0,9,0,12,2373-6720,,978-1-6654-0593-5,,,,,,,,,,,,,2022-09-28,WOS:000854030400020,,
J,"Allak, Eren; Brommer, Christian; Dallenbach, Diego; Weiss, Stephan",,,,"Allak, Eren/IQR-7435-2023","Brommer, Christian/0000-0002-2801-2172",,,,,AMADEE-18: Vision-Based Unmanned Aerial Vehicle Navigation for Analog Mars Mission (AVI-NAV),,,,,,,,ASTROBIOLOGY,,,,20,11,,,1321,1337,,,,10.1089/ast.2019.2036,,,,,,,Article,NOV 1 2020,2020,"As a part of the AMADEE-18 analog Mars mission, designed to study challenges associated with human-based exploration of the Red Planet, we focused our team efforts on testing means to localize an unmanned aerial vehicle (UAV) on Mars. Robot helicopters, such as the one selected for a technology demonstration as a part of NASA's Mars 2020 mission, are small and their performance is computationally limited. An essential aspect of navigation and path planning of an autonomous helicopter is accurate localization of the robot. In the absence of a global positioning system, a computationally efficient localization technology that can be applied on Mars is visual-inertial odometry (VIO). The AMADEE-18 mission provided an opportunity to test the feasibility of a state-of-the-art VIO algorithm and the camera in a Mars-like analog environment. The flight datasets included different terrain structures that challenged the functionality of VIO algorithms. The experiment has yielded valuable insights into the desired surface structure, texture, and mission times for surface relative navigation of UAV on Mars.",,,,,,,,,8,1,0,0,1,0,9,1,20,1531-1074,1557-8070,,,,,,,,,,,,,,2020-11-25,WOS:000588619200006,33179969,
C,"Shou, Yicheng; Song, Zhuoyue; Qi, Haoyu; Li, Zhen; Chen, Wenjie",,,,"Li, Zhen/F-9475-2015; song, zhuoyue/JOK-9301-2023","Li, Zhen/0000-0003-1166-9482;","Yan, L; Duan, H; Deng, Y",,,,Distributed UAV Swarm Collaborative SLAM Based on Visual-Inertial-Ranging Measurement,,,,,,,,"ADVANCES IN GUIDANCE, NAVIGATION AND CONTROL, VOL 6",,Lecture Notes in Electrical Engineering,,1342,,,,183,192,,,,10.1007/978-981-96-2220-7_18,,,,,,,Proceedings Paper,2025,2025,"Compared with the standalone operation, unmanned aerial vehicle (UAV) swarm systems bring the high efficiency to the task execution in a cooperative manner, and they has gained the widespread application in disaster relief, power inspection and other fields. To support the fulfillment of cooperative task, the cooperative positioning capability plays the key role in global positioning system (GPS) denied areas. However, there are still difficulties in initialization, high communication demand, and inevitable drift for swarm cooperative positioning. In order to solve the problems above, a distributed collaborative simultaneous localization and mapping (SLAM) system is developed based on ranging measurement from ultra-wideband (UWB), which specifically accelerates the initialization by introducing prior information, and optimizes the communication framework between the UAVs so as to run in real time. Besides, the ranging is introduced as the restraints on the relative drift between the nodes. The evaluation are performed on datasets recorded in a lab environment. Experiments results show that our method surpasses 15% over the mainstream visual-inertial odometry in positioning accuracy. Furthermore, our method effectively reduces the drift of the visual-inertial odometry in challenging scenarios on visual.",,,,,"2024 International Conference on Guidance, Navigation and Control2024 International Conference on Guidance, Navigation and Control","AUG 09-11, 2024AUG 09-11, 2024",National University of Defense TechnologyNational University of Defense Technology,"Changsha, PEOPLES R CHINAChangsha, PEOPLES R CHINA",0,0,0,0,0,0,0,4,8,1876-1100,1876-1119,978-981-96-2222-1; 978-981-96-2220-7; 978-981-96-2219-1,,,,,,,,,,,,,2025-05-14,WOS:001472217500018,,
J,"Feng, Zheyu; Li, Jianwen; Zhang, Lundong; Chen, Chen",,,,"do, zh/JYP-0936-2024",,,,,,Online Spatial and Temporal Calibration for Monocular Direct Visual-Inertial Odometry,,,,,,,,SENSORS,,,,19,10,,,,,2273,,,10.3390/s19102273,,,,,,,Article,MAY 2 2019,2019,"Owing to the nonlinearity in visual-inertial state estimation, sufficiently accurate initial states, especially the spatial and temporal parameters between IMU (Inertial Measurement Unit) and camera, should be provided to avoid divergence. Moreover, these parameters are required to be calibrated online since they are likely to vary once the mechanical configuration slightly changes. Recently, direct approaches have gained popularity for their better performance than feature-based approaches in little-texture or low-illumination environments, taking advantage of tracking pixels directly. Based on these considerations, we perform a direct version of monocular VIO (Visual-inertial Odometry), and propose a novel approach to initialize the spatial-temporal parameters and estimate them with all other variables of interest (IMU pose, point inverse depth, etc.). We highlight that our approach is able to perform robust and accurate initialization and online calibration for the spatial and temporal parameters without utilizing any prior information, and also achieves high-precision estimates even when large temporal offset occurs. The performance of the proposed approach was verified through the public UAV (Unmanned Aerial Vehicle) dataset.",,,,,,,,,11,0,0,0,0,0,11,2,27,1424-8220,,,,,,,,,,,,,,,2019-06-28,WOS:000471014500060,31100933,
J,"Bautista, Nicolas; Gutierrez, Hector; Inness, John; Rakoczy, John",,,,"Gutierrez, Hector/AAL-4710-2021","Gutierrez, Hector/0000-0003-2181-1964",,,,,Precision Landing of a Quadcopter Drone by Smartphone Video Guidance Sensor in a GPS-Denied Environment,,,,,,,,SENSORS,,,,23,4,,,,,1934,,,10.3390/s23041934,,,,,,,Article,FEB 2023,2023,"This paper describes the deployment, integration, and demonstration of a Smartphone Video Guidance Sensor (SVGS) as a novel technology for autonomous 6-DOF proximity maneuvers and precision landing of a quadcopter drone. The proposed approach uses a vision-based photogrammetric position and attitude sensor (SVGS) to estimate the position of a landing target after video capture. A visual inertial odometry sensor (VIO) is used to provide position estimates of the UAV in a ground coordinate system during flight on a GPS-denied environment. The integration of both SVGS and VIO sensors enables the accurate updating of position setpoints during landing, providing improved performance compared with VIO-only landing, as shown in landing experiments. The proposed technique also shows significant operational advantages compared with state-of-the-art sensors for indoor landing, such as those based on augmented reality (AR) markers.",,,,,,,,,9,0,0,0,0,0,9,1,17,,1424-8220,,,,,,,,,,,,,,2023-03-20,WOS:000942282000001,36850531,
C,"Yang, Zhenzhou; Zong, Qun; Chen, Hongming; Tian, Bailing",,,,"Shen, Hongming/IWL-9981-2023; Zong, Qiugang/L-1920-2018",,"Fu, J; Sun, J",,,,An Online Calibration 2-DoF Attitude and Height State Estimator,,,,,,,,PROCEEDINGS OF THE 39TH CHINESE CONTROL CONFERENCE,,Chinese Control Conference,,,,,,3252,3257,,,,,,,,,,,Proceedings Paper,2020,2020,"The Visual-inertial based simultaneous localization and mapping ( SLAM) method has been a hot topic in recent years. When Unmanned Aerial Vehicle (UAV) detects in the unknown environment, stable control and mapping is need. It is intolerable for the error of roll and pitch estimation of the attitude, and the altitude needs to maintain continuous and effective observations to prevent drift. In this paper, based on nonlinear optimization methods with a sliding window, we propose an visual-inertial odometry that solves more precise pitch and roll by IMU using EKF algorithm and integrates it into the tightly-coupled state estimation to keep 2-DoF attitude estimation precision, while simultaneous calculating the 6-DoF state by IMU pre-integration and vision. Meanwhile, the height radar is used to eliminate the cumulative drift of the drone height. A terrain estimator is set to prevent terrain abrupt changes.",,,,,39th Chinese Control Conference (CCC)39th Chinese Control Conference (CCC),"JUL 27-29, 2020JUL 27-29, 2020",,"Shenyang, PEOPLES R CHINAShenyang, PEOPLES R CHINA",0,0,0,0,0,0,0,0,2,2161-2927,,978-988-15639-0-3,,,,,,,,,,,,,2021-04-23,WOS:000629243503067,,
C,"Wang Yongtian; Jie, Toh Yan; Gimin, Seo; Kenny, Leck Bing Yu; Srigrarom, Sutthiphong",,,IEEE,,,,,,,Autonomous Customized Quadrotor With Vision-Aided Navigation For Indoor Flight Challenges,,,,,,,,2022 8TH INTERNATIONAL CONFERENCE ON MECHATRONICS AND ROBOTICS ENGINEERING (ICMRE 2022),,,,,,,,33,37,,,,10.1109/ICMRE54455.2022.9734105,,,,,,,Proceedings Paper,2022,2022,"Singapore Amazing Flying Machine Competition (SAFMC) 2021 is an annual indoor unmanned aerial vehicle (UAV) students competition in Singapore. Participants design, build and fly their UAV platforms. Here we designed, built and flew autonomous quadrotor, equipped with vision-aided navigation capacity for the indoor flight challenges D2. We utilized the well-known and available vision-aided navigation tools from OpenCV, i.e. color detection, edge detection, QR-code detection and circle detection. The camera used are Zed-M and OpenMV to assist in depth estimation. We design and integrate our own Visual-Inertial Odometry (VIO) system and based on ROS architecture on Intel Xavier companion computer and talk to Pixhawk flight controller, and perform several tasks in SAFMC 2021. For indoor flights, the drone could perform and complete all missions. We also conduct outdoor flights and the drone could fly well with vision-aided navigation for waypointing and obstacles avoidances.",,,,,8th International Conference on Mechatronics and Robotics Engineering (ICMRE)8th International Conference on Mechatronics and Robotics Engineering (ICMRE),"FEB 10-12, 2022FEB 10-12, 2022",,ELECTR NETWORKELECTR NETWORK,3,0,0,0,0,0,3,1,8,,,978-1-6654-8377-3,,,,,,,,,,,,,2022-07-01,WOS:000814854400006,,
J,"Wang, Zhixiang; Li, Xudong; Zhang, Yizhai; Huang, Panfeng",,,,"李, 连之/AFS-3203-2022","Wang, Zhixiang/0000-0002-1717-8636; Li, Xudong/0000-0001-6907-4305",,,,,"Localization, Planning, and Control of a UAV for Rapid Complete Coverage Bridge Inspection in Large-Scale Intermittent GPS Environments",,,,,,,,IEEE TRANSACTIONS ON CONTROL SYSTEMS TECHNOLOGY,,,,32,4,,,1357,1369,,,,10.1109/TCST.2024.3366695,,,,,FEB 2024,,Article,JUL 2024,2024,"In this article, we tackle the problem of automated visual inspection using a quadrotor unmanned aerial vehicle (UAV) in large-scale intermittent Global Positioning System (GPS) environments. There are mainly three main challenges in this task including drift-free localization in intermittent GPS environments, coverage planning for maximizing inspection efficiency, and safe flight in disturbance environments. An aerial system, comprising localization, planning, and control components, is presented to address the aforementioned challenges. In this system, a localization method called intermittent GPS-aided visual inertial odometry (IGVIO) is devised to achieve precision absolute localization under intermittent GPS by fusion of visual inertial odometry (VIO). A hierarchical time-optimal trajectory planning method called HTOP is also proposed to maximize the efficiency of complete coverage inspection, and finally, a nonlinear model predictive control (NMPC) scheme is leveraged to achieve robust trajectory tracking despite potential external disturbances. Compared with the state-of-the-art time-optimal planners, the proposed planner has key improvements in stability, coverage, efficiency, and optimality, which implies our proposal is more suitable for rapid complete coverage bridge inspection. The proposal is tested in real-world experiments with a commercial quadrotor, which demonstrates that our aerial system can meet the practicability demands of automated visual inspection.",,,,,,,,,12,0,0,0,0,0,13,7,52,1063-6536,1558-0865,,,,,,,,,,,,,,2024-04-01,WOS:001178944900001,,
C,"Bloesch, Michael; Omani, Sammy; Hutter, Marco; Siegwart, Roland",,,IEEE,"Siegwart, Roland/A-4495-2008","Siegwart, Roland/0000-0002-2760-7983",,,,,Robust Visual Inertial Odometry Using a Direct EKF-Based Approach,,,,,,,,2015 IEEE/RSJ INTERNATIONAL CONFERENCE ON INTELLIGENT ROBOTS AND SYSTEMS (IROS),,IEEE International Conference on Intelligent Robots and Systems,,,,,,298,304,,,,,,,,,,,Proceedings Paper,2015,2015,"In this paper, we present a monocular visual-inertial odometry algorithm which, by directly using pixel intensity errors of image patches, achieves accurate tracking performance while exhibiting a very high level of robustness. After detection, the tracking of the multilevel patch features is closely coupled to the underlying extended Kalman filter (EKF) by directly using the intensity errors as innovation term during the update step. We follow a purely robocentric approach where the location of 3D landmarks are always estimated with respect to the current camera pose. Furthermore, we decompose landmark positions into a bearing vector and a distance parametrization whereby we employ a minimal representation of differences on a corresponding sigma-Algebra in order to achieve better consistency and to improve the computational performance. Due to the robocentric, inverse-distance landmark parametrization, the framework does not require any initialization procedure, leading to a truly power-up-and-go state estimation system. The presented approach is successfully evaluated in a set of highly dynamic hand-held experiments as well as directly employed in the control loop of a multirotor unmanned aerial vehicle (UAV).",,,,,IEEE/RSJ International Conference on Intelligent Robots and Systems (IROS)IEEE/RSJ International Conference on Intelligent Robots and Systems (IROS),"SEP 28-OCT 02, 2015SEP 28-OCT 02, 2015","IEEE; RSJ; Univ Hamburg; DFG; RA; New Technol Fdn; SICE; KUKA; DJI; Rethink Robot; BOSCH; Chinese Acad Sci, SIAT; Boozhong; Adept; Automatica; HIT; Ascending Technol; OPTOFORCE; DST Robot; BA Syst; Rainbow Robot; SIA; CLEARPATH Robot; Swiss Natl Ctr Competence Res Robot; SINEVA; Dyson; SICK; Robocept; Force Dimension; Open Unit Robot; Luoyang Natl Univ Sci Park; Fuzhou Univ; Synapticon; Google; Technishce Univ Munchen; iRobot; Echord++; Khalifa Univ; Pan Robot; FESTO; Kinova Robot; SCHUNK; iesIEEE; RSJ; Univ Hamburg; DFG; RA; New Technol Fdn; SICE; KUKA; DJI; Rethink Robot; BOSCH; Chinese Acad Sci, SIAT; Boozhong; Adept; Automatica; HIT; Ascending Technol; OPTOFORCE; DST Robot; BA Syst; Rainbow Robot; SIA; CLEARPATH Robot; Swiss Natl Ctr Competence Res Robot; SINEVA; Dyson; SICK; Robocept; Force Dimension; Open Unit Robot; Luoyang Natl Univ Sci Park; Fuzhou Univ; Synapticon; Google; Technishce Univ Munchen; iRobot; Echord++; Khalifa Univ; Pan Robot; FESTO; Kinova Robot; SCHUNK; ies","Hamburg, GERMANYHamburg, GERMANY",702,62,0,0,1,0,878,3,137,2153-0858,,978-1-4799-9994-1,,,,,,,,,,,,,2015-01-01,WOS:000371885400043,,
C,"Lee, Hongyun; McCrink, Matthew H.; Gregory, James W.",,,AIAA,"Gregory, James/A-2343-2015; McCrink, Matthew/GZG-4650-2022",,,,,,Visual-Inertial Odometry for Unmanned Aerial Vehicle Using Deep Learning,,,,,,,,AIAA SCITECH 2019 FORUM,,,,,,,,,,,,,,,,,,,,Proceedings Paper,2019,2019,"This paper presents the development of a visual-inertial odometry system trained using deep learning methods. Many visual-inertial odometry works have shown robust performance in both indoor and outdoor environments on several different systems such as aerial and ground vehicles, or hand-held cameras. However, these methods require meticulous calibrations since each camera has different intrinsic parameters, and each environment has different scale factors that require unique parameter tuning processes. These systems are also typically computationally constrained, necessitating efficient algorithms and implementations for real-time, real-world use. In this work, an algorithmic and computational architecture is presented which demonstrates that the process of the optical and the scaling parameter estimation can be skipped by the training of a neural network based on optical flow of two consecutive raw images. A demonstration system was developed using stereoscopic imaging cameras and a commonly available inertial system. Details on the training and implementation for this architecture are presented along with a systematic estimate of the uncertainty in the computed state estimates. Baseline trials indicate mean velocity errors on the order of 1.7 m/s for an unaided visual inertial system with no external aiding sensors.",,,,,AIAA Science and Technology (SciTech) Forum and ExpositionAIAA Science and Technology (SciTech) Forum and Exposition,"JAN 07-17, 2019JAN 07-17, 2019",AIAAAIAA,"San Diego, CASan Diego, CA",0,0,0,0,0,0,0,0,1,,,978-1-62410-578-4,,,,,,,,,,,,,2019-01-01,WOS:001361742507029,,
C,"Lee, EungChang Mason; Myung, Hyun",,,IEEE,"; Myung, Hyun/C-1698-2011","Lee, Eungchang/0000-0003-0219-784X; Myung, Hyun/0000-0002-5799-2026",,,,,Analysis on the performance of VIO according to Trajectory Planning of UAV,,,,,,,,"2020 20TH INTERNATIONAL CONFERENCE ON CONTROL, AUTOMATION AND SYSTEMS (ICCAS)",,International Conference on Control Automation and Systems,,,,,,967,971,,,,10.23919/iccas50221.2020.9268220,,,,,,,Proceedings Paper,2020,2020,"Recently, Unmanned Aerial Vehicles (UAVs) have been widely researched to accomplish tasks such as structural inspection, drone racing, and exploration of an unknown environment. To make the most of UAV and correctly estimate its pose with inexpensive and light-weight sensors such as Inertial Measurement Unit (IMU) and cameras, Visual Inertial Odometry (VIO) has been intensively researched. There were a few analyses on the performance of VIO methods where only estimated pose error and utilization of the computing resources were considered. However, the performance of them according to trajectory planning was not treated. Trajectory planning can be one of the main reasons for the drift of localization from VIO since the sensors acquire the data at their sampling rates. In this paper, we analyze the performance of VIO on various trajectories that have different orders of polynomials for the desired position over time and hence different velocity, acceleration, and the first, second derivative of acceleration, using simulator which reflects the real dynamics of UAV. As a result, the higher the order of polynomial for trajectory, the better performance of VIO can be observed.",,,,,"20th International Conference on Control, Automation and Systems (ICCAS)20th International Conference on Control, Automation and Systems (ICCAS)","OCT 13-16, 2020OCT 13-16, 2020",IEEE IES; IEEE Robot & Automat Soc; IEEE CSS; ECTI Assoc; CAC; ACA; ISA; Inst Control Robot & SystIEEE IES; IEEE Robot & Automat Soc; IEEE CSS; ECTI Assoc; CAC; ACA; ISA; Inst Control Robot & Syst,"Busan, SOUTH KOREABusan, SOUTH KOREA",5,0,0,0,0,0,5,0,5,2093-7121,,978-89-93215-19-9,,,,,,,,,,,,,2021-09-06,WOS:000681746000157,,
C,"Li, Ping; Garratt, Matthew; Lambert, Andrew",,,IEEE,"; Lambert, Anew/F-3366-2015","Garratt, Matthew/0000-0003-0222-430X; Lambert, Anew/0000-0003-0390-4446",,,,,Sensing and control of a quadrotor using a visual inertial fusion method,,,,,,,,"2015 15TH INTERNATIONAL CONFERENCE ON CONTROL, AUTOMATION AND SYSTEMS (ICCAS)",,International Conference on Control Automation and Systems,,,,,,231,236,,,,,,,,,,,Proceedings Paper,2015,2015,"A visual inertial fusion method is proposed in this paper for the state estimation and control of a low-cost Unmanned Aerial Vehicle. A binary template matching algorithm is combined with a gradient based algorithm to compute optic flow ( OF). The proposed OF method is capable of handling large displacement, illumination variation and gives subpixel accuracy. With a ground plane assumption, the Jacobian motion model is employed to solve for the unscaled linear velocity, which is fused with inertial measurements in an Extended Kalman Filter ( EKF) framework to estimate metric speed and altitude. A number of flight tests have been conducted both indoors and outdoors to evaluate the performance of the proposed approach.",,,,,"15th International Conference on Control, Automation and Systems (ICCAS)15th International Conference on Control, Automation and Systems (ICCAS)","OCT 13-16, 2015OCT 13-16, 2015","Busan Tourism Org; Korea Tourism Org; Koh Young Technol Inc; Chonnam Natl Univ, Robot Res Initiat; SNU, Bio Mimet Robot Res Ctr; Samsung Heavy Ind Co Ltd; LS Ind Syst Co Ltd; RS Automat; Dongil SHIMADZI CorpBusan Tourism Org; Korea Tourism Org; Koh Young Technol Inc; Chonnam Natl Univ, Robot Res Initiat; SNU, Bio Mimet Robot Res Ctr; Samsung Heavy Ind Co Ltd; LS Ind Syst Co Ltd; RS Automat; Dongil SHIMADZI Corp","Busan, SOUTH KOREABusan, SOUTH KOREA",4,0,0,0,3,0,4,0,1,2093-7121,,978-8-9932-1509-0,,,,,,,,,,,,,2016-11-30,WOS:000382295200046,,
J,"Yang, Daolong; Liu, Haoyuan; Jin, Xueying; Chen, Jiawei; Wang, Chengcai; Ding, Xilun; Xu, Kun",,,,"Jin, Xueying/OYE-1080-2025; chen, jiawei/ABF-7307-2021; XU, KUN/KCL-7242-2024","Jin, Xueying/0000-0002-9323-3342; Yang, Daolong/0009-0007-1738-5604; chen, jiawei/0000-0002-3616-8409; XU, KUN/0000-0003-4733-393X",,,,,Enhancing VIO Robustness Under Sudden Lighting Variation: A Learning-Based IMU Dead-Reckoning for UAV Localization,,,,,,,,IEEE ROBOTICS AND AUTOMATION LETTERS,,,,9,5,,,4535,4542,,,,10.1109/LRA.2024.3377950,,,,,,,Article,MAY 2024,2024,"Visual Inertial Odometry (VIO) is commonly used for real-time Unmanned Aerial Vehicle (UAV) localization. However, the performance of VIO significantly deteriorates when UAV encounters sudden lighting variation in the environment, which poses a significant risk during flight. To address this issue without introducing additional sensors, a learning-based dead-reckoning algorithm relying solely on inertial measurement, which shares the same source with VIO, is proposed. The core idea of our method tightly couples a model-based Left Invariant Extended Kalman Filter (LIEKF) with a statistical neural network, both driven by raw inertial measurement. We have validated our algorithm for comparable accuracy with commonly deployed VIO methods under favorable lighting conditions and outperforms other IMU dead-reckoning algorithms in open-source datasets and real-world scenarios. To further enhance localization robustness while UAV traverses environments with different lighting conditions, we introduce an approach that tightly integrates our algorithm with VIO, and validate its effectiveness in real-world scenarios. It is believed that our work presents a promising way for enhancing robustness in vision-based localization methods within the robotics society.",,,,,,,,,7,0,0,0,0,0,8,8,58,2377-3766,,,,,,,,,,,,,,,2024-04-14,WOS:001197791000002,,
C,"Delama, Giulio; Shamsfakhr, Farhad; Weiss, Stephan; Fontanelli, Daniele; Fornasier, Alessandro",,,IEEE,"Shafakhr, Farhad/NXB-9973-2025","Shafakhr, Farhad/0000-0001-6371-6557; Fontanelli, Daniele/0000-0002-5486-9989",,,,,UVIO: An UWB-Aided Visual-Inertial Odometry Framework with Bias-Compensated Anchors Initialization,,,,,,,,2023 IEEE/RSJ INTERNATIONAL CONFERENCE ON INTELLIGENT ROBOTS AND SYSTEMS (IROS),,IEEE International Conference on Intelligent Robots and Systems,,,,,,7111,7118,,,,10.1109/IROS55552.2023.10342012,,,,,,,Proceedings Paper,2023,2023,"This paper introduces UVIO, a multi-sensor framework that leverages Ultra Wide Band (UWB) technology and Visual-Inertial Odometry (VIO) to provide robust and low-drift localization. In order to include range measurements in state estimation, the position of the UWB anchors must be known. This study proposes a multi-step initialization procedure to map multiple unknown anchors by an Unmanned Aerial Vehicle (UAV), in a fully autonomous fashion. To address the limitations of initializing UWB anchors via a random trajectory, this paper uses the Geometric Dilution of Precision (GDOP) as a measure of optimality in anchor position estimation, to compute a set of optimal waypoints and synthesize a trajectory that minimizes the mapping uncertainty. After the initialization is complete, the range measurements from multiple anchors, including measurement biases, are tightly integrated into the VIO system. While in range of the initialized anchors, the VIO drift in position and heading is eliminated. The effectiveness of UVIO and our initialization procedure has been validated through a series of simulations and real-world experiments.",,,,,IEEE/RSJ International Conference on Intelligent Robots and Systems (IROS)IEEE/RSJ International Conference on Intelligent Robots and Systems (IROS),"OCT 01-05, 2023OCT 01-05, 2023",IEEE; RSJIEEE; RSJ,"Detroit, MIDetroit, MI",12,2,0,0,0,0,14,3,8,2153-0858,,978-1-6654-9190-7,,,,,,,,,,,,,2024-02-29,WOS:001136907801085,,
J,"Zhang, Jiahui; Yang, Jinfu; Shang, Qingzhen; Li, Mingai",,,,"Zhang, Jiahui/JUF-3670-2023","Zhang, Jiahui/0000-0001-7005-1629",,,,,PLI-VIO: Real-time Monocular Visual-inertial Odometry Using Point and Line Interrelated Features,,,,,,,,INTERNATIONAL JOURNAL OF CONTROL AUTOMATION AND SYSTEMS,,,,21,6,,,2004,2019,,,,10.1007/s12555-022-0210-9,,,,,MAY 2023,,Article,JUN 2023,2023,"As a popular technology, visual-inertial odometry (VIO) has been widely applied in many fields such as autonomous robots and unmanned aerial vehicle (UAV). However, the trade-off between localization accuracy and real-time performance still needs to be optimized. This paper presents a real-time tightly-coupled monocular VIO system using point and line interrelated features (PLI-VIO) under the sliding window optimization framework. In line feature extraction part of PLI-VIO, a line segment extraction and coalescence algorithm based on EDlines is proposed, which extracts line features in real-time without concession on feature quality. At the same time, in order to get efficient and robust line tracking effect, PLI-VIO presents a line-to-point tracking method that fully utilizes the interrelation between point and line. Specifically, line features are divided as a group of points and tracked by pyramidal implementation of Lucas Kanade feature tracker. The proposed line feature tracking method can effectively reduce time consumption on tracking process in a robust way. Extensive evaluations on Euroc and TUM-VI public datasets are performed to demonstrate the preferable performance of our proposed system, and the results show that PLI-VIO obtains better localization accuracy with less computation cost compared against other state-of-the-art VIO algorithms.",,,,,,,,,10,0,0,0,0,0,12,4,34,1598-6446,2005-4092,,,,,,,,,,,,,,2023-05-29,WOS:000984747100001,,
C,"Fei, Sicheng; Li, Jingfeng; Li, Lei; Liang, Jie; Hu, Jinwen; Zhang, Dingwen; Han, Junwei",,,,"zhang, dingwen/R-3463-2019; Han, Junwei/AEX-0831-2022",,"Yan, L; Duan, H; Deng, Y",,,,Transformer Based Visual Inertial Odometry,,,,,,,,"ADVANCES IN GUIDANCE, NAVIGATION AND CONTROL, VOL 17",,Lecture Notes in Electrical Engineering,,1353,,,,567,575,,,,10.1007/978-981-96-2264-1_54,,,,,,,Proceedings Paper,2025,2025,"Visual inertial odometry (VIO) is a sensor fusion technology used for positioning and navigation. It combines visual sensor and inertial sensor information to estimate the movement and location of the UAV in real time. In recent years deep learning based approaches VIO have shown outstanding performance than traditional geometric methods. However, VIO tasks usually need to capture long-distance feature dependencies to ensure the continuity and consistency of camera motion trajectories in time series. In this study, we introduce a new end to end transformer based VIO framework, named VIO-former, to enable the model to better understand motion features in video sequences. Comprehensive quantitative and qualitative evaluation is conducted on KITTI datasets to test our method. The experimental results shows that our approach can achieve superior performance when compared with the existing methods.",,,,,"2024 International Conference on Guidance, Navigation and Control2024 International Conference on Guidance, Navigation and Control","AUG 09-11, 2024AUG 09-11, 2024",National University of Defense TechnologyNational University of Defense Technology,"Changsha, PEOPLES R CHINAChangsha, PEOPLES R CHINA",0,0,0,0,0,0,0,1,6,1876-1100,1876-1119,978-981-96-2266-5; 978-981-96-2264-1; 978-981-96-2263-4,,,,,,,,,,,,,2025-05-10,WOS:001471603600054,,
C,"Li, Yanfei; Xiong, Zhi; Wang, Jingqi; Gao, Guanhong",,,,,,"Yan, L; Duan, H; Deng, Y",,,,A Visual-Inertial Localization Method Based on Motion Feature Constraints,,,,,,,,"ADVANCES IN GUIDANCE, NAVIGATION AND CONTROL, VOL 2",,Lecture Notes in Electrical Engineering,,1338,,,,65,74,,,,10.1007/978-981-96-2204-7_7,,,,,,,Proceedings Paper,2025,2025,"The method of fusing visual and inertial information for localization has been shown to deliver stable navigational outcomes when the unmanned aerial vehicle (UAV) undergoes large attitude changes. However, when the UAV's motion state changes such as sudden stopping and prolonged hovering to identify the search target, the drift noise of the IMU and insufficient constraints of the visual features results in diminished precision of localization. Furthermore, if there is interference from dynamic objects in the environment currently, incorrect visual measurement information will be introduced. To tackle the issue, this research advances a method for visual-inertial navigation anchored in the motion feature constraints, which introduces a zero-velocity update factor into optimization without increasing the number of sensors to detect the zero-velocity state of the UAV and improve the localization accuracy. By designing UAV experiments, it is proved that the method outlined in this paper indeed improves the precision of positioning in dynamic scenes where the UAV's trajectory appears a long-time hovering compared to VINS-Fusion.",,,,,"2024 International Conference on Guidance, Navigation and Control2024 International Conference on Guidance, Navigation and Control","AUG 09-11, 2024AUG 09-11, 2024",National University of Defense TechnologyNational University of Defense Technology,"Changsha, PEOPLES R CHINAChangsha, PEOPLES R CHINA",0,0,0,0,0,0,0,0,0,1876-1100,1876-1119,978-981-96-2206-1; 978-981-96-2204-7; 978-981-96-2203-0,,,,,,,,,,,,,2026-03-23,WOS:001471585000007,,
C,"Baldini, Francesca; Anandkumar, Animashree; Murray, Richard M.",,,IEEE,,,,,,,Learning Pose Estimation for UAV Autonomous Navigation and Landing Using Visual-Inertial Sensor Data,,,,,,,,2020 AMERICAN CONTROL CONFERENCE (ACC),,Proceedings of the American Control Conference,,,,,,2961,2966,,,,10.23919/acc45564.2020.9147400,,,,,,,Proceedings Paper,2020,2020,"In this work, we propose a robust network-in-the-loop control system for autonomous navigation and landing of an Unmanned-Aerial-Vehicle (UAV). To estimate the UAV's absolute pose, we develop a deep neural network (DNN) architecture for visual-inertial odometry, which provides a robust alternative to traditional methods. We first evaluate the accuracy of the estimation by comparing the prediction of our model to traditional visual-inertial approaches on the publicly available EuRoC MAV dataset. The results indicate a clear improvement in the accuracy of the pose estimation up to 25% over the baseline. Finally, we integrate the data-driven estimator in the closed-loop flight control system of Airsim, a simulator available as a plugin for Unreal Engine, and we provide simulation results for autonomous navigation and landing.",,,,,American Control Conference (ACC)American Control Conference (ACC),"JUL 01-03, 2020JUL 01-03, 2020",Amer Automat Control Council; Int Federat Automat ControlAmer Automat Control Council; Int Federat Automat Control,"Denver, CODenver, CO",22,4,0,0,1,0,28,5,23,0743-1619,2378-5861,978-1-5386-8266-1,,,,,,,,,,,,,2020-01-01,WOS:000618079802144,,
C,"Xu, Wenbo; Lin, Ziyue; Wang, Wei",,,IEEE,,,,,,,A Localization and Trajectory Planning Method for UAVs with Visual-Inertial Odometry,,,,,,,,2022 IEEE/ASME INTERNATIONAL CONFERENCE ON ADVANCED INTELLIGENT MECHATRONICS (AIM),,IEEE ASME International Conference on Advanced Intelligent Mechatronics,,,,,,710,715,,,,10.1109/AIM52237.2022.9863253,,,,,,,Proceedings Paper,2022,2022,"Unmanned aerial vehicles (UAV) are capable of operating tasks in challenging environments of high risk for humans. However, these tasks usually require UAVs to plan motion in environments where GPS is unavailable. This paper implements a UAV system of motion planning and obstacle avoidance in GPS-denied indoor environments with the visual-inertial odometry (VIO) approach. Collecting measurements from stereo cameras and IMU, the visual-inertial odometry estimates the states of the UAV by jointly minimizing visual and inertial residuals and solving the nonlinear optimization problem. Then we utilize the minimum snap method to generate feasible trajectories based on the estimated states provided by VIO and an obstacle map of the indoor environment. In order to verify the effectiveness of the proposed system, we perform experiments on a UAV platform and the results show that the UAV accurately follows the planned trajectory and avoids obstacles without the aid of GPS.",,,,,IEEE/ASME International Conference on Advanced Intelligent Mechatronics (AIM)IEEE/ASME International Conference on Advanced Intelligent Mechatronics (AIM),"JUL 11-15, 2022JUL 11-15, 2022",IEEE; ASMEIEEE; ASME,"Sapporo, JAPANSapporo, JAPAN",1,0,0,0,0,0,1,3,14,2159-6255,,978-1-6654-1308-4,,,,,,,,,,,,,2022-10-12,WOS:000860750800073,,
J,"Hao, Yun; He, Mengfan; Liu, Yuzhen; Liu, Jiacheng; Meng, Ziyang",,,,"; He, Mengfan/OSI-1297-2025","Liu, Jiacheng/0000-0002-3807-3817;",,,,,Range-Visual-Inertial Odometry with Coarse-to-Fine Image Registration Fusion for UAV Localization,,,,,,,,DRONES,,,,7,8,,,,,540,,,10.3390/drones7080540,,,,,,,Article,AUG 2023,2023,"In Global Navigation Satellite System (GNSS)-denied environments, image registration has emerged as a prominent approach to utilize visual information for estimating the position of Unmanned Aerial Vehicles (UAVs). However, traditional image-registration-based localization methods encounter limitations, such as strong dependence on the prior initial position information. In this paper, we propose a systematic method for UAV geo-localization. In particular, an efficient range-visual-inertial odometry (RVIO) is proposed to provide local tracking, which utilizes measurements from a 1D Laser Range Finder (LRF) to suppress scale drift in the odometry. To overcome the differences in seasons, lighting conditions, and other factors between satellite and UAV images, we propose an image-registration-based geo-localization method in a coarse-to-fine manner that utilizes the powerful representation ability of Convolutional Neural Networks (CNNs). Furthermore, to ensure the accuracy of global optimization, we propose an adaptive weight assignment method based on the evaluation of the quality of image-registration-based localization. The proposed method is extensively evaluated in both synthetic and real-world environments. The results demonstrate that the proposed method achieves global drift-free estimation, enabling UAVs to accurately localize themselves in GNSS-denied environments.",,,,,,,,,13,1,0,0,0,0,14,6,28,,2504-446X,,,,,,,,,,,,,,2023-09-12,WOS:001056728400001,,
J,"Wu, Zeyan; Dong, Shaopeng; Yuan, Mei; Cui, Jin; Zhao, Longfei; Tong, Chengbin",,,,,"Wu, Zeyan/0000-0003-3250-8370; Cui, Jin/0000-0003-1579-6526",,,,,Rotate artificial potential field algorithm toward 3D real-time path planning for unmanned aerial vehicle,,,,,,,,PROCEEDINGS OF THE INSTITUTION OF MECHANICAL ENGINEERS PART G-JOURNAL OF AEROSPACE ENGINEERING,,,,237,4,,,940,955,,,,10.1177/09544100221113198,,,,,AUG 2022,,Article,MAR 2023,2023,"As one of the key technologies in the development of Unmanned Aerial Vehicle (UAV), the path planning method has an intuitive impact on the real-time performance of UAV. Most existing path planning algorithms have drawbacks in global optimization ability or optimization speed, and cannot meet the requirements of practical applications. To improve the effectiveness and practicability of the path planning algorithm for UAV obstacle avoidance, this paper proposes the Rotate Artificial Potential Field (R-APF) method based on the traditional artificial potential field method. By introducing a new potential field function and stimulating rotating repulsive force, the R-APF solves the problems of local minimum as well as inaccessibility to targets near obstacles, respectively. Convergence of the algorithm is discussed to demonstrate the feasibility of R-APF. This paper also designs and implements algorithm feasibility verification experiments, obstacle shuttle experiments, as well as running time, and efficiency comparison experiments. In addition, the improved Visual-Inertial Navigation System obstacle detection algorithm is introduced to carry out physical verification experiments. Theoretical proof and experimental results show the proposed R-APF method has higher obstacle avoidance capability, shorter running time, and higher success rate compared to other algorithms, and is promising in practical application.",,,,,,,,,12,1,0,0,0,0,14,1,68,0954-4100,2041-3025,,,,,,,,,,,,,,2022-09-01,WOS:000845042400001,,
J,"Zhao, Boxin; Hellwich, Olaf; Hu, Tianjiang; Zhou, Dianle; Niu, Yifeng; Shen, Lincheng",,,,"Zhao, Boxin/NMJ-9163-2025; HU, Tianjiang/F-1933-2010",,,,,,Employing smartphone as on-board navigator in unmanned aerial vehicles: implementation and experiments,,,,,,,,INDUSTRIAL ROBOT-THE INTERNATIONAL JOURNAL OF ROBOTICS RESEARCH AND APPLICATION,,,,42,4,,,306,313,,,,10.1108/IR-01-2015-0016,,,,,,,Article,2015,2015,"Purpose - This study aims to investigate if smartphone sensors can be used in an unmanned aerial vehicle (UAV) localization system. With the development of technology, smartphones have been tentatively used in micro-UAVs due to their lightweight, inexpensiveness and flexibility. In this study, a Samsung Galaxy S3 smartphone is selected as an on-board sensor platform for UAV localization in Global Positioning System (GPS)-denied environments and two main issues are investigated: Are the phone sensors appropriate for UAV localization? If yes, what are the boundary conditions of employing them?Design/methodology/approach - Efficient accuracy estimation methodologies for the phone sensors are proposed without using any expensive instruments. Using these methods, one can estimate his phone sensors accuracy at any time without special instruments. Then, a visual-inertial odometry scheme is introduced to evaluate the phone sensors-based path estimation performance.Findings - Boundary conditions of using smartphone in a UAV navigation system are found. Both indoor and outdoor localization experiments are carried out and experimental results validate the effectiveness of the boundary conditions and the corresponding implemented scheme.Originality/value - With the phone as a payload, UAVs can be further realized in smaller scale at lower cost, which will be used widely in the field of industrial robots.",,,,,,,,,3,0,0,0,1,0,3,0,29,0143-991X,1758-5791,,,,,,,,,,,,,,2015-07-22,WOS:000357392900004,,
J,"Ma, Yufei; Wang, Shuangxin; Yu, Dingli; Zhu, Kaihua",,,,"Yu, Dingli/KIE-8840-2024","Yu, Dingli/0000-0003-3177-8942",,,,,Robust visual-inertial odometry with point and line features for blade inspection UAV,,,,,,,,INDUSTRIAL ROBOT-THE INTERNATIONAL JOURNAL OF ROBOTICS RESEARCH AND APPLICATION,,,,48,2,,,179,188,,,,10.1108/IR-01-2020-0009,,,,,FEB 2021,,Article,JUL 5 2021,2021,"PurposeThis paper aims to enable the unmanned aerial vehicles to inspect the surface condition of wind turbine in close range when the global positioning system signal is not reliable, and further improve its intelligence. So a visual-inertial odometry with point and line features is developed.Design/methodology/approachVisual front-end combining point and line features, as well as its purification strategies, are first presented to improve the robustness of feature tracking in low-textured scene and rapidity of segment detector. Additionally, the inertial measurement is integrated between keyframes as constrain to reduce tracking error existed in visual-only system. Second, the graph-based visual-inertial back-end is constructed. To parameterize line features effectively, the infinite line representation not sensitive to outdoor light is employed, in which Plucker and Cayley are selected for line re-projection and nonlinear optimization. Furthermore, Jacobians of the line re-projection errors are analytically derived for better accuracy.FindingsExperiments are performed in various scenes of the wind farm. The results demonstrate that the tight-coupled visual-inertial odometry with point and line features is more precise on all the samples than conventional algorithms in complex wind farm environments. Additionally, the constructed line feature map can be used in the following research for autonomous navigation.Originality/valueThe proposed visual-inertial odometry works robustly in strong electromagnetic interference, low-textured and illumination-change wind farm.",,,,,,,,,4,0,0,0,0,0,4,2,53,0143-991X,1758-5791,,,,,,,,,,,,,,2021-02-12,WOS:000614299300001,,
J,"Zhang, Li; Zhou, Xu; Li, Danyang; Yang, Zheng",,,,"Yang, Zheng/A-3223-2012","Yang, Zheng/0000-0003-4048-2684; Zhou, Xu/0000-0003-4616-5700",,,,,HCCNet: Hybrid Coupled Cooperative Network for Robust Indoor Localization,,,,,,,,ACM TRANSACTIONS ON SENSOR NETWORKS,,,,20,4,,,,,100,,,10.1145/3665645,,,,,,,Article,JUL 2024,2024,"Accurate localization of unmanned aerial vehicle (UAV) is critical for navigation in GPS-denied regions, which remains a highly challenging topic in recent research. This article describes a novel approach to multi-sensor hybrid coupled cooperative localization network (HCCNet) system that combines multiple types of sensors including camera, ultra-wideband (UWB), and inertial measurement unit (IMU) to address this challenge. The camera and IMU can automatically determine the position of UAV based on the perception of surrounding environments and their own measurement data. The UWBnode and the UWBwireless sensor network (WSN) in indoor environments jointly determine the global position of UAV, and the proposed dynamic random sample consensus (D-RANSAC) algorithm can optimize UWB localization accuracy. To fully exploit UWB localization results, we provide an HCCNet system which combines the local pose estimator of visual inertial odometry (VIO) system with global constraints from UWB localization results. Experimental results show that the proposed D-RANSAC algorithm can achieve better accuracy than other UWB-based algorithms. The effectiveness of the proposed HCCNet method is verified by a mobile robot in real world and some simulation experiments in indoor environments.",,,,,,,,,5,0,0,0,0,0,5,11,26,1550-4859,1550-4867,,,,,,,,,,,,,,2024-10-07,WOS:001290109700025,,
J,"Zhuang, Licong; Zhong, Xiaorong; Xu, Linjie; Tian, Chunbao; Yu, Wenshuai",,,,"; Yu, Wenshuai/HHS-6100-2022","田, 春宝/0009-0003-5452-1450; Zhong, Xiaorong/0000-0003-4644-6641; , Licong Zhuang/0009-0001-9517-4956; Yu, Wenshuai/0000-0002-2730-0818",,,,,Visual SLAM for Unmanned Aerial Vehicles: Localization and Perception,,,,,,,,SENSORS,,,,24,10,,,,,2980,,,10.3390/s24102980,,,,,,,Review,MAY 2024,2024,"Localization and perception play an important role as the basis of autonomous Unmanned Aerial Vehicle (UAV) applications, providing the internal state of movements and the external understanding of environments. Simultaneous Localization And Mapping (SLAM), one of the critical techniques for localization and perception, is facing technical upgrading, due to the development of embedded hardware, multi-sensor technology, and artificial intelligence. This survey aims at the development of visual SLAM and the basis of UAV applications. The solutions to critical problems for visual SLAM are shown by reviewing state-of-the-art and newly presented algorithms, providing the research progression and direction in three essential aspects: real-time performance, texture-less environments, and dynamic environments. Visual-inertial fusion and learning-based enhancement are discussed for UAV localization and perception to illustrate their role in UAV applications. Subsequently, the trend of UAV localization and perception is shown. The algorithm components, camera configuration, and data processing methods are also introduced to give comprehensive preliminaries. In this paper, we provide coverage of visual SLAM and its related technologies over the past decade, with a specific focus on their applications in autonomous UAV applications. We summarize the current research, reveal potential problems, and outline future trends from academic and engineering perspectives.",,,,,,,,,23,1,0,0,1,0,25,48,222,,1424-8220,,,,,,,,,,,,,,2024-05-31,WOS:001231403900001,38793834,
J,"Elamin, Ahmed; El-Rabbany, Ahmed; Jacob, Sunil",,,,"Elamin, Ahmed/G-6034-2018",,,,,,Event-Based Visual/Inertial Odometry for UAV Indoor Navigation,,,,,,,,SENSORS,,,,25,1,,,,,61,,,10.3390/s25010061,,,,,,,Article,JAN 2025,2025,"Indoor navigation is becoming increasingly essential for multiple applications. It is complex and challenging due to dynamic scenes, limited space, and, more importantly, the unavailability of global navigation satellite system (GNSS) signals. Recently, new sensors have emerged, namely event cameras, which show great potential for indoor navigation due to their high dynamic range and low latency. In this study, an event-based visual-inertial odometry approach is proposed, emphasizing adaptive event accumulation and selective keyframe updates to reduce computational overhead. The proposed approach fuses events, standard frames, and inertial measurements for precise indoor navigation. Features are detected and tracked on the standard images. The events are accumulated into frames and used to track the features between the standard frames. Subsequently, the IMU measurements and the feature tracks are fused to continuously estimate the sensor states. The proposed approach is evaluated using both simulated and real-world datasets. Compared with the state-of-the-art U-SLAM algorithm, our approach achieves a substantial reduction in the mean positional error and RMSE in simulated environments, showing up to 50% and 47% reductions along the x- and y-axes, respectively. The approach achieves 5-10 ms latency per event batch and 10-20 ms for frame updates, demonstrating real-time performance on resource-constrained platforms. These results underscore the potential of our approach as a robust solution for real-world UAV indoor navigation scenarios.",,,,,,,,,11,0,0,0,0,0,11,9,27,,1424-8220,,,,,,,,,,,,,,2025-01-17,WOS:001393864700001,39796852,
C,"Divan, Batchaya Noumeme Yacynte; Lorpenda, Msuega Jnr; Willert, Volker",,,,,,"Qaadan, S",,,,Getting Started with a Simple Visual-Inertial Odometry,,,,,,,,"2024 22ND INTERNATIONAL CONFERENCE ON RESEARCH AND EDUCATION IN MECHATRONICS, REM 2024",,International Workshop on Research and Education in Mechatronics,,,,,,231,236,,,,10.1109/REM63063.2024.10735689,,,,,,,Proceedings Paper,2024,2024,"This paper presents the development and evaluation of a basic monocular visual-inertial odometry (VIO) algorithm tailored for drone navigation. The primary goal is to present a minimal, easy-to-understand algorithm for beginners to the field. Therefore, the method utilises proven, simple, non-computationally intensive computer vision algorithms. To solve the unknown scale problem, monocular visual odometry estimates arc fused with scale estimates extracted from inertial measurement unit (IMU) data. We tested the algorithm on various datasets, including the real-world KITTI dataset and a custom dataset recorded with a Tello DJI drone in a controlled lab environment. Moreover, the algorithm's adaptability and performance were further validated in an Unreal-Engine simulated environment utilizing Microsoft AirSim for the simulation of the drone's physics. Although simple, the proposed method is versatile for short-term odometry especially for slow continuous movements.",,,,,22nd International Conference on Research and Education in Mechatronics22nd International Conference on Research and Education in Mechatronics,"SEP 24-26, 2024SEP 24-26, 2024",,"German-Jordanian University, JORDANGerman-Jordanian University, JORDAN",0,0,0,0,0,0,0,0,1,2993-4583,,979-8-3315-0598-1; 979-8-3315-0597-4,,,,,,,,,,,,,2025-03-05,WOS:001412795600039,,
J,"Henawy, John; Li, Zhengguo; Yau, Wei-Yun; Seet, Gerald",,,,"Gim Lee, Gerald/F-8918-2010; Li, Zhengguo/LCE-3960-2024; Henawy, John/ABB-6140-2020","Yau, Wei-Yun/0000-0001-5709-9169; Li, Zhengguo/0000-0002-4525-1204; Henawy, John/0000-0002-4382-9164",,,,,Accurate IMU Factor Using Switched Linear Systems for VIO,,,,,,,,IEEE TRANSACTIONS ON INDUSTRIAL ELECTRONICS,,,,68,8,,,7199,7208,,,,10.1109/TIE.2020.3000097,,,,,,,Article,AUG 2021,2021,"Accurate motion estimation plays a crucial role in state estimation of an unmanned aerial vehicle (UAV). This is usually carried out by fusing the kinematics of an inertial measurement unit (IMU) with the video output of a camera. However, the accuracy of existing approaches is hindered by the discretization effect of the model even at a high IMU sampling rate. In order to improve the accuracy, we propose a new IMU motion integration model for the IMU kinematics in continuous time. The kinematics are modeled using a switched linear system. A closed-form discrete formulation is derived to compute the mean measurement, the covariance matrix, and the Jacobian matrix. Thus, it is more accurate and more efficient for online estimation of visual-inertial odometry (VIO), particularly when there is a high dynamic change in the agent's motion or the agent travels with high speed. The proposed IMU factor framework is evaluated using both real public datasets and indoor environment under different scenarios of motion capture. Our evaluation shows that the proposed framework outperforms the state-of-the-art VIO approach by up to 22.71% accuracy improvement on the EuRoc dataset and 38.15% accuracy improvement for motion estimation under the indoor environment.",,,,,,,,,21,1,0,0,0,0,23,0,48,0278-0046,1557-9948,,,,,,,,,,,,,,2021-08-01,WOS:000647484000075,,
J,"Zhang, Chuanwei; Chen, Liming; Yuan, Suzhe",,,,,,,,,,ST-VIO: Visual-Inertial Odometry Combined With Image Segmentation and Tracking,,,,,,,,IEEE TRANSACTIONS ON INSTRUMENTATION AND MEASUREMENT,,,,69,10,,,8562,8570,,,,10.1109/TIM.2020.2989877,,,,,,,Article,OCT 2020,2020,"In this article, we develop a new monocular visual-inertial odometry system ST-VIO: visual-inertial odometry combined with image segmentation and tracking. We apply the direct method to track the keyframe of images. Meanwhile, we segment and track the keyframe with Siamese Network to achieve the medium-term tracking. This method allows the system to estimate the pose by the overall feature matching of the image in the large-scale motion. In order to obtain higher precision positioning, we tightly couple the image alignment factor, the IMU factor, and the medium-term tracking factor with iSAM2 solver using factor graph optimization. Our method can reduce the cumulative error of incremental positioning system because the medium-term tracking makes the system realize the partial loop closure detection. In order to verify the stability and accuracy of the proposed method, we have tested the algorithm by the EuRoC data set and the UAV platform, respectively. The results have been also compared with those by the OKVIS and R-VIO algorithms. The experimental tests demonstrate that the proposed ST-VIO has the ability to obtain excellent results with high real-time and robust performance.",,,,,,,,,21,0,0,0,0,0,21,3,56,0018-9456,1557-9662,,,,,,,,,,,,,,2020-10-06,WOS:000571849100121,,
J,"Yue, Zhe; Tang, Chengkai; Gao, Yuting",,,,,"tang, chengkai/0000-0002-9008-0061",,,,,A Novel Three-Stage Robust Adaptive Filtering Algorithm for Visual-Inertial Odometry in GNSS-Denied Environments,,,,,,,,IEEE SENSORS JOURNAL,,,,23,15,,,17499,17509,,,,10.1109/JSEN.2023.3289313,,,,,,,Article,AUG 1 2023,2023,"Visual-inertial odometry (VIO) has been widely applied in the autonomous navigation and positioning of unmanned aerial vehicles (UAVs) and unmanned ground vehicles (UGVs) in global navigation satellite system (GNSS)-denied environments. However, existing VIO filtering algorithms have the defects of low positioning accuracy and weak robustness, especially in complex and changeable environments. Therefore, a novel robust adaptive VIO algorithm is proposed here. First, the H infinity criterion is introduced into the popular cubature multistate constraint Kalman filter (CMSCKF), which improves the robustness of the VIO system. Second, this article designs a characterization method to judge the uncertainty degree of VIO based on the limited memory exponential weighting theory. Finally, inspired by the idea of the Institute of Geodesy and Geophysics (IGG) III model, we further put forward a three-stage robust adaptive H infinity filtering algorithm and test the performance with the numerical simulation and the publicly available real-world Karlsruhe Institute of Technology and Toyota Technological Institute (KITTI) dataset. The experimental results demonstrate that the proposed algorithm has better filtering accuracy and robustness.",,,,,,,,,9,0,0,0,0,0,9,3,58,1530-437X,1558-1748,,,,,,,,,,,,,,2023-09-07,WOS:001044265000105,,
J,"Bai, He; Taylor, Clark N.",,,,,"Taylor, Clark/0000-0002-6417-3715; Bai, He/0000-0002-4247-0698",,,,,Control-enabled Observability and Sensitivity Functions in Visual-Inertial Odometry,,,,,,,,JOURNAL OF INTELLIGENT & ROBOTIC SYSTEMS,,,,93,1-2,SI,,289,301,,,,10.1007/s10846-018-0808-6,,,,,,,Article,FEB 2019,2019,"Visual-inertial odometry (VIO) is an important component in autonomous navigation of Unmanned Aerial Vehicles (UAVs) in GPS-denied or degraded environments. VIO is a nonlinear estimation problem where control inputs, such as acceleration and angular velocity, have significant impact on the estimation performance. In this paper, we examine the effects of controls on the VIO problem. We first propose a sensitivity function that characterizes the relationship between the errors in the control inputs and the state estimation performance. This function depends on the control inputs, which is unique for nonlinear systems since for linear systems, state observability properties are independent of control inputs. We next derive analytical expressions of the sensitivity functions for various VIO scenarios relevant to UAV motions. Using Monte-Carlo simulations, we validate the derived sensitivity functions. We also show an interesting fact that deceleration along the velocity direction yields better estimation performance than acceleration with the same magnitude.",,,,,,,,,0,1,0,0,0,0,1,0,12,0921-0296,1573-0409,,,,,,,,,,,,,,2019-02-13,WOS:000456791900020,,
C,"Miki, Takahiro; Khrapchenkov, Petr; Hori, Koichi",,,IEEE,,,"Howard, A; Althoefer, K; Arai, F; Arrichiello, F; Caputo, B; Castellanos, J; Hauser, K; Isler, V; Kim, J; Liu, H; Oh, P; Santos, V; Scaramuzza, D; Ude, A; Voyles, R; Yamane, K; Okamura, A",,,,UAV/UGV Autonomous Cooperation: UAV assists UGV to climb a cliff by attaching a tether,,,,,,,,2019 INTERNATIONAL CONFERENCE ON ROBOTICS AND AUTOMATION (ICRA),,IEEE International Conference on Robotics and Automation ICRA,,,,,,8041,8047,,,,10.1109/icra.2019.8794265,,,,,,,Proceedings Paper,2019,2019,"This paper proposes a novel cooperative system for an Unmanned Aerial Vehicle (UAV) and an Unmanned Ground Vehicle (UGV) which utilizes the UAV not only as a flying sensor but also as a tether attachment device. Two robots are connected with a tether, allowing the UAV to anchor the tether to a structure located at the top of a steep terrain, impossible to reach for UGVs. Thus, enhancing the poor traversability of the UGV by not only providing a wider range of scanning and mapping from the air, but also by allowing the UGV to climb steep terrains with the winding of the tether. In addition, we present an autonomous framework for the collaborative navigation and tether attachment in an unknown environment. The UAV employs visual inertial navigation with 3D voxel mapping and obstacle avoidance planning. The UGV makes use of the voxel map and generates an elevation map to execute path planning based on a traversability analysis. Furthermore, we compared the pros and cons of possible methods for the tether anchoring from multiple points of view. To increase the probability of successful anchoring, we evaluated the anchoring strategy with an experiment. Finally, the feasibility and capability of our proposed system were demonstrated by an autonomous mission experiment in the field with an obstacle and a cliff.",,,,,IEEE International Conference on Robotics and Automation (ICRA)IEEE International Conference on Robotics and Automation (ICRA),"MAY 20-24, 2019MAY 20-24, 2019",Bosch; DJI; Kinova; Mercedes Benz; Samsung; Argo AI; Clearpath Robot; Element AI; Fetch Robot; Huawei; iRobot; KUKA; Quanser; SICK; Toyota Res Inst; Uber; Waymo; Zhejiang Lab; Amazon; Applanix; Cloudminds; Honda Res Inst; MathWorks; OusterBosch; DJI; Kinova; Mercedes Benz; Samsung; Argo AI; Clearpath Robot; Element AI; Fetch Robot; Huawei; iRobot; KUKA; Quanser; SICK; Toyota Res Inst; Uber; Waymo; Zhejiang Lab; Amazon; Applanix; Cloudminds; Honda Res Inst; MathWorks; Ouster,"Montreal, CANADAMontreal, CANADA",48,2,0,0,0,0,58,1,42,1050-4729,2577-087X,978-1-5386-6026-3,,,,,,,,,,,,,2019-12-06,WOS:000494942305128,,
J,"Lin, Huei-Yung; Zhan, Jia-Rong",,,,"Lin, Huei-Yung/H-2949-2012",,,,,,GNSS-denied UAV indoor navigation with UWB incorporated visual inertial odometry,,,,,,,,MEASUREMENT,,,,206,,,,,,112256,,,10.1016/j.measurement.2022.112256,,,,,DEC 2022,,Article,JAN 2023,2023,"The localization of unmanned aerial vehicles (UAVs) in GPS-denied areas is an essential issue for indoor navigation. This paper presents a technique to improve the accuracy of visual inertial odometry (VIO) by combining the ultra-wideband (UWB) positioning technology. The proposed architecture is divided into two stages. In the initial stage, the constraint on UWB short-term position change is adopted to improve the pose estimation results of the VIO system. It is also used to mitigate the translation error caused by the vibration and lack of features during the flight. In the second stage, a loose coupling approach based on nonlinear optimization is utilized to fuse the local pose estimator of the VIO system with the global constraints from the UWB positioning. At the beginning of each operation, the alignment between the VIO and UWB frames is estimated to avoid the influence of coordinate transformation due to the VIO cumulative error. It is shown that our optimization-based fusion method is able to achieve a smooth localization trajectory under the global coordinate frame. In the experiments, the performance evaluation carried out in the real-world scenes has demonstrated the effectiveness of the proposed technique.",,,,,,,,,70,5,0,0,1,0,75,16,85,0263-2241,1873-412X,,,,,,,,,,,,,,2023-01-05,WOS:000894215000002,,
J,"Wu, Po-Chun; Chen, Yang-Yi; Lin, Chun-Liang; Wang, Han",,,,,,,,,,Autonomous Localization and Navigation for Drones Over Rivers,,,,,,,,IEEE ACCESS,,,,14,,,,5236,5254,,,,10.1109/ACCESS.2025.3650454,,,,,,,Article,2026,2026,"Uncrewed aerial vehicles (UAVs) are increasingly used for environmental monitoring and riverine studies; however, their dependence on Global Positioning System (GPS) localization is often compromised in forested areas, under bridges, or above highly dynamic water surfaces. Conventional vision-based navigation methods struggle with sparse textures and transient disturbances, leading to unstable positioning and drift. This paper presents a robust real-time visual-inertial navigation framework that integrates neural network-based optical flow estimation (NeuFlow v2), the Dynamic Divided Method (DDM), and inertial measurement unit (IMU) data through a Kalman Filter (KF). The DDM adaptively segments the optical-flow field according to water-surface dynamics and local texture stability, suppressing transient artifacts such as ripples and reflections, while the KF stabilizes state estimation by compensating for outliers and short-term measurement loss. Field experiments at Kangqiao, Green River, and Wu River sites demonstrate that DDM-enhanced visual odometry (VO) significantly improves robustness in low-texture and dynamic conditions. The fused framework combining NeuFlow v2, DDM, and KF achieves high trajectory similarity with GPS benchmarks, reduced drift, and enhanced spatial consistency. These findings validate a practical and effective solution for accurate UAV localization and autonomous environmental monitoring in GPS-degraded riverine environments.",,,,,,,,,0,0,0,0,0,0,0,0,0,2169-3536,,,,,,,,,,,,,,,2026-02-15,WOS:001662945100010,,
J,"Wicaksono, Muhammad; Shin, Soo Young",,,,,"Shin, Soo Young/0000-0002-2526-2395",,,,,GO-SLAM: GPS-Aided Visual-Inertial SLAM for Adaptive UAV Navigation in Outdoor-Indoor Environments,,,,,,,,IEEE TRANSACTIONS ON INSTRUMENTATION AND MEASUREMENT,,,,74,,,,,,7503408,,,10.1109/TIM.2025.3538081,,,,,,,Article,2025,2025,"This article introduces a GPS-aided visual-inertial simultaneous localization and mapping (SLAM) system named GO-SLAM. This proposed system optimizes uncrewed aerial vehicles (UAVs)-based search and rescue (SAR) operations by enabling efficient navigation in transition areas between indoor and outdoor environments. Therefore, the UAV addresses challenges posed by intermittent GPS signals and limited features for visual odometry (VO). GO-SLAM optimizes local pose estimation by leveraging available GPS signals and inertial data from visual-inertial odometry (VIO). The system incorporates kinodynamic path search, which employs a hierarchical, time-optimal trajectory planning method to ensure comprehensive coverage. The efficacy of GO-SLAM is evaluated through scenarios involving transition areas with unreliable or absent GPS signals, followed by simulations and real-world experiments to validate its adaptive navigation capabilities.",,,,,,,,,4,0,0,0,0,0,4,31,68,0018-9456,1557-9662,,,,,,,,,,,,,,2025-03-26,WOS:001447532000015,,
J,"Zhang, Xiaoyue; Cui, Yue; Ren, Yanchao; Duan, Guodong; Zhang, Huanrui",,,,"Zhang, Huanrui/HKE-1697-2023",,,,,,Loop Detection Method Based on Neural Radiance Field BoW Model for Visual Inertial Navigation of UAVs,,,,,,,,REMOTE SENSING,,,,16,16,,,,,3038,,,10.3390/rs16163038,,,,,,,Article,AUG 2024,2024,"The loop closure detection (LCD) methods in Unmanned Aerial Vehicle (UAV) Visual Inertial Navigation System (VINS) are often affected by issues such as insufficient image texture information and limited observational perspectives, resulting in constrained UAV positioning accuracy and reduced capability to perform complex tasks. This study proposes a Bag-of-Words (BoW) LCD method based on Neural Radiance Field (NeRF), which estimates camera poses from existing images and achieves rapid scene reconstruction through NeRF. A method is designed to select virtual viewpoints and render images along the flight trajectory using a specific sampling approach to expand the limited observational angles, mitigating the impact of image blur and insufficient texture information at specific viewpoints while enlarging the loop closure candidate frames to improve the accuracy and success rate of LCD. Additionally, a BoW vector construction method that incorporates the importance of similar visual words and an adapted virtual image filtering and comprehensive scoring calculation method are designed to determine loop closures. Applied to VINS-Mono and ORB-SLAM3, and compared with the advanced BoW model LCDs of the two systems, results indicate that the NeRF-based BoW LCD method can detect more than 48% additional accurate loop closures, while the system's navigation positioning error mean is reduced by over 46%, validating the effectiveness and superiority of the proposed method and demonstrating its significant importance for improving the navigation accuracy of VINS.",,,,,,,,,2,0,0,0,0,0,2,0,6,,2072-4292,,,,,,,,,,,,,,2024-09-09,WOS:001304819200001,,
J,"Lin, Huei-Yung; Chang, Kai-Lun; Huang, Hsin-Ying",,,,"Lin, Huei-Yung/H-2949-2012",,,,,,Development of Unmanned Aerial Vehicle Navigation and Warehouse Inventory System Based on Reinforcement Learning,,,,,,,,DRONES,,,,8,6,,,,,220,,,10.3390/drones8060220,,,,,,,Article,JUN 2024,2024,"In this paper, we present the exploration of indoor positioning technologies for UAVs, as well as navigation techniques for path planning and obstacle avoidance. The objective was to perform warehouse inventory tasks, using a drone to search for barcodes or markers to identify objects. For the indoor positioning techniques, we employed visual-inertial odometry (VIO), ultra-wideband (UWB), AprilTag fiducial markers, and simultaneous localization and mapping (SLAM). These algorithms included global positioning, local positioning, and pre-mapping positioning, comparing the merits and drawbacks of various techniques and trajectories. For UAV navigation, we combined the SLAM-based RTAB-map indoor mapping and navigation path planning of the ROS for indoor environments. This system enabled precise drone positioning indoors and utilized global and local path planners to generate flight paths that avoided dynamic, static, unknown, and known obstacles, demonstrating high practicality and feasibility. To achieve warehouse inventory inspection, a reinforcement learning approach was proposed, recognizing markers by adjusting the UAV's viewpoint. We addressed several of the main problems in inventory management, including efficiently planning of paths, while ensuring a certain detection rate. Two reinforcement learning techniques, AC (actor-critic) and PPO (proximal policy optimization), were implemented based on AprilTag identification. Testing was performed in both simulated and real-world environments, and the effectiveness of the proposed method was validated.",,,,,,,,,15,0,0,0,0,0,15,18,82,,2504-446X,,,,,,,,,,,,,,2024-07-04,WOS:001255839600001,,
J,"Liu, Haiqiao; Long, Qing; Yi, Bing; Jiang, Wen",,,,,,,,,,A survey of sensors based autonomous unmanned aerial vehicle (UAV) localization techniques,,,,,,,,COMPLEX & INTELLIGENT SYSTEMS,,,,11,8,,,,,371,,,10.1007/s40747-025-01961-2,,,,,,,Article,JUL 3 2025,2025,"Autonomous localization methods for Unmanned Aerial Vehicles (UAVs) have significant application potential in complex environments. This paper presents a comprehensive survey of UAV localization techniques, focusing on both pure vision-based and sensor-assisted approaches. For pure vision-based localization, the survey emphasizes key technologies for feature descriptor generation, advancements in similarity measurement criteria, and optimized computational strategies. The impact of these technologies on improving computational efficiency and localization accuracy. In the context of sensor-assisted multi-source UAV localization, the applications of filtering-based fusion, optimization-based fusion, and deep learning-based fusion methods are discussed. A detailed analysis demonstrates the advantages of multi-modal data fusion in improving robustness and accuracy. Despite significant progress in localization accuracy and adaptability to complex environments, challenges remain in adapting to low-texture environments, optimizing fusion strategies, and addressing computational resource limitations. Finally, the paper discusses future directions for the research and implementation of UAV autonomous localization methods.",,,,,,,,,11,0,0,0,0,0,11,21,30,2199-4536,2198-6053,,,,,,,,,,,,,,2025-07-19,WOS:001527519800006,,
J,"George, Anand; Koivumaeki, Niko; Hakala, Teemu; Suomalainen, Juha; Honkavaara, Eija",,,,"Suomalainen, Juha/M-1170-2016; Hakala, Teemu/D-6166-2016; Honkavaara, Eija/KIL-0162-2024","Suomalainen, Juha/0000-0003-2029-8820; Hakala, Teemu/0000-0001-5486-4582; Koivumäki, Niko/0000-0002-6307-1637; George, Anand/0000-0002-0473-4808; Honkavaara, Eija/0000-0002-7236-2145",,,,,Visual-Inertial Odometry Using High Flying Altitude Drone Datasets,,,,,,,,DRONES,,,,7,1,,,,,36,,,10.3390/drones7010036,,,,,,,Article,JAN 2023,2023,"Positioning of unoccupied aerial systems (UAS, drones) is predominantly based on Global Navigation Satellite Systems (GNSS). Due to potential signal disruptions, redundant positioning systems are needed for reliable operation. The objective of this study was to implement and assess a redundant positioning system for high flying altitude drone operation based on visual-inertial odometry (VIO). A new sensor suite with stereo cameras and an inertial measurement unit (IMU) was developed, and a state-of-the-art VIO algorithm, VINS-Fusion, was used for localisation. Empirical testing of the system was carried out at flying altitudes of 40-100 m, which cover the common flight altitude range of outdoor drone operations. The performance of various implementations was studied, including stereo-visual-odometry (stereo-VO), monocular-visual-inertial-odometry (mono-VIO) and stereo-visual-inertial-odometry (stereo-VIO). The stereo-VIO provided the best results; the flight altitude of 40-60 m was the most optimal for the stereo baseline of 30 cm. The best positioning accuracy was 2.186 m for a 800 m-long trajectory. The performance of the stereo-VO degraded with the increasing flight altitude due to the degrading base-to-height ratio. The mono-VIO provided acceptable results, although it did not reach the performance level of the stereo-VIO. This work presented new hardware and research results on localisation algorithms for high flying altitude drones that are of great importance since the use of autonomous drones and beyond visual line-of-sight flying are increasing and will require redundant positioning solutions that compensate for potential disruptions in GNSS positioning. The data collected in this study are published for analysis and further studies.",,,,,,,,,13,2,0,0,0,0,18,7,36,,2504-446X,,,,,,,,,,,,,,2023-02-14,WOS:000919532000001,,
J,"Zhang, Xin; Yuan, Wenhan; Zhan, Xingqun; Chi, Cheng; Ren, Qianyi; Gong, Wenbin; Lin, Baojun",,,,"zhang, xin/S-9993-2019; zhan, xingqun/GLU-5130-2022","zhang, xin/0000-0003-3397-9924; zhan, xingqun/0000-0002-7655-067X; Chi, Cheng/0000-0002-5254-0004",,,,,A cliquey subgraph approach to sparsified UAV visual inertial odometry by surjective Bayes-tree-to-factor-graph mapping,,,,,,,,AEROSPACE SCIENCE AND TECHNOLOGY,,,,120,,,,,,107250,,,10.1016/j.ast.2021.107250,,,,,,,Article,JAN 2022,2022,"A new method is proposed to improve trajectory estimation accuracy by visual inertial odometry (VIO) subject to information sparsification. Current practices assume that the result of sparsification, i.e. a subgraph of a factor graph, takes the form of a tree and impose mutually independencies upon its nodes. However, this oversimplification may undermine a close approximation to the complete information matrix and eventually results in excessive estimation errors. Therefore, we propose to use a cliquey subgraph with preserved mutual correlation between selected pairs of the nodes. Sparsification is further accelerated by the new discovery that connectivity between arbitrary nodes can be directly read from Bayes tree, by transforming its surjective mapping to the underlying factor graph to a bijective mapping through a downstream-upstream traversing operation. Results from public dataset EuRoC indicate that the proposed method, while maintaining low computational profile, achieves lower absolute trajectory error (ATE) than that of the existing ones in the easy- and hard-level sequences and performs equally well in medium-level sequences. This result renders the proposed method a potent candidate for power saving in visual navigation-purposed application specific integrated circuit (ASIC) chip designs. (C) 2021 Elsevier Masson SAS. All rights reserved.",,,,,,,,,2,0,0,0,0,0,2,0,20,1270-9638,1626-3219,,,,,,,,,,,,,,2022-05-15,WOS:000791537000010,,
J,"Moeini, Amir; Lynch, Alan F.; Zhao, Qing",,,,"Lynch, Alan/HIR-2616-2022; Moeini, Amir/IVV-3701-2023",,,,,,Visual-inertial-actuator odometry for multirotor UAVs with rotor drag and external disturbance,,,,,,,,INTERNATIONAL JOURNAL OF DYNAMICS AND CONTROL,,,,12,8,,,3064,3076,,,,10.1007/s40435-023-01357-5,,,,,FEB 2024,,Article,AUG 2024,2024,"Accurate knowledge of an unmanned aerial vehicle's (UAV) state and external forces is crucial for motion control. One method to obtain this information is Visual-Inertial-Actuator Odometry (VIAO) which combines commonly available vision and inertial sensors with actuation data which consists of a model of the vehicle dynamics and input measurements. In this paper, we propose VIAO system based on the existing VIMO (Visual Inertial Model-Based Odometry) method. Our approach includes a dynamical model for a multirotor UAV with rotor drag. In addition, a disturbance observer is added for constant force estimation. The observer is integrated to the optimization-based method by adding a residual term to the cost functional. The proposed system can differentiate between the constant or slowly time-varying component of the external force and accelerometer bias. We evaluate the performance using a benchmark dataset and show an average of 21%\documentclass[12pt]{minimal} \usepackage{amsmath} \usepackage{wasysym} \usepackage{amsfonts} \usepackage{amssymb} \usepackage{amsbsy} \usepackage{mathrsfs} \usepackage{upgreek} \setlength{\oddsidemargin}{-69pt} \begin{document}$$21\%$$\end{document} improvement in position estimation accuracy.",,,,,,,,,2,0,0,0,0,0,2,1,4,2195-268X,2195-2698,,,,,,,,,,,,,,2024-03-08,WOS:001169539000001,,
J,"Luo, Xin-long; Lv, Jia-hui; Sun, Geng",,,,"lv, jiahui/KUF-3026-2024; Luo, Xin-long/AAE-5564-2019","Luo, Xin-long/0000-0002-4924-6007",,,,,Continuation methods with the trusty time-stepping scheme for linearly constrained optimization with noisy data,,,,,,,,OPTIMIZATION AND ENGINEERING,,,,23,1,,,329,360,,,,10.1007/s11081-020-09590-z,,,,,FEB 2021,,Article,MAR 2022,2022,"The nonlinear optimization problem with linear constraints has many applications in engineering fields such as the visual-inertial navigation and localization of an unmanned aerial vehicle maintaining the horizontal flight. In order to solve this practical problem efficiently, this paper constructs a continuation method with the trusty time-stepping scheme for the linearly equality-constrained optimization problem at every sampling time. At every iteration, the new method only solves a system of linear equations other than the traditional optimization method such as the sequential quadratic programming (SQP) method, which needs to solve a quadratic programming subproblem. Consequently, the new method can save much more computational time than SQP. Numerical results show that the new method works well for this problem and its consumed time is about one fifth of that of SQP (the built-in subroutine fmincon.m of the MATLAB2018a environment) or that of the traditional dynamical method (the built-in subroutine ode15s.m of the MATLAB2018a environment). Furthermore, we also give the global convergence analysis of the new method.",,,,,,,,,8,1,0,0,0,0,8,1,11,1389-4420,1573-2924,,,,,,,,,,,,,,2021-02-23,WOS:000613598300001,,
J,"Antonini, Amado; Guerra, Winter; Murali, Varun; Sayre-McCord, Thomas; Karaman, Sertac",,,,"; Murali, Varun/OEN-0898-2025","Antonini, Amado/0000-0001-9090-1600; Murali, Varun/0000-0001-8522-3569",,,,,The Blackbird UAV dataset,,,,,,,,INTERNATIONAL JOURNAL OF ROBOTICS RESEARCH,,,,39,10-11,SI,,1346,1364,2.78365E+14,,,10.1177/0278364920908331,,,,,MAR 2020,,Article,SEP 2020,2020,"This article describes the Blackbird unmanned aerial vehicle (UAV) Dataset, a large-scale suite of sensor data and corresponding ground truth from a custom-built quadrotor platform equipped with an inertial measurement unit (IMU), rotor tachometers, and virtual color, grayscale, and depth cameras. Motivated by the increasing demand for agile, autonomous operation of aerial vehicles, this dataset is designed to facilitate the development and evaluation of high-performance UAV perception algorithms. The dataset contains over 10 hours of data from our quadrotor tracing 18 different trajectories at varying maximum speeds (0.5 to 13.8 ms(-1)) through 5 different visual environments for a total of 176 unique flights. For each flight, we provide 120 Hz grayscale, 60 Hz RGB-D, and 60 Hz semantically segmented images from forward stereo and downward-facing photorealistic virtual cameras in addition to 100 Hz IMU, 190 Hz motor speed sensors, and 360 Hz millimeter-accurate motion capture ground truth. The Blackbird UAV dataset is therefore well suited to the development of algorithms for visual inertial navigation, 3D reconstruction, and depth estimation. As a benchmark for future algorithms, the performance of two state-of-the-art visual odometry algorithms are reported and scripts for comparing against the benchmarks are included with the dataset. The dataset is available for download at http://blackbirddataset.mit.edu/..",,,,,,,,,32,4,0,0,0,0,43,3,62,0278-3649,1741-3176,,,,,,,,,,,,,,2020-04-16,WOS:000523906800001,,
C,"Cioffi, Giovanni; Scaramuzza, Davide",,,IEEE,,"Scaramuzza, Davide/0000-0002-3831-6778",,,,,Tightly-coupled Fusion of Global Positional Measurements in Optimization-based Visual-Inertial Odometry,,,,,,,,2020 IEEE/RSJ INTERNATIONAL CONFERENCE ON INTELLIGENT ROBOTS AND SYSTEMS (IROS),,IEEE International Conference on Intelligent Robots and Systems,,,,,,5089,5095,,,,10.1109/IROS45743.2020.9341697,,,,,,,Proceedings Paper,2020,2020,"Motivated by the goal of achieving robust, drift-free pose estimation in long-term autonomous navigation, in this work we propose a methodology to fuse global positional information with visual and inertial measurements in a tightly-coupled nonlinear-optimization-based estimator. Differently from previous works, which are loosely-coupled, the use of a tightly-coupled approach allows exploiting the correlations amongst all the measurements. A sliding window of the most recent system states is estimated by minimizing a cost function that includes visual re-projection errors, relative inertial errors, and global positional residuals. We use IMU preintegration to formulate the inertial residuals and leverage the outcome of such algorithm to efficiently compute the global position residuals. The experimental results show that the proposed method achieves accurate and globally consistent estimates, with negligible increase of the optimization computational cost. Our method consistently outperforms the loosely-coupled fusion approach. The mean position error is reduced up to 50 % with respect to the loosely-coupled approach in outdoor Unmanned Aerial Vehicle (UAV) flights, where the global position information is given by noisy GPS measurements. To the best of our knowledge, this is the first work where global positional measurements are tightly fused in an optimization-based visual-inertial odometry algorithm, leveraging the IMU preintegration method to define the global positional factors.",,,,,IEEE/RSJ International Conference on Intelligent Robots and Systems (IROS)IEEE/RSJ International Conference on Intelligent Robots and Systems (IROS),"OCT 24-JAN 24, 2020-2021OCT 24-JAN 24, 2020-2021",IEEE; RSJIEEE; RSJ,ELECTR NETWORKELECTR NETWORK,72,6,0,0,0,0,84,0,24,2153-0858,,978-1-7281-6212-6,,,,,,,,,,,,,2020-01-01,WOS:000714033802129,,
C,"Gomaa, Mahmoud A. K.; De Silva, Oscar; Jayasiri, Awantha; Mann, George K., I",,,IEEE,"Gomaa, Mahmoud/KVB-4230-2024; Mann, George/AAW-9312-2021; De Silva, Oscar/AAU-4866-2020",,,,,,Towards Consistent Visual-Inertial Navigation for Unmanned Aerial Vehicles using Depth Information,,,,,,,,2022 IEEE CANADIAN CONFERENCE ON ELECTRICAL AND COMPUTER ENGINEERING (CCECE),,Canadian Conference on Electrical and Computer Engineering,,,,,,118,123,,,,10.1109/CCECE49351.2022.9918398,,,,,,,Proceedings Paper,2022,2022,This paper proposes a new filtering-based depth enhanced visual inertial navigation system (DE-VINS) for quadrotor unmanned aerial vehicles (UAV). This filter addresses the drifting and degraded performance of a class of conventional monocular VINS filters at hovering conditions. A theoretical nonlinear observability analysis is performed to verify the filter design. The performance of the proposed DE-VINS is numerically evaluated using a Matlab simulator and then compared against the conventional VINS filter proposed in literature. The results show improved performance of the DE-VINS in terms of estimation accuracy and consistency at zero-velocity flight conditions.,,,,,Canadian Conference on Electrical and Computer Engineering (CCECE)Canadian Conference on Electrical and Computer Engineering (CCECE),"SEP 18-20, 2022SEP 18-20, 2022",,"Halifax, CANADAHalifax, CANADA",1,0,0,0,0,0,2,0,5,0840-7789,,978-1-6654-8432-9,,,,,,,,,,,,,2023-03-23,WOS:000945894600006,,
J,"Cong, Yangzi; Su, Wenbin; Jiang, Nan; Zong, Wenpeng; Li, Long; Xu, Yan; Xu, Tianhe; Wu, Paipai",,,,"Zong, Wenpeng/J-5375-2017","Zong, Wenpeng/0000-0001-8559-1185; Xu, Yan/0000-0001-8599-7986; Xu, Tianhe/0000-0001-5818-6264; Cong, Yangzi/0000-0003-4390-5910",,,,,Adaptive Covariance Matrix for UAV-Based Visual-Inertial Navigation Systems Using Gaussian Formulas,,,,,,,,SENSORS,,,,25,15,,,,,4745,,,10.3390/s25154745,,,,,,,Article,AUG 1 2025,2025,"In a variety of UAV applications, visual-inertial navigation systems (VINSs) play a crucial role in providing accurate positioning and navigation solutions. However, traditional VINS struggle to adapt flexibly to varying environmental conditions due to fixed covariance matrix settings. This limitation becomes especially acute during high-speed drone operations, where motion blur and fluctuating image clarity can significantly compromise navigation accuracy and system robustness. To address these issues, we propose an innovative adaptive covariance matrix estimation method for UAV-based VINS using Gaussian formulas. Our approach enhances the accuracy and robustness of the navigation system by dynamically adjusting the covariance matrix according to the quality of the images. Leveraging the advanced Laplacian operator, detailed assessments of image blur are performed, thereby achieving precise perception of image quality. Based on these assessments, a novel mechanism is introduced for dynamically adjusting the visual covariance matrix using a Gaussian model according to the clarity of images in the current environment. Extensive simulation experiments across the EuRoC and TUM VI datasets, as well as the field tests, have validated our method, demonstrating significant improvements in navigation accuracy of drones in scenarios with motion blur. Our algorithm has shown significantly higher accuracy compared to the famous VINS-Mono framework, outperforming it by 18.18% on average, as well as the optimization rate of RMS, which reaches 65.66% for the F1 dataset and 41.74% for F2 in the field tests outdoors.",,,,,,,,,1,0,0,0,0,0,1,7,13,,1424-8220,,,,,,,,,,,,,,2025-08-22,WOS:001549746500001,40807910,
C,"Fanin, Fausto; Hong, Ju-Hyeon",,,IEEE,"Hong, Juhyeon/AAU-9969-2021",,,,,,Visual Inertial Navigation for a Small UAV Using Sparse and Dense Optical Flow,,,,,,,,"2019 INTERNATIONAL WORKSHOP ON RESEARCH, EDUCATION AND DEVELOPMENT OF UNMANNED AERIAL SYSTEMS (RED UAS 2019)",,,,,,,,206,212,,,,10.1109/reduas47371.2019.8999672,,,,,,,Proceedings Paper,2019,2019,There has been a recent surge in interest regarding small Unmanned Aerial Vehicles (UAV) that operate in indoor environments. A crucial part of such platforms is the navigation system that allows them to navigate in Global Navigation Satellite System (GNSS) denied environments. The two objectives of this work were to develop an Optical Flow (OF) based method for navigation and a high-fidelity simulation for testing and verification. This paper presents the Visual-Inertial Navigation System (VINS) developed that utilises sparse and dense Optical Flow patterns within an Extended Kalman Filter (EKF) framework for autonomous navigation in GNSS denied environments. The principal novelty is the use of dense Optical Flow measurements to estimate the velocity of the UAV.,,,,,"International Workshop on Research, Education and Development of Unmanned Aerial Systems (RED UAS)International Workshop on Research, Education and Development of Unmanned Aerial Systems (RED UAS)","NOV 25-27, 2019NOV 25-27, 2019",IEEE Robot & Automat SocIEEE Robot & Automat Soc,"Cranfield Univ, Cranfield, ENGLANDCranfield Univ, Cranfield, ENGLAND",3,1,0,0,0,0,4,0,4,,,978-1-7281-6600-1,,,,,,,,,,,,,2020-08-12,WOS:000553692900030,,
J,"Zhang, Xin; Yuan, Wenhan; Zheng, Lingxiao; Zhan, Xingqun; Ren, Qianyi; Lin, Baojun",,,,"zhan, xingqun/GLU-5130-2022; zhang, xin/S-9993-2019","zhan, xingqun/0000-0002-7655-067X; zhang, xin/0000-0003-3397-9924",,,,,Information sparsification for visual-inertial odometry by manipulating Bayes tree,,,,,,,,AEROSPACE SCIENCE AND TECHNOLOGY,,,,118,,,,,,107065,,,10.1016/j.ast.2021.107065,,,,,AUG 2021,,Article,NOV 2021,2021,"A new information sparsification method is developed for visual-inertial odometry (VIO) used for exploratory unmanned aerial vehicles (UAV's). While most of the existing methods are designed for global (and thus postprocessing) bundle adjustment (BA) problems, our method is specifically designed to run incrementally on a local BA formulation in real time. The majority of the existing state-of-the-art methods are designed for pose graph optimization (PGO). Unlike PGO problems where the only variables to be optimized are robot poses, a combination of pose, velocity, and inertial measurement unit (IMU) bias is used in VIO. Existing approaches to sparsification cannot be directly applied to this formulation. Therefore, we design a trick to split the dense information matrix into two parts: IMU information and purely visual information and by doing so, existing methods of sparsification can be reused and applied to the purely visual information, which accounts for most of the nonzero entries within the dense information matrix. In addition, we design a new way of summarizing the dense information matrix: using Bayes tree in an incremental smoothing framework for fast data retrieval. Results using public benchmark dataset EuRoC show that the marginalized and sparsified smoother achieves the primary goal of power saving in terms of shortened pipeline cycle time while maintaining absolute trajectory accuracies comparable to that of the complete formulation and better than those offered by fellow sparsification solutions. (c) 2021 Elsevier Masson SAS. All rights reserved.",,,,,,,,,3,0,0,0,0,0,3,0,13,1270-9638,1626-3219,,,,,,,,,,,,,,2021-10-06,WOS:000701392900002,,
J,"Kao, Peng-Yuan; Chang, Hsiu-Jui; Tseng, Kuan-Wei; Chen, Timothy; Luo, He-Lin; Hung, Yi-Ping",,,,"; Tseng, Kuan-Wei/CAG-9201-2022","Chen, Timothy/0000-0001-7900-890X;",,,,,VIUNet: Deep Visual-Inertial-UWB Fusion for Indoor UAV Localization,,,,,,,,IEEE ACCESS,,,,11,,,,61525,61534,,,,10.1109/ACCESS.2023.3279292,,,,,,,Article,2023,2023,"Camera, inertial measurement unit (IMU), and ultra-wideband (UWB) sensors are commonplace solutions to unmanned aerial vehicle (UAV) localization problems. The performance of a localization system can be improved by integrating observations from different sensors. In this paper, we propose a learning-based UAV localization method using the fusion of vision, IMU, and UWB sensors. Our model consists of visual-inertial (VI) and UWB branches. We combine the estimation results of both branches to predict global poses. To evaluate our method, we augment a public VI dataset with UWB simulations and conduct a real-world experiment. The experimental results show that our method provides more robust and accurate results than VI/UWB-only localization. Our codes and data are available at https://imlabntu.github.io/VIUNet/.",,,,,,,,,25,0,0,0,0,0,26,8,72,2169-3536,,,,,,,,,,,,,,,2023-07-09,WOS:001018695200001,,
C,"Pritzl, Vaclav; Vrba, Matous; Stepan, Petr; Saska, Martin",,,IEEE,"Saska, Martin/L-3669-2013; Štěpán, Petr/X-2931-2018; Vrba, Matouš/GXV-6607-2022","Štěpán, Petr/0000-0002-7444-3264; Vrba, Matouš/0000-0002-4823-8291",,,,,Cooperative Navigation and Guidance of a Micro-Scale Aerial Vehicle by an Accompanying UAV using 3D LiDAR Relative Localization,,,,,,,,2022 INTERNATIONAL CONFERENCE ON UNMANNED AIRCRAFT SYSTEMS (ICUAS),,International Conference on Unmanned Aircraft Systems,,,,,,526,535,,,,10.1109/ICUAS54217.2022.9836116,,,,,,,Proceedings Paper,2022,2022,"A novel approach for cooperative navigation and guidance of a micro-scale aerial vehicle by an accompanying Unmanned Aerial Vehicle (UAV) using 3D Light Detection and Ranging (LiDAR) relative localization is proposed in this paper. The use of 3D LiDARs represents a reliable way of environment perception and robust UAV self-localization in Global Navigation Satellite System (GNSS)-denied environments. However, 3D LiDARs are relatively heavy and they need to be carried by large UAV platforms. On the contrary, visual cameras are cheap, light-weight, and therefore ideal for small UAVs. However, visual self-localization methods suffer from loss of precision in texture-less environments, scale unobservability during certain maneuvers, and long-term drift with respect to the global frame of reference. Nevertheless, a micro-scale camera-equipped UAV is ideal for complementing a 3D LiDAR-equipped UAV as it can reach places inaccessible to a large UAV platform. To gain the advantages of both navigation approaches, we propose a cooperative navigation and guidance architecture utilizing a large LiDAR-equipped UAV accompanied by a small secondary UAV carrying a significantly lighter monocular camera. The primary UAV is localized by a robust LiDAR Simultaneous Localization and Mapping (SLAM) algorithm, while the secondary UAV utilizes a Visual-Inertial Odometry (VIO) approach with lower precision and reliability. The LiDAR data are used for markerless relative localization between the UAVs to enable precise guidance of the secondary UAV in the frame of reference of the LiDAR SLAM. The performance of the proposed approach has been extensively verified in simulations and real-world experiments with the algorithms running onboard the UAVs with no external localization infrastructure.",,,,,International Conference on Unmanned Aircraft Systems (ICUAS)International Conference on Unmanned Aircraft Systems (ICUAS),"JUN 21-24, 2022JUN 21-24, 2022",,"Dubrovnik, CROATIADubrovnik, CROATIA",20,1,0,0,1,0,21,1,31,2373-6720,,978-1-6654-0593-5,,,,,,,,,,,,,2022-09-28,WOS:000854030400062,,
C,"Gao, Zhiming; Li, Hanyue; Liu, Junhui; Yang, Qirui; Wang, Jianan; Shan, Jiayuan",,,,"gao, zhiming/J-4641-2015",,"Yan, L; Duan, H; Deng, Y",,,,Enhanced State Estimation for Cruise Missiles Navigation: A BDS-Aided VIO Approach,,,,,,,,"ADVANCES IN GUIDANCE, NAVIGATION AND CONTROL, VOL 7",,Lecture Notes in Electrical Engineering,,1343,,,,449,460,,,,10.1007/978-981-96-2224-5_42,,,,,,,Proceedings Paper,2025,2025,"In the context of contemporary warfare, achieving precise navigation for cruise missiles through challenging environments is paramount. We propose a novel vision inertial odometry (VIO) method enhanced by Beidou Navigation Satellite System (BDS) for precise cruise missile state estimation. We address current navigation challenges and underscore the importance of visual-inertial navigation systems (VINS) in complex environments. Our method improves pose state initialization in multi-sensor fusion, and implements asynchronous fusion update and BDS measurement calibration. Experimental validation using quadcopter unmanned aerial vehicle (UAV) and cruise missiles demonstrates the efficacy of our approach, showing superior performance in both simulated and real-world scenarios. In conclusion, this research offers a promising solution for cruise missile navigation.",,,,,"2024 International Conference on Guidance, Navigation and Control2024 International Conference on Guidance, Navigation and Control","AUG 09-11, 2024AUG 09-11, 2024",National University of Defense TechnologyNational University of Defense Technology,"Changsha, PEOPLES R CHINAChangsha, PEOPLES R CHINA",0,0,0,0,0,0,0,0,2,1876-1100,1876-1119,978-981-96-2226-9; 978-981-96-2224-5; 978-981-96-2223-8,,,,,,,,,,,,,2025-05-09,WOS:001471576900042,,
C,"Ibrahimov, Roman; Yang, Teaya; Mueller, Mark W.",,,IEEE,"Ibrahimov, Roman/ISB-3022-2023",,,,,,Kalman Filter-Based Drift Detection and Mitigation of Visual-Inertial Odometry in UAVs,,,,,,,,"2025 AMERICAN CONTROL CONFERENCE, ACC",,Proceedings of the American Control Conference,,,,,,457,462,,,,,,,,,,,Proceedings Paper,2025,2025,"We present a conceptual framework for an autonomous safety mechanism designed to enhance the reliability of Unmanned Aerial Vehicles (UAVs) that use Visual-Inertial Odometry (VIO) for state estimation. As UAVs increasingly interact with the public, such safety mechanisms are crucial to reducing the likelihood and severity of accidents. VIO drift, which occurs when accumulated estimation errors cause discrepancies between the UAV's perceived and actual position, poses a significant risk to safe operation. To address this challenge, we propose a Kalman filter-based approach for detecting VIO drift events. Upon detection, the envisioned safety mechanism is designed to adjust state estimation by integrating onboard gyroscope measurements and thrust commands for short durations, aiming to enhance stability and prevent potential crashes before initiating a controlled landing. While this framework provides the foundation for a realtime safety mechanism, the implementation and experiment focus on validating the drift detection component in an offline setting using real UAV flight data. The results demonstrate the effectiveness of the detection method in identifying VIO drift scenarios, highlighting its potential for future real-time applications.",,,,,2025 American Control Conference-ACC2025 American Control Conference-ACC,"JUL 08-10, 2025JUL 08-10, 2025",Lockheed Martin; MathWorks; Quansor Corp; Mitsubishi Electric Research Laboratories Inc; Halliburton; Multidisciplinary Digital Publishing Institute; Society for Industrial and Applied Mathematics; General MotorsLockheed Martin; MathWorks; Quansor Corp; Mitsubishi Electric Research Laboratories Inc; Halliburton; Multidisciplinary Digital Publishing Institute; Society for Industrial and Applied Mathematics; General Motors,"Denver, CODenver, CO",0,0,0,0,0,0,0,0,0,0743-1619,2378-5861,979-8-3503-6761-4; 979-8-3315-6937-2,,,,,,,,,,,,,2025-12-05,WOS:001582843600059,,
C,"Zhan, Jia-Rong; Lin, Huei-Yung",,,IEEE,"Lin, Huei-Yung/H-2949-2012",,,,,,Improving Visual Inertial Odometry with UWB Positioning for UAV Indoor Navigation,,,,,,,,2022 26TH INTERNATIONAL CONFERENCE ON PATTERN RECOGNITION (ICPR),,International Conference on Pattern Recognition,,,,,,4189,4195,,,,10.1109/ICPR56361.2022.9956500,,,,,,,Proceedings Paper,2022,2022,"This paper presents a method to improve the localization accuracy for visual inertial odometry (VIO) by combining the ultra-wideband (UWB) positioning technology. The overall architecture is mainly divided into two stages. In the first stage, the constraint on UWB short-term position change is adopted to improve the pose estimation results of the VIO system. It is also used to solve the translation error caused by the lack of visual features and vibration during the flight. In the second stage, a loose coupling method based on nonlinear optimization is utilized to fuse the local pose estimator of the VIO system with the global constraints from the UWB positioning. At the beginning of each optimization, the alignment between the VIO and UWB frames is estimated to avoid the influence of the coordinate transformation caused by the cumulative error of the VIO system. Since there are no public datasets available for comparison, we have established several datasets containing large vibration amplitudes and weak feature points. In the experiment, the performance evaluation of the proposed technique is carried out using the Apriltag approach for verification.",,,,,26th International Conference on Pattern Recognition / 8th International Workshop on Image Mining - Theory and Applications (IMTA)26th International Conference on Pattern Recognition / 8th International Workshop on Image Mining - Theory and Applications (IMTA),"AUG 21-25, 2022AUG 21-25, 2022",,"Montreal, CANADAMontreal, CANADA",4,0,0,0,0,0,4,2,7,1051-4651,,978-1-6654-9062-7,,,,,,,,,,,,,2023-02-14,WOS:000897707604028,,
C,"Chen, Leong Jing; Henawy, John; Kocer, Basaran Bahadir; Seet, Gerald Gim Lee",,,,"Gim Lee, Gerald/F-8918-2010; Henawy, John/ABB-6140-2020; Kocer, Basaran Bahadir/D-6013-2016","Henawy, John/0000-0002-4382-9164; Kocer, Basaran Bahadir/0000-0002-5150-5151","Cheng, X; Papapetrou, P; He, Q",,,,Aerial Robots On the Way to Underground: An Experimental Evaluation of VINS-Mono on Visual-Inertial Odometry Camera,,,,,,,,"2019 INTERNATIONAL CONFERENCE ON DATA MINING WORKSHOPS, ICDMW",,International Conference on Data Mining Workshops,,,,,,91,96,,,,10.1109/ICDMW.2019.00024,,,,,,,Proceedings Paper,2019,2019,"In recent years, applications of unmanned aerial vehicles (UAV) have been well received by a wide range of users due to its versatility and cost-effectiveness. When the UAVs operate outside without any surroundings, it can be possible to integrate global positioning system (GPS) into the UAV. However, GPS is ineffective to determine the position of UAV when the signal is weak or absent, such as operating in an indoor environment and tunnel network. To accurately determine the position of a UAV, another approach is to endow different sensors such as LIDAR, inertial measurement unit (IMU) and camera. In this paper, we present an experimental evaluation of a visual-inertial odometry application using VINS-Mono state estimator coupled with visual-inertial sensors. The objective of the experiment is to determine the effectiveness of the setup in an indoor environment, where the GPS signal is fully absent. In the experiment, a UAV capable of self-localization has been constructed with the integration of onboard computer, camera, and IMU. First, camera and IMU calibrations, as well as their hardware synchronization, have been set. Second, experimental evaluations have conducted to compare the UAV localization performance with ground truth data at motion analysis laboratory equipped with OptiTrack tracking system. Finally, a comparison study is given to determine the robustness and reliability of VINS-Mono state estimator and the UAV system using various flight velocities and environment features settings. Based on extensive evaluations, it is capable to localize a UAV in a GPS-denied environment, with an average root mean square error kept under 25 cm over an average flight duration within 2 minutes.",,,,,19th International Conference on Data Mining Workshops19th International Conference on Data Mining Workshops,"NOV 08-11, 2019NOV 08-11, 2019",Institute of Computing Technology of the Chinese Academy of Sciences; Hefei University of Technology; Linkedln Corp; Nanjing University of Finance and EconomicsInstitute of Computing Technology of the Chinese Academy of Sciences; Hefei University of Technology; Linkedln Corp; Nanjing University of Finance and Economics,"Beijing, PEOPLES R CHINABeijing, PEOPLES R CHINA",8,0,0,0,0,0,8,0,6,2375-9232,,978-1-7281-4896-0,,,,,,,,,,,,,2019-01-01,WOS:001463475000017,,
J,"Jantos, Thomas; Scheiber, Martin; Brommer, Christian; Allak, Eren; Weiss, Stephan; Steinbrener, Jan",,,,"Steinbrener, Jan/OTH-8807-2025; Allak, Eren/IQR-7435-2023","Steinbrener, Jan/0000-0002-2465-2527; Weiss, Stephan/0000-0001-6906-5409; Jantos, Thomas/0009-0007-6066-0931; Brommer, Christian/0000-0002-2801-2172; Allak, Eren/0009-0004-5248-2862; Scheiber, Martin/0000-0002-3415-7378",,,,,"AIVIO: Closed-Loop, Object-Relative Navigation of UAVs With AI-Aided Visual Inertial Odometry",,,,,,,,IEEE ROBOTICS AND AUTOMATION LETTERS,,,,9,12,,,10764,10771,,,,10.1109/LRA.2024.3479713,,,,,,,Article,DEC 2024,2024,"Object-relative mobile robot navigation is essential for a variety of tasks, e.g. autonomous critical infrastructure inspection, but requires the capability to extract semantic information about the objects of interest from raw sensory data. While deep learning-based (DL) methods excel at inferring semantic object information from images, such as class and relative 6 degrees of freedom (6-DoF) pose, they are computationally demanding and thus often not suitable for payload constrainedmobile robots. In this letter we present a real-time capable unmanned aerial vehicle (UAV) system for object-relative, closed-loop navigation with a minimal sensor configuration consisting of an inertial measurement unit (IMU) and RGB camera. Utilizing a DL-based object pose estimator, solely trained on synthetic data and optimized for companion board deployment, the object-relative pose measurements are fused with the IMU data to perform object-relative localization. We conduct multiple real-world experiments to validate the performance of our system for the challenging use case of power pole inspection. An example closed-loop flight is presented in the supplementary video.",,,,,,,,,3,0,0,0,0,0,3,6,8,2377-3766,,,,,,,,,,,,,,,2025-07-31,WOS:001515221500001,,
J,"Liu, Yuanpeng; Dong, Jingxuan; Li, Yida; Gong, Xiaoxi; Wang, Jun",,,,"; Liu, Yuanpeng/HNB-6644-2023; Wang, Jun/AAM-6868-2021","Gong, Xiaoxi/0000-0002-2607-5081;",,,,,A UAV-Based Aircraft Surface Defect Inspection System via External Constraints and Deep Learning,,,,,,,,IEEE TRANSACTIONS ON INSTRUMENTATION AND MEASUREMENT,,,,71,,,,,,5019315,,,10.1109/TIM.2022.3198713,,,,,,,Article,2022,2022,"In the field of aircraft maintenance, regular inspection of fuselage surface during the aircraft life cycle is a vital task to ensure the aircraft quality and flight safety. Currently, the inspection task is generally carried out manually in an indoor hangar, which is with low efficiency and reliability. In this article, a novel system based on the unmanned aerial vehicle (UAV) is presented to achieve automated aircraft surface inspection efficiently. The hardware is established with a lightweight and low-cost flight platform, on which a sensor containing an inertial measurement unit (IMU) and a camera is equipped for UAV localization. A high-resolution camera is equipped to collect images of fuselage for defect detection. Our inspection framework is mainly composed of two modules: the UAV localization module and the defect detection module. The localization module is designed to estimate the relative pose between the UAV and the aircraft, providing the foundation for image positioning on the aircraft surface. The existing visual-inertial odometry (VIO) approach is adopted to implement the pose estimation. To reduce the large drifts caused by the VIO approach, a novel method is proposed to deploy precalibrated ArUco markers around the aircraft, which serve as external constraints for the VIO objective to realize joint optimization of the camera pose. In addition, an adaptive weighting method is proposed, which takes into consideration the recognition effect of markers to balance the external constraints. The defect detection module aims to detect defects on the fuselage surface from images captured by the high-resolution camera, which is implemented based on deep learning. To address the issue of detection on a few training samples, the transfer learning strategy is exploited to first pretrain the model on a public defect dataset and then fine-tune it on our collected aircraft defect dataset. After detecting the defects, the defective region is reflected on the fuselage surface through the UAV pose on the corresponding frame provided by the localization module, realizing the accurate defect localization. Experiments on both the simulation environment and real data demonstrate the superiority of our proposed external localization module and the effectiveness of the crack detection module.",,,,,,,,,15,2,0,0,1,0,18,11,67,0018-9456,1557-9662,,,,,,,,,,,,,,2022-09-08,WOS:000848255000012,,
J,"Lyu, Pin; Yong, Chengyou; Lai, Jizhou; Yuan, Cheng; Zhu, Qianqian; Han, Adong",,,,"Zhu, Qianqian/GXG-9745-2022",,,,,,A Low-Altitude UAV Dataset Based on Visual-Inertial Navigation,,,,,,,,IEEE SENSORS JOURNAL,,,,24,24,,,41904,41911,,,,10.1109/JSEN.2024.3488289,,,,,,,Article,DEC 15 2024,2024,"As unmanned aerial vehicles (UAVs) are increasingly utilized in operational domains ranging from 50 to 500 m, there is a growing need for robust and reliable autonomous positioning, particularly in scenarios where satellite signals are unavailable. To address this challenge, we present a set of visual-inertial datasets collected by low-altitude UAVs. The dataset includes stereo cameras, an inertial measurement unit (IMU), a laser ranging sensor, and RTK-based ground truth. All these sensors have been calibrated and synchronized. The dataset consists of 28 sequences captured across diverse scenarios. To the best of our knowledge, this is the first UAV visual navigation dataset to encompass such a wide range of flight altitudes. Furthermore, we have evaluated the dataset using state-of-the-art visual-inertial simultaneous localization and mapping (SLAM) algorithms. The results demonstrate that existing solutions perform inadequately in certain situations. For the benefit of the research community, we make this dataset publicly accessible. The webpage of our dataset is https://github.com/boomzoeycy/A-Low-Altitude-UAV-Dataset-based-on-Visual-Inertial-Navigation.",,,,,,,,,3,0,0,0,0,0,4,9,23,1530-437X,1558-1748,,,,,,,,,,,,,,2025-01-03,WOS:001380717600047,,
J,"Wang, Runmin; Deng, Zhongliang",,,,,"Wang, Runmin/0009-0002-1483-9547",,,,,Rapid Initialization Method of Unmanned Aerial Vehicle Swarm Based on VIO-UWB in Satellite Denial Environment,,,,,,,,DRONES,,,,8,7,,,,,339,,,10.3390/drones8070339,,,,,,,Article,JUL 2024,2024,"In environments where satellite signals are blocked, initializing UAV swarms quickly is a technical challenge, especially indoors or in areas with weak satellite signals, making it difficult to establish the relative position of the swarm. Two common methods for initialization are using the camera for joint SLAM initialization, which increases communication burden due to image feature point analysis, and obtaining a rough positional relationship using prior information through a device such as a magnetic compass, which lacks accuracy. In recent years, visual-inertial odometry (VIO) technology has significantly progressed, providing new solutions. With improved computing power and enhanced VIO accuracy, it is now possible to establish the relative position relationship through the movement of drones. This paper proposes a two-stage robust initialization method for swarms of more than four UAVs, suitable for larger-scale satellite denial scenarios. Firstly, the paper analyzes the Cram & eacute;r-Rao lower bound (CRLB) problem and the moving configuration problem of the cluster to determine the optimal anchor node for the algorithm. Subsequently, a strategy is used to screen anchor nodes that are close to the lower bound of CRLB, and an optimization problem is constructed to solve the position relationship between anchor nodes through the relative motion and ranging relationship between UAVs. This optimization problem includes quadratic constraints as well as linear constraints and is a quadratically constrained quadratic programming problem (QCQP) with high robustness and high precision. After addressing the anchor node problem, this paper simplifies and improves a fast swarm cooperative positioning algorithm, which is faster than the traditional multidimensional scaling (MDS) algorithm. The results of theoretical simulations and actual UAV tests demonstrate that the proposed algorithm is advanced, superior, and effectively solves the UAV swarm initialization problem under the condition of a satellite signal rejection.",,,,,,,,,5,0,0,0,0,0,5,5,22,,2504-446X,,,,,,,,,,,,,,2024-08-02,WOS:001276993600001,,
C,"Michalczyk, Jan; Scheiber, Martin; Jung, Roland; Weiss, Stephan",,,IEEE,,"Scheiber, Martin/0000-0002-3415-7378",,,,,Radar-Inertial Odometry for Closed-Loop Control of Resource-Constrained Aerial Platforms,,,,,,,,"2023 IEEE INTERNATIONAL SYMPOSIUM ON SAFETY, SECURITY, AND RESCUE ROBOTICS, SSRR",,IEEE International Symposium on Safety Security and Rescue Robots,,,,,,61,68,,,,10.1109/SSRR59696.2023.10499937,,,,,,,Proceedings Paper,2023,2023,"In this paper, we present a Radar-Inertial Odometry (RIO) framework capable of running on a portable resource-constrained embedded computer in real-time as a state estimator for closing the feedback control loop on an Unmanned Aerial Vehicle (UAV) platform. The presented framework efficiently implements a RIO approach relying on the multistate tightly-coupled Extended Kalman Filter (EKF) fusing instantaneous velocities of and distances to 3D points delivered by a lightweight, low-cost, off-the-shelf Frequency Modulated Continuous Wave (FMCW) radar with Inertial Measurement Unit (IMU) readings. The usage, accuracy and consistency of the implemented framework are improved compared to state-of-the-art by the online calibration of the sensors' extrinsic parameters. Our method is particularly relevant for (but not limited to) UAVs, enabling them to navigate autonomously in Global Navigation Satellite System (GNSS)-denied environments using very affordable and accessible hardware. In addition, thanks to the properties of the radar sensor, we enable autonomous navigation in challenging conditions for robot perception due to external factors such as fog, darkness or strong illumination which might be encountered in disaster zones. We show in real-world closed-loop flight experiments the effectiveness and efficiency of our estimator. The beneficial impact of the online calibration on estimation accuracy and consistency is also shown. Moreover, we compare the presented approach to a state-of-the-art vision-based algorithm (Visual-Inertial Odometry (VIO)) in visually degraded conditions.",,,,,"IEEE International Symposium on Safety, Security, and Rescue Robotics (SSRR)IEEE International Symposium on Safety, Security, and Rescue Robotics (SSRR)","NOV 13-15, 2023NOV 13-15, 2023",IEEEIEEE,"Fukushima, JAPANFukushima, JAPAN",6,0,0,0,0,0,7,0,3,2374-3247,,979-8-3503-8111-5; 979-8-3503-8112-2,,,,,,,,,,,,,2024-07-04,WOS:001215719500011,,
C,Mao Jun; Zhang Lilian; He Xiaofeng; Qu Hao; Hu Xiaoping,,,IEEE,"Zhang, Lilian/JTT-5577-2023",,,,,,A 2D Georeferenced Map Aided Visual-Inertial System for Precise UAV Localization,,,,,,,,2022 IEEE/RSJ INTERNATIONAL CONFERENCE ON INTELLIGENT ROBOTS AND SYSTEMS (IROS),,IEEE International Conference on Intelligent Robots and Systems,,,,,,4455,4462,,,,10.1109/IROS47612.2022.9982254,,,,,,,Proceedings Paper,2022,2022,"Precise geolocalization is crucial for unmanned aerial vehicles (UAVs). However, most current deployed UAVs rely on the global navigation satellite systems (GNSS) for geolocalization. In this paper, we propose to use a lightweight visual-inertial system with a 2D georeferenced map to obtain accurate geodetic positions for UAVs. The proposed system firstly integrates a micro inertial measurement unit (MIMU) and a monocular camera to build a visual-inertial odometry (VIO) to consecutively estimate the UAV's motion states and reconstruct the 3D position of the observed visual features in the local world frame. To obtain the geolocation, the visual features tracked by the odometry are further registered to the 2D georeferenced map. While most conventional methods perform image-level aerial image registration, we propose to align the reconstructed 3D points with the map, and then use the registered 3D points to relocalize the vehicle in the geodetic frame, which helps to improve the geolocalization accuracy. Finally, a pose graph is deployed to fuse the geolocation from the point registration and the local navigation result from the visual- inertial odometry (VIO) to obtain smooth and drift-free geolocalization results. We have validated the proposed method by installing the sensors to a UAV body rigidly and have conducted two real-world flights in different environments with unknown initials. The results show that the proposed method can achieve less than 4m position error in flight at about 100m high and less than 9m position error in flight at about 300m high.",,,,,IEEE/RSJ International Conference on Intelligent Robots and Systems (IROS)IEEE/RSJ International Conference on Intelligent Robots and Systems (IROS),"OCT 23-27, 2022OCT 23-27, 2022",IEEE; Royal Soc Japan; IEEE Robot & Automat Soc; IES; SICE; New Technol FdnIEEE; Royal Soc Japan; IEEE Robot & Automat Soc; IES; SICE; New Technol Fdn,"Kyoto, JAPANKyoto, JAPAN",10,0,0,0,0,0,11,0,6,2153-0858,,978-1-6654-7927-1,,,,,,,,,,,,,2023-03-18,WOS:000908368203047,,
J,"Jiang, Shang; Yang, Yifan; Gu, Siyang; Li, Jiahui; Hou, Yingyan",,,,"Jiang, Shang/IST-0285-2023; Gu, Siyang/OML-9137-2025","Jiang, Shang/0000-0002-0665-8693;",,,,,Bridge Geometric Shape Measurement Using LiDAR-Camera Fusion Mapping and Learning-Based Segmentation Method,,,,,,,,BUILDINGS,,,,15,9,,,,,1458,,,10.3390/buildings15091458,,,,,,,Article,APR 25 2025,2025,"The rapid measurement of three-dimensional bridge geometric shapes is crucial for assessing construction quality and in-service structural conditions. Existing geometric shape measurement methods predominantly rely on traditional surveying instruments, which suffer from low efficiency and are limited to sparse point sampling. This study proposes a novel framework that utilizes an airborne LiDAR-camera fusion system for data acquisition, reconstructs high-precision 3D bridge models through real-time mapping, and automatically extracts structural geometric shapes using deep learning. The main contributions include the following: (1) A synchronized LiDAR-camera fusion system integrated with an unmanned aerial vehicle (UAV) and a microprocessor was developed, enabling the flexible and large-scale acquisition of bridge images and point clouds; (2) A multi-sensor fusion mapping method coupling visual-inertial odometry (VIO) and Li-DAR-inertial odometry (LIO) was implemented to construct 3D bridge point clouds in real time robustly; and (3) An instance segmentation network-based approach was proposed to detect key structural components in images, with detected geometric shapes projected from image coordinates to 3D space using LiDAR-camera calibration parameters, addressing challenges in automated large-scale point cloud analysis. The proposed method was validated through geometric shape measurements on a concrete arch bridge. The results demonstrate that compared to the oblique photogrammetry method, the proposed approach reduces errors by 77.13%, while its detection time accounts for 4.18% of that required by a stationary laser scanner and 0.29% of that needed for oblique photogrammetry.",,,,,,,,,7,0,0,0,0,0,7,13,28,,2075-5309,,,,,,,,,,,,,,2025-05-17,WOS:001486550500001,,
C,"Mascaro, Ruben; Teixeira, Lucas; Hinzmann, Timo; Siegwart, Roland; Chli, Margarita",,,IEEE,"Chli, Margarita/N-3301-2015; Hinzmann, Timo/ABF-3676-2020; Teixeira, Lucas/K-6550-2019; Siegwart, Roland/A-4495-2008","Chli, Margarita/0000-0001-5611-7492; Hinzmann, Timo/0000-0001-7446-9790;",,,,,GOMSF: Graph-Optimization based Multi-Sensor Fusion for robust UAV pose estimation,,,,,,,,2018 IEEE INTERNATIONAL CONFERENCE ON ROBOTICS AND AUTOMATION (ICRA),,IEEE International Conference on Robotics and Automation ICRA,,,,,,1421,1428,,,,,,,,,,,Proceedings Paper,2018,2018,"Achieving accurate, high-rate pose estimates from proprioceptive and/or exteroceptive measurements is the first step in the development of navigation algorithms for agile mobile robots such as Unmanned Aerial Vehicles (UAVs). In this paper, we propose a decoupled Graph-Optimization based Multi-Sensor Fusion approach (GOMSF) that combines generic 6 Degree-of-Freedom (DoF) visual-inertial odometry poses and 3 DoF globally referenced positions to infer the global 6 DoF pose of the robot in real-time. Our approach casts the fusion as a real-time alignment problem between the local base frame of the visual-inertial odometry and the global base frame. The alignment transformation that relates these coordinate systems is continuously updated by optimizing a sliding window pose graph containing the most recent robot's states. We evaluate the presented pose estimation method on both simulated data and large outdoor experiments using a small UAV that is capable to run our system onboard. Results are compared against different state-of-the-art sensor fusion frameworks, revealing that the proposed approach is substantially more accurate than other decoupled fusion strategies. We also demonstrate comparable results in relation with a finely tuned Extended Kalman Filter that fuses visual, inertial and GPS measurements in a coupled way and show that our approach is generic enough to deal with different input sources in a straightforward manner.",,,,,IEEE International Conference on Robotics and Automation (ICRA)IEEE International Conference on Robotics and Automation (ICRA),"MAY 21-25, 2018MAY 21-25, 2018","IEEE; CSIRO; Australian Govt, Dept Def Sci & Technol; DJI; Queensland Univ Technol; Woodside; Baidu; Bosch; Houston Mechatron; Kinova Robot; KUKA; Hit Robot Grp; Honda Res Inst; iRobot; Mathworks; NuTonomy; Ouster; UberIEEE; CSIRO; Australian Govt, Dept Def Sci & Technol; DJI; Queensland Univ Technol; Woodside; Baidu; Bosch; Houston Mechatron; Kinova Robot; KUKA; Hit Robot Grp; Honda Res Inst; iRobot; Mathworks; NuTonomy; Ouster; Uber","Brisbane, AUSTRALIABrisbane, AUSTRALIA",113,14,0,0,0,0,134,2,23,1050-4729,2577-087X,978-1-5386-3081-5,,,,,,,,,,,,,2018-10-25,WOS:000446394501014,,
C,"Dornellas, Duarte; Rosa, Filipe; Bernardino, Alexandre; Ribeiro, Ricardo; Santos-Victor, Jose",,,IEEE,"Ribeiro, Ricardo/M-8244-2014; Bernardino, Alexandre/G-1316-2010; Santos-Victor, José/K-2093-2012","Bernardino, Alexandre/0000-0003-3991-1269; Santos-Victor, José/0000-0002-9036-1728",,,,,GPS emulation via visual-inertial odometry for inspection drones,,,,,,,,2019 19TH INTERNATIONAL CONFERENCE ON ADVANCED ROBOTICS (ICAR),,,,,,,,755,760,,,,,,,,,,,Proceedings Paper,2019,2019,"This work tested the applicability of a navigation system based on cameras and inertial sensors for a quadrotor UAV, motivated by the desire to expand its operational envelope to regions with low GPS signal reception. A standalone navigation module composed of a stereo camera pair, an IMU, synchronization electronics and a SoC computational board was developed and provided with OKVIS, a recent open-source VIO (Visual-Inertial Odometry) algorithm. In order to quantitatively assess its performance, an indoors dataset was recorded in a controlled environment, with precise ground-truth from a motion capture system. The system was integrated with a quadrotor UAV, functioning as an additional GPS sensor from the perspective of the onboard autopilot. For this end, the VIO trajectory data was georeferenced using information from the onboard GPS receiver, as well as from the orientation estimator embedded in the IMU. To the best of our knowledge, our system is the first to follow this integration approach, this being one of the main contributions of this work. Having validated the system with handheld testing, flight tests were performed. We show, qualitatively, that our system effectively yields improved trajectory estimates under low GPS signal reception.",,,,,19th International Conference on Advanced Robotics (ICAR)19th International Conference on Advanced Robotics (ICAR),"DEC 02-06, 2019DEC 02-06, 2019",,"Belo Horizonte, BRAZILBelo Horizonte, BRAZIL",1,0,0,0,0,0,1,0,4,,,978-1-7281-2467-4,,,,,,,,,,,,,2020-07-14,WOS:000542960700117,,
J,"Tacconi, Roberto; Raoul Marini, Marco; Saraceno, Michele; Luca Foresti, Gian; Cinque, Luigi; Mecca, Alessio",,,,"; MECCA, Alessio/GPW-6569-2022; Marini, Marco Raoul/AAR-5812-2021","Tacconi, Roberto/0009-0007-8927-5148;",,,,,"A Comprehensive Taxonomy of UAVs: A Comparative Feature Matrix for Hardware, Capabilities, and Payloads",,,,,,,,IEEE ACCESS,,,,14,,,,3821,3851,,,,10.1109/ACCESS.2025.3642069,,,,,,,Article,2026,2026,"This survey consolidates the state of the art in vision-based unmanned aerial vehicle (UAV) systems and introduces a unifying taxonomy and feature matrix that relate platform form-factors, onboard capabilities, and payload characteristics to application domains. We systematically review and classify recent literature across agriculture, transportation and logistics, infrastructure inspection, search and rescue, environmental monitoring, emergency response, surveying/mapping, and surveillance, and analyze operational trade-offs of prominent platform classes-multi-rotor, fixed-wing, and hybrid UAVs-with respect to endurance, payload capacity, maneuverability, sensing modalities (i.e., red-green-blue (RGB) cameras and thermal sensors), and onboard computation. Algorithmic trends are synthesized, highlighting advances in lightweight deep learning (DL) techniques (notably convolutional neural network (CNN)-based perception), robust state estimation via visual-inertial odometry (VIO) and simultaneous localization and mapping (SLAM), and multisensor fusion. Recurring challenges are identified, including limited flight endurance, resilient operation in Global Positioning System (GPS)-denied or cluttered environments, scarcity of domain-specific datasets for vision tasks, and the absence of standardized benchmarks and safety frameworks. Finally, we outline research directions to promote resilient, explainable, and energy-aware UAVs and to accelerate the transition from experimental prototypes to operational deployments.",,,,,,,,,0,0,0,0,0,0,0,2,2,2169-3536,,,,,,,,,,,,,,,2026-01-18,WOS:001658618200031,,
C,"Li, Chunyu; He, Mengfan; Lyu, Xu; Meng, Ziyang",,,IEEE,"He, Mengfan/OSI-1297-2025; Lyu, Xu/AFH-2587-2022","LI, CHUNYU/0000-0002-1166-1555;",,,,,In-Flight Initialization of Global Visual-Inertial Estimators using Geospatial Data,,,,,,,,2024 IEEE/RSJ INTERNATIONAL CONFERENCE ON INTELLIGENT ROBOTS AND SYSTEMS (IROS 2024),,IEEE International Conference on Intelligent Robots and Systems,,,,,,13450,13457,,,,10.1109/IROS58592.2024.10802622,,,,,,,Proceedings Paper,2024,2024,"In this work, we propose a solution that leverages geospatial data to initialize the monocular visual-inertial navigation system. For Visual-Inertial Navigation Systems (VINS) operating on UAVs, the ability to perform initialization and relocalization in mid-air is essential. However, degenerate motion can cause VINS to lose scale, making traditional initialization algorithms less reliable. To address this issue, we fuse geographic information in the initialization process, and utilize a learning-based feature matching algorithm to associate the information with inertial states. The proposed approach demonstrates adaptability to the degenerate motions of UAVs and significantly surpasses the estimation accuracy of conventional VINS initialization algorithms. Compared to methods that assist initialization by using a laser-range-finder (LRF), the proposed method solely relies on low-cost satellite imagery and elevation information. We evaluate the proposed approach on a large-scale UAV dataset, and compare with existing methods. The results demonstrate the superior effectiveness of the proposed method.",,,,,2024 International Conference on Intelligent Robots and Systems2024 International Conference on Intelligent Robots and Systems,"OCT 14-18, 2024OCT 14-18, 2024",Institute of Electrical and Electronics Engineers IncInstitute of Electrical and Electronics Engineers Inc,"Abu Dhabi, U ARAB EMIRATESAbu Dhabi, U ARAB EMIRATES",1,0,0,0,0,0,1,0,1,2153-0858,,979-8-3503-7771-2; 979-8-3503-7770-5,,,,,,,,,,,,,2025-04-02,WOS:001433985300757,,
C,"Gabdullin, Aidar; Shvedov, Grigory; Ivanou, Mikhail; Afanasyev, Ilya",,,,"Afanasyev, Ilya/E-7024-2010; Ivanou, Mikhail/ABA-9510-2021","Afanasyev, Ilya/0000-0002-6658-5369;","Sugisaka, M; Jia, Y; Ito, T; Lee, JJ",,,,Analysis of onboard sensor-based odometry for a quadrotor UAV in outdoor environment,,,,,,,,ICAROB 2018: PROCEEDINGS OF THE 2018 INTERNATIONAL CONFERENCE ON ARTIFICIAL LIFE AND ROBOTICS,,,,,,,,196,199,,,,,,,,,,,Proceedings Paper,2018,2018,"This article introduces a comparative analysis of a quadrotor UAV trajectories evaluated by processing onboard sensors (camera and IMU) with ROS-based monocular visual odometry software. Parrot Bebop drone was launched outdoor within teleoperated closed-loop trajectory along a known perimeter of a square work area, recording sensor's telemetry data for offline processing. We compared UAV monocular SLAM trajectories with Bebop visual-inertial odometry and verified them with the ground truth estimated by an external observer (a hovering quadcopter DJI Mavic, flying at the height of 40m with a camera pointing downwards and tracking near-surface Bebop's flight).",,,,,International Conference on Artificial Life and Robotics (ICAROB)International Conference on Artificial Life and Robotics (ICAROB),"FEB 01-04, 2018FEB 01-04, 2018","ICAROB Soc; Int Conf Artificial Life & Robot, Int Steering Comm; IEEE Fukuoka Sect; Chinese Assoc Artificial IntelligenceICAROB Soc; Int Conf Artificial Life & Robot, Int Steering Comm; IEEE Fukuoka Sect; Chinese Assoc Artificial Intelligence","Beppu, JAPANBeppu, JAPAN",3,1,0,0,0,0,3,0,2,,,978-4-9908350-3-3,,,,,,,,,,,,,2018-12-28,WOS:000452637600044,,
C,"Chang, Chao-Wei; Lian, Feng-Li",,,IEEE,,,,,,,Error-State Kalman Filter based Visual-Inertial Odometry Using Orientation Measurement on Unit Quaternion Group,,,,,,,,2024 IEEE/RSJ INTERNATIONAL CONFERENCE ON INTELLIGENT ROBOTS AND SYSTEMS (IROS 2024),,IEEE International Conference on Intelligent Robots and Systems,,,,,,12559,12564,,,,10.1109/IROS58592.2024.10801565,,,,,,,Proceedings Paper,2024,2024,"The inaccessibility of data from standard sensor suites on closed-platform unmanned aerial vehicles (UAVs) has been a hindrance to developing a compatible visual-inertial odometry (VIO). Despite the advance of recent VIO research, these works often emphasize fusing detailed sensor models with available sensor data at relatively high frequencies. To address this issue, in this paper, we derive an innovation signal for an orientation measurement model on the unit quaternion group S-3 based on the error-state Kalman filter (ESKF) framework. Leveraging the error-state formulation, the innovation signal directly exploits the geometric error representation on S-3 instead of treating unit quaternions as R-4 vectors. Flight experiments on a small commercial UAV (Fig. 1) have been carried out to compare the performance of the proposed ESKF with quaternion measurements on S-3 (ESKF-Q) against the original ESKF framework. Experimental results demonstrate that while both representations of unit quaternion measurements in ESKF framework improve orientation estimates with unperturbed orientation measurement model, only the proposed ESKF-Q exhibits convergent state estimates in the presence of uncertainties in the orientation measurement model.",,,,,2024 International Conference on Intelligent Robots and Systems2024 International Conference on Intelligent Robots and Systems,"OCT 14-18, 2024OCT 14-18, 2024",Institute of Electrical and Electronics Engineers IncInstitute of Electrical and Electronics Engineers Inc,"Abu Dhabi, U ARAB EMIRATESAbu Dhabi, U ARAB EMIRATES",0,0,0,0,0,0,0,1,6,2153-0858,,979-8-3503-7771-2; 979-8-3503-7770-5,,,,,,,,,,,,,2025-04-02,WOS:001433985300654,,
J,"Lee, Jyun-Cheng; Chen, Chih-Chun; Shen, Chang-Te; Lai, Ying-Chih",,,,"Lai, Ying-Chih/AAE-1335-2019","Lai, Ying-Chih/0000-0002-3471-3290; Shen, Chang-Te/0009-0005-7873-4148",,,,,Landmark-Based Scale Estimation and Correction of Visual Inertial Odometry for VTOL UAVs in a GPS-Denied Environment,,,,,,,,SENSORS,,,,22,24,,,,,9654,,,10.3390/s22249654,,,,,,,Article,DEC 2022,2022,"With the rapid development of technology, unmanned aerial vehicles (UAVs) have become more popular and are applied in many areas. However, there are some environments where the Global Positioning System (GPS) is unavailable or has the problem of GPS signal outages, such as indoor and bridge inspections. Visual inertial odometry (VIO) is a popular research solution for non-GPS navigation. However, VIO has problems of scale errors and long-term drift. This study proposes a method to correct the position errors of VIO without the help of GPS information for vertical takeoff and landing (VTOL) UAVs. In the initial process, artificial landmarks are utilized to improve the positioning results of VIO by the known landmark information. The position of the UAV is estimated by VIO. Then, the accurate position is estimated by the extended Kalman filter (EKF) with the known landmark, which is used to obtain the scale correction using the least squares method. The Inertial Measurement Unit (IMU) data are used for integration in the time-update process. The EKF can be updated with two measurements. One is the visual odometry (VO) estimated directly by a landmark. The other is the VIO with scale correction. When the landmark is detected during takeoff phase, or the UAV is returning to the takeoff location during landing phase, the trajectory estimated by the landmark is used to update the scale correction. At the beginning of the experiments, preliminary verification was conducted on the ground. A self-developed UAV equipped with a visual-inertial sensor to collect data and a high-precision real time kinematic (RTK) to verify trajectory are applied to flight tests. The experimental results show that the method proposed in this research effectively solves the problems of scale and the long-term drift of VIO.",,,,,,,,,10,2,0,0,0,0,13,2,21,,1424-8220,,,,,,,,,,,,,,2023-01-11,WOS:000904183400001,36560027,
J,"Dai, Bo; He, Yuqing; Yang, Liying; Su, Yun; Yue, Yufeng; Xu, Weiliang",,,,"; Yue, Yufeng/AAE-1720-2019","su, yun/0000-0003-0217-4373; He, Yuqing/0000-0001-5067-1169",,,,,SIMSF: A Scale Insensitive Multi-Sensor Fusion Framework for Unmanned Aerial Vehicles Based on Graph Optimization,,,,,,,,IEEE ACCESS,,,,8,,,,118273,118284,,,,10.1109/ACCESS.2020.3000555,,,,,,,Article,2020,2020,"Given the payload limitation of unmanned aerial vehicles (UAVs), lightweight sensors such as camera, inertial measurement unit (IMU), and GPS, are ideal onboard measurement devices. By fusing multiple sensors, accurate state estimations can be achieved. Robustness against sensor faults is also possible because of redundancy. However, scale estimation of visual systems (visual odometry or visual inertial odometry, VO/VIO) suffers from sensor noise and special-case movements such as uniform linear motion. Thus, in this paper, a scale insensitive multi-sensor fusion (SIMSF) framework based on graph optimization is proposed. This framework combines the local estimation of the VO/VIO and global sensors to infer the accurate global state estimation of UAVs in real time. A similarity transformation between the local frame of the VO/VIO and the global frame is estimated by optimizing the poses of the most recent UAV states. In particular, for VO, an initial scale is estimated by aligning the VO with the IMU and GPS measurements. Moreover, a fault detection method for VO/VIO is also proposed to enhance the robustness of the fusion framework. The proposed methods are tested on a UAV platform and evaluated in several challenging environments. A comparison between our results and the results from other state-of-the-art algorithms demonstrate the superior accuracy, robustness, and real-time performance of our system. Our work is also a general fusion framework, which can be extended to other platforms as well.",,,,,,,,,9,0,0,0,0,0,9,2,32,2169-3536,,,,,,,,,,,,,,,2020-07-28,WOS:000549128700001,,
J,"Minoda, Koji; Schilling, Fabian; Wueest, Valentin; Floreano, Dario; Yairi, Takehisa",,,,"; Schilling, Fabian/AAK-3207-2021","Wüest, Valentin/0000-0003-2193-1907; Floreano, Dario/0000-0002-5330-4863; Schilling, Fabian/0000-0003-3787-5137; Minoda, Koji/0000-0002-8331-1546",,,,,VIODE: A Simulated Dataset to Address the Challenges of Visual-Inertial Odometry in Dynamic Environments,,,,,,,,IEEE ROBOTICS AND AUTOMATION LETTERS,,,,6,2,,,1343,1350,,,,10.1109/LRA.2021.3058073,,,,,,,Article,APR 2021,2021,"Dynamic environments such as urban areas are still challenging fin- popular visual-inertial odometry (VIO) algorithms. Existing datasets typically fail to capture the dynamic nature of these environments, therefore making it difficult to quantitatively evaluate the robustness of existing VIO methods. To address this issue, we propose three contributions: firstly, we provide the VIODE benchmark, a novel dataset recorded from a simulated UAV that navigates in challenging dynamic environments. The unique feature of the VIODE dataset is the systematic introduction of moving objects into the scenes. It includes three environments, each of which is available in four dynamic levels that progressively add moving objects. The dataset contains synchronized stereo images and 'MU data, as well as ground-truth trajectories and instance segmentation masks. Secondly, we compare state-of-the-art V [0 algorithms on the VIODE dataset and show that they display substantial performance degradation in highly dynamic scenes. Thirdly, we propose a simple extension for visual localization algorithms that relies on semantic information. Our results show that scene semantics are an effective way to mitigate the adverse effects of dynamic objects on VIO algorithms. Finally, we make the VIODE dataset publicly available at https://github.com/kminoda/VIODE.",,,,,,,,,50,7,0,0,0,0,59,6,37,2377-3766,,,,,,,,,,,,,,,2021-04-01,WOS:000622097700010,,
J,"Liu, Dong; Wu, Jingyuan; Du, Yu; Zhang, Runqi; Cong, Ming",,,,"Zhang, Runqi/I-9809-2019",,,,,,SBC-SLAM: Semantic Bioinspired Collaborative SLAM for Large-Scale Environment Perception of Heterogeneous Systems,,,,,,,,IEEE TRANSACTIONS ON INSTRUMENTATION AND MEASUREMENT,,,,73,,,,,,5018110,,,10.1109/TIM.2024.3385825,,,,,,,Article,2024,2024,"Recently, there have been efforts to enable collaborative simultaneous localization and mapping (SLAM) of heterogeneous unmanned aerial vehicle (UAV)/unmanned ground vehicle (UGV) in large-scale dynamic environments. However, the challenges of collaborative localization introduced by the view differences between aerial and ground robots, high cost of storing, reusing the metric map, greatly limit the application of traditional visual SLAM algorithms in cross-domain robot collaborative SLAM. To address these issues, this article introduces a semantic-based bioinspired SLAM frame work for operating mobile robots equipped with a visual system in unstructured large-scale outdoor environments. This system forms a semidense semantic map through bioinspired tightly coupled visual inertial odometry, which can encode the sensory cues and self-motion cues with biological neural models in a compact and efficient manner. The topological information of semantic feature points serves as visually robust scene descriptor. It enables UAVs and UGVs to recognize the same scene with view variation. The proposed system is tested in both synthetic and real-world large-scale unstructured environments. Proposed system achieving a similar level of accuracy with about 20% of the key frame information required by traditional algorithms. It successfully registered heterogeneous robot's trajectory in both simulation and real environment, with errors under 10%. Its accuracy shows advantage to previous algorithms.",,,,,,,,,4,0,0,0,0,0,4,4,66,0018-9456,1557-9662,,,,,,,,,,,,,,2024-05-16,WOS:001205788800017,,
J,"Asil, Ufuk; Nasibov, Efendi",,,,"ASIL, Ufuk/KGL-1638-2024; Nasibov, Efendi/ISV-0173-2023",,,,,,Adaptive Covariance and Quaternion-Focused Hybrid Error-State EKF/UKF for Visual-Inertial Odometry,,,,,,,,INTERNATIONAL JOURNAL OF COMPUTATIONAL INTELLIGENCE SYSTEMS,,,,18,1,,,,,206,,,10.1007/s44196-025-00942-0,,,,,,,Article,AUG 7 2025,2025,"This study presents an innovative hybrid Visual-Inertial Odometry (VIO) method for Unmanned Aerial Vehicles (UAVs) that is resilient to environmental challenges and capable of dynamically assessing sensor reliability. Built upon a loosely coupled sensor fusion architecture, the system utilizes a novel hybrid Quaternion-focused Error-State EKF/UKF (Qf-ES-EKF/UKF) architecture to process inertial measurement unit (IMU) data. This architecture first propagates the entire state using an Error-State Extended Kalman Filter (ESKF) and then applies a targeted Scaled Unscented Kalman Filter (SUKF) step to refine only the orientation. This sequential process blends the accuracy of SUKF in quaternion estimation with the overall computational efficiency of ESKF. The reliability of visual measurements is assessed via a dynamic sensor confidence score based on metrics, such as image entropy, intensity variation, motion blur, and inference quality, adapting the measurement noise covariance to ensure stable pose estimation even under challenging conditions. Comprehensive experimental analyses on the EuRoC MAV dataset demonstrate key advantages: an average improvement of 49% in position accuracy in challenging scenarios, an average of 57% in rotation accuracy over ESKF-based methods, and SUKF-comparable accuracy achieved with approximately 48% lower computational cost than a full SUKF implementation. These findings demonstrate that the presented approach strikes an effective balance between computational efficiency and estimation accuracy, and significantly enhances UAV pose estimation performance in complex environments with varying sensor reliability.",,,,,,,,,2,0,0,0,0,0,2,11,12,1875-6891,1875-6883,,,,,,,,,,,,,,2025-08-13,WOS:001545603000001,,
C,"Lee, Joohyuk; Lee, Kyuman",,,IEEE,"lee, kyuman/AAM-6979-2020",,,,,,Active Heading Planning for Improving Visual-Inertial Odometry,,,,,,,,"2024 INTERNATIONAL CONFERENCE ON UNMANNED AIRCRAFT SYSTEMS, ICUAS",,International Conference on Unmanned Aircraft Systems,,,,,,1085,1092,,,,10.1109/ICUAS60882.2024.10556967,,,,,,,Proceedings Paper,2024,2024,"Visual-inertial odometry (VIO) is a technique to estimate the motion of a vehicle platform by fusing camera and inertial sensor data. It operates effectively in GPS-denied environments such as indoors and is widely utilized in applications like autonomous navigation of unmanned aerial vehicles (UAVs) due to its real-time performance and high localization accuracy. However, since VIO relies on textures in the environment or features extracted from image frames, localization may easily fail if the number of feature points in the image is insufficient or the UAV faces a low-texture environment. To address these issues, we propose an active VIO algorithm by planning heading angles autonomously. This algorithm improves VIO accuracy and maintains robust localization even in an unknown environment by employing heading planning to acquire more feature points in the subsequent image frames. To achieve this, we first divide an image frame into several sections and count the number of feature points in each section. Next, we determine the desired heading angle based on the feature-occupied ratio of each section. The proposed approach is validated in various cases in a simulation environment that mimics an indoor warehouse.",,,,,International Conference on Unmanned Aircraft Systems (ICUAS)International Conference on Unmanned Aircraft Systems (ICUAS),"JUN 04-07, 2024JUN 04-07, 2024",IEEEIEEE,"Chania-Crete, GREECEChania-Crete, GREECE",0,0,0,0,0,0,0,1,5,2373-6720,,979-8-3503-5789-9; 979-8-3503-5788-2,,,,,,,,,,,,,2024-08-28,WOS:001259354800097,,
J,"Zhang, Di; Xu, Feng; Pun, Chi-Man; Yang, Yang; Lan, Rushi; Wang, Liejun; Li, Yujie; Gao, Hao",,,,"Pun, Chi Man/GRJ-3703-2022; Luo, yujie/KGK-3881-2024","Lan, Rushi/0000-0002-9488-8236",,,,,Virtual Reality Aided High-Quality 3D Reconstruction by Remote Drones,,,,,,,,ACM TRANSACTIONS ON INTERNET TECHNOLOGY,,,,22,1,,,,,18,,,10.1145/3458930,,,,,,,Article,FEB 2022,2022,"Artificial intelligence including deep learning and 3D reconstruction methods is changing the daily life of people. Now, an unmanned aerial vehicle that can move freely in the air and avoid harsh ground conditions has been commonly adopted as a suitable tool for 3D reconstruction. The traditional 3D reconstruction mission based on drones usually consists of two steps: image collection and offline post-processing. But there are two problems: one is the uncertainty of whether all parts of the target object are covered, and another is the tedious post-processing time. Inspired by modern deep learning methods, we build a telexistence drone system with an onboard deep learning computation module and a wireless data transmission module that perform incremental real-time dense reconstruction of urban cities by itself. Two technical contributions are proposed to solve the preceding issues. First, based on the popular depth fusion surface reconstruction framework, we combine it with a visual-inertial odometry estimator that integrates the inertial measurement unit and allows for robust camera tracking as well as high-accuracy online 3D scan. Second, the capability of real-time 3D reconstruction enables a new rendering technique that can visualize the reconstructed geometry of the target as navigation guidance in the HMD. Therefore, it turns the traditional path-planning-based modeling process into an interactive one, leading to a higher level of scan completeness. The experiments in the simulation system and our real prototype demonstrate an improved quality of the 3D model using our artificial intelligence leveraged drone system.",,,,,,,,,8,0,0,0,0,0,11,5,59,1533-5399,1557-6051,,,,,,,,,,,,,,2022-02-01,WOS:000717399100018,,
C,"Udugama, U. V. B. L.; Vosselman, G.; Nex, F.",,,,"; Nex, Francesco/G-9264-2018; Vosselman, George/D-3985-2009","Udugama Vithanage, Bavantha Lakshan Udugama/0000-0002-1932-692X; Nex, Francesco/0000-0002-5712-6902; Vosselman, George/0000-0001-8813-8028","El-Sheimy, N; Abdelbary, AA; El-Bendary, N; Mohasseb, Y",,,,MONO-HYDRA: REAL-TIME 3D SCENE GRAPH CONSTRUCTION FROM MONOCULAR CAMERA INPUT WITH IMU,,,,,,,,"GEOSPATIAL WEEK 2023, VOL. 10-1",,"ISPRS Annals of the Photogrammetry, Remote Sensing and Spatial Information Sciences",,,,,,439,445,,,,10.5194/isprs-annals-X-1-W1-2023-439-2023,,,,,,,Proceedings Paper,2023,2023,"The ability of robots to autonomously navigate through 3D environments depends on their comprehension of spatial concepts, ranging from low-level geometry to high-level semantics, such as objects, places, and buildings. To enable such comprehension, 3D scene graphs have emerged as a robust tool for representing the environment as a layered graph of concepts and their relationships. However, building these representations using monocular vision systems in real-time remains a difficult task that has not been explored in depth.This paper puts forth a real-time spatial perception system Mono-Hydra, combining a monocular camera and an IMU sensor setup, focusing on indoor scenarios. However, the proposed approach is adaptable to outdoor applications, offering flexibility in its potential uses. The system employs a suite of deep learning algorithms to derive depth and semantics. It uses a robocentric visual-inertial odometry (VIO) algorithm based on square-root information, thereby ensuring consistent visual odometry with an IMU and a monocular camera. This system achieves sub-20 cm error in real-time processing at 15 fps, enabling real-time 3D scene graph construction using a laptop GPU (NVIDIA 3080). This enhances decision-making efficiency and effectiveness in simple camera setups, augmenting robotic system agility. We make Mono-Hydra publicly available at: https://github.com/UAV-Centre-ITC/Mono_Hydra.",,,,,5th International-Society-for-Photogrammetry-and-Remote-Sensing (ISPRS) Geospatial Week (GSW)5th International-Society-for-Photogrammetry-and-Remote-Sensing (ISPRS) Geospatial Week (GSW),"SEP 02-07, 2023SEP 02-07, 2023",Int Soc Photogrammetry & Remote SensingInt Soc Photogrammetry & Remote Sensing,"Cairo, EGYPTCairo, EGYPT",1,0,0,0,0,0,1,0,4,2194-9042,2194-9050,*****************,,,,,,,,,,,,,2024-04-03,WOS:001185683800056,,
J,"Ye, Xiaoyu; Song, Fujun; Zhang, Zongyu; Zeng, Qinghua",,,,"Ye, Xiaoyu/JFS-6337-2023","Ye, Xiaoyu/0000-0002-9226-5676; fujun, song/0000-0001-8706-3474",,,,,A Review of Small UAV Navigation System Based on Multisource Sensor Fusion,,,,,,,,IEEE SENSORS JOURNAL,,,,23,17,,,18926,18948,,,,10.1109/JSEN.2023.3292427,,,,,,,Review,SEPT 1 2023,2023,"In recent years, unmanned aircraft systems (UASs) have played an increasingly significant role in the military and civil fields. The flight control system, as the hub of an unmanned aerial vehicle (UAV), is responsible for the key function of autonomous flight, while a reliable and stable navigation system provides important information such as position status for flight control and represents the sensory function of the UAV. A highly autonomous and credible UAV requires a navigation system that meets specific requirements for accuracy, integrity, and continuity, resulting in a multitude of sensors on-board the UAV that are heterogeneous, redundant, and multisource, creating a highly complex navigation system. In this article, we review multisensor fusion (MSF) technology for small UAVs over the last 20 years and provide an overview of three typical multisource fusion architectures based on filtering, factor graph optimization, and data-driven, focusing on inductive identification of key technologies for multisource information fusion state estimation systems, including calibration techniques to improve data quality, observability analysis to provide theoretical support, additional model constraint correction using aircraft, and resilient fusion management techniques across all sources. Finally, we propose future directions for UAS navigation systems to address the limitations of the existing systems.",,,,,,,,,60,11,0,0,0,0,73,32,195,1530-437X,1558-1748,,,,,,,,,,,,,,2023-10-06,WOS:001059669700002,,
J,"Lee, Kyuman; Johnson, Eric N.",,,,"Lee, Kyuman/AAM-6979-2020","Lee, Kyuman/0000-0003-0755-9635",,,,,Latency Compensated Visual-Inertial Odometry for Agile Autonomous Flight,,,,,,,,SENSORS,,,,20,8,,,,,2209,,,10.3390/s20082209,,,,,,,Article,APR 2020,2020,"In visual-inertial odometry (VIO), inertial measurement unit (IMU) dead reckoning acts as the dynamic model for flight vehicles while camera vision extracts information about the surrounding environment and determines features or points of interest. With these sensors, the most widely used algorithm for estimating vehicle and feature states for VIO is an extended Kalman filter (EKF). The design of the standard EKF does not inherently allow for time offsets between the timestamps of the IMU and vision data. In fact, sensor-related delays that arise in various realistic conditions are at least partially unknown parameters. A lack of compensation for unknown parameters often leads to a serious impact on the accuracy of VIO systems and systems like them. To compensate for the uncertainties of the unknown time delays, this study incorporates parameter estimation into feature initialization and state estimation. Moreover, computing cross-covariance and estimating delays in online temporal calibration correct residual, Jacobian, and covariance. Results from flight dataset testing validate the improved accuracy of VIO employing latency compensated filtering frameworks. The insights and methods proposed here are ultimately useful in any estimation problem (e.g., multi-sensor fusion scenarios) where compensation for partially unknown time delays can enhance performance.",,,,,,,,,9,0,0,0,0,0,10,6,27,,1424-8220,,,,,,,,,,,,,,2020-06-02,WOS:000533346400051,32295132,
J,"Ghanizadegan, Khashayar; Hashim, Hashim A.",,,,"Ghanizadegan, Khashayar/MTE-9428-2025","Ghanizadegan, Khashayar/0009-0002-4806-9253; A. Hashim, Hashim/0000-0003-2376-0603",,,,,Quaternion-Based Unscented Kalman Filter for 6-DoF Vision-Based Inertial Navigation in GPS-Denied Regions,,,,,,,,IEEE TRANSACTIONS ON INSTRUMENTATION AND MEASUREMENT,,,,74,,,,,,8500713,,,10.1109/TIM.2024.3509582,,,,,,,Article,2025,2025,"This article investigates the orientation, position, and linear velocity estimation problem of a rigid-body moving in 3-D space with six degrees-of-freedom (6-DoF). The highly nonlinear navigation kinematics are formulated to ensure global representation of the navigation problem. A computationally efficient quaternion-based navigation unscented Kalman filter (QNUKF) is proposed to imitate the true nonlinear navigation kinematics and utilize onboard visual-inertial navigation (VIN) units to achieve successful Global Positioning System (GPS)-denied navigation. The proposed QNUKF is designed in the discrete form to operate based on the data fusion of photographs garnered by a vision unit (stereo or monocular camera) and information collected by a low-cost inertial measurement unit (IMU). The photographs are processed to extract feature points in 3-D space, while the six-axis IMU supplies angular velocity and accelerometer measurements expressed with respect to the body frame. Robustness and effectiveness of the proposed QNUKF have been confirmed through experiments on a real-world dataset collected by a drone navigating in 3-D and consisting of stereo images and six-axis IMU measurements. Also, the proposed approach is validated against state-of-the-art filtering techniques.",,,,,,,,,10,0,0,0,0,0,12,12,35,0018-9456,1557-9662,,,,,,,,,,,,,,2024-12-28,WOS:001378163300018,,
J,"Wang, Feng; Zou, Yang; Zhang, Cheng; Buzzatto, Joao; Liarokapis, Minas; Castillo, Enrique del Rey; Lim, James B. P.",,,,"Lim, James Boon Piang/K-7195-2013; Liarokapis, Minas/E-1990-2015; Wang, Feng/GYQ-7930-2022; ZOU, YANG/HLQ-0796-2023","Lim, James Boon Piang/0000-0001-9720-8518; Liarokapis, Minas/0000-0002-6016-1477; Wang, Feng/0000-0002-0576-729X; Zhang, Cheng/0000-0001-9646-937X; ZOU, YANG/0000-0001-6150-6126",,,,,UAV navigation in large-scale GPS-denied bridge environments using fiducial marker-corrected stereo visual-inertial localisation,,,,,,,,AUTOMATION IN CONSTRUCTION,,,,156,,,,,,105139,,,10.1016/j.autcon.2023.105139,,,,,OCT 2023,,Article,DEC 2023,2023,"The use of Unmanned Aerial Vehicles (UAVs) for bridge inspection has gained popularity recently; however, accurately localising the UAV in GPS-denied areas is still challenging, which hinders the development of fully autonomous UAV-assisted bridge inspection solutions. This paper proposes a fiducial marker-corrected stereo visual-inertial localisation (FMC-SVIL) method, running on a resource-constrained onboard computer, to estimate UAV's global pose underneath bridge girders. The proposed FMC-SVIL utilises an optimised stereo visualinertial odometry for continuous relative pose estimation between consecutive camera frames and an improved AprilTag2-based measurement algorithm for accurate global referencing and periodic pose corrections. The method is validated through extensive experiments, and the results show that the FMC-SVIL achieved UAV localisation with a root mean square error of 0.416 m in sunny conditions and 0.340 m in cloudy conditions. FMC-SVIL outperforms the leading vision-based simultaneous localisation and mapping (SLAM) algorithms for flights over multiple bridge spans.",,,,,,,,,17,1,0,0,0,0,18,5,45,0926-5805,1872-7891,,,,,,,,,,,,,,2024-02-05,WOS:001149077600001,,
J,"Xie, Chen; Wu, Binbin; Guo, Daoxing; Chen, Xiao",,,,"Wu, Xinyi/NWH-5120-2025","Xie, Chen/0009-0006-8165-818X",,,,,Autonomous Navigation UAVs for Enhancing Information Freshness for Reconnaissance,,,,,,,,ELECTRONICS,,,,13,7,,,,,1354,,,10.3390/electronics13071354,,,,,,,Article,APR 2024,2024,"The demand for autonomous navigation UAVs in reconnaissance is steadily increasing. One crucial aspect of these missions is the freshness of reconnaissance information, which serves as a vital indicator of mission effectiveness. However, there is a lack of targeted investigation in the research on autonomous single/multi-UAV missions and joint path planning. Furthermore, the use of visual-inertial odometry (VIO) in rotary-wing UAVs can lead to significant positional drift during flight, which may result in the loss of the UAV and mission failure. This paper investigates joint planning problems in single/multi-UAV reconnaissance missions under both GPS-available and GPS-unavailable scenarios and proposes an integrated data collection and beacon-assisted localization approach. Finally, the numerical results demonstrate the effectiveness of the proposed scheme in enhancing the freshness of reconnaissance information.",,,,,,,,,2,0,0,0,0,0,2,2,11,,2079-9292,,,,,,,,,,,,,,2024-04-16,WOS:001200977900001,,
C,"Song, Junlin; Sanchez-Cuevas, Pedro J.; Richard, Antoine; Rajan, Raj Thilak; Olivares-Mendez, Miguel",,,IEEE,"Olivares-Mendez, Miguel Angel/Y-4837-2019; Rajan, Raj Thilak/G-4387-2013; Sanchez-Cuevas, P./L-4623-2017","Olivares-Mendez, Miguel Angel/0000-0001-8824-3231; Song, Junlin/0000-0001-9690-7253; Rajan, Raj Thilak/0000-0002-6443-9624;",,,,,GPS-VIO Fusion with Online Rotational Calibration,,,,,,,,2024 IEEE INTERNATIONAL CONFERENCE ON ROBOTICS AND AUTOMATION (ICRA 2024),,IEEE International Conference on Robotics and Automation ICRA,,,,,,11906,11912,,,,10.1109/ICRA57147.2024.10611466,,,,,,,Proceedings Paper,2024,2024,"Accurate global localization is crucial for autonomous navigation and planning. To this end, various GPS-aided Visual-Inertial Odometry (GPS-VIO) fusion algorithms are proposed in the literature. This paper presents a novel GPS-VIO system that is able to significantly benefit from the online calibration of the rotational extrinsic parameter between the GPS reference frame and the VIO reference frame. The behind reason is this parameter is observable. This paper provides novel proof through nonlinear observability analysis. We also evaluate the proposed algorithm extensively on diverse platforms, including flying UAV and driving vehicle. The experimental results support the observability analysis and show increased localization accuracy in comparison to state-ofthe-art (SOTA) tightly-coupled algorithms.",,,,,IEEE International Conference on Robotics and Automation (ICRA)IEEE International Conference on Robotics and Automation (ICRA),"MAY 13-17, 2024MAY 13-17, 2024",IEEE; IEEE Robot & Automat SocIEEE; IEEE Robot & Automat Soc,"Yokohama, JAPANYokohama, JAPAN",1,0,0,0,0,0,1,1,2,1050-4729,2577-087X,979-8-3503-8458-1; 979-8-3503-8457-4,,,,,,,,,,,,,2025-03-02,WOS:001369728002063,,
C,"Zheng, Xi; Wen, Weisong; Hsu, Li-Ta",,,IEEE,"Hsu, Li-Ta/I-9078-2014",,,,,,Tightly-coupled Line Feature-aided Visual Inertial Localization within Lightweight 3D Prior Map for Intelligent Vehicles,,,,,,,,"2023 IEEE 26TH INTERNATIONAL CONFERENCE ON INTELLIGENT TRANSPORTATION SYSTEMS, ITSC",,IEEE International Conference on Intelligent Transportation Systems-ITSC,,,,,,6019,6026,,,,10.1109/ITSC57777.2023.10422196,,,,,,,Proceedings Paper,2023,2023,"Visual-inertial navigation system (VINS) is widely used for autonomous platforms but suffers from drifting over a long time. To remedy this situation, a lightweight 3D prior map-aided visual-inertial navigation system is presented in this paper, which tightly couples the visual-inertial data stream with a lightweight prior map involving 3D line information. To fill the gaps between 3D maps and 2D images, the mutual geometric feature of line segments is utilized to connect these two types of information in different dimensions. By detecting and matching line features in two data sources, the line pairs are utilized as constraints in the nonlinear optimization model and added to the existing factor graph framework in a tightly coupled form. Meanwhile, a fast line feature tracking strategy is employed to monitor and remove extreme outliers, which will further improve the reliability of this structural characteristic during the cross-modality localization. The effectiveness of the proposed method is evaluated by public indoor unmanned aerial vehicles (UAV) datasets, and outdoor unmanned ground vehicles (UGV) datasets generated by the CARLA simulator.",,,,,IEEE 26th International Conference on Intelligent Transportation Systems (ITSC)IEEE 26th International Conference on Intelligent Transportation Systems (ITSC),"SEP 24-28, 2023SEP 24-28, 2023",IEEEIEEE,"Bilbao, SPAINBilbao, SPAIN",1,0,0,0,0,0,1,1,3,2153-0009,,979-8-3503-9946-2,,,,,,,,,,,,,2023-01-01,WOS:001178996706009,,
C,"Sun, Shangzhe; Chen, Chi; Wang, Zhiye; Zhou, Jian; Li, Liuchun; Yang, Bisheng; Cong, Yangzi; Wang, Haoyu",,,,"Yang, Bisheng/A-4642-2013; SUN, SHANGZHE/HOF-1768-2023; Zhou, Jian/IAL-9072-2023","SUN, SHANGZHE/0009-0005-0096-8454;","El-Sheimy, N; Abdelbary, AA; El-Bendary, N; Mohasseb, Y",,,,Real-Time UAV 3D Image Point Clouds Mapping,,,,,,,,"GEOSPATIAL WEEK 2023, VOL. 10-1",,"ISPRS Annals of the Photogrammetry, Remote Sensing and Spatial Information Sciences",,,,,,1097,1104,,,,10.5194/isprs-annals-X-1-W1-2023-1097-2023,,,,,,,Proceedings Paper,2023,2023,"This paper proposes a real-time 3D image point clouds mapping algorithm for UAVs that is capable of mapping effectively in weak GNSS environments. And a UAV mapping system is integrated with a RGB camera, an inertial measurement unit (IMU), a GNSS receiver, data transmission devices, and a DJI M300 flight platform. To achieve real-time and robust mapping, the system utilizes a visual-inertial odometry (VIO) that tightly couples GNSS, RGB image, and IMU, which provides stable state estimation information for mapping. Subsequently, a dense matching algorithm based on key frames is adopted to recover 3D mapping information with low-computational cost. Extensive experiments are conducted on our test site, demonstrating the system's ability to build maps stably, even under the effect of wind. The results compared with the trajectory reconstructed by Pix4D show that the system achieves competitive accuracy of pose estimation and is capable of real-time mapping.",,,,,5th International-Society-for-Photogrammetry-and-Remote-Sensing (ISPRS) Geospatial Week (GSW)5th International-Society-for-Photogrammetry-and-Remote-Sensing (ISPRS) Geospatial Week (GSW),"SEP 02-07, 2023SEP 02-07, 2023",Int Soc Photogrammetry & Remote SensingInt Soc Photogrammetry & Remote Sensing,"Cairo, EGYPTCairo, EGYPT",5,1,0,0,0,0,6,2,8,2194-9042,2194-9050,*****************,,,,,,,,,,,,,2024-04-03,WOS:001185683800143,,
J,"Kuhne, Jonas; Magno, Michele; Benini, Luca",,,,"Magno, Michele/AEQ-0927-2022","Magno, Michele/0000-0003-0368-8923; BENINI, LUCA/0000-0001-8068-3806; Kühne, Jonas/0000-0003-4632-8856",,,,,Low Latency Visual Inertial Odometry With On-Sensor Accelerated Optical Flow for Resource-Constrained UAVs,,,,,,,,IEEE SENSORS JOURNAL,,,,25,5,,,7838,7847,,,,10.1109/JSEN.2024.3406948,,,,,,,Article,MAR 1 2025,2025,"Visual inertial odometry (VIO) is the task of estimating the movement trajectory of an agent from an onboard camera stream fused with additional inertial measurement unit (IMU) measurements. A crucial subtask within VIO is the tracking of features, which can be achieved through optical flow (OF). As the calculation of OF is a resource-demanding task in terms of computational load and memory footprint, which needs to be executed at low latency, especially in robotic applications, OF estimation is today performed on powerful CPUs or GPUs. This restricts its use in a broad spectrum of applications where the deployment of such powerful, power-hungry processors is unfeasible due to constraints related to cost, size, and power consumption. On-sensor hardware acceleration is a promising approach to enable low latency VIO even on resource-constrained devices such as nano drones. This article assesses the speed-up in a VIO sensor system exploiting a compact OF sensor consisting of a global shutter camera and an application-specific integrated circuit (ASIC). By replacing the feature tracking logic of the VINS-Mono pipeline with data from this OF camera, we demonstrate a 49.4% reduction in latency and a 53.7% reduction of compute load of the VIO pipeline over the original VINS-Mono implementation, allowing VINS-Mono operation up to 50 FPS instead of 20 FPS on the quad-core ARM Cortex-A72 processor of a Raspberry Pi Compute Module 4.",,,,,,,,,3,0,0,0,0,0,4,4,11,1530-437X,1558-1748,,,,,,,,,,,,,,2025-03-15,WOS:001438236600028,,
J,"Ghanizadegan, Khashayar; Hashim, Hashim A.",,,,"Ghanizadegan, Khashayar/MTE-9428-2025","Ghanizadegan, Khashayar/0009-0002-4806-9253; A. Hashim, Hashim/0000-0003-2376-0603",,,,,DeepUKF-VIN: Adaptively-tuned Deep Unscented Kalman Filter for 3D Visual-Inertial Navigation based on IMU-Vision-Net,,,,,,,,EXPERT SYSTEMS WITH APPLICATIONS,,,,271,,,,,,126656,,,10.1016/j.eswa.2025.126656,,,,,FEB 2025,,Article,MAY 1 2025,2025,"This paper addresses the challenge of estimating the orientation, position, and velocity of a vehicle operating in three-dimensional (3D) space with six degrees of freedom (6-DoF). A Deep Learning-based Adaptation Mechanism (DLAM) is proposed to adaptively tune the noise covariance matrices of Kalman-type filters for the Visual-Inertial Navigation (VIN) problem, leveraging IMU-Vision-Net. Subsequently, an adaptively tuned Deep Learning Unscented Kalman Filter for 3D VIN (DeepUKF-VIN) is introduced to utilize the proposed DLAM, thereby robustly estimating key navigation components, including orientation, position, and linear velocity. The proposed DeepUKF-VIN integrates data from onboard sensors, specifically an inertial measurement unit (IMU) and visual feature points extracted from a camera, and is applicable for GPS-denied navigation. Its quaternion-based design effectively captures navigation nonlinearities and avoids the singularities commonly encountered with Euler-angle-based filters. Implemented indiscrete space, the DeepUKF-VIN facilitates practical filter deployment. The filter's performance is evaluated using real-world data collected from an IMU and a stereo camera at low sampling rates. The results demonstrate filter stability and rapid attenuation of estimation errors, highlighting its high estimation accuracy. Furthermore, comparative testing against the standard Unscented Kalman Filter (UKF) in two scenarios consistently shows superior performance across all navigation components, thereby validating the efficacy and robustness of the proposed DeepUKF-VIN.",,,,,,,,,5,0,0,0,0,0,5,14,48,0957-4174,1873-6793,,,,,,,,,,,,,,2025-02-14,WOS:001417233000001,,
C,"Vempati, Anurag Sai; Gilitschenski, Igor; Nieto, Juan; Beardsley, Paul; Siegwart, Roland",,,,"; Siegwart, Roland/A-4495-2008","Vempati, Anurag Sai/0000-0001-9533-7930;","Bicchi, A; Okamura, A",,,,Onboard Real-time Dense Reconstruction of Large-scale Environments for UAV,,,,,,,,2017 IEEE/RSJ INTERNATIONAL CONFERENCE ON INTELLIGENT ROBOTS AND SYSTEMS (IROS),,IEEE International Conference on Intelligent Robots and Systems,,,,,,3479,3486,,,,,,,,,,,Proceedings Paper,2017,2017,"In this paper, we propose a GPU parallelized SLAM system capable of using photometric and inertial data together with depth data from an active RGB-D sensor to build accurate dense 3D maps of indoor environments. We describe several extensions to existing dense SLAM techniques that allow us to operate in real-time onboard memory constrained robotic platforms. Our primary contribution is a memory management algorithm that scales to large scenes without being limited by GPU memory resources. Moreover, by integrating a visual-inertial odometry system, we robustly track the camera pose even on an agile platform such as a quadrotor UAV. Our robust camera tracking framework can deal with fast camera motions and varying environments by relying on depth, color and inertial motion cues. Global consistency is achieved via regular checking for loop closures in conjunction with a pose graph, as a basis for corrective deformation of the 3D map. Our efficient SLAM system is capable of producing highly dense meshes up to 5mm resolution at rates close to 60Hz fully onboard a UAV. Experimental validations both in simulation and on a real-world platform, show that our approach is fast, more robust and more memory efficient than state-of-the-art techniques, while obtaining better or comparable accuracy.",,,,,IEEE/RSJ International Conference on Intelligent Robots and Systems (IROS)IEEE/RSJ International Conference on Intelligent Robots and Systems (IROS),"SEP 24-28, 2017SEP 24-28, 2017",IEEE; RSJ; IEEE Robot & Automat Soc; IEEE IES; SICE; New Technol FdnIEEE; RSJ; IEEE Robot & Automat Soc; IEEE IES; SICE; New Technol Fdn,"Vancouver, CANADAVancouver, CANADA",11,0,0,0,0,0,13,1,11,2153-0858,,978-1-5386-2682-5,,,,,,,,,,,,,2018-04-03,WOS:000426978203070,,
J,"Lyu, Yang; Yuan, Shenghai; Xie, Lihua",,,,"Yuan, Shenghai/JDM-6241-2023; Xie, Lihua/D-2236-2009","Yuan, Shenghai/0009-0003-1887-6342; Xie, Lihua/0000-0002-7137-4136",,,,,Structure Priors Aided Visual-Inertial Navigation in Building Inspection Tasks With Auxiliary Line Features,,,,,,,,IEEE TRANSACTIONS ON AEROSPACE AND ELECTRONIC SYSTEMS,,,,58,4,,,3037,3048,,,,10.1109/TAES.2022.3142663,,,,,,,Article,AUG 2022,2022,"The article proposes a visual-inertial navigation method to support the autonomous operation of a quadrotor UAV during the building facade inspection tasks, where state-of-the-art vision-based localization methods may fail due to texture point feature insufficiency. Considering the appearance characteristics of the building facades, we additionally fuse line features and their corresponding structure prior information to the sliding-window-based estimator to improve localization reliability and accuracy. The contribution of the proposed method lies mainly in two aspects. First, we develop an informative feature selection mechanism according to the facade patterns and the inspection trajectory patterns to make a balance between localization accuracy and computation overheads. Second, we further utilize structure prior information, which is defined as line-to-line and point-to-line relationships, as another source of high-fidelity measurement to restrain the localization drifts. The proposed method is tested not only on public datasets, but also on an actual flight data package recorded in a building inspection task. Experimental results show that the proposed method can serve as a practical tool for navigating a robot in a building inspection task, with improved localization reliability and accuracy.",,,,,,,,,10,1,0,0,0,0,12,2,33,0018-9251,1557-9603,,,,,,,,,,,,,,2022-10-20,WOS:000838710200032,,
C,"Kalaitzakis, Michail; Carroll, Sabrina; Ambrosi, Anand; Whitehead, Camden; Vitzilaios, Nikolaos",,,IEEE,"Vitzilaios, Nikolaos/AGD-3349-2022","Vitzilaios, Nikolaos/0000-0003-1252-586X; Kalaitzakis, Michail/0000-0003-4889-3330",,,,,Experimental Comparison of Fiducial Markers for Pose Estimation,,,,,,,,2020 INTERNATIONAL CONFERENCE ON UNMANNED AIRCRAFT SYSTEMS (ICUAS'20),,International Conference on Unmanned Aircraft Systems,,,,,,781,789,,,,10.1109/icuas48674.2020.9213977,,,,,,,Proceedings Paper,2020,2020,"Accurate localization is crucial for the autonomous navigation and control of Unmanned Aircraft Systems (UAS). In most applications, localization is provided from a Global Navigation Satellite System like GPS and Galileo or more recently from Visual Odometry, Visual-Inertial Odometry, and Simultaneous Localization and Mapping methods. In many cases though, especially when precise maneuvers are required, fiducial markers are used. Fiducial markers are able to provide accurate localization data and have been used in many applications where reliable pose measurements are needed for specific objects or locations. This paper presents an experimental comparison of four different open-source fiducial markers that are widely used in UAS applications (ARTag, AprilTag, ArUco, and STag). The fiducial markers are evaluated based on their localization capabilities as well as their computational efficiency. To facilitate the comparison, a ROS package for the STag marker is developed and publicly released.",,,,,International Conference on Unmanned Aircraft Systems (ICUAS)International Conference on Unmanned Aircraft Systems (ICUAS),"SEP 01-04, 2020SEP 01-04, 2020","IEEE; IEEE CSS; IEEE Robot & Automat Soc; MCA; ICUAS Assoc; Univ Denver; Univ Denver, Daniel Felix Ritchie Sch Engn & Comp Sci; Tech Univ Crete, Sch Prod Engn & Management; Democritus Univ Thrace; NYU Abu Dhabi; Aristotle Univ Thessaloniki, Dept Mech Engn, Lab Fluid Mech & Trubomachinery; ALTUS; DRONE NODES; Journal Unmanned Vehicle SystIEEE; IEEE CSS; IEEE Robot & Automat Soc; MCA; ICUAS Assoc; Univ Denver; Univ Denver, Daniel Felix Ritchie Sch Engn & Comp Sci; Tech Univ Crete, Sch Prod Engn & Management; Democritus Univ Thrace; NYU Abu Dhabi; Aristotle Univ Thessaloniki, Dept Mech Engn, Lab Fluid Mech & Trubomachinery; ALTUS; DRONE NODES; Journal Unmanned Vehicle Syst","Athens, GREECEAthens, GREECE",47,0,0,0,1,0,58,0,14,2373-6720,,978-1-7281-4278-4,,,,,,,,,,,,,2021-02-23,WOS:000612041300104,,
J,"Yang, Peiwen; Wen, Weisong; Bai, Shiyu; Hu, Jiahao",,,,"; Bai, Shiyu/AAM-9533-2021","HU, JIAHAO/0000-0002-4943-7700;",,,,,Online Dynamic Model Calibration for Reliable Control of Quadrotor Based on Factor Graph Optimization,,,,,,,,IEEE TRANSACTIONS ON AEROSPACE AND ELECTRONIC SYSTEMS,,,,61,5,,,11254,11266,,,,10.1109/TAES.2025.3566347,,,,,,,Article,OCT 2025,2025,"Precise dynamic model calibration is essential in achieving reliable control of unmanned aerial vehicles (UAVs). However, the existing methods tend to use simplified dynamic models and cannot adapt to variations of the dynamic model. To fill this gap, this article explores an online dynamic model calibration (ODMC) method for the quadrotor based on factor graph optimization. First, the dynamic model is derived with more error terms, such as the center of gravity, aerodynamic drag, HVT disturbance, and viscous effect. Moreover, the IMU-body extrinsic parameters and the gravity vector are also identified online. Second, the pose is estimated based on the visual-inertial odometry together with the dynamic model parameters. The proposed method is validated using open-source and self-collected datasets. The evaluation demonstrates that the ODMC performs even better than the state-of-the-art data-driven methods in force and torque prediction when the maximum velocity is less than 9 m/s. Furthermore, the effectiveness of the proposed method is validated by applying the estimated model in the differential-flatness-based controller.",,,,,,,,,0,0,0,0,0,0,0,6,6,0018-9251,1557-9603,,,,,,,,,,,,,,2025-10-30,WOS:001595008200015,,
C,"Yang, Teaya; Mueller, Mark W.",,,,,,,,,,AgriNav: UAV Simulator for Vision-based Navigation in Agricultural Environments,,,,,,,,IFAC PAPERSONLINE,,,,59,23,,,23,27,,,,10.1016/j.ifacol.2025.11.757,,,,,DEC 2025,,Proceedings Paper,2025,2025,"We present AgriNav, a simulator for vision-based navigation and data collection for unmanned aerial vehicles (UAVs) in agricultural environments. Developing autonomous aerial robots for large-scale agricultural data collection requires significant effort in hardware-software integration, especially for accurate state estimation and navigation. While many existing simulators offer image generation features, they are not designed for direct use with visual-inertial odometry (VIO) packages, which depend on precise sensor calibration, data synchronization, and specific message formats. We address this challenge by generating synthetic data that mimic physical sensor outputs and providing a modular communication framework, enabling users to efficiently experiment with odometry and navigation algorithms without requiring hardware testing. Using Unity for rendering, we provide pre-built maps and plant models for rapid testing and simple scene customization. AgriNav is open source and available at: https://github.com/Teaya-Yang/AgriNav.git. Copyright (c) 2025 The Authors. This is an open access article under the CC BY-NC-ND license (https://creativecommons.org/licenses/by-nc-nd/4.0/)",,,,,"8th IFAC Conference on Sensing, Control and Automation Technologies for Agriculture (AGRICONTROL)8th IFAC Conference on Sensing, Control and Automation Technologies for Agriculture (AGRICONTROL)","AUG 27-29, 2025AUG 27-29, 2025","Int Federat Automat Control, Tech Comm 8 1 Control Agr; Int Federat Automat Control, Tech Comm 4 2 Mechatron Syst; Int Federat Automat Control, Tech Comm 7 5 Intelligent Autonomous Vehicles; Int Federat Automat Control, Tech Comm 8 4 Biosystems & Bioprocesses; Univ Calif, Davis; The Reservoir; Farm Robot Challenge; Testopia IncInt Federat Automat Control, Tech Comm 8 1 Control Agr; Int Federat Automat Control, Tech Comm 4 2 Mechatron Syst; Int Federat Automat Control, Tech Comm 7 5 Intelligent Autonomous Vehicles; Int Federat Automat Control, Tech Comm 8 4 Biosystems & Bioprocesses; Univ Calif, Davis; The Reservoir; Farm Robot Challenge; Testopia Inc","Davis, CADavis, CA",0,0,0,0,0,0,0,0,0,2405-8963,,,,,,,,,,,,,,,2026-02-11,WOS:001637569700006,,
J,"Zhang, Bing; Shao, Xiangyu; Wang, Yankun; Sun, Guanghui; Yao, Weiran",,,,"; Yao, Weiran/N-2543-2019","Shao, Xiangyu/0000-0002-7779-2267; Yao, Weiran/0000-0002-6570-3888",,,,,R-LVIO: Resilient LiDAR-Visual-Inertial Odometry for UAVs in GNSS-denied Environment,,,,,,,,DRONES,,,,8,9,,,,,487,,,10.3390/drones8090487,,,,,,,Article,SEP 2024,2024,"In low-altitude, GNSS-denied scenarios, Unmanned aerial vehicles (UAVs) rely on sensor fusion for self-localization. This article presents a resilient multi-sensor fusion localization system that integrates light detection and ranging (LiDAR), cameras, and inertial measurement units (IMUs) to achieve state estimation for UAVs. To address challenging environments, especially unstructured ones, IMU predictions are used to compensate for pose estimation in the visual and LiDAR components. Specifically, the accuracy of IMU predictions is enhanced by increasing the correction frequency of IMU bias through data integration from the LiDAR and visual modules. To reduce the impact of random errors and measurement noise in LiDAR points on visual depth measurement, cross-validation of visual feature depth is performed using reprojection error to eliminate outliers. Additionally, a structure monitor is introduced to switch operation modes in hybrid point cloud registration, ensuring accurate state estimation in both structured and unstructured environments. In unstructured scenes, a geometric primitive capable of representing irregular planes is employed for point-to-surface registration, along with a novel pose-solving method to estimate the UAV's pose. Both private and public datasets collected by UAVs validate the proposed system, proving that it outperforms state-of-the-art algorithms by at least 12.6%.",,,,,,,,,6,0,0,0,0,0,7,8,26,,2504-446X,,,,,,,,,,,,,,2024-10-07,WOS:001323370000001,,
C,"Xu, Chengan; Shi, Yingjing; Zhou, Chen",,,IEEE,,,,,,,Multi-sensor fusion framework based on GPS state detection,,,,,,,,"2023 2ND CONFERENCE ON FULLY ACTUATED SYSTEM THEORY AND APPLICATIONS, CFASTA",,,,,,,,624,629,,,,10.1109/CFASTA57821.2023.10243321,,,,,,,Proceedings Paper,2023,2023,"In this paper, a GPS Fusion Framework Based on Graph Optimization is proposed. Integrating visual inertial navigation odometer, a robust and high-precision UAV positioning algorithm for indoor and outdoor complex environments is completed. By using the proposed method, UAV platform can accurately obtain its own pose in indoor and outdoor, tunnel and other different environments. Compared with the pure visual positioning algorithm, the proposed multi-sensor fusion algorithm based on GPS state detection improves the positioning accuracy significantly. Finally, the algorithm is verified on the KITTI dataset and the quadrotor UAV platform. It is proven that the proposed algorithm has high precision and strong robustness.",,,,,2nd Conference on Fully Actuated System Theory and Applications (CFASTA)2nd Conference on Fully Actuated System Theory and Applications (CFASTA),"JUL 14-16, 2023JUL 14-16, 2023","CAA, Tech Comm Fully Actuated Syst Theory & Applicat; IEEE Ind Elect Soc; IEEE Beijing Sect; CAA, Tech Comm Control Theory; So Univ Sci & Technol; Harbin Inst Technol; China Univ Petr; Qingdao UnivCAA, Tech Comm Fully Actuated Syst Theory & Applicat; IEEE Ind Elect Soc; IEEE Beijing Sect; CAA, Tech Comm Control Theory; So Univ Sci & Technol; Harbin Inst Technol; China Univ Petr; Qingdao Univ","Shandong Univ Sci & Technol, Coll Elect Engn & Automat, Qingdao, PEOPLES R CHINAShandong Univ Sci & Technol, Coll Elect Engn & Automat, Qingdao, PEOPLES R CHINA",2,0,0,0,0,0,2,1,12,,,979-8-3503-3216-2,,,,,,,,,,,,,2023-10-26,WOS:001071052200108,,
J,"Liu, Haiqiao; Gong, Zichao; Shen, Jinxu; Li, Ya; Long, Qing",,,,,,,,,,A Method for Measuring the Error Rules in Visual Inertial Odometry Based on Scene Matching Corrections,,,,,,,,MICROMACHINES,,,,15,11,,,,,1362,,,10.3390/mi15111362,,,,,,,Article,NOV 2024,2024,"To address problems in the integrated navigation error law of unmanned aerial vehicles (UAVs), this paper proposes a method for measuring the error rule in visual inertial odometry based on scene matching corrections. The method involves several steps to build the solution. Firstly, separate models were constructed for the visual navigation model, the Micro-Electromechanical System (MEMS) navigation model, and the scene matching correction model. Secondly, an integrated navigation error measurement model based on scene matching corrections and MEMS navigation was established (the MEMS+SM model). Finally, an integrated navigation error measurement model based on scene matching corrections, visual navigation, and MEMS navigation was constructed (the VN+MEMS+SM model). In the experimental part, this paper first calculates the average error of the VN+MEMS+SM model and the MEMS+SM model under different scene matching accuracies, scene matching times, and MEMS accuracies. The results indicate that, when the scene matching accuracy is less than 10 m and the scene matching time is less than 10 s, the errors of the VN+MEMS+SM model and the MEMS+SM model are approximately equal. Furthermore, the relationship between the scene matching time and the scene matching accuracy in the EMS+SM model was calculated. The results show that, when the scene matching time is 10 s, the critical values of the image matching accuracies required to achieve average errors of 10 m, 30 m, and 50 m are approximately 160 m, 240 m, and 310 m. Additionally, when the MEMS accuracy is 150, the scene matching accuracy is 50 m, and the scene matching time exceeds 135 s, the average error of the VN+MEMS+SM model will be smaller than that of the MEMS+SM model.",,,,,,,,,2,0,0,0,0,0,2,0,6,,2072-666X,,,,,,,,,,,,,,2024-12-13,WOS:001365570300001,39597174,
J,"Liu, Xiaoxiong; Xue, Wanhan; Xu, Xinlong; Zhao, Minkun; Qin, Bin",,,,,"LIU, Xiaoxiong/0000-0002-8061-5974",,,,,Research on Unmanned Aerial Vehicle (UAV) Visual Landing Guidance and Positioning Algorithms,,,,,,,,DRONES,,,,8,6,,,,,257,,,10.3390/drones8060257,,,,,,,Article,JUN 2024,2024,"Considering the weak resistance to interference and generalization ability of traditional UAV visual landing navigation algorithms, this paper proposes a deep-learning-based approach for airport runway line detection and fusion of visual information with IMU for localization. Firstly, a coarse positioning algorithm based on YOLOX is designed for airport runway localization. To meet the requirements of model accuracy and inference speed for the landing guidance system, regression loss functions, probability prediction loss functions, activation functions, and feature extraction networks are designed. Secondly, a deep-learning-based runway line detection algorithm including feature extraction, classification prediction and segmentation networks is designed. To create an effective detection network, we propose efficient loss function and network evaluation methods Finally, a visual/inertial navigation system is established based on constant deformation for visual localization. The relative positioning results are fused and optimized with Kalman filter algorithms. Simulation and flight experiments demonstrate that the proposed algorithm exhibits significant advantages in terms of localization accuracy, real-time performance, and generalization ability, and can provide accurate positioning information during UAV landing processes.",,,,,,,,,8,0,0,0,0,0,8,4,52,,2504-446X,,,,,,,,,,,,,,2024-07-04,WOS:001256250700001,,
J,"Chen, Huilin; Zhang, Li; Li, Danyang; Xu, Jingao; Yang, Weiqi; Yang, Zheng",,,,"; Yang, Zheng/A-3223-2012; danyang, li/GLT-1067-2022; Yang, Weiqi/GPW-7715-2022","Xu, Jingao/0000-0002-8347-2657; Yang, Zheng/0000-0003-4048-2684;",,,,,REFLoc: A Resilient Evolutionary Fusion Framework for Robust Indoor Localization,,,,,,,,IEEE TRANSACTIONS ON INSTRUMENTATION AND MEASUREMENT,,,,73,,,,,,5021413,,,10.1109/TIM.2024.3403196,,,,,,,Article,2024,2024,"Location awareness is becoming increasingly crucial in unmanned aerial vehicles (UAVs). However, in the absence of global positioning system (GPS) signals in indoor scenes, how to obtain accurate positioning results has become a frontier issue that has attracted much attention. This article proposes a resilient evolutionary multisensor fusion localization framework named REFLoc to achieve accurate indoor positioning of UAVs. Motivated by the ease of deployment and the wide feasibility of precise indoor localization, we introduce ultrawideband (UWB) as global localization. The global localization provides the absolute position information of the UAV indoors, but it may be affected by signal blocking, occlusion, or interference. To address these noise effects, we introduce a hybrid threshold wavelet denoising (HTWD) algorithm to effectively preprocess UWB data. We also integrate visual-inertial odometry (VIO) as the support of local tracking to provide continuous and high-frequency motion estimation. We dynamically adjust the weight parameters and noise covariance matrices by using the resilient evolutionary fusion method. Then, we further seamlessly integrate the global localization and local tracking results in the optimized EKF framework. This improves the robustness of the system to environmental changes and outliers. We evaluate the performance of REFLoc in public datasets and the real world, and the experimental results show that the proposed framework can effectively improve the robustness and accuracy of the UAVs' localization.",,,,,,,,,2,0,0,0,0,0,2,2,25,0018-9456,1557-9662,,,,,,,,,,,,,,2024-06-10,WOS:001239831400016,,
J,"Gao, Chuanxiang; Wang, Xinyi; Wang, Ruoyu; Zhao, Zuoquan; Zhai, Yu; Chen, Xi; Chen, Ben M.",,,,"Chen, Ben M/L-8791-2019; ZHAO, ZUOQUAN/PKF-6969-2026; CHEN, XI/P-2323-2014","Chen, Ben M/0000-0002-3839-5787; WANG, Xinyi/0000-0002-7005-5432; ZHAO, Zuoquan/0000-0002-7954-5083; Wang, Ruoyu/0000-0002-1529-8538; Gao, Chuanxiang/0000-0003-0971-5494; CHEN, XI/0000-0003-2168-9057",,,,,A UAV-based explore-then-exploit system for autonomous indoor facility inspection and scene reconstruction,,,,,,,,AUTOMATION IN CONSTRUCTION,,,,148,,,,,,104753,,,10.1016/j.autcon.2023.104753,,,,,JAN 2023,,Article,APR 2023,2023,"Traditional indoor facility inspections on pipelines and boilers are conducted manually and can be logistically challenging, labor-intensive, costly, and dangerous for the inspectors. With the maturity of unmanned technology, the unmanned aerial vehicle (UAV) is becoming a promising alternative to the problematic manual inspection. However, due to the lack of GPS signal indoor, the localization of UAVs is a big challenge to achieve fully autonomous inspection. Moreover, the narrow and complex indoor environment makes it difficult to guarantee flight safety. This paper presents a UAV-based explore-then-exploit system to tackle these problems for autonomous indoor facility data collection and scene reconstruction. The proposed system consists of a hardware description and integration of two UAVs, a two-step simultaneous localization and mapping (SLAM) method for UAV localization and 3D environmental mapping, a safety-guaranteed coverage path planning algorithm for inspection and data collection, as well as an obstacle-aware trajectory generation method. The proposed system is examined in GPS-denied and cluttered indoor environment and 3D scene reconstruction is conducted. The quantitative analysis shows that the positioning accuracy is centimeter -level and the reconstruction error is within 3 cm. The performance analysis demonstrates the robustness and feasibility of our system in reconstructing and inspecting complex indoor environments for high-efficiency and low-cost facility management.",,,,,,,,,41,4,0,0,1,0,45,13,97,0926-5805,1872-7891,,,,,,,,,,,,,,2023-02-23,WOS:000926735000001,,
C,"Liu, Wenxin; Loianno, Giuseppe; Mohta, Kartik; Daniilidis, Kostas; Kumar, Vijay",,,IEEE,"; Loianno, Giuseppe/E-7473-2017; Kumar, Vijay/AAM-8545-2020; Liu, Wenxin/LXW-5765-2024","Daniilidis, Kostas/0000-0003-0498-0758; Kumar, Vijay/0000-0002-3902-9391;",,,,,Semi-Dense Visual-Inertial Odometry and Mapping for Quadrotors with SWAP Constraints,,,,,,,,2018 IEEE INTERNATIONAL CONFERENCE ON ROBOTICS AND AUTOMATION (ICRA),,IEEE International Conference on Robotics and Automation ICRA,,,,,,3904,3909,,,,,,,,,,,Proceedings Paper,2018,2018,"Micro Aerial Vehicles have the potential to assist humans in real life tasks involving applications such as smart homes, search and rescue, and architecture construction. To enhance autonomous navigation capabilities these vehicles need to be able to create dense 3D maps of the environment, while concurrently estimating their own motion. In this paper, we are particularly interested in small vehicles that can navigate cluttered indoor environments. We address the problem of visual inertial state estimation, control and 3D mapping on platforms with Size, Weight, And Power (SWAP) constraints. The proposed approach is validated through experimental results on a 250 g, 22 cm diameter quadrotor equipped only with a stereo camera and an IMU with a computationally-limited CPU showing the ability to autonomously navigate, while concurrently creating a 3D map of the environment.",,,,,IEEE International Conference on Robotics and Automation (ICRA)IEEE International Conference on Robotics and Automation (ICRA),"MAY 21-25, 2018MAY 21-25, 2018","IEEE; CSIRO; Australian Govt, Dept Def Sci & Technol; DJI; Queensland Univ Technol; Woodside; Baidu; Bosch; Houston Mechatron; Kinova Robot; KUKA; Hit Robot Grp; Honda Res Inst; iRobot; Mathworks; NuTonomy; Ouster; UberIEEE; CSIRO; Australian Govt, Dept Def Sci & Technol; DJI; Queensland Univ Technol; Woodside; Baidu; Bosch; Houston Mechatron; Kinova Robot; KUKA; Hit Robot Grp; Honda Res Inst; iRobot; Mathworks; NuTonomy; Ouster; Uber","Brisbane, AUSTRALIABrisbane, AUSTRALIA",3,0,0,0,0,0,4,0,4,1050-4729,,978-1-5386-3081-5,,,,,,,,,,,,,2018-10-25,WOS:000446394503008,,
C,"Bartolomei, Luca; Teixeira, Lucas; Chli, Margarita",,,IEEE,"Teixeira, Lucas/K-6550-2019; Chli, Margarita/N-3301-2015","Chli, Margarita/0000-0001-5611-7492",,,,,Perception-aware Path Planning for UAVs using Semantic Segmentation,,,,,,,,2020 IEEE/RSJ INTERNATIONAL CONFERENCE ON INTELLIGENT ROBOTS AND SYSTEMS (IROS),,IEEE International Conference on Intelligent Robots and Systems,,,,,,5808,5815,,,,10.1109/IROS45743.2020.9341347,,,,,,,Proceedings Paper,2020,2020,"In this work, we present a perception-aware path-planning pipeline for Unmanned Aerial Vehicles (UAVs) for navigation in challenging environments. The objective is to reach a given destination safely and accurately by relying on monocular camera-based state estimators, such as Keyframe-based Visual-Inertial Odometry (VIO) systems. Motivated by the recent advances in semantic segmentation using deep learning, our path-planning architecture takes into consideration the semantic classes of parts of the scene that are perceptually more informative than others. This work proposes a planning strategy capable of avoiding both texture-less regions and problematic areas, such as lakes and oceans, that may cause large drift or failures in the robot's pose estimation, by using the semantic information to compute the next best action with respect to perception quality. We design a hierarchical planner, composed of an A* path-search step followed by B-Spline trajectory optimization. While the A* steers the UAV towards informative areas, the optimizer keeps the most promising landmarks in the camera's field of view. We extensively evaluate our approach in a set of photo-realistic simulations, showing a remarkable improvement with respect to the state-of-the-art in active perception.",,,,,IEEE/RSJ International Conference on Intelligent Robots and Systems (IROS)IEEE/RSJ International Conference on Intelligent Robots and Systems (IROS),"OCT 24-JAN 24, 2020-2021OCT 24-JAN 24, 2020-2021",IEEE; RSJIEEE; RSJ,ELECTR NETWORKELECTR NETWORK,37,2,0,0,0,0,46,3,21,2153-0858,,978-1-7281-6212-6,,,,,,,,,,,,,2020-01-01,WOS:000714033803073,,
J,"Aslan, Muhammet Fatih; Durdu, Akif; Sabanci, Kadir",,,,"Durdu, Akif/AAQ-4344-2020; ASLAN, Muhammet Fatih/V-8019-2017","Durdu, Akif/0000-0002-5611-2322; ASLAN, Muhammet Fatih/0000-0001-7549-0137",,,,,Visual-Inertial Image-Odometry Network (VIIONet): A Gaussian process regression-based deep architecture proposal for UAV pose estimation,,,,,,,,MEASUREMENT,,,,194,,,,,,111030,,,10.1016/j.measurement.2022.111030,,,,,MAR 2022,,Article,MAY 15 2022,2022,"This study estimates the pose of Unmanned Aerial Vehicle (UAV) through artificial intelligence-based approaches and combines visual-inertial information in a different way than previous studies. For an effective fusion, the inertial data between both frames is normalized after denoising with the Savitzky-Golay technique and finally converted from numerical value to image. To strengthen these inertial image features with the change of motion between two frames, frames of Optical Flow (OF) are obtained and OF frames are combined with inertial images. Simultaneously, a parallel thread combines this OF frame with two consecutive raw frames. After features are extracted from inertial and camera data via Inception-v3, these features are fused and actual UAV poses are estimated via Gaussian Process Regression (GPR). Thanks to the smoothing process applied to these estimated values, a more stable pose estimation is provided. This proposed method is applied to the EuRoC dataset and our dataset produced in the Gazebo environment. The pose estimation results reveal that the proposed method has high performance compared to many previous studies.",,,,,,,,,36,2,0,0,0,0,39,4,70,0263-2241,1873-412X,,,,,,,,,,,,,,2022-05-19,WOS:000793297600006,,
C,"Hu, Jun; Lang, Xiaoming; Zhang, Feng; Mao, Yinian; Huang, Guoquan",,,IEEE,"Zhang, Feng/IRZ-5448-2023",,,,,,Square-Root Inverse Filter-based GNSS-Visual-Inertial Navigation,,,,,,,,"2024 IEEE INTERNATIONAL CONFERENCE ON ROBOTICS AND AUTOMATION, ICRA 2024",,IEEE International Conference on Robotics and Automation ICRA,,,,,,1646,1652,,,,10.1109/ICRA57147.2024.10611666,,,,,,,Proceedings Paper,2024,2024,"While Global Navigation Satellite System (GNSS) is often used to provide global positioning if available, its intermittency and/or inaccuracy calls for fusion with other sensors. In this paper, we develop a novel GNSS-Visual-Inertial Navigation System (GVINS) that fuses visual, inertial, and raw GNSS measurements within the square-root inverse sliding window filtering (SRI-SWF) framework in a tightly coupled fashion, which thus is termed SRI-GVINS. In particular, for the first time, we deeply fuse the GNSS pseudorange, Doppler shift, single-differenced pseudorange, and double-differenced carrier phase measurements, along with the visual-inertial measurements. Inherited from the SRI-SWF, the proposed SRI-GVINS gains significant numerical stability and computational efficiency over the start-of-the-art methods. Additionally, we propose to use a filter to sequentially initialize the reference frame transformation till converges, rather than collecting measurements for batch optimization. We also perform online calibration of GNSS-IMU extrinsic parameters to mitigate the possible extrinsic parameter degradation. The proposed SRI-GVINS is extensively evaluated on our own collected UAV datasets and the results demonstrate that the proposed method is able to suppress VIO drift in real-time and also show the effectiveness of online GNSS-IMU extrinsic calibration. The experimental validation on the public datasets further reveals that the proposed SRI-GVINS outperforms the state-of-the-art methods in terms of both accuracy and efficiency.",,,,,IEEE International Conference on Robotics and Automation (ICRA)IEEE International Conference on Robotics and Automation (ICRA),"MAY 13-17, 2024MAY 13-17, 2024",IEEE; IEEE Robot & Automat SocIEEE; IEEE Robot & Automat Soc,"Yokohama, JAPANYokohama, JAPAN",0,0,0,0,0,0,1,2,7,1050-4729,2577-087X,979-8-3503-8458-1; 979-8-3503-8457-4,,,,,,,,,,,,,2025-01-23,WOS:001294576201069,,
C,"Michalczyk, Jan; Schoeffmann, Christian; Fornasier, Alessandro; Steinbrener, Jan; Weiss, Stephan",,,IEEE,"Steinbrener, Jan/OTH-8807-2025",,,,,,Radar-Inertial State-Estimation for UAV Motion in Highly Agile Manoeuvres,,,,,,,,2022 INTERNATIONAL CONFERENCE ON UNMANNED AIRCRAFT SYSTEMS (ICUAS),,International Conference on Unmanned Aircraft Systems,,,,,,583,589,,,,10.1109/ICUAS54217.2022.9836130,,,,,,,Proceedings Paper,2022,2022,"Multicopter Unmanned Aerial Vehicles (UAV) are known for their high agility and aggressive manoeuvres. Despite significant advances in state estimation for such vehicles with multiple sensors, their accurate state estimation in highly agile manoeuvres is still a challenge in the research community. In this paper, we present a radar-inertial based method for estimating the full 6D pose and 3D velocity of a UAV including sensor extrinsics and Inertial Measurement Unit (IMU) intrinsics. In an Extended Kalman Filter (EKF) framework, we fuse range measurements of corner reflectors detected by a Frequency Modulated Continuous Wave (FMCW) radar sensor together with IMU readings. Our tightly coupled fusion approach and the high-frequency state correction together with the inherent benefits of radar sensors (e.g. resilience to aerosols, light changes, etc) enables tracking of highly aggressive trajectories in real experiments which are shown to be particularly challenging for a state of the art Visual-Inertial Odometry (VIO) approach we compare against.",,,,,International Conference on Unmanned Aircraft Systems (ICUAS)International Conference on Unmanned Aircraft Systems (ICUAS),"JUN 21-24, 2022JUN 21-24, 2022",,"Dubrovnik, CROATIADubrovnik, CROATIA",4,0,0,0,0,0,6,0,2,2373-6720,,978-1-6654-0593-5,,,,,,,,,,,,,2022-09-28,WOS:000854030400069,,
C,"Qiao, Pingan; Wu, Ruichen; Sun, Lei; Yang, Dongfang",,,ACM,,,,,,,A New Visual & Inertial Based Satellite Quality Evaluation Method,,,,,,,,"2022 5TH INTERNATIONAL CONFERENCE ON ARTIFICIAL INTELLIGENCE AND PATTERN RECOGNITION, AIPR 2022",,,,,,,,1075,1080,,,,10.1145/3573942.3573994,,,,,,,Proceedings Paper,2022,2022,"Visual and inertial navigation have obvious complementarity in navigation accuracy, and the combined navigation of the two has excellent anti-interference ability. In this paper, a visual-inertialbased satellite quality evaluation method is proposed. This method can judge whether the GPS (Global Positioning System) is interfered by comparing the visual-inertial navigation information with the GPS data information in the geographic coordinate system. This method enables the UAV to quickly switch the navigation mode under the condition of being disturbed, which ensures that the navigation function is accurate and free from interference, and provides a more solid foundation for the navigation of the UAV and other platforms.",,,,,5th International Conference on Artificial Intelligence and Pattern Recognition-AIPR5th International Conference on Artificial Intelligence and Pattern Recognition-AIPR,"SEP 23-25, 2022SEP 23-25, 2022",Association for Computing MachineryAssociation for Computing Machinery,"Xiamen, PEOPLES R CHINAXiamen, PEOPLES R CHINA",0,0,0,0,0,0,0,0,0,,,978-1-4503-9689-9,,,,,,,,,,,,,2022-01-01,WOS:001711531500160,,
C,"Kreinberg, Jonathon; Iuga, Ion; Zaugg, Gottfried; Pong, Philip W. T.",,,IEEE,,,,,,,Lidar-VIO Based Mapping of Elevator Shaft with UAV for Verification of Spatial Dimensions,,,,,,,,"2023 6TH INTERNATIONAL CONFERENCE ON ELECTRICAL ENGINEERING AND GREEN ENERGY, CEEGE",,,,,,,,301,308,,,,10.1109/CEEGE58447.2023.10246629,,,,,,,Proceedings Paper,2023,2023,"Current methods utilized for the inspection of spatial dimensions of elevator shafts currently entail the need to take manual measurements at various levels of the shaft. Utilizing a UAV to collect spatial dimensions has potential to allow inspectors to complete their jobs in a safer manner and to boost the accuracy and consistency of inspection procedures. The study presented tests the feasibility of a designed UAV based system that hosts a miniaturized simultaneous localization and mapping (SLAM) scheme for usage of generating a point cloud of an elevator shaft environment for spatial dimension inspection. Secondary usages of the scheme are further demonstrated for cases where the scheme is employed while not mounted on a UAV. Average horizontal measurement accuracy for the system employed in flight is found to be 6.57 cm, and there is little difference in accuracy for mapping performed not in flight. Visual inertial odometry is investigated for pose estimation reliability in dark environments and environments with little structural information to process. Further sensor characterizations are performed to characterize properties of point clouds generated of a laboratory, a hallway, and an elevator shaft.",,,,,6th International Conference on Electrical Engineering and Green Energy (CEEGE)6th International Conference on Electrical Engineering and Green Energy (CEEGE),"JUN 06-09, 2023JUN 06-09, 2023",IEEE; IEEE Power & Energy Soc; Sci & Engn InstIEEE; IEEE Power & Energy Soc; Sci & Engn Inst,"Univ Agder, Grimstad, NORWAYUniv Agder, Grimstad, NORWAY",0,0,0,0,0,0,1,1,3,,,979-8-3503-1266-9,,,,,,,,,,,,,2023-10-22,WOS:001069679600051,,
J,"Irfan, Mahammad; Dalai, Sagar; Trslic, Petar; Riordan, James; Dooly, Gerard",,,,"Dooly, Gerard/AAZ-5761-2021; Dalai, Sagar/ABF-6255-2022","IRFAN, MAHAMMAD/0000-0002-0432-7006; Dalai, Sagar/0000-0001-7195-9831",,,,,LSAF-LSTM-Based Self-Adaptive Multi-Sensor Fusion for Robust UAV State Estimation in Challenging Environments,,,,,,,,MACHINES,,,,13,2,,,,,130,,,10.3390/machines13020130,,,,,,,Article,FEB 2025,2025,"Unmanned aerial vehicle (UAV) state estimation is fundamental across applications like robot navigation, autonomous driving, virtual reality (VR), and augmented reality (AR). This research highlights the critical role of robust state estimation in ensuring safe and efficient autonomous UAV navigation, particularly in challenging environments. We propose a deep learning-based adaptive sensor fusion framework for UAV state estimation, integrating multi-sensor data from stereo cameras, an IMU, two 3D LiDAR's, and GPS. The framework dynamically adjusts fusion weights in real time using a long short-term memory (LSTM) model, enhancing robustness under diverse conditions such as illumination changes, structureless environments, degraded GPS signals, or complete signal loss where traditional single-sensor SLAM methods often fail. Validated on an in-house integrated UAV platform and evaluated against high-precision RTK ground truth, the algorithm incorporates deep learning-predicted fusion weights into an optimization-based odometry pipeline. The system delivers robust, consistent, and accurate state estimation, outperforming state-of-the-art techniques. Experimental results demonstrate its adaptability and effectiveness across challenging scenarios, showcasing significant advancements in UAV autonomy and reliability through the synergistic integration of deep learning and sensor fusion.",,,,,,,,,9,1,0,0,0,0,11,20,56,,2075-1702,,,,,,,,,,,,,,2025-03-03,WOS:001429937300001,,
J,"Wang, Yu-Shun; Chang, Chia-Hao",,,,,"Wang, Yu Shun/0000-0001-8489-5371",,,,,UAV Sensor Data Fusion for Localization Using Adaptive Multiscale Feature Matching Mechanisms Under GPS-Deprived Environment,,,,,,,,AEROSPACE,,,,12,12,,,,,1048,,,10.3390/aerospace12121048,,,,,,,Article,NOV 25 2025,2025,"The application of unmanned vehicles in civilian and military fields is increasingly widespread. Traditionally, unmanned vehicles primarily rely on Global Positioning Systems (GPSs) for positioning; however, GPS signals can be limited or completely lost in conditions such as building obstructions, indoor environments, or electronic interference. In addition, countries are actively developing GPS jamming and deception technologies for military applications, making precise positioning and navigation of unmanned vehicles in GPS-denied or constrained environments a critical issue that needs to be addressed. In this work, authors propose a method based on Visual-Inertial Odometry (VIO), integrating the extended Kalman filter (EKF), an Inertial Measurement Unit (IMU), optical flow, and feature matching to achieve drone localization in GPS-denied environments. The proposed method uses the heading angle and acceleration data obtained from the IMU as the state prediction for the EKF, and estimates relative displacement using optical flow. It further corrects the optical flow calculation errors through IMU rotation compensation, enhancing the robustness of visual odometry. Additionally, when re-selecting feature points for optical flow, it combines a KAZE feature matching technique for global position correction, reducing drift errors caused by long-duration flight. The authors also employ an adaptive noise adjustment strategy that dynamically adjusts the internal state and measurement noise matrices of the EKF based on the rate of change in heading angle and feature matching reliability, allowing the drone to maintain stable positioning in various flight conditions. According to the simulation results, the proposed method is able to effectively estimate the flight trajectory of drones without GPS. Compared to results that rely solely on optical flow or feature matching, it significantly reduces cumulative errors. This makes it suitable for urban environments, forest areas, and military applications where GPS signals are limited, providing a reliable solution for autonomous navigation and positioning of drones.",,,,,,,,,0,0,0,0,0,0,0,2,2,,2226-4310,,,,,,,,,,,,,,2025-12-29,WOS:001646067800001,,
J,"Liu, Chang; Prior, Stephen D.; Teacy, W. T. Luke; Warner, Martin",,,,"Prior, Stephen/H-6097-2013","Prior, Stephen/0000-0002-4993-4942; Warner, Martin/0000-0002-1483-0561",,,,,Computationally efficient visual-inertial sensor fusion for Global Positioning System-denied navigation on a small quadrotor,,,,,,,,ADVANCES IN MECHANICAL ENGINEERING,,,,8,3,,,,,1.68781E+15,,,10.1177/1687814016640996,,,,,,,Article,MAR 2016,2016,"Because of the complementary nature of visual and inertial sensors, the combination of both is able to provide fast and accurate 6 degree-of-freedom state estimation, which is the fundamental requirement for robotic (especially, unmanned aerial vehicle) navigation tasks in Global Positioning System-denied environments. This article presents a computationally efficient visual-inertial fusion algorithm, by separating orientation fusion from the position fusion process. The algorithm is designed to perform 6 degree-of-freedom state estimation, based on a gyroscope, an accelerometer and a monocular visual-based simultaneous localisation and mapping algorithm measurement. It also recovers the visual scale for the monocular visual-based simultaneous localisation and mapping. In particular, the fusion algorithm treats the orientation fusion and position fusion as two separate processes, where the orientation fusion is based on a very efficient gradient descent algorithm, whereas the position fusion is based on a 13-state linear Kalman filter. The elimination of the magnetometer sensor avoids the problem of magnetic distortion, which makes it a power-on-and-go system once the accelerometer is factory calibrated. The resulting algorithm shows a significant computational reduction over the conventional extended Kalman filter, with competitive accuracy. Moreover, the separation between orientation and position fusion processes enables the algorithm to be easily implemented onto two individual hardware elements and thus allows the two fusion processes to be executed concurrently.",,,,,,,,,3,0,0,0,0,0,3,0,31,1687-8132,1687-8140,,,,,,,,,,,,,,2016-05-04,WOS:000373606600043,,
J,"Du, Siyuan; Xu, Mengyuan; Li, Yixuan; Fang, Wen; Liu, Qingwen; Yi, Peng; Hong, Yiguang",,,,"Liu, Qingwen/S-9022-2018","Yi, Peng/0000-0002-2494-1505; 洪, 奕光/0000-0001-9505-8739",,,,,Multiview Landmark-Assisted UAV Swarm 6-DoF Pose Estimation Using Resonant Beam and VIO,,,,,,,,IEEE INTERNET OF THINGS JOURNAL,,,,12,15,,,31511,31525,,,,10.1109/JIOT.2025.3573755,,,,,,,Article,AUG 1 2025,2025,"As an essential aerial platform in Internet of Things (IoT) applications, UAV swarms require high-precision attitude estimation in GPS-limited and dynamic environments, which supports higher-level IoT functions, such as smart logistics, disaster response, and environmental monitoring. However, most odometry-based pose estimation methods in dynamic scenarios without GPS encounter issues with cumulative errors over time. In this article, we propose a method to reduce these cumulative errors by constraining the absolute positioning of visual-inertial odometry (VIO) using relative poses obtained from multiview landmark and resonant-beam (RBeam) sensors between UAVs. For synchronous moments, we estimate the six Degree-of-Freedom (DoF) relative pose using the Angle of Arrival and Time of Flight data from the RBeam, combined with nonlinear optimization. For asynchronous moments, a two-stage visual estimation method is introduced, combining multicamera epipolar geometry for rotation recovery and depth reconstruction optimization for translation recovery, enabling the estimation of asynchronous relative poses (ARPs). Finally, we design a global objective function based on a sliding window and factor graph, integrating RBeam, multiview landmark, and VIO for absolute 6-DoF pose optimization of the UAV swarm. Simulation results demonstrate that optimizing with the addition of RBeam synchronous relative poses improves overall positioning accuracy by 32.94% compared to pure VIO. Incorporating both RBeam synchronous and visual ARPs further enhances overall positioning accuracy by 37.65%. Additionally, the UAV's attitude benefits from the rotational constraints provided by the RBeam, achieving over 30% improvement in the pitch and yaw directions.",,,,,,,,,1,0,0,0,0,0,1,6,10,2327-4662,,,,,,,,,,,,,,,2025-08-17,WOS:001546316000045,,
C,"Maffra, Fabiola; Chen, Zetao; Chli, Margarita",,,IEEE,"Chli, Margarita/N-3301-2015","Chli, Margarita/0000-0001-5611-7492",,,,,Viewpoint-tolerant Place Recognition combining 2Dand 3D information for UAV navigation,,,,,,,,2018 IEEE INTERNATIONAL CONFERENCE ON ROBOTICS AND AUTOMATION (ICRA),,IEEE International Conference on Robotics and Automation ICRA,,,,,,2542,2549,,,,,,,,,,,Proceedings Paper,2018,2018,"The booming interest in Unmanned Aerial Vehicles (UAVs) is fed by their potentially great impact, however progress is hindered by their limited perception capabilities. While vision-based odometry was shown to run successfully onboard UAVs, loop-closure detection to correct for drift or to recover from tracking failures, has so far, proven particularly challenging for UAVs. At the heart of this is the problem of viewpoint-tolerant place recognition; in stark difference to ground robots, UAVs can revisit a scene from very different viewpoints. As a result, existing approaches struggle greatly as the task at hand violates underlying assumptions in assessing scene similarity. In this paper, we propose a place recognition framework, which exploits both efficient binary features and noisy estimates of the local 3D geometry, which are anyway computed for visual-inertial odometry onboard the UAV. Attaching both an appearance and a geometry signature to each 'location', the proposed approach demonstrates unprecedented recall for perfect precision as well as high quality loopclosing transformations on both flying and hand-held datasets exhibiting large viewpoint and appearance changes as well as perceptual aliasing.",,,,,IEEE International Conference on Robotics and Automation (ICRA)IEEE International Conference on Robotics and Automation (ICRA),"MAY 21-25, 2018MAY 21-25, 2018","IEEE; CSIRO; Australian Govt, Dept Def Sci & Technol; DJI; Queensland Univ Technol; Woodside; Baidu; Bosch; Houston Mechatron; Kinova Robot; KUKA; Hit Robot Grp; Honda Res Inst; iRobot; Mathworks; NuTonomy; Ouster; UberIEEE; CSIRO; Australian Govt, Dept Def Sci & Technol; DJI; Queensland Univ Technol; Woodside; Baidu; Bosch; Houston Mechatron; Kinova Robot; KUKA; Hit Robot Grp; Honda Res Inst; iRobot; Mathworks; NuTonomy; Ouster; Uber","Brisbane, AUSTRALIABrisbane, AUSTRALIA",35,1,0,0,0,0,39,0,4,1050-4729,,978-1-5386-3081-5,,,,,,,,,,,,,2018-10-25,WOS:000446394502013,,
C,"Karjalainen, Vaino; Koivumaki, Niko; Hakala, Teemu; George, Anand; Muhojoki, Jesse; Hyyppa, Eric; Suomalainen, Juha; Honkavaara, Eija",,,,"Suomalainen, Juha/M-1170-2016; Hakala, Teemu/D-6166-2016; Honkavaara, Eija/KIL-0162-2024","Suomalainen, Juha/0000-0003-2029-8820; Karjalainen, Väinö Eerik/0009-0000-2203-1711;","Yilmaz, A; Wegner, JD; Qin, R",,,,Autonomous robotic drone system for mapping forest interiors,,,,,,,,"MID-TERM SYMPOSIUM THE ROLE OF PHOTOGRAMMETRY FOR A SUSTAINABLE WORLD, VOL. 48-2",,"International Archives of the Photogrammetry, Remote Sensing and Spatial Information Sciences",,,,,,167,172,,,,10.5194/isprs-archives-XLVIII-2-2024-167-2024,,,,,,,Proceedings Paper,2024,2024,"During the last decade, the use of drones in forest monitoring and remote sensing has become highly popular. While most of the monitoring tasks take place in high altitudes and open air, in the last few years drones have also gained interest in under-canopy data collection. However, flying under the forest canopy is a complex task since the drone can not use Global Navigation Satellite Systems (GNSS) for positioning and it has to continually avoid obstacles, such as trees, branches, and rocks, on its path. For that reason, drone-based data collection under the forest canopy is still mainly based on manual control by human pilots. Autonomous flying in GNSS-denied obstacle-rich environment has been an actively researched topic in the field of robotics during the last years and various open-sourced methods have been published in the literature. However, most of the research is done purely from the point-of-view of robotics and only a few studies have been published in the boundary of forest sciences and robotics aiming to take steps towards autonomous forest data collection. In this study, a prototype of an autonomous under-canopy drone is developed and implemented utilizing state-of-the-art open-source methods. The prototype is utilizing the EGO-Planner-v2 trajectory planner for autonomous obstacle avoidance and VINS-Fusion for Visual-inertial-odometry based GNSS-free pose estimation. The flying performance of the prototype is evaluated by performing multiple test flights with real hardware in two different boreal forest test plots with medium and difficult densities. Furthermore, the first results of the forest data collecting performance are obtained by post-processing the data collected with a low-cost stereo camera during one test flight to a 3D point cloud and by performing diameter breast at height (DBH) estimation. In the medium-density forest, all seven test flights were successful, but in the difficult test forest, one of eight test flights failed. The RMSE of the DBH estimation was 3.86 cm (12.98 %).",,,,,ISPRS TC II Mid-term Symposium on Role of Photogrammetry for a Sustainable WorldISPRS TC II Mid-term Symposium on Role of Photogrammetry for a Sustainable World,"JUN 11-14, 2024JUN 11-14, 2024",ISPRS TC IIISPRS TC II,"Las Vegas, NVLas Vegas, NV",4,0,0,0,3,0,4,1,7,1682-1750,2194-9034,*****************,,,,,,,,,,,,,2024-09-07,WOS:001274167800010,,
C,"Amaral, Guilherme; Martins, Joao J.; Martins, Pedro; Dias, Andre; Almeida, Jose; Silva, Eduardo",,,IEEE,"; Silva, Eduardo/IQS-1403-2023","Dias, André/0000-0001-5734-075X; Silva, Eduardo/0000-0001-7166-3459",,,,,Data fusion approach for unmodified UAV tracking with vision and mmWave Radar,,,,,,,,"2025 INTERNATIONAL CONFERENCE ON UNMANNED AIRCRAFT SYSTEMS, ICUAS",,International Conference on Unmanned Aircraft Systems,,,,,,801,808,,,,10.1109/ICUAS65942.2025.11007835,,,,,,,Proceedings Paper,2025,2025,"The knowledge of the precise 3D position of a target in tracking applications is a fundamental requirement. The lack of a low-cost single sensor capable of providing the three-dimensional position (of a target) makes it necessary to use complementary sensors together. This research presents a Local Positioning System (LPS) for outdoor scenarios, based on a data fusion approach for unmodified UAV tracking, combining a vision sensor and mmWave radar. The proposed solution takes advantage of the radar's depth observation ability and the potential of a neural network for image processing. We have evaluated five data association approaches for radar data cluttered to get a reliable set of radar observations. The results demonstrated that the estimated target position is close to an exogenous ground truth obtained from a Visual Inertial Odometry (VIO) algorithm executed onboard the target UAV. Moreover, the developed system's architecture is prepared to be scalable, allowing the addition of other observation stations. It will increase the accuracy of the estimation and extend the actuation area. To the best of our knowledge, this is the first work that uses a mmWave radar combined with a camera and a machine learning algorithm to track a UAV in an outdoor scenario.",,,,,2025 International Conference on Unmanned Aircraft Systems-ICUAS-Annual2025 International Conference on Unmanned Aircraft Systems-ICUAS-Annual,"MAY 14-17, 2025MAY 14-17, 2025",Institute of Electrical and Electronics Engineers IncInstitute of Electrical and Electronics Engineers Inc,"Charlotte, NCCharlotte, NC",1,0,0,0,0,0,1,7,8,2373-6720,,979-8-3315-1329-0; 979-8-3315-1328-3,,,,,,,,,,,,,2025-10-19,WOS:001548686600106,,
J,"Pritzl, Vaclav; Vrba, Matous; Tortorici, Claudio; Ashour, Reem; Saska, Martin",,,,"Saska, Martin/L-3669-2013; Vrba, Matouš/GXV-6607-2022; Ashour, Reem/HMP-4813-2023","Vrba, Matouš/0000-0002-4823-8291; Pritzl, Václav/0000-0002-7248-6666; Ashour, Reem/0000-0002-0928-7904",,,,,Adaptive estimation of UAV altitude in complex indoor environments using degraded and time-delayed measurements with time-varying uncertainties,,,,,,,,ROBOTICS AND AUTONOMOUS SYSTEMS,,,,160,,,,,,104315,,,10.1016/j.robot.2022.104315,,,,,DEC 2022,,Article,FEB 2023,2023,"A novel approach for robust Unmanned Aerial Vehicle (UAV) altitude estimation relying on laser measurements that is designed for use in complex indoor environments is proposed in this paper. Specifically, we aim to design a system with general usability inside multi-floor buildings. The multi -floor buildings are characterized by areas lacking distinct vertical geometric features to be used as reference by 3D Light Detection and Ranging (LiDAR) localization algorithms, and by areas with either flat floors or limited areas with inconsistent ground elevation. The proposed approach solves the problem of adaptive fusion of data from multiple sources with apriori-unknown confidence dependent on the current environmental properties. Whenever the environment contains enough geometric structure, altitude data from a 3D LiDAR-based Simultaneous Localization and Mapping (SLAM) algorithm are utilized. In environments that are too symmetrical for reliable SLAM operation, the approach relies mostly on measurements from a downward-facing 1D laser rangefinder, while simultaneously detecting inconsistent ground elevation areas. These measurements are fused with barometer data, Inertial Measurement Unit (IMU) data, and information from the UAV position controllers. Furthermore, our approach correctly handles the measurement delay caused by 3D LiDAR data processing that significantly differs from other sensor delays. The performance of the proposed approach has been validated in complex simulations and real-world experiments with the produced altitude estimate utilized in the control loop of the UAV. The proposed approach is released as open-source as part of the MRS UAV System.(c) 2022 Elsevier B.V. All rights reserved.",,,,,,,,,19,1,0,0,0,0,21,1,43,0921-8890,1872-793X,,,,,,,,,,,,,,2023-01-25,WOS:000903974100003,,
J,"Li, Chunyu; Wang, Jianan; Liu, Junhui; Shan, Jiayuan",,,,,"Wang, Jianan/0000-0003-4161-1687; liu, junhui/0000-0002-1787-8851; LI, CHUNYU/0000-0002-1166-1555",,,,,Cooperative Visual-Range-Inertial Navigation for Multiple Unmanned Aerial Vehicles,,,,,,,,IEEE TRANSACTIONS ON AEROSPACE AND ELECTRONIC SYSTEMS,,,,59,6,,,7851,7865,,,,10.1109/TAES.2023.3297555,,,,,,,Article,DEC 2023,2023,"In this article, the cooperative navigation issue is investigated for a group of unmanned aerial vehicles (UAVs). A distributed estimation architecture fusing range, visual, and intermittent position measurements is proposed. Relative range and co-observed features are utilized to construct direct and indirect geometric constraints between UAVs, respectively. Compared with its independent counterpart, the proposed collaborative estimation scheme is more accurate and robust, while maintaining scalability and efficiency in practical deployment. To solve the intractable problem of evaluating the cross covariance between local estimators during estimation, the covariance intersection (CI) algorithm is introduced into the distributed fusion scheme, where each UAV only estimates its own pose and covariance. Observability analysis is provided to gain insights about the system's identification properties. Finally, the algorithm is applied to a practical patrolling scenario of multiple UAVs, and both numerical and software-in-the-loop (SITL) simulations are performed to illustrate the feasibility and effectiveness of the proposed scheme.",,,,,,,,,20,1,0,0,0,0,22,11,57,0018-9251,1557-9603,,,,,,,,,,,,,,2024-02-02,WOS:001142606300030,,
J,"Xu, Haoyuan; Zhao, Gaopeng; Bo, Yuming",,,,,,,,,,UAV-UGV Collaborative Localization in GNSS-Denied Large-Scale Environments: An Anchor-Free VIO-UWB Fusion with Adaptive Weighting and Outlier Suppression,,,,,,,,DRONES,,,,10,3,,,,,175,,,10.3390/drones10030175,,,,,,,Article,MAR 4 2026,2026,"In GNSS-denied large-scale outdoor environments, UAVs and UGVs that rely solely on visual-inertial odometry (VIO) suffer from accumulated global drift as the trajectory grows. Meanwhile, inter-platform ultra-wideband (UWB) ranging exhibits unknown, time-varying noise under NLOS/multipath, rendering naive weighting unreliable. This paper presents an anchor-free collaborative localization framework for UAV-UGV teams that fuses pairwise UWB ranges (including UAV-UAV, UAV-UGV, and UGV-UGV) with onboard VIO in a factor-graph backend via a two-stage robust scheme. First, we bound VIO drift using per-agent state covariance and reject UWB outliers with a Mahalanobis gate, preventing early-stage bias when VIO is still accurate. Then, during global optimization, we adaptively estimate the Fisher information of UWB factors from measurement-state residuals, enabling online self-tuning of measurement confidence under time-varying SNR. Real-world experiments with three UAVs and two UGVs over multi-level rooftops and forest-open areas (similar to 1.6 km(2)) show that, compared to an outlier-only variant, the proposed method further reduces localization RMSE by about 24.6% and maximum error by about 31.2% for both UAVs and UGVs, maintaining strong performance during long trajectories dominated by VIO drift and NLOS ranges. The approach requires no fixed anchors or GNSS and is applicable to UAV-UGV teams for disaster response, cooperative mapping/inspection, and bandwidth-limited operations.",,,,,,,,,0,0,0,0,0,0,0,5,5,,2504-446X,,,,,,,,,,,,,,2026-04-02,WOS:001727326500001,,
C,"Zhao, Sansan; Li, Rui; Shi, Yingjing; Li, Haoran",,,,,"Li, Rui/0000-0003-0288-7007","Jia, Y; Zhang, W; Fu, Y",,,,An Autonomous Visual-Inertial-Based Navigation System for Quadrotor,,,,,,,,"PROCEEDINGS OF 2020 CHINESE INTELLIGENT SYSTEMS CONFERENCE, VOL II",,Lecture Notes in Electrical Engineering,,706,,,,404,414,,,,10.1007/978-981-15-8458-9_43,,,,,,,Proceedings Paper,2021,2021,"In this paper, we present a practical autonomous navigation system based on the visual-inertial of a quadrotor. Due to the practical engineering requirement of improving the applicability of the advanced visual-inertial navigation fusion algorithm and 3D mapping algorithm, we realize the on-line 3D trajectory planning and tracking control algorithm with full consideration of UAV dynamics design, and finally complete the quadrotor autonomous navigation system consisting of UAV, upper computer and other software and hardware components. The feasibility is verified by actual flight experiments. The results show that the quadrotor autonomous navigation system can achieve high-precision positioning, online 3D reconstruction and dynamic autonomous navigation in a complex unknown environment without GPS. The system has good accuracy and robustness in real-time, which provides a strong technical support for the subsequent expansion of platform function.",,,,,2020 Chinese Intelligent Systems Conference2020 Chinese Intelligent Systems Conference,"OCT 24-25, 2020OCT 24-25, 2020",,"Shenzhen City, PEOPLES R CHINAShenzhen City, PEOPLES R CHINA",0,0,0,0,0,0,0,0,2,1876-1100,1876-1119,978-981-15-8460-2; 978-981-15-8458-9; 978-981-15-8457-2,,,,,,,,,,,,,2021-01-01,WOS:001448755800043,,
C,"Lin, Ziyue; Xu, Wenbo; Wang, Wei",,,IEEE,,,,,,,A Moving Target Tracking System of Quadrotors with Visual-Inertial Localization,,,,,,,,"2023 IEEE INTERNATIONAL CONFERENCE ON ROBOTICS AND AUTOMATION, ICRA",,IEEE International Conference on Robotics and Automation ICRA,,,,,,3296,3302,,,,10.1109/ICRA48891.2023.10161323,,,,,,,Proceedings Paper,2023,2023,"This paper implements a vision-based moving target tracking system of quadrotors with visual-inertial localization in GNSS-denied indoor environments. We use the visual-inertial odometry to estimate the states of the UAV by minimizing visual and inertial residuals, and estimate the states of the target with extended Kalman Filter from visual detection. This research formulates the target tracking problem as optimization-based trajectory generation where a weighted sum cost function jointly penalizes the tracking error, the control cost of the trajectory and the trajectory length, while enforcing the safety and feasibility constraints. We present a strategy that represents the trajectory as piecewise Bezier curves using Bernstein polynomial basis. Due to the special properties of Bezier curves, the position of the entire trajectory and its derivatives can be directly bounded within the safe spaces, thus this facilitating the dynamics of the quadrotor. The proposed strategy can generate smooth and collision-free tracking trajectories and is time and space efficient. We conduct simulations and real-world experiments to validate the effectiveness of our system.",,,,,IEEE International Conference on Robotics and Automation (ICRA)IEEE International Conference on Robotics and Automation (ICRA),"MAY 29-JUN 02, 2023MAY 29-JUN 02, 2023",IEEE; IEEE Robot & Automat SocIEEE; IEEE Robot & Automat Soc,"London, ENGLANDLondon, ENGLAND",4,1,0,0,0,0,4,1,6,1050-4729,2577-087X,979-8-3503-2365-8,,,,,,,,,,,,,2024-03-06,WOS:001036713002097,,
J,"Brogaard, Rune Y.; Boukas, Evangelos",,,,"Boukas, Evangelos/HPG-0014-2023","Boukas, Evangelos/0000-0002-9919-5746",,,,,Autonomous GPU-based UAS for inspection of confined spaces: Application to marine vessel classification,,,,,,,,ROBOTICS AND AUTONOMOUS SYSTEMS,,,,172,,,,,,104590,,,10.1016/j.robot.2023.104590,,,,,DEC 2023,,Article,FEB 2024,2024,"Inspection of confined spaces poses a series of health risks to human surveyors, and therefore a need for robotic solutions arises. In this paper, we design and demonstrate a real-time system for collecting 3D structural and visual data from a series of inspection points within a prior map of a confined space. The system consists of a GPU accelerated 3D point cloud registration and a visual inertial odometry estimate fused in an Unscented Kalman Filter. Using the state-of-the-art deep learning-based feature descriptors, FCGF -and the robust Teaser++ 3D registration algorithm- point clouds from a narrow field of view, time-of-flight, camera can be registered to a prior map of the environment, to provide accurate cm-level absolute pose estimates. The uncertainty of the system is furthermore estimated on the basis of the novel GPU-based Stein ICP algorithm. Visual defects, represented by augmented reality fiducial markers, are automatically detected during inspection, and their positions are estimated in the map frame of the confined space. The performance of the system has been evaluated in realtime onboard a small UAV, within a mock-up model of a water ballast tank from a marine vessel, where the UAV was able to navigate and inspect the ambiguous and featureless environment. All defects were estimated within +/-10 cm of their actual position.",,,,,,,,,4,0,0,0,0,0,5,1,10,0921-8890,1872-793X,,,,,,,,,,,,,,2024-01-09,WOS:001129938200001,,
J,"Zhao, Jianmin; Deng, Zhongliang; Hu, Enwen; Su, Wenju; Lou, Boyang; Liu, Yanxu",,,,,"苏, 文举/0009-0008-9224-0293; Hu, Enwen/0000-0001-5019-3961",,,,,An Indoor UAV Localization Framework with ESKF Tightly-Coupled Fusion and Multi-Epoch UWB Outlier Rejection,,,,,,,,SENSORS,,,,25,24,,,,,7673,,,10.3390/s25247673,,,,,,,Article,DEC 18 2025,2025,"Unmanned aerial vehicles (UAVs) are increasingly used indoors for inspection, security, and emergency tasks. Achieving accurate and robust localization under Global Navigation Satellite System (GNSS) unavailability and obstacle occlusions is therefore a critical challenge. Due to their inherent physical limitations, Inertial Measurement Unit (IMU)-based localization errors accumulate over time, Ultra-Wideband (UWB) measurements suffer from systematic biases in Non-Line-of-Sight (NLOS) environments and Visual-Inertial Odometry (VIO) depends heavily on environmental features, making it susceptible to long-term drift. We propose a tightly coupled fusion framework based on the Error-State Kalman Filter (ESKF). Using an IMU motion model for prediction, the method incorporates raw UWB ranges, VIO relative poses, and TFmini altitude in the update step. To suppress abnormal UWB measurements, a multi-epoch outlier rejection method constrained by VIO is developed, which can robustly eliminate NLOS range measurements and effectively mitigate the influence of outliers on observation updates. This framework improves both observation quality and fusion stability. We validate the proposed method on a real-world platform in an underground parking garage. Experimental results demonstrate that, in complex indoor environments, the proposed approach exhibits significant advantages over existing algorithms, achieving higher localization accuracy and robustness while effectively suppressing UWB NLOS errors as well as IMU and VIO drift.",,,,,,,,,2,0,0,0,0,0,2,8,8,,1424-8220,,,,,,,,,,,,,,2025-12-31,WOS:001647323900001,41471668,
J,"Xie, Jia; He, Xiaofeng; Mao, Jun; Zhang, Lilian; Hu, Xiaoping",,,,"Zhang, Lilian/JTT-5577-2023",,,,,,C2VIR-SLAM: Centralized Collaborative Visual-Inertial-Range Simultaneous Localization and Mapping,,,,,,,,DRONES,,,,6,11,,,,,312,,,10.3390/drones6110312,,,,,,,Article,NOV 2022,2022,"Collaborative simultaneous localization and mapping have a great impact on various applications such as search-and-rescue and agriculture. For each agent, the key to performing collaboration is to measure the motion relative to other participants or external anchors; currently, this is mainly accompanied by (1) matching to the shared maps from other agents or (2) measuring the range to anchors with UWB devices. While requiring multiple agents to visit the same area can decrease the task efficiency and anchors demand a distribution process, this paper proposes to use a monocular camera, an inertial measurement unit (IMU), and a UWB device as the onboard sensors on each agent to build an accurate and efficient centralized collaborative SLAM system. For each participant, visual-inertial odometry is adopted to estimate the motion parameters and build a local map of the explored areas. The agent-to-agent range is measured by the onboard UWB and is published to the central server together with the estimated motion parameters and the reconstructed maps. We designed a global optimization algorithm to make use of the cross-agent map match information detected by a visual place technique, and the agent-to-agent range information to optimize the motion parameter of all the participants and merge the local maps into a global map. Compared with existing collaborative SLAM systems, the proposed system can perform collaboration with onboard UWB measurements only, vision only, and a combination of these; this greatly improves the adaptiveness and robustness of the collaborative system. We also present an in-depth analysis of C2VIR-SLAM in multiple UAV real-flight datasets.",,,,,,,,,7,1,0,0,0,0,7,2,68,,2504-446X,,,,,,,,,,,,,,2022-11-21,WOS:000881035500001,,
C,"Xu, Yuanfan; Yu, Jincheng; Zhang, Suquan; Xiang, Yunfei; Jia, Hongyang; Wang, Yu",,,ACM,,"Xiang, Yunfei/0000-0003-3699-7503; Xu, Yuanfan/0000-0002-5671-3734; Yu, Jincheng/0009-0007-3831-3845",,,,,Invited: Automatic Hardware/Software Design for High-Speed Autonomous Unmanned Aerial Vehicles Guided by a Flight Model,,,,,,,,"PROCEEDINGS OF THE 61ST ACM/IEEE DESIGN AUTOMATION CONFERENCE, DAC 2024",,,,,,,,,,,,,10.1145/3649329.3663516,,,,,,,Proceedings Paper,2024,2024,"Autonomous Unmanned Aerial Vehicles (UAVs) are on the rise in the industrial and academic communities. Since most UAVs are severely size, weight, and power (SWaP) constrained, building computing system for high-speed UAVs is challenging. Current domainspecific hardware-software (HW-SW) designs for UAVs are mainly bottom-up, focusing on optimizing a single module in the whole system, such as visual-inertial odometry (VIO), depth estimation, or planning. But this leads to underdesign for flight speed as agile navigation depends on a tight combination of multiple modules. To find the optimal HW-SW design for systematic flight performance, we propose a top-down automatic design framework. A flight model is introduced to guide the inter-module and the intra-module HWSW optimization towards the system-level goal. For the perception algorithms, we define the representative design space. And some critical non-AI operators are accelerated and profiled on embedded GPU to achieve better hardware performance. The design framework is evaluated on a micro UAV equipped with a Nvidia Jetson Orin NX. In a specific navigation scenario, the design found by our framework achieve 40% and 65% increase on flight speed than two manual design methods respectively.",,,,,61st Design Automation Conference61st Design Automation Conference,"JUN 23-27, 2024JUN 23-27, 2024",Acm; Institute of Electrical and Electronics Engineers IncAcm; Institute of Electrical and Electronics Engineers Inc,"San Francisco, CASan Francisco, CA",0,0,0,0,0,0,0,3,3,,,979-8-4007-0601-1,,,,,,,,,,,,,2025-05-29,WOS:001447271200368,,
J,"Wang, Xin; Wang, Manyu; Liu, Xin",,,,,,,,,,Efficient SLAM Algorithm Based on Quaternions for Real-Time Navigation of Unmanned Aerial Vehicles,,,,,,,,TRANSACTIONS ON EMERGING TELECOMMUNICATIONS TECHNOLOGIES,,,,37,3,,,,,e70386,,,10.1002/ett.70386,,,,,,,Article,FEB 27 2026,2026,"Efficient quaternion-based Simultaneous Localization and Mapping framework designed for real-time navigation of Unmanned Aerial Vehicles in GPS-denied environments is presented here. Unlike conventional Euler angle or matrix-based SLAM approaches, the proposed system employs quaternion-based propagation in Inertial Measurement Unit (IMU) module, thereby eliminating singularities such as gimbal lock and ensuring numerically stable orientation estimation. It integrates Quaternion Error-State Extended Kalman Filter for incremental fusion of visual and inertial measurements and incorporates an incremental pose-graph backend with quaternion retraction to reduce drift during long-term navigation. Novelty lies in unifying quaternion mathematics with lightweight incremental optimization, thereby achieving a balance between accuracy and computational feasibility for real-time onboard deployment. Experimental validation on KAIST Visual-Inertial Odometry dataset demonstrates significant performance gains. Raw IMU is -50 Hz (20-25 ms/frame), far exceeding latency constraints of UAV flight dynamics. Additional analysis confirmed robustness with an average UAV speed of 1261.98 m/s, velocity stability (std. dev. 689.43 m/s) and reliable feature tracking (> 1800 map points reconstructed). These findings establish the framework as a novel, lightweight and robust SLAM solution suitable not only for UAVs but also for space-air-ground autonomous systems requiring accurate real-time navigation under computational constraints.",,,,,,,,,0,0,0,0,0,0,0,2,2,2161-3915,,,,,,,,,,,,,,,2026-03-15,WOS:001703771100001,,
J,"Shpagin, Pavel; Panchenko, Taras",,,,"Panchenko, Taras/AAY-2285-2020",,,,,,NaviLoc: Trajectory-Level Visual Localization for GNSS-Denied UAV Navigation,,,,,,,,DRONES,,,,10,2,,,,,97,,,10.3390/drones10020097,,,,,,,Article,JAN 29 2026,2026,"Highlights What are the main findings? NaviLoc enables training-free GNSS-denied aerial-to-satellite localization using trajectory-level fusion of image matching and motion sensing. On low-altitude (50-150 m) rural UAV flights, NaviLoc achieves a 19.5 m Mean Localization Error (16.0 & times; better than prior state-of-the-art). What are the implications of the main finding? Trajectory-level optimization handles visually repetitive rural environments, enabling reliable GPS-free navigation. The lightweight algorithm enables real-time CPU-only deployment (9 FPS on Raspberry Pi 5), supporting embedded autonomy.Highlights What are the main findings? NaviLoc enables training-free GNSS-denied aerial-to-satellite localization using trajectory-level fusion of image matching and motion sensing. On low-altitude (50-150 m) rural UAV flights, NaviLoc achieves a 19.5 m Mean Localization Error (16.0 & times; better than prior state-of-the-art). What are the implications of the main finding? Trajectory-level optimization handles visually repetitive rural environments, enabling reliable GPS-free navigation. The lightweight algorithm enables real-time CPU-only deployment (9 FPS on Raspberry Pi 5), supporting embedded autonomy.Abstract Aerial-to-satellite visual localization enables GNSS-denied UAV navigation, but the appearance gap between low-altitude (50-150 m) UAV imagery and nadir satellite tiles makes per-frame Visual Place Recognition (VPR) unreliable. Under perceptual aliasing, high-similarity matches are often geographically inconsistent, so na & iuml;ve anchoring fails. We introduce NaviLoc, a training-free three-stage trajectory-level estimator that treats VPR as a noisy measurement source and exploits Visual-Inertial Odometry (VIO) as a relative-motion prior. Stage 1 (Global Align) estimates a global SE(2) transform by maximizing an explicit trajectory-level similarity objective. Stage 2 (Refinement) performs sliding-window bounded weighted Procrustes updates. Stage 3 (Smoothing) computes a strictly convex MAP trajectory estimate that fuses VIO displacements with VPR anchors while clamping detected outliers. On a challenging low-altitude rural UAV benchmark, NaviLoc attains 19.5 m Mean Localization Error (MLE)-a 16.0 & times; reduction compared to state-of-the-art localization method AnyLoc-VLAD, and 32.1 & times; compared to raw VIO drift. End-to-end inference runs at 9 FPS on Raspberry Pi 5, enabling real-time embedded deployment.",,,,,,,,,0,0,0,0,0,0,0,2,2,,2504-446X,,,,,,,,,,,,,,2026-03-07,WOS:001701453800001,,
J,"Hu, Zhanhao; Butt, Muhammad Zohaib; Nasir, Nazri; Salleh, Mohd Badrul",,,,"Nasir, Nazri/KHX-1612-2024; Hu, Zhanhao/GRO-5903-2022; Salleh, Badrul/U-5814-2018",,,,,,Vision-based autonomous navigation for quadrotor UAVs in unknown and constrained environments,,,,,,,,INTERNATIONAL JOURNAL OF INTELLIGENT ROBOTICS AND APPLICATIONS,,,,9,4,,,1743,1754,,,,10.1007/s41315-025-00462-2,,,,,MAY 2025,,Article,DEC 2025,2025,"The demand for autonomous UAV navigation in complex environments is growing rapidly. However, most existing studies focus on simulations, lacking real-world validation under challenging conditions. This study systematically evaluates a vision-based navigation framework combining VINS-Mono for localization and Ego-Planner for path planning in GPS-denied, low-light, high-obstacle-density environments. Unlike traditional approaches that struggle with UAV high-frequency motion and dynamic constraints, VINS-Mono provides accurate high-frequency positioning via visual-inertial fusion. At the same time, Ego-Planner enables smooth, dynamically feasible real-time trajectory generation. Real-world experiments on three randomly generated maps (minimum obstacle spacing: 0.8 m (twice UAV wheelbase); obstacle density: 0.72 obstacles/m2) achieved a minimum 70% success rate, with 87% of trajectories smoother than A* in simulations. Results demonstrate the framework's robustness, though challenges such as field-of-view constraints and sensor-induced localization errors affecting replanning remain. This study presents a real-world evaluation of vision-based UAV navigation in constrained environments, offering insights into its feasibility and limitations. The findings contribute to improving trajectory optimization and UAV autonomy in constrained GPS-denied scenarios.",,,,,,,,,3,0,0,0,0,0,3,6,13,2366-5971,2366-598X,,,,,,,,,,,,,,2025-05-27,WOS:001493346000001,,
C,"Sayre-McCord, Thomas; Guerra, Winter; Antonini, Amado; Arneberg, Jasper; Brown, Austin; Cavalheiro, Guilherme; Fang, Yajun; Gorodetsky, Alex; McCoy, Dave; Quilter, Sebastian; Riether, Fabian; Tal, Ezra; Terzioglu, Yunus; Carlone, Luca; Karaman, Sertac",,,IEEE,,"Tal, Ezra/0000-0002-3601-0935",,,,,Visual-inertial navigation algorithm development using photorealistic camera simulation in the loop,,,,,,,,2018 IEEE INTERNATIONAL CONFERENCE ON ROBOTICS AND AUTOMATION (ICRA),,IEEE International Conference on Robotics and Automation ICRA,,,,,,2566,2573,,,,,,,,,,,Proceedings Paper,2018,2018,"The development of fast, agile micro Unmanned Aerial Vehicles (UAVs) has been limited by (i) on-board computing hardware restrictions, (ii) the lack of sophisticated visionbased perception and vision-in-the-loop control algorithms, and (iii) the absence of development environments where such systems and algorithms can be rapidly and easily designed, implemented, and validated. Here, we first present a new micro UAV platform that integrates high-rate cameras, inertial sensors, and an NVIDIA Jetson Tegra X1 system-on-chip compute module that boasts 256 GPU cores. The UAV mechanics and electronics were designed and built in house, and are described in detail. Second, we present a novel  virtual reality development environment, in which photorealistically-rendered synthetic on-board camera images are generated in real time while the UAV is in flight. This development environment allows us to rapidly prototype computing and sensing hardware as well as perception and control algorithms, using real physics, real interoceptive sensor data (e. g., from the on-board inertial measurement unit), and synthetic exteroceptive sensor data (e. g., from synthetic cameras). Third, we demonstrate repeated agile maneuvering with closed-loop vision-based perception and control algorithms, which we have developed using this environment.",,,,,IEEE International Conference on Robotics and Automation (ICRA)IEEE International Conference on Robotics and Automation (ICRA),"MAY 21-25, 2018MAY 21-25, 2018","IEEE; CSIRO; Australian Govt, Dept Def Sci & Technol; DJI; Queensland Univ Technol; Woodside; Baidu; Bosch; Houston Mechatron; Kinova Robot; KUKA; Hit Robot Grp; Honda Res Inst; iRobot; Mathworks; NuTonomy; Ouster; UberIEEE; CSIRO; Australian Govt, Dept Def Sci & Technol; DJI; Queensland Univ Technol; Woodside; Baidu; Bosch; Houston Mechatron; Kinova Robot; KUKA; Hit Robot Grp; Honda Res Inst; iRobot; Mathworks; NuTonomy; Ouster; Uber","Brisbane, AUSTRALIABrisbane, AUSTRALIA",22,0,0,0,0,0,34,0,10,1050-4729,,978-1-5386-3081-5,,,,,,,,,,,,,2018-10-25,WOS:000446394502015,,
J,"Yuan, Shenghai; Wang, Han; Xie, Lihua",,,,"Yuan, Shenghai/JDM-6241-2023; Xie, Lihua/D-2236-2009; Wang, Han/A-5016-2011","Yuan, Shenghai/0009-0003-1887-6342; Xie, Lihua/0000-0002-7137-4136; Wang, Han/0000-0001-5448-9903",,,,,Survey on Localization Systems and Algorithms for Unmanned Systems,,,,,,,,UNMANNED SYSTEMS,,,,9,2,,,129,163,,,,10.1142/S230138502150014X,,,,,,,Article,APR 2021,2021,"Intelligent unmanned systems have important applications, such as pesticide-spraying in agriculture, robot-based warehouse management systems, and missile-firing drones. The underlying assumption behind all autonomy is that the agent knows its relative position or egomotion with respect to some reference or scene. There exist thousands of localization systems in the literature. These localization systems use various combinations of sensors and algorithms, such as visual/visual-inertial SLAM, to achieve robust localization. The majority of the methods use one or more sensors from LIDAR, camera, IMU, UWB, GPS, compass, tracking system, etc. This survey presents a systematic review and analysis of published algorithms and techniques chronologically, and we introduce various highly impactful works. We provide insightful investigation and taxonomy on sensory data forming principle, feature association principle, egomotion estimation formation, and fusion model for each type of system. At last, some open problems and directions for future research are also included. We aim to survey the literature comprehensively to provide a complete understanding of localization methodologies, performance, advantages and limitations, and evaluations of various methods, shedding some light for future research.",,,,,,,,,70,15,0,0,1,0,77,3,118,2301-3850,2301-3869,,,,,,,,,,,,,,2021-04-01,WOS:000627886900004,,
J,"Shalaby, Mohammed Ayman; Dahdah, Nicholas; Ahmed, Syed Shabbir; Cossette, Charles Champagne; Le Ny, Jerome; Forbes, James Richard",,,,"; Le Ny, Jerome/D-9586-2012","Shalaby, Mohammed/0000-0002-6145-6509; Le Ny, Jerome/0000-0002-3417-4135; Cossette, Charles/0000-0002-9380-8361; Dahdah, Nicholas/0009-0006-9846-7216",,,,,MILUV: A Multi-UAV Indoor Localization dataset with UWB and Vision,,,,,,,,INTERNATIONAL JOURNAL OF ROBOTICS RESEARCH,,,,,,,,,,,,,10.1177/02783649251405898,,,,,JAN 2026,,Article; Early Access,,2026,"This paper introduces MILUV, a Multi-UAV Indoor Localization dataset with UWB and Vision measurements. This dataset comprises 217 minutes of flight time over 36 experiments using three quadcopters, collecting ultra-wideband (UWB) ranging data such as the raw timestamps and channel-impulse response data, vision data from a stereo camera and a bottom-facing monocular camera, inertial measurement unit data, height measurements from a laser rangefinder, magnetometer data, and ground-truth poses from a motion-capture system. The UWB data is collected from up to 12 transceivers affixed to mobile robots and static tripods in both line-of-sight and non-line-of-sight conditions. The UAVs fly at a maximum speed of 4.418 m/s in an indoor environment with visual fiducial markers as features. MILUV is versatile and can be used for a wide range of applications beyond localization, but the primary purpose of MILUV is for testing and validating multi-robot UWB- and vision-based localization algorithms. The dataset can be downloaded at https://doi.org/10.25452/figshare.plus.28386041.v1 . A development kit is presented alongside the MILUV dataset, which includes benchmarking algorithms such as visual-inertial odometry, UWB-based localization using an extended Kalman filter, and classification of CIR data using machine learning approaches. The development kit can be found at https://github.com/decargroup/miluv , and is supplemented with a website available at https://decargroup.github.io/miluv/ .",,,,,,,,,1,0,0,0,0,0,1,7,7,0278-3649,1741-3176,,,,,,,,,,,,,,2026-01-15,WOS:001658033200001,,
C,"Bai, Xiwei; Zhang, Bo; Wen, Weisong; Hsu, Li-Ta; Li, Huiyun",,,IEEE,"; Zhang, Bo/ABH-7966-2020; Hsu, Li-Ta/I-9078-2014","WEN, Weisong/0000-0003-4158-0913; BAI, Xiwei/0000-0002-9659-3570",,,,,Perception-aided Visual-Inertial Integrated Positioning in Dynamic Urban Areas,,,,,,,,"2020 IEEE/ION POSITION, LOCATION AND NAVIGATION SYMPOSIUM (PLANS)",,IEEE-ION Position Location and Navigation Symposium,,,,,,1563,1571,,,,10.1109/plans46316.2020.9109963,,,,,,,Proceedings Paper,2020,2020,"Visual-inertial navigation systems (VINS) have been extensively studied in the past decades to provide positioning services for autonomous systems, such as autonomous driving vehicles (ADV) and unmanned aerial vehicles (UAV). Decent performance can be obtained by VINS in indoor scenarios with stable illumination and texture information. Unfortunately, applying the VINS in dynamic urban areas is still a challenging problem, due to the excessive dynamic objects which can significantly degrade the performance of VINS. Detecting and removing the features inside an image using the deep neural network (DNN) that belongs to unexpected objects, such as moving vehicles and pedestrians, is a straightforward idea to mitigate the impacts of dynamic objects on VINS. However, excessive exclusion of features can significantly distort the geometry distribution of visual features. Even worse, excessive removal can cause the unobservability of the system states. Instead of directly excluding the features that possibly belong to dynamic objects, this paper proposes to remodel the uncertainty of dynamic features. Then both the healthy and dynamic features are applied in the VINS. The experiment in a typical urban canyon is conducted to validate the performance of the proposed method. The result shows that the proposed method can effectively mitigate the impacts of the dynamic objects and improved accuracy is obtained.",,,,,"IEEE/ION Position, Location and Navigation Symposium (PLANS)IEEE/ION Position, Location and Navigation Symposium (PLANS)","APR 20-23, 2020APR 20-23, 2020",IEEE; IONIEEE; ION,"Portland, ORPortland, OR",10,0,0,0,0,0,10,0,2,2153-358X,,978-1-7281-0244-3,,,,,,,,,,,,,2020-01-01,WOS:000839298400186,,
C,"Zhou, Yu; Qin, Geng; Lin, Feng",,,IEEE,,,,,,,Development of Nano UAV Platform for Navigation in GPS-Denied Environment Using Snapdragon,,,,,,,,IECON 2018 - 44TH ANNUAL CONFERENCE OF THE IEEE INDUSTRIAL ELECTRONICS SOCIETY,,IEEE Industrial Electronics Society,,,,,,5642,5647,,,,,,,,,,,Proceedings Paper,2018,2018,"In order to develop a nano UAV in a GPS-denied environment, a visual-inertial system (VINS) consisting of a monocular camera and a low-cost inertial measurement unit (IMU) should be integrated, as they make a minimum, ultra lightweight sensor suite that enables both autonomous flight and sufficient environment awareness. Although there are numerous potential applications, getting to understand the structure of the flight platform can be cumbersome and confusing. Packages and resources provided on the Qualcomm developer network (QCN) and their official GitHub group ATLFlight contain un-unified and disorderly chunks of information. In this paper, we present an organized documentation that presents in detail, the platform structure as a whole, from hardware to software architecture, including installation and API related applications.",,,,,44th Annual Conference of the IEEE Industrial-Electronics-Society (IECON)44th Annual Conference of the IEEE Industrial-Electronics-Society (IECON),"OCT 20-23, 2018OCT 20-23, 2018",IEEE Ind Elect Soc; Inst Elect & Elect EngineersIEEE Ind Elect Soc; Inst Elect & Elect Engineers,"Washington, DCWashington, DC",2,0,0,0,0,0,2,0,8,1553-572X,,978-1-5090-6684-1,,,,,,,,,,,,,2018-01-01,WOS:000505811105092,,
J,"Zhuang, Yuan; Sun, Xiao; Li, You; Huai, Jianzhu; Hua, Luchi; Yang, Xiansheng; Cao, Xiaoxiang; Zhang, Peng; Cao, Yue; Qi, Longning; Yang, Jun; El-Bendary, Nashwa; El-Sheimy, Naser; Thompson, John; Chen, Ruizhi",,,,"El-Bendary, Nashwa/AAI-5414-2020; Cao, Xiaoxiang/JTU-4799-2023; Li, You/AAD-8417-2020; Zhuang, Yuan/H-8928-2019; Huai, Jianzhu/AAI-1880-2020; Thompson, John/LTD-4186-2024; Hua, Luchi/AAC-6315-2019; Yang, Jun/ABF-5707-2021; Chen, Ruizhi/JWA-0977-2024; Sun, Xiao/HOF-7852-2023","El-Bendary, Nashwa/0000-0001-6553-4159; Cao, Xiaoxiang/0000-0001-7340-9673; Li, You/0000-0003-3785-0976; Sun, Xiao/0000-0003-4349-0460; Cao, Yue/0000-0002-2098-7637",,,,,Multi-sensor integrated navigation/positioning systems using data fusion: From analytics-based to learning-based approaches,,,,,,,,INFORMATION FUSION,,,,95,,,,62,90,,,,10.1016/j.inffus.2023.01.025,,,,,FEB 2023,,Article,JUL 2023,2023,"Navigation/positioning systems have become critical to many applications, such as autonomous driving, Internet of Things (IoT), Unmanned Aerial Vehicle (UAV), and smart cities. However, it is difficult to provide a robust, accurate, and seamless solution with single navigation/positioning technology. For example, the Global Navigation Satellite System (GNSS) cannot perform satisfactorily indoors; consequently, multi-sensor integrated systems provide the solution, as they compensate for the limitations of single technology by using the complementary characteristics of different sensors. This article describes a thorough investigation into multi-sensor data fusion, which over the last ten years has been used for integrated positioning/navigation systems. In this article, different navigation/positioning systems are classified and elaborated upon from three aspects: (1) sources, (2) algorithms and architectures, and (3) scenarios, which we further divide into two categories: (i) analytics-based fusion and (ii) learning-based fusion. For analytics-based fusion, we discuss the Kalman filter and its variants, graph optimization methods, and integrated schemes. For learning-based fusion, several supervised, unsupervised, reinforcement learning, and deep learning techniques are illustrated in multi -sensor integrated positioning/navigation systems. Design consideration of these integrated systems is discussed in detail from several aspects and their application scenarios are categorized. Finally, future directions for their research and implementation are discussed.",,,,,,,,,174,13,0,0,1,0,196,102,676,1566-2535,1872-6305,,,,,,,,,,,,,,2023-03-30,WOS:000947939300001,,
C,"Shao, Wei; Dou, Lingfei; Zhao, Hanxue; Wang, Boning; Xi, Hongliang; Yao, Wenlong",,,IEEE,"zhao, han/JFS-9633-2023",,,,,,A Visual/Inertial Relative Navigation Method for UAV Formation,,,,,,,,PROCEEDINGS OF THE 32ND 2020 CHINESE CONTROL AND DECISION CONFERENCE (CCDC 2020),,Chinese Control and Decision Conference,,,,,,1831,1836,,,,10.1109/ccdc49329.2020.9164765,,,,,,,Proceedings Paper,2020,2020,"Nowadays, the task of determining positions for Unmanned Aerial Vehicles (UAVs) has been mainly handled by combining Inertial Navigation System (INS) with Global Positioning System (GPS). This paper presents a visual/inertial relative navigation method for UAV formation to overcome the disadvantages of GPS such as disturbed easily. Firstly, INS and visual navigation system are respectively studied. Secondly, the state and observation equations of the visual/inertial navigation system are established. And Muti-rate Kalman Filter (MKF) is designed to estimate the position errors. Finally, the performance of this method is analyzed via a simulation.",,,,,32nd Chinese Control And Decision Conference (CCDC)32nd Chinese Control And Decision Conference (CCDC),"AUG 22-24, 2020AUG 22-24, 2020","NE Univ; Chinese Assoc Automat Tech Comm Control & Decis Cyber Phys Syst; Chinese Assoc Automat; Anhui Univ; IEEE Control Syst Soc; NE Univ, State Key Lab Synthet Automat Proc Ind; Chinese Assoc Automat, Tech Comm Control TheoryNE Univ; Chinese Assoc Automat Tech Comm Control & Decis Cyber Phys Syst; Chinese Assoc Automat; Anhui Univ; IEEE Control Syst Soc; NE Univ, State Key Lab Synthet Automat Proc Ind; Chinese Assoc Automat, Tech Comm Control Theory","Hefei, PEOPLES R CHINAHefei, PEOPLES R CHINA",3,0,0,0,0,0,4,0,12,1948-9439,,978-1-7281-5855-6,,,,,,,,,,,,,2020-01-01,WOS:000621616901165,,
J,"Cotta, Joao Leonardo Silva; Gutierrez, Hector; Bertaska, Ivan R.; Inness, John P.; Rakoczy, John",,,,"; Gutierrez, Hector/AAL-4710-2021","Silva Cotta, Joao Leonardo/0000-0003-4032-3798; Gutierrez, Hector/0000-0003-2181-1964",,,,,High-Altitude Precision Landing by Smartphone Video Guidance Sensor and Sensor Fusion,,,,,,,,DRONES,,,,8,2,,,,,37,,,10.3390/drones8020037,,,,,,,Article,FEB 2024,2024,"This paper describes the deployment, integration, and demonstration of the Smartphone Video Guidance Sensor (SVGS) as novel technology for autonomous 6-DOF proximity maneuvers and high-altitude precision landing of UAVs via sensor fusion. The proposed approach uses a vision-based photogrammetric position and attitude sensor (SVGS) to support the precise automated landing of a UAV from an initial altitude above 100 m to ground, guided by an array of landing beacons. SVGS information is fused with other on-board sensors at the flight control unit to estimate the UAV's position and attitude during landing relative to a ground coordinate system defined by the landing beacons. While the SVGS can provide mm-level absolute positioning accuracy depending on range and beacon dimensions, the proper operation of the SVGS requires a line of sight between the camera and the beacon, and readings can be disturbed by environmental lighting conditions and reflections. SVGS readings can therefore be intermittent, and their update rate is not deterministic since the SVGS runs on an Android device. The sensor fusion of the SVGS with on-board sensors enables an accurate and reliable update of the position and attitude estimates during landing, providing improved performance compared to state-of-art automated landing technology based on an infrared beacon, but its implementation must address the challenges mentioned above. The proposed technique also shows significant advantages compared with state-of-the-art sensors for High-Altitude Landing, such as those based on LIDAR.",,,,,,,,,7,0,0,0,0,0,7,2,7,,2504-446X,,,,,,,,,,,,,,2024-03-06,WOS:001169870800001,,
J,"Dissanayaka, Didula; Wanasinghe, Thumeera R.; De Silva, Oscar; Jayasiri, Awantha; Mann, George K., I",,,,"Dissanayaka, Didula/MEP-0524-2025; Mann, George K I/AAW-9312-2021; Wanasinghe, Thumeera/AAS-3563-2020; De Silva, Oscar/AAU-4866-2020","Dissanayaka, Didula/0000-0002-8084-3491; Mann, George K I/0000-0002-1211-3374; Wanasinghe Arachchige, Thumeera/0000-0001-6262-2348;",,,,,Review of Navigation Methods for UAV-Based Parcel Delivery,,,,,,,,IEEE TRANSACTIONS ON AUTOMATION SCIENCE AND ENGINEERING,,,,21,1,,,1068,1082,,,,10.1109/TASE.2022.3232025,,,,,JAN 2023,,Review,JAN 2024,2024,"This paper presents a comprehensive review of state-of-the-art navigation methods available for unmanned aerial vehicles (UAVs) used in parcel delivery. Particularly, the paper focuses on state-of-the-art sensor configurations, multi-sensor data fusion architectures, and their performance when employed for UAV navigation. Additionally, this paper presents the associated safety regulations for UAV navigation currently imposed by regulatory bodies in US and Canada. The existing navigation solutions sometimes produce degenerative results due to GPS loss, multipath signals, spoofing events, and other sensor degradation scenarios. Therefore, this article investigates the suitability of integrating visual lidar odometry and mapping (VLOAM) with GPS to overcome the limitations of existing navigation solutions. A comparative study of the multi-sensory combined solutions is presented with numerical simulations, validating the regulatory compliance of VLOAM and GPS integrated system under common GPS failure cases.",,,,,,,,,75,4,0,0,0,0,79,13,170,1545-5955,1558-3783,,,,,,,,,,,,,,2023-01-25,WOS:000910160800001,,
C,"Arora, Prateek; Vila, Pau Alcolea; Borghese, Aiden; Carlson, Stephen J.; Feil-Seifer, David; Papachristos, Christos",,,IEEE,"Papachristos, Christos/KLD-9465-2024; BORGHESE, ALESSANDRO/HPI-4421-2023","Feil-Seifer, David/0000-0002-5502-7513",,,,,UAV-based Foliage Plant Species Classification for Semantic Characterization of Pre-Fire Landscapes,,,,,,,,"2024 INTERNATIONAL CONFERENCE ON UNMANNED AIRCRAFT SYSTEMS, ICUAS",,International Conference on Unmanned Aircraft Systems,,,,,,792,799,,,,10.1109/ICUAS60882.2024.10556861,,,,,,,Proceedings Paper,2024,2024,"In this work we deal with the problem of establishing a system architecture to facilitate the real-time autonomous volumetric mapping alongside the semantic characterization of sagebrush ecosystem landscapes, in order to support the pre-fire modeling and analysis required to plan for wildfire prevention and/or suppression. The world, and more specifically the broader region of N. Nevada has been facing one of its most challenging periods over the course of the last decade, as far as uncontrolled wildfires are concerned. This has led to the development of research initiatives aimed at the ecosystemspecific modeling of the pre-, during-, and post-fire process effects in order to better understand, predict, and address these phenomena. However, to collect the required wide-field information that contains both centimeter-level volumetric mapping fidelity, as well as semantic details related to plant (sub)species, which for the common case of sagebrush can only be identified based on close-up inspection of their foliage fine structure, satellite photography remains insufficient. To this end, we propose a perception and mapping architecture of an aerial robotic system that is capable of: a) LiDAR-based centimeter-level reconstruction, b) robust multi-modal sensor fusion Simultaneous Localization and Mapping (SLAM) leveraging LiDAR, IMU, Visual-Inertial Odometry, and Differential GPS in a global optimization mapping framework, as well as c) a gimbal-driven point-zoom camera for the efficient real-time collection of close-up imagery of foliage pertaining to specific target plants, in order to allow their real-time identification based on their leaf micro-structure, by leveraging Deep-Learned classification deployed on a Neural Processing Unit. We present the associated systems, the overall hardware and software architecture, as well as a series of field deployment studies validating the proposed aerial robotic capabilities.",,,,,International Conference on Unmanned Aircraft Systems (ICUAS)International Conference on Unmanned Aircraft Systems (ICUAS),"JUN 04-07, 2024JUN 04-07, 2024",IEEEIEEE,"Chania-Crete, GREECEChania-Crete, GREECE",0,0,0,0,0,0,0,3,5,2373-6720,,979-8-3503-5789-9; 979-8-3503-5788-2,,,,,,,,,,,,,2024-10-12,WOS:001259354800022,,
J,"Santamaria-Navarro, Angel; Loianno, Giuseppe; Sola, Joan; Kumar, Vijay; Andrade-Cetto, Juan",,,,"Kumar, Vijay/AAM-8545-2020; Loianno, Giuseppe/E-7473-2017; Andrade-Cetto, Juan/F-2576-2013; Santamaria-Navarro, Angel/G-5584-2017; Solà, Joan/N-5977-2015","Kumar, Vijay/0000-0002-3902-9391; Loianno, Giuseppe/0000-0002-3263-5401; Andrade-Cetto, Juan/0000-0002-6354-8941; Santamaria-Navarro, Angel/0000-0002-6328-1423; Solà, Joan/0000-0002-2933-3381",,,,,Autonomous navigation of micro aerial vehicles using high-rate and low-cost sensors,,,,,,,,AUTONOMOUS ROBOTS,,,,42,6,,,1263,1280,,,,10.1007/s10514-017-9690-5,,,,,,,Article,AUG 2018,2018,"The combination of visual and inertial sensors for state estimation has recently found wide echo in the robotics community, especially in the aerial robotics field, due to the lightweight and complementary characteristics of the sensors data. However, most state estimation systems based on visual-inertial sensing suffer from severe processor requirements, which in many cases make them impractical. In this paper, we propose a simple, low-cost and high rate method for state estimation enabling autonomous flight of micro aerial vehicles, which presents a low computational burden. The proposed state estimator fuses observations from an inertial measurement unit, an optical flow smart camera and a time-of-flight range sensor. The smart camera provides optical flow measurements up to a rate of 200 Hz, avoiding the computational bottleneck to the main processor produced by all image processing requirements. To the best of our knowledge, this is the first example of extending the use of these smart cameras from hovering-like motions to odometry estimation, producing estimates that are usable during flight times of several minutes. In order to validate and defend the simplest algorithmic solution, we investigate the performances of two Kalman filters, in the extended and error-state flavors, alongside with a large number of algorithm modifications defended in earlier literature on visual-inertial odometry, showing that their impact on filter performance is minimal. To close the control loop, a non-linear controller operating in the special Euclidean group SE(3) is able to drive, based on the estimated vehicle's state, a quadrotor platform in 3D space guaranteeing the asymptotic stability of 3D position and heading. All the estimation and control tasks are solved on board and in real time on a limited computational unit. The proposed approach is validated through simulations and experimental results, which include comparisons with ground-truth data provided by a motion capture system. For the benefit of the community, we make the source code public.",,,,,,,,,32,0,0,0,0,0,36,0,54,0929-5593,1573-7527,,,,,,,,,,,,,,2018-06-05,WOS:000432977900009,,
J,"Jia, Jingting; Li, Wenshuo; Yu, Xiang; Wang, Yuyang; Guo, Kexin; Guo, Lei",,,,,,,,,,Augmented Ultra-Wideband Localization for Quadrotor UAV: Disturbance Rejection and Credibility Quantification,,,,,,,,IEEE TRANSACTIONS ON INDUSTRIAL ELECTRONICS,,,,73,5,,,7795,7805,,,,10.1109/TIE.2025.3642438,,,,,,,Article,MAY 2026,2026,"Uninterrupted and accurate indoor localization without global navigation satellite systems (GNSS) is a challenging problem for quadrotor unscrewed aerial vehicles (UAVs). In this article, a plug-and-play ultra-wideband (UWB)-augmented localization scheme is developed, which is characterized by: 1) the embedded UAV dynamics to enrich information sources; 2) the composite disturbance filtering (CDF) algorithm for refined antidisturbance position estimation under UAV dynamic uncertainties and UWB measurement noises; and 3) a novel localization credibility metric which takes both system configuration and real-time algorithm operation status into account. By virtue of refined disturbance rejection and real-time credibility quantification, the designed UWB-augmented module allows for seamless integration into the existing UAV localization systems like the visual-inertial odometry (VIO), enhancing the overall localization performance with high-credibility UWB data. The effectiveness of the proposed scheme is demonstrated by developing and testing a UWB-augmented VIO localization system for quadrotor UAVs.",,,,,,,,,0,0,0,0,0,0,0,5,5,0278-0046,1557-9948,,,,,,,,,,,,,,2026-04-10,WOS:001732703600022,,
J,"Xie, Ming-Ru; Jung, Shing-Yun; Chen, Kuan-Wen",,,,,"Jung, Shing-Yun/0000-0003-3967-6748; Chen, Kuan-Wen/0000-0002-4159-201X; Xie, Ming-Ru/0000-0003-3844-104X",,,,,"Using Biostimulants, Soil Additives, and Plant Protectants to Improve Corn Yield in South Texas",,,,,,,,AEROSPACE,,,,10,5,,,,,488,,,10.3390/aerospace10050488,,,,,,,Article,MAY 22 2023,2023,"In this paper, we propose a three-dimensional autonomous drone exploration system (ADES) with a lightweight and low-latency saliency prediction model to explore unknown environments. Several studies have applied saliency prediction in drone exploration. However, these studies are not sufficiently mature. For example, the computational complexity and the size of the developed prediction models have not been considered. In addition, some studies have only proposed saliency prediction models without actually applying them to drones. The ADES system proposed in this paper has a small and fast saliency prediction model and uses a novel drone exploration approach based on visual-inertial odometry to solve the practical problems encountered during drone exploration, such as collisions with and the repeated exploration of salient objects. The proposed ADES system performs comparably to the state-of-the-art, multiple-discontinuous-image saliency prediction network TA-MSNet and enables drones to explore unknown environments with high efficiency.",,,,,,,,,2,0,0,0,0,0,2,0,5,,2226-4310,,,,,,,,,,,,,,2023-06-10,WOS:000994214100001,,
C,"Omari, Sammy; Bloesch, Michael; Gohl, Pascal; Siegwart, Roland",,,IEEE,"Siegwart, Roland/A-4495-2008","Siegwart, Roland/0000-0002-2760-7983",,,,,Dense Visual-Inertial Navigation System for Mobile Robots,,,,,,,,2015 IEEE INTERNATIONAL CONFERENCE ON ROBOTICS AND AUTOMATION (ICRA),,IEEE International Conference on Robotics and Automation ICRA,,,,,,2634,2640,,,,,,,,,,,Proceedings Paper,2015,2015,"Real-time dense mapping and pose estimation is essential for a wide range of navigation tasks in mobile robotic applications. We propose an odometry and mapping system that leverages the full photometric information from a stereo-vision system as well as inertial measurements in a probabilistic framework while running in real-time on a single low-power Intel CPU core. Instead of performing mapping and localization on a set of sparse image features, we use the complete dense image intensity information in our navigation system. By incorporating a probabilistic model of the stereo sensor and the IMU, we can robustly estimate the ego-motion as well as a dense 3D model of the environment in real-time. The probabilistic formulation of the joint odometry estimation and mapping process enables to efficiently reject temporal outliers in ego-motion estimation as well as spatial outliers in the mapping process. To underline the versatility of the proposed navigation system, we evaluate it in a set of experiments on a multi-rotor system as well as on a quadrupedal walking robot. We tightly integrate our framework into the stabilization-loop of the UAV and the mapping framework of the walking robot. It is shown that the dense framework exhibits good tracking and mapping performance in terms of accuracy as well as robustness in scenarios with highly dynamic motion patterns while retaining a relatively small computational footprint. This makes it an ideal candidate for control and navigation tasks in unstructured GPS-denied environments, for a wide range of robotic platforms with power and weight constraints. The proposed framework is released as an open-source ROS package.",,,,,IEEE International Conference on Robotics and Automation (ICRA)IEEE International Conference on Robotics and Automation (ICRA),"MAY 26-30, 2015MAY 26-30, 2015",IEEEIEEE,"Seattle, WASeattle, WA",20,0,0,0,0,0,24,0,13,1050-4729,2577-087X,978-1-4799-6923-4,,,,,,,,,,,,,2016-03-23,WOS:000370974902094,,
C,"Turci, Lorenzo; Vitiello, Federica; Causa, Flavia; Opromolla, Roberto; Fasano, Giancarmine",,,IEEE,"Vitiello, Federica/LNQ-8991-2024; Causa, Flavia/AFM-5355-2022; Fasano, Giancarmine/JWA-6282-2024; Opromolla, Roberto/M-1585-2016","Opromolla, Roberto/0000-0003-4448-7490",,,,,Comparison of Visual-Inertial Sensor Fusion Techniques for GNSS-Resilient Navigation,,,,,,,,"2024 AIAA DATC/IEEE 43RD DIGITAL AVIONICS SYSTEMS CONFERENCE, DASC",,IEEE-AIAA Digital Avionics Systems Conference,,,,,,,,,,,10.1109/DASC62030.2024.10748659,,,,,,,Proceedings Paper,2024,2024,"This paper analyzes and compares different visual-inertial (V-INS) sensor fusion strategies, conceived to enable GNSS-resilient navigation of Unmanned Aerial Vehicles (UAV). The strategies share the same data fusion architecture, based on a loosely coupled Extended Kalman Filter (EKF), but have variable characteristics concerning the image processing and pose estimation pipelines. Specifically, four different geolocation strategies are investigated to retrieve range information about the detected visual features in the observed scene, exploiting a flat Earth assumption, a local flat Earth assumption, a Digital Elevation Model (DEM) intersection and a triangulation method, respectively. The latter approach, in particular, does not require any geometrical assumption or any a priori knowledge on the observed scene. Furthermore, an original approach to provide the EKF with a consistent estimate of the covariance associated to the visual-based pose solution is proposed. The navigation performance is evaluated by means of numerical simulations reproducing a straight trajectory with hovering and a curved trajectory, both over an almost flat and a mountain scenario. In the best case of the flat scenario, the percentage error on the position estimate, computed with respect to the UAV traveled distance, is less than 0.15%, and the error on the attitude angles estimate is less than 0.08 degrees, while the Root Mean Square (RMS) values of the same quantities are about 0.09% and 0.04 degrees, respectively. In the mountain scenario the performance is degraded but the maximum errors are still kept approximately within 1% and 1 degrees, respectively.",,,,,43rd AIAA DATC/IEEE Digital Avionics Systems Conference43rd AIAA DATC/IEEE Digital Avionics Systems Conference,"SEP 29-OCT 03, 2024SEP 29-OCT 03, 2024",Institute of Electrical and Electronics Engineers Inc; The Boeing Co; Southwest Research Institute (SwRI)Institute of Electrical and Electronics Engineers Inc; The Boeing Co; Southwest Research Institute (SwRI),"San Diego, CASan Diego, CA",1,0,0,0,0,0,1,0,0,2155-7195,,979-8-3503-4961-0; 979-8-3503-4962-7,,,,,,,,,,,,,2025-07-11,WOS:001453360400003,,
C,"Villalobos, G.; Petrunin, I; Shin, H-S; Gilmour, J.",,,AIAA,"Petrunin, Ivan/AAD-2471-2019; Shin, Hyo-Sang/AAI-6362-2021","Petrunin, Ivan/0000-0002-8705-5308; Shin, Hyo-Sang/0000-0001-9938-0370",,,,,Robust Multi-Sensor Navigation in GNSS Degraded Environments,,,,,,,,AIAA SCITECH 2023 FORUM,,,,,,,,,,AIAA 2023-2242,,,10.2514/6.2023-2242,,,,,,,Proceedings Paper,2023,2023,"The success of an Unmanned Aircraft Vehicle for effective operation beyond visual line of sight is linked to the system's ability to maintain precise positioning during stationary and maneuvering flight under all encountered conditions, such as sensor measurement degradation or unavailability. Therefore, unmanned operations demand a resilient, accurate, and integral navigation system. Sensor fusion increases data redundancy by combining measurements from complementary sensors, such as Global Navigation Satellite Systems GNSS, Visual Inertial Navigation Systems VINS, and Light Detection and Ranging Systems LIDAR. This research aims to propose an enhanced adaptative sensor switching mechanism within a multi- sensor navigation system for improved robustness in GNSS-degraded environments accounting for accuracy through the interaction between different sensor models by means of their probability of failure. The switching is driven by a real-time process that dynamically adapts to sensor loss and degradation environments based solely on each sensor's adaptative probability of failure and their interaction. This approach is developed based on previous research and is improved to account for the dependency of heuristic determination for sensor uncertainty models. The simulation is achieved with the help of the UAV Toolbox from MATLAB and the positioning signals modeled through ground truth manipulation with existing error models to test and evaluate the proposed methodology. The results presented show an improvement by mitigating the heuristic dependency and Markov chain sensitivity reported in previous research.",,,,,AIAA Science and Technology (SciTech) ForumAIAA Science and Technology (SciTech) Forum,"JAN 23-27, 2023JAN 23-27, 2023",AIAAAIAA,"National Harbor, MDNational Harbor, MD",2,0,0,0,0,0,2,1,4,,,978-1-62410-699-6,,,,,,,,,,,,,2023-01-01,WOS:001415200200063,,
J,"Yang, Yue; Liu, Xiaoxiong; Liu, Xuhang; Guo, Yicong; Zhang, Weiguo",,,,,"Guo, Yicong/0000-0003-0971-730X; LIU, Xiaoxiong/0000-0002-8061-5974; yue, yang/0000-0002-2511-2960; Liu, Xuhang/0000-0002-7790-9701",,,,,Variational Adaptive LM-IEKF for Full State Navigation System of Wind Disturbance and Observability Analysis,,,,,,,,IEEE TRANSACTIONS ON INSTRUMENTATION AND MEASUREMENT,,,,71,,,,,,8504312,,,10.1109/TIM.2022.3191713,,,,,,,Article,2022,2022,"Robust and accurate state estimation algorithms applied to the small unmanned aerial vehicles (UAVs) are always promising depending on the multiple onboard local and global sensors. This article proposes a variational adaptive Levenberg-Marquardt iterated extended Kalman filter (VA-LM-IEKF) full state estimation algorithm to calculate the reliable UAV flight state parameters in wind disturbance. The navigation system based on the LM-IEKF can provide an accurate state by expanding the optimization range of estimated points. An adaptive filter using the variational Bayesian approach is proposed to improve the filter robustness to the observation noise covariance matrix. Moreover, a judging criterion is introduced into the filter observation correction step to eliminate the observed abnormal values. In addition, observability analysis with the Lie algebra for the navigation system is established to evaluate the system observability. Simulation and real-data experiments in the self-developed small UAVs platform demonstrate that the performance of the proposed algorithm is better than the state-of-the-art methods in solution accuracy and filter robustness.",,,,,,,,,0,0,0,0,0,0,1,4,47,0018-9456,1557-9662,,,,,,,,,,,,,,2022-08-04,WOS:000831147900008,,
J,"Gallo, Eduardo; Barrientos, Antonio",,,,"Gallo, Eduardo/IAO-0564-2023; Barrientos, Antonio/B-4053-2013","Gallo, Eduardo/0000-0002-7397-0425; Barrientos, Antonio/0000-0003-1691-3907",,,,,GNSS-Denied Semi-Direct Visual Navigation for Autonomous UAVs Aided by PI-Inspired Inertial Priors,,,,,,,,AEROSPACE,,,,10,3,,,,,220,,,10.3390/aerospace10030220,,,,,,,Article,MAR 2023,2023,"This article proposes a method to diminish the horizontal position drift in the absence of GNSS (Global Navigation Satellite System) signals experienced by the VNS (Visual Navigation System) installed onboard a UAV (Unmanned Air Vehicle) by supplementing its pose estimation non-linear optimizations with priors based on the outputs of the INS (Inertial Navigation System). The method is inspired by a PI (Proportional Integral) control loop, in which the attitude and altitude inertial outputs act as targets to ensure that the visual estimations do not deviate past certain thresholds from their inertial counterparts. The resulting IA-VNS (Inertially Assisted Visual Navigation System) achieves major reductions in the horizontal position drift inherent to the GNSS-Denied navigation of autonomous UAVs. Stochastic high-fidelity Monte Carlo simulations of two representative scenarios involving the loss of GNSS signals are employed to evaluate the results and to analyze their sensitivity to the terrain type overflown by the aircraft. The authors release the C++ implementation of both the navigation algorithms and the high-fidelity simulation as open-source software.",,,,,,,,,5,2,0,0,0,0,7,2,19,,2226-4310,,,,,,,,,,,,,,2023-04-10,WOS:000957120300001,,
J,"Wang, Shoude; Ahmad, Nur Syazreen",,,,"Ahmad, Nur/F-5246-2019; Wang, Shoude/LWJ-3966-2024","Wang, Shoude/0009-0004-2485-2299",,,,,AI-based approaches for improving autonomous mobile robot localization in indoor environments: A comprehensive review,,,,,,,,ENGINEERING SCIENCE AND TECHNOLOGY-AN INTERNATIONAL JOURNAL-JESTECH,,,,63,,,,,,101977,,,10.1016/j.jestch.2025.101977,,,,,MAR 2025,,Review,MAR 2025,2025,"The adoption of indoor autonomous mobile robot (AMR) has surged significantly, driven by their ability to integrate diverse sensors, maintain low operating costs, facilitate easy deployment, and exhibit superior mobility. Nonetheless, navigating complex indoor environments presents substantial challenges that can impede AMR performance and diminish overall system efficiency. To overcome these obstacles, researchers have concentrated on developing autonomous localization techniques that empower AMR to navigate and execute tasks effectively within intricate settings. Recent advancements in artificial intelligence (AI) applications have profoundly influenced this field, enhancing the control and decision-making capabilities of AMR. This paper offers a comprehensive review of AI-based strategies aimed at improving localization of indoor AMR, including aerial vehicles. We systematically categorize and critically analyze existing research on Simultaneous Localization and Mapping (SLAM)-based methods, odometry-based approaches, and multi-sensor fusion techniques, elucidating the principles and implementations of various AI methodologies. Additionally, we discuss real-time performance challenges associated with AI-based approaches and delineate the distinctions between AI-enhanced localization methods and traditional localization techniques, highlighting the necessity and advantages of adopting AI-based solutions. By clarifying these methodologies, our goal is to enhance their comprehension and promote their widespread adoption within the field. Finally, we discuss emerging research directions and ongoing challenges, providing guidance for future investigations and advancements in the domain of indoor AMR.",,,,,,,,,12,0,0,0,0,0,13,31,67,2215-0986,,,,,,,,,,,,,,,2025-02-26,WOS:001426508600001,,
C,"Hu, Yuquan; Gardi, Alessandro",,,IEEE,"; Gardi, Alessandro/J-2737-2014","Hu, Yuquan/0009-0001-2604-5923;",,,,,Optimal Navigation and Obstacle Avoidance for UAV in Urban Canyons,,,,,,,,"2025 IEEE 12TH INTERNATIONAL WORKSHOP ON METROLOGY FOR AEROSPACE, METROAEROSPACE",,IEEE Metrology for AeroSpace,,,,,,262,267,,,,10.1109/MetroAeroSpace64938.2025.11114464,,,,,,,Proceedings Paper,2025,2025,"In urban canyons, the autonomous positioning and obstacle avoidance capabilities of Uncrewed Aerial Vehicles (UAV) are challenged by dense obstructions, causing Non-Line-of-Sight (NLOS) conditions that severely degrade Global Navigation Satellite Systems (GNSS) signals. Current urban UAV operations still rely heavily on manual control and conventional GNSS-Inertial Measurement Unit (IMU) fusion, which lack autonomous obstacle avoidance capabilities and fail to provide precise positioning in GNSS-denied environments. To address these limitations, we propose a novel sensor fusion framework that integrates the Sage-Husa adaptive Kalman Filter (SHKF) with intermittent data from GNSS, IMU, and visual odometry supplied from a Visual-Inertial (VINS)-Fusion algorithm to achieve robust positioning and attitude determination. This enhanced sensor fusion architecture enables a 3DVFH*-based local planner to execute real-time obstacle avoidance and path planning toward the intended destinations. Preliminary verification activities conducted in a high-fidelity Gazebo simulation demonstrate the effective performance of the proposed method in terms of positioning and attitude determination accuracy, while also supporting the optimal reliability and efficiency of the considered obstacle avoidance functionality.",,,,,12th International Workshop on Metrology for AeroSpace-METROAEROSPACE-Annual12th International Workshop on Metrology for AeroSpace-METROAEROSPACE-Annual,"JUN 18-20, 2025JUN 18-20, 2025",Institute of Electrical and Electronics Engineers IncInstitute of Electrical and Electronics Engineers Inc,"Naples, ITALYNaples, ITALY",1,0,0,0,0,0,1,2,2,2575-7482,2575-7490,979-8-3315-0153-2; 979-8-3315-0152-5,,,,,,,,,,,,,2025-11-26,WOS:001572970000047,,
C,"Liu, Tao; Chen, Bo; Wang, Benkuan; Liu, Datong",,,IEEE,,"Liu, Tao/0009-0008-2719-4526",,,,,An Improved Image Stitching Method Based on Vision-Inertial Fusion,,,,,,,,"2024 IEEE INTERNATIONAL INSTRUMENTATION AND MEASUREMENT TECHNOLOGY CONFERENCE, I2MTC 2024",,IEEE Instrumentation and Measurement Technology Conference,,,,,,,,,,,10.1109/I2MTC60896.2024.10560768,,,,,,,Proceedings Paper,2024,2024,"To enhance the accuracy of autonomous navigation in Unmanned Aerial Vehicles (UAVs) and boost their autonomous sensing and measuring abilities in challenging real-world flying scenarios. This paper focuses on the mapping process in autonomous navigation of UAVs. The work aims to solve the problems in traditional Oriented FAST and Rotated BRIEF (ORB) feature extraction algorithm where feature points are prone to accumulate in areas with rich texture, and the limitation of Oriented FAST and Rotated BRIEF Simultaneous Localization and Mapping 3 (ORB-SLAM3) system to construct dense maps. An improved image stitching method of visual-inertial fusion for dense mapping is proposed based on ORB-SLAM3. And the proposed method uses the obtained panoramic images to create dense maps. Firstly, the Scale Invariant Feature Transform (SIFT) algorithm is utilized during feature point extraction. The Random Sample Consensus (RANSAC) algorithm is applied for feature point optimization to obtain the best feature points for matching. Secondly, combining the posture information obtained by IMU pre-integration and the visual information will be used to compensate for the errors caused by the speed of the UAV and different angles of aerial photography. Then eliminating redundant and repeated pixels, and stitching adjacent pictures will help to get a panoramic picture. Finally, generate a dense map from the sparse point cloud map generated by ORB-SLAM3. Experiments based on the AirSim are performed to validate the proposed method. The result shows that the SIFT feature extraction method outperforms other methods, the improved image stitching method can effectively eliminate ghosting and pixel information loss problems in various environments, and the dense maps can also be achieved.",,,,,IEEE International Instrumentation and Measurement Technology Conference (I2MTC)IEEE International Instrumentation and Measurement Technology Conference (I2MTC),"MAY 20-23, 2024MAY 20-23, 2024",IEEE; IEEE Instrumentat & Measurement Soc; Xian Jiaotong Univ; S China Univ TechnolIEEE; IEEE Instrumentat & Measurement Soc; Xian Jiaotong Univ; S China Univ Technol,"Glasgow, SCOTLANDGlasgow, SCOTLAND",1,0,0,0,0,0,1,2,6,2642-2069,,979-8-3503-8090-3; 979-8-3503-8091-0,,,,,,,,,,,,,2024-11-14,WOS:001261521400126,,
C,"Baiguera, Matteo; Ciarambino, Marco",,,,,,"Bruzzone, A; Pickl, S; Mazal, J; Fagiolini, A; Vasik, P; Pacillo, F; Stodola, P",,,,Multi-physics and Multi-spectral Sensors Simulator for Autonomous Flight Functions Development,,,,,,,,"MODELLING AND SIMULATION FOR AUTONOMOUS SYSTEMS, MESAS 2023",,Lecture Notes in Computer Science,,14615,,,,149,164,,,,10.1007/978-3-031-71397-2_9,,,,,,,Proceedings Paper,2025,2025,"In the context of Leonardo-LABS research on autonomous and intelligent systems a prototyping simulation stack has been recently settled to allow the development of core autonomy functions for future Leonardo rotary wing unmanned platforms.In order to increase the safety and reliability of UAV(s) some requirements, shared among all Leonardo-LHD platforms, have been identified as key enablers for future autonomous flight.This lead the selection of the 4 streams currently under development: GOA (Ground Object Awareness), ATA (Air Traffic Awareness), ATOL(Autonomous Take-Off and Landing) and ANav (Alternative/GNSS-denied navigation).The proposed simulation solution relies on Ansys (R) AVxcelerate for simulating sensors output subsequently interfaced to a widely diffused robotic middle-ware (ROS2) allowing a rapid development of perception pipelines heading to a full SIL capability and to test algorithms under one-to-one correspondence with real sensors output.In this work the overall software architecture will be discussed together with the integration into the simulation of a UAV's flight dynamic and IMU models. Such integration makes use of the Bullet Physics C++ SDK and leverages the above mentioned connection with the ROS2 stack.AVxcelerate has been recently adopted in the automotive industry for supporting autonomous car development as it allows to model and simulate multiple sensors like visible-cameras, LWIR-cameras, various LiDAR models (both flashing and rotating) and mmWave array radars.Moreover among the most advantageous features of Ansys solution there is the capability of modeling the interaction of the light's spectrum with matter and the possibility of quickly and effectively set sensors properties (cameras optics, radar antennas, LiDAR rays geometry and mechanical behavior, etc.).In the last section of this work will be also presented the so called visual-inertial navigation case of study (belonging to the ANav set of autonomy functions).It will be shown how we are currently addressing the navigation problem of a UAV via a monocular visible camera and IMU system relying on simulated data and will be shown how the problem is addressed leveraging the software architecture and multi-physic and multi-spectral modeling described in this work.",,,,,10th International Conference on Modelling and Simulation for Autonomous Systems10th International Conference on Modelling and Simulation for Autonomous Systems,"OCT 17-19, 2023OCT 17-19, 2023",,"Palermo, ITALYPalermo, ITALY",0,0,0,0,0,0,0,1,1,0302-9743,1611-3349,978-3-031-71396-5; 978-3-031-71397-2,,,,,,,,,,,,,2025-03-07,WOS:001419689800009,,
J,"Yusefi, Abdullah; Durdu, Akif; Aslan, Muhammet Fatih; Sungur, Cemil",,,,"Yusefi, Abdullah/GVT-0630-2022; ASLAN, Muhammet Fatih/V-8019-2017; Durdu, Akif/AAQ-4344-2020","Yusefi, Abdullah/0000-0001-7557-8526; Sungur, Cemil/0000-0003-2340-6225; ASLAN, Muhammet Fatih/0000-0001-7549-0137; Durdu, Akif/0000-0002-5611-2322",,,,,LSTM and Filter Based Comparison Analysis for Indoor Global Localization in UAVs,,,,,,,,IEEE ACCESS,,,,9,,,,10054,10069,,,,10.1109/ACCESS.2021.3049896,,,,,,,Article,2021,2021,"Deep learning (DL) based localization and Simultaneous Localization and Mapping (SLAM) has recently gained considerable attention demonstrating remarkable results. Instead of constructing hand-crafted algorithms through geometric theories, DL based solutions provide a data-driven solution to the problem. Taking advantage of large amounts of training data and computing capacity, these approaches are increasingly developing into a new field that offers accurate and robust localization systems. In this work, the problem of global localization for unmanned aerial vehicles (UAVs) is analyzed by proposing a sequential, end-to-end, and multimodal deep neural network based monocular visual-inertial localization framework. More specifically, the proposed neural network architecture is three-fold; a visual feature extractor convNet network, a small IMU integrator bi-directional long short-term memory (LSTM), and a global pose regressor bi-directional LSTM network for pose estimation. In addition, by fusing the traditional IMU filtering methods instead of LSTM with the convNet, a more time-efficient deep pose estimation framework is presented. It is worth pointing out that the focus in this study is to evaluate the precision and efficiency of visual-inertial (VI) based localization approaches concerning indoor scenarios. The proposed deep global localization is compared with the various state-of-the-art algorithms on indoor UAV datasets, simulation environments and real-world drone experiments in terms of accuracy and time-efficiency. In addition, the comparison of IMU-LSTM and IMU-Filter based pose estimators is also provided by a detailed analysis. Experimental results show that the proposed filter-based approach combined with a DL approach has promising performance in terms of accuracy and time efficiency in indoor localization of UAVs.",,,,,,,,,31,0,0,0,0,0,32,1,53,2169-3536,,,,,,,,,,,,,,,2021-02-08,WOS:000609804600001,,
