id,pdf_present,title,doi,year,source,authors,abstract,doc_type,db,_also_in,decision,confidence,triggered_criteria,reasoning,flag
P0446,False,Edge Computing for Visual Navigation and Mapping in a UAV Network,10.1109/icc40277.2020.9149087,2020,ICC 2020 - 2020 IEEE International Conference on Communications (ICC),M. A. Messous; H. Hellwagner; S. -M. Senouci; D. Emini; D. Schnieders,"This research work presents conceptual considerations and quantitative evaluations into how integrating computation offloading to edge computing servers would offer a paradigm shift for an effective deployment of autonomous drones. The specific mission that has been considered is collaborative autonomous navigation and mapping in a 3D environment of a small drone network. Specifically, in order to achieve this mission, each drone is required to compute a low latency, highly compute intensive task in a timely manner. The proposed model decides for each task, while considering the impact on performance and mission requirements, whether to (i) compute locally, (ii) offload to the edge server, or (iii) to the ground station. Extensive simulation work was performed to assess the effectiveness of the proposed scheme compared to other models.",IEEE Conferences,ieee,,EXCLUDE,high,EXC-7,"Computation offloading and edge computing architecture for UAV networks, treating navigation and mapping as downstream applications rather than contributing algorithmic advances to VIO itself.",
P0108,True,Visual Inertial Navigation for a Small UAV Using Sparse and Dense Optical Flow,10.1109/reduas47371.2019.8999672,2019,"2019 International Workshop on Research, Education and Development on Unmanned Aerial Systems, RED-UAS 2019",Fanin F.; Hong J.-H.,There has been a recent surge in interest regarding small Unmanned Aerial Vehicles (UAV) that operate in indoor environments. A crucial part of such platforms is the navigation system that allows them to navigate in Global Navigation Satellite System (GNSS) denied environments. The two objectives of this work were to develop an Optical Flow (OF) based method for navigation and a high-fidelity simulation for testing and verification. This paper presents the Visual-Inertial Navigation System (VINS) developed that utilises sparse and dense Optical Flow patterns within an Extended Kalman Filter (EKF) framework for autonomous navigation in GNSS denied environments. The principal novelty is the use of dense Optical Flow measurements to estimate the velocity of the UAV. © 2019 IEEE.,Conference paper,scopus,ieee; wos,INCLUDE,high,INC-1|INC-2|INC-3|INC-6,"Paper presents a Visual-Inertial Navigation System (VINS) that fuses optical flow with inertial data using EKF (INC-1), explicitly targets small UAVs (INC-2), and addresses GNSS-denied environments (INC-6).",
P0216,True,Visual-Inertial Image-Odometry Network (VIIONet): A Gaussian process regression-based deep architecture proposal for UAV pose estimation,10.1016/j.measurement.2022.111030,2022,Measurement: Journal of the International Measurement Confederation,Aslan M.F.; Durdu A.; Sabanci K.,"This study estimates the pose of Unmanned Aerial Vehicle (UAV) through artificial intelligence-based approaches and combines visual-inertial information in a different way than previous studies. For an effective fusion, the inertial data between both frames is normalized after denoising with the Savitzky-Golay technique and finally converted from numerical value to image. To strengthen these inertial image features with the change of motion between two frames, frames of Optical Flow (OF) are obtained and OF frames are combined with inertial images. Simultaneously, a parallel thread combines this OF frame with two consecutive raw frames. After features are extracted from inertial and camera data via Inception-v3, these features are fused and actual UAV poses are estimated via Gaussian Process Regression (GPR). Thanks to the smoothing process applied to these estimated values, a more stable pose estimation is provided. This proposed method is applied to the EuRoC dataset and our dataset produced in the Gazebo environment. The pose estimation results reveal that the proposed method has high performance compared to many previous studies. © 2022 Elsevier Ltd",Article,scopus,wos,INCLUDE,high,INC-1|INC-2|INC-3|INC-5|INC-6,"Abstract clearly describes a VIO system that fuses visual and inertial data (INC-1) for UAV pose estimation (INC-2), addresses robustness through AI-based approaches and is tested on challenging datasets (INC-6).",
P0589,True,A Quadrotor Autonomous System for Warehouse Inspection: An Integrated Approach of Perception-Control-Planning,10.1109/peeec67807.2025.00048,2025,"2025 International Conference on Power, Electrical Engineering, Electronics and Control (PEEEC)",Q. Liao,"This paper presents a tightly integrated perception-control-planning framework for autonomous quadrotor-based warehouse inspection. The perception module utilizes a lightweight VIO-SLAM pipeline, enhanced with semantic mapping, UWB fusion, and structural priors, to ensure robust localization in long, low-feature aisles while supporting multimodal inventory identification through barcode/OCR detection and RFID-based fusion. The control module employs a cascaded architecture that combines geometric outer-loop trajectory tracking with high-rate inner-loop attitude stabilization, augmented with disturbance estimation and safety-aware projection to guarantee stability and maneuverability in narrow, cluttered environments. The planning module utilizes corridor-based topological graphs and ESDF maps, introducing region-constrained D-JPS for global coverage planning and dynamic-resolution DVR-VFH+ for local obstacle avoidance. Executable trajectories are generated as minimum-snap splines, with mission-level logic for viewpoint-aware scheduling and uncertainty management. The system was validated through simulations in a ROS + PX4-SITL + Gazebo environment. Compared to baseline methods, D-JPS reduced average path length by 9.4 %, node count by 42 %, and improved path smoothness by 17 %. DVR-VFH+ demonstrated greater stability in dynamic and constrained environments. The UAV maintained altitude deviations within $\pm 0.05 ~\mathrm{m}$ and a minimum obstacle clearance of $\geq 0.4 ~\mathrm{m}$, achieving a 100 % success rate on all configured missions. These results confirm the proposed framework enables accurate, efficient, and safe autonomous inspection in challenging GPS-denied warehouse environments, offering a transferable architecture for future real-world deployment.",IEEE Conferences,ieee,,INCLUDE,high,INC-1|INC-2|INC-6,"Article reports a VIO-SLAM pipeline for quadrotor perception (INC-1), explicitly targets quadrotor UAV platform (INC-2), and addresses GPS-denied warehouse environments with enhanced robustness features (INC-6).",
P0217,True,SIMSF: A Scale Insensitive Multi-Sensor Fusion Framework for Unmanned Aerial Vehicles Based on Graph Optimization,10.1109/access.2020.3000555,2020,IEEE Access,Dai B.; He Y.; Yang L.; Su Y.; Yue Y.; Xu W.,"Given the payload limitation of unmanned aerial vehicles (UAVs), lightweight sensors such as camera, inertial measurement unit (IMU), and GPS, are ideal onboard measurement devices. By fusing multiple sensors, accurate state estimations can be achieved. Robustness against sensor faults is also possible because of redundancy. However, scale estimation of visual systems (visual odometry or visual inertial odometry, VO/VIO) suffers from sensor noise and special-case movements such as uniform linear motion. Thus, in this paper, a scale insensitive multi-sensor fusion (SIMSF) framework based on graph optimization is proposed. This framework combines the local estimation of the VO/VIO and global sensors to infer the accurate global state estimation of UAVs in real time. A similarity transformation between the local frame of the VO/VIO and the global frame is estimated by optimizing the poses of the most recent UAV states. In particular, for VO, an initial scale is estimated by aligning the VO with the IMU and GPS measurements. Moreover, a fault detection method for VO/VIO is also proposed to enhance the robustness of the fusion framework. The proposed methods are tested on a UAV platform and evaluated in several challenging environments. A comparison between our results and the results from other state-of-the-art algorithms demonstrate the superior accuracy, robustness, and real-time performance of our system. Our work is also a general fusion framework, which can be extended to other platforms as well. © 2013 IEEE.",Article,scopus,ieee; wos,INCLUDE,high,INC-1|INC-2|INC-3|INC-6,"Article clearly presents a VIO system fusing camera and IMU data (INC-1) explicitly targeting UAVs (INC-2), addresses challenging environments and robustness (INC-6), and is published in IEEE Access (INC-3).",
P0453,False,"LIDAR-based Stabilization, Navigation and Localization for UAVs Operating in Dark Indoor Environments",10.1109/icuas51884.2021.9476837,2021,2021 International Conference on Unmanned Aircraft Systems (ICUAS),M. Petrlík; T. Krajník; M. Saska,"Autonomous operation of UAVs in a closed environment requires precise and reliable pose estimate that can stabilize the UAV without using external localization systems such as GNSS. In this work, we are concerned with estimating the pose from laser scans generated by an inexpensive and lightweight LIDAR. We propose a localization system for lightweight (under 200 g) LIDAR sensors with high reliability in arbitrary environments, where other methods fail. The general nature of the proposed method allows deployment in wide array of applications. Moreover, seamless transitioning between different kinds of environments is possible. The advantage of LIDAR localization is that it is robust to poor illumination, which is often challenging for camera-based solutions in dark indoor environments and in the case of the transition between indoor and outdoor environment. Our approach allows executing tasks in poorly-illuminated indoor locations such as historic buildings and warehouses, as well as in the tight outdoor environment, such as forest, where vision-based approaches fail due to large contrast of the scene, and where large well-equipped UAVs cannot be deployed due to the constrained space.",IEEE Conferences,ieee,,EXCLUDE,high,EXC-3,"Focuses exclusively on LIDAR-based localization without any mention of camera or inertial sensors, failing to meet INC-1 which requires VIO fusion of both visual and inertial data.",
P0212,False,Visual SLAM for Unmanned Aerial Vehicles: Localization and Perception,10.3390/s24102980,2024,SENSORS,,"Localization and perception play an important role as the basis of autonomous Unmanned Aerial Vehicle (UAV) applications, providing the internal state of movements and the external understanding of environments. Simultaneous Localization And Mapping (SLAM), one of the critical techniques for localization and perception, is facing technical upgrading, due to the development of embedded hardware, multi-sensor technology, and artificial intelligence. This survey aims at the development of visual SLAM and the basis of UAV applications. The solutions to critical problems for visual SLAM are shown by reviewing state-of-the-art and newly presented algorithms, providing the research progression and direction in three essential aspects: real-time performance, texture-less environments, and dynamic environments. Visual-inertial fusion and learning-based enhancement are discussed for UAV localization and perception to illustrate their role in UAV applications. Subsequently, the trend of UAV localization and perception is shown. The algorithm components, camera configuration, and data processing methods are also introduced to give comprehensive preliminaries. In this paper, we provide coverage of visual SLAM and its related technologies over the past decade, with a specific focus on their applications in autonomous UAV applications. We summarize the current research, reveal potential problems, and outline future trends from academic and engineering perspectives.",Review,wos,,EXCLUDE,high,EXC-4,"Explicitly identifies this as a 'survey' that reviews state-of-the-art algorithms and provides coverage over the past decade, which clearly matches EXC-4 (secondary study).",
P0338,True,DeepUKF-VIN: Adaptively-tuned Deep Unscented Kalman Filter for 3D Visual-Inertial Navigation based on IMU-Vision-Net,10.1016/j.eswa.2025.126656,2025,Expert Systems with Applications,Ghanizadegan K.; Hashim H.A.,"This paper addresses the challenge of estimating the orientation, position, and velocity of a vehicle operating in three-dimensional (3D) space with six degrees of freedom (6-DoF). A Deep Learning-based Adaptation Mechanism (DLAM) is proposed to adaptively tune the noise covariance matrices of Kalman-type filters for the Visual-Inertial Navigation (VIN) problem, leveraging IMU-Vision-Net. Subsequently, an adaptively tuned Deep Learning Unscented Kalman Filter for 3D VIN (DeepUKF-VIN) is introduced to utilize the proposed DLAM, thereby robustly estimating key navigation components, including orientation, position, and linear velocity. The proposed DeepUKF-VIN integrates data from onboard sensors, specifically an inertial measurement unit (IMU) and visual feature points extracted from a camera, and is applicable for GPS-denied navigation. Its quaternion-based design effectively captures navigation nonlinearities and avoids the singularities commonly encountered with Euler-angle-based filters. Implemented in discrete space, the DeepUKF-VIN facilitates practical filter deployment. The filter's performance is evaluated using real-world data collected from an IMU and a stereo camera at low sampling rates. The results demonstrate filter stability and rapid attenuation of estimation errors, highlighting its high estimation accuracy. Furthermore, comparative testing against the standard Unscented Kalman Filter (UKF) in two scenarios consistently shows superior performance across all navigation components, thereby validating the efficacy and robustness of the proposed DeepUKF-VIN. © 2025 The Authors",Article,scopus,wos,INCLUDE,high,INC-1|INC-3|INC-4|INC-5|INC-6,"A VIO system (DeepUKF-VIN) that fuses IMU and visual data for navigation, addresses GPS-denied environments, and proposes algorithmic contributions to VIO filtering methods.",Platform type not explicitly stated but 6-DoF navigation and GPS-denied context strongly suggest aerial applications
P0339,True,LGVINS: LiDAR-GPS-Visual and Inertial System Based Multi-Sensor Fusion for Smooth and Reliable UAV State Estimation,10.1109/tiv.2024.3469551,2025,IEEE Transactions on Intelligent Vehicles,Irfan M.; Dalai S.; Trslic P.; Santos M.C.; Riordan J.; Dooly G.,"With the development of Autonomous Unmanned Aerial Vehicle's (UAV's), Precise state estimation is a fundamental aspect of autonomous flight and plays a critical role in enabling robots specially in GPS denied environment to operate safely, reliably, and effectively across a wide range of applications and operational scenarios. In this paper, we propose a tightly-coupled multi-sensor filtering framework for robust UAV/UGV state estimation, which integrates data from an Inertial Measurement Unit (IMU), a stereo camera, GPS, and 3D range measurements from two Light Detection and Ranging (LiDAR) sensors. The proposed LGVINS system significantly improves the accuracy and robustness of state estimation in both structured and unstructured outdoor environments, such as bridge inspections, open fields, urban city and areas near buildings. It also improves positioning accuracy in scenarios with or without GPS signals. The goal is to exploit the fact that these sensor modalities have mutually exclusive strengths, the visual, inertial and the Lidar sensor techniques are implemented to compensate for the robots state estimate errors in multiple outdoor challenging environment. It effectively reduces long-term trajectory drift and ensures smooth, continuous state estimation, regardless of GPS satellite availability. We demonstrate and evaluate the LGVINS approach on public dataset as well as our own dataset collected from the proposed hardware integration on UAV, deployed on computationally-constrained systems. This demonstrates that the proposed system achieves higher accuracy and robustness in state estimation across various environments compared to currently available methods. © 2016 IEEE.",Article,scopus,ieee,INCLUDE,high,INC-1|INC-2|INC-6,"A VIO system (LGVINS) that fuses visual, inertial, LiDAR and GPS data for state estimation (INC-1), explicitly targets UAVs as the primary platform (INC-2).",
P0677,False,A survey of sensors based autonomous unmanned aerial vehicle (UAV) localization techniques,10.1007/s40747-025-01961-2,2025,COMPLEX & INTELLIGENT SYSTEMS,,"Autonomous localization methods for Unmanned Aerial Vehicles (UAVs) have significant application potential in complex environments. This paper presents a comprehensive survey of UAV localization techniques, focusing on both pure vision-based and sensor-assisted approaches. For pure vision-based localization, the survey emphasizes key technologies for feature descriptor generation, advancements in similarity measurement criteria, and optimized computational strategies. The impact of these technologies on improving computational efficiency and localization accuracy. In the context of sensor-assisted multi-source UAV localization, the applications of filtering-based fusion, optimization-based fusion, and deep learning-based fusion methods are discussed. A detailed analysis demonstrates the advantages of multi-modal data fusion in improving robustness and accuracy. Despite significant progress in localization accuracy and adaptability to complex environments, challenges remain in adapting to low-texture environments, optimizing fusion strategies, and addressing computational resource limitations. Finally, the paper discusses future directions for the research and implementation of UAV autonomous localization methods.",Article,wos,,EXCLUDE,high,EXC-4,"This is explicitly a comprehensive survey paper as stated in the abstract, which falls under EXC-4 as a secondary study.",
P0221,False,Data Fusion Approach for Unmodified UAV Tracking with Vision and mmWave Radar,10.1109/icuas65942.2025.11007835,2025,"2025 International Conference on Unmanned Aircraft Systems, ICUAS 2025",Amaral G.; Martins J.J.; Martins P.; Dias A.; Almeida J.; Silva E.,"The knowledge of the precise 3D position of a target in tracking applications is a fundamental requirement. The lack of a low-cost single sensor capable of providing the three-dimensional position (of a target) makes it necessary to use complementary sensors together. This research presents a Local Positioning System (LPS) for outdoor scenarios, based on a data fusion approach for unmodified UAV tracking, combining a vision sensor and mmWave radar. The proposed solution takes advantage of the radar's depth observation ability and the potential of a neural network for image processing. We have evaluated five data association approaches for radar data cluttered to get a reliable set of radar observations. The results demonstrated that the estimated target position is close to an exogenous ground truth obtained from a Visual Inertial Odometry (VIO) algorithm executed onboard the target UAV. Moreover, the developed system's architecture is prepared to be scalable, allowing the addition of other observation stations. It will increase the accuracy of the estimation and extend the actuation area. To the best of our knowledge, this is the first work that uses a mmWave radar combined with a camera and a machine learning algorithm to track a UAV in an outdoor scenario.  © 2025 IEEE.",Conference paper,scopus,ieee; wos,EXCLUDE,high,EXC-7,A tracking system that uses VIO only as an external ground truth reference ('exogenous ground truth obtained from a Visual Inertial Odometry (VIO) algorithm executed onboard the target UAV').,
P0010,True,An Autonomous Visual-Inertial-Based Navigation System for Quadrotor,10.1007/978-981-15-8458-9_43,2021,Lecture Notes in Electrical Engineering,Zhao S.; Li R.; Shi Y.; Li H.,"In this paper, we present a practical autonomous navigation system based on the visual-inertial of a quadrotor. Due to the practical engineering requirement of improving the applicability of the advanced visual-inertial navigation fusion algorithm and 3D mapping algorithm, we realize the on-line 3D trajectory planning and tracking control algorithm with full consideration of UAV dynamics design, and finally complete the quadrotor autonomous navigation system consisting of UAV, upper computer and other software and hardware components. The feasibility is verified by actual flight experiments. The results show that the quadrotor autonomous navigation system can achieve high-precision positioning, online 3D reconstruction and dynamic autonomous navigation in a complex unknown environment without GPS. The system has good accuracy and robustness in real-time, which provides a strong technical support for the subsequent expansion of platform function. © 2021, The Editor(s) (if applicable) and The Author(s), under exclusive license to Springer Nature Singapore Pte Ltd.",Conference paper,scopus,wos,INCLUDE,high,INC-1|INC-2|INC-6,"Article presents a visual-inertial navigation system (INC-1) for quadrotor UAV (INC-2), tested in GPS-denied complex environments demonstrating robustness criteria (INC-6).",
P0439,False,Depth-based Deep Learning for Manhole Detection in UAV Navigation,10.1109/ist55454.2022.9827720,2022,2022 IEEE International Conference on Imaging Systems and Techniques (IST),R. E. Andersen; M. Zajaczkowski; H. Jaiswal; J. Xu; W. Fan; E. Boukas,"Drones navigating in dark, GPS-denied and confined spaces can pose a difficult challenge due to, among other, the processing power required to maintain a high resolution map of the environment. This is specifically challenging when the drone has to fly through narrow spaces where a low resolution voxel representation can result in failure to find viable trajectories. Drawing inspiration from the Inspectrone Project, which deals with the inspection of large marine vessels for classification processes, in this paper we propose using a deep learning model to detect manholes relying only on a depth image. We investigate different sizes of networks in an attempt to provide an adequate accuracy while maintain a low computational load, suitable for drone implementation on a parallel processing co-processor. With an end goal to be able to accurately and robustly traverse the ballast tanks of the aforementioned vessels, we employ a temporal filter to increase the robustness and limit sensitivity to false positives by requiring multiple detections within a timeframe before the final location of the manhole is confirmed to be valid. Our results show that using deep learning on depth images is a feasible way to achieve a scene texture-agnostic solution for the detection the manholes. Our approach is successfully demonstrated by flying through a 1: 1 size standard manhole found on marine vessel.",IEEE Conferences,ieee,,EXCLUDE,high,EXC-7,Manhole detection using deep learning on depth images for higher-level navigation applications.,Scene understanding/object detection application rather than VIO development
P0340,True,UVIO: An UWB-Aided Visual-Inertial Odometry Framework with Bias-Compensated Anchors Initialization,10.1109/iros55552.2023.10342012,2023,IEEE International Conference on Intelligent Robots and Systems,Delama G.; Shamsfakhr F.; Weiss S.; Fontanelli D.; Fomasier A.,"This paper introduces UVIO, a multi-sensor framework that leverages Ultra Wide Band (UWB) technology and Visual-Inertial Odometry (VIO) to provide robust and low-drift localization. In order to include range measurements in state estimation, the position of the UWB anchors must be known. This study proposes a multi-step initialization procedure to map multiple unknown anchors by an Unmanned Aerial Vehicle (UAV), in a fully autonomous fashion. To address the limitations of initializing UWB anchors via a random trajectory, this paper uses the Geometric Dilution of Precision (GDOP) as a measure of optimality in anchor position estimation, to compute a set of optimal waypoints and synthesize a trajectory that minimizes the mapping uncertainty. After the initialization is complete, the range measurements from multiple anchors, including measurement biases, are tightly integrated into the VIO system. While in range of the initialized anchors, the VIO drift in position and heading is eliminated. The effectiveness of UVIO and our initialization procedure has been validated through a series of simulations and real-world experiments. © 2023 IEEE.",Conference paper,scopus,ieee; wos,INCLUDE,high,INC-1|INC-2|INC-3|INC-4|INC-5|INC-6,"UVIO, a visual-inertial odometry system that fuses camera and IMU data (INC-1) for UAV navigation (INC-2), addressing GNSS-denied environments and drift reduction (INC-6).",
P0454,False,Real-Time Onboard UAV Target Detection and Localization for Swarms in Denied Environments,10.1109/leficlu65987.2025.11297347,2025,2025 Low-Altitude Economy Forum & International Conference on Low-Altitude Flight Technology and Unmanned Aerial Vehicle Application (LEF & ICLU),S. Zhang; H. Yi; Z. Yang; Y. Zhao,"This paper presents a real-time onboard UAV detection and localization system designed for swarm operations in GNSS- and communication-denied environments. The system integrates a lightweight YOLOv5-Ghost detector with an RGB-D camera to achieve accurate 3D position estimation of neighboring UAVs without external infrastructure. Extensive indoor experiments with two UAV types demonstrate that the system provides reliable localization and real-time performance in close-range scenarios. The method enables practical swarm collision avoidance and formation control. However, when targets are farther from the camera, distance estimation becomes less reliable and missed detections are more likely. This limitation, along with challenges from adverse lighting and occlusion, constrains the effective operating range of the system. The approach supports robust multi-UAV operations under denied environments, and future work will address autonomous navigation, large-scale field deployment, and adaptation to more diverse scenarios.",IEEE Conferences,ieee,,EXCLUDE,high,EXC-7,"UAV detection and localization for swarm operations using YOLOv5-Ghost detector with RGB-D camera, but does not mention any VIO fusion of visual and inertial data for pose estimation.","Target detection system for swarms, not VIO development"
P0223,False,Kinematically-Constrained Joint Pose Estimation of a UAS and Non-Cooperative Moving Platform,10.2514/6.2026-2173,2026,"AIAA Science and Technology Forum and Exposition, AIAA SciTech Forum 2026",Iyer V.V.; Johnson E.N.,"This work presents a Kinematically-Constrained VIO (KC-VIO) framework for jointly estimating the pose of an Uncrewed Aerial System (UAS) and a non-cooperative moving platform in GPS-denied environments. While standard Visual-Inertial Odometry (VIO) approaches model targets as unconstrained point masses governed by Random Walk (RW) processes, these models fail to capture physical motion constraints, leading to inconsistent state estimates and heading drift. To address this limitation, we fuse stereo vision and inertial measurements within an Extended Kalman Filter (EKF) that incorporates a kinematic bicycle model of the platform. By introducing a novel steering-angle state, we explicitly enforce non-holonomic constraints (zero side-slip) and couple the target’s linear and angular velocities, effectively constraining the evolution of the relative heading without requiring external global measurements. The formulation leverages both stationary and platform-based visual features and accounts for the cross-covariance between UAS and platform errors. Evaluation using real-world flight data demonstrates that, compared to standard Random Walk and simple Non-Holonomic Constraint models, the proposed kinematic formulation significantly reduces relative heading error and improves estimator consistency. © 2025, American Institute of Aeronautics and Astronautics Inc, AIAA. All rights reserved.",Conference paper,scopus,,INCLUDE,high,INC-1|INC-2,Paper presents a VIO framework that fuses stereo vision and inertial measurements (INC-1) for an Uncrewed Aerial System (UAS) operating in GPS-denied environments (INC-2).,
P0341,True,Deployment of Reliable Visual Inertial Odometry Approaches for Unmanned Aerial Vehicles in Real-world Environment,10.1109/icuas54217.2022.9836067,2022,"2022 International Conference on Unmanned Aircraft Systems, ICUAS 2022",Bednar J.; Petrlik M.; Vivaldini K.C.T.; Saska M.,"Integration of Visual Inertial Odometry (VIO) methods into a modular control system designed for deployment of Unmanned Aerial Vehicles (UAVs) and teams of cooperating UAVs in real-world conditions are presented in this paper. Reliability analysis and fair performance comparison of several methods integrated into a control pipeline for achieving full autonomy in real conditions is provided. Although most VIO algorithms achieve excellent localization precision and negligible drift on artificially created datasets, the aspects of reliability in non-ideal situations, robustness to degraded sensor data, and the effects of external disturbances and feedback control coupling are not well studied. These imperfections, which are inherently present in cases of real-world deployment of UAVs, negatively affect the ability of the most used VIO approaches to output a sensible pose estimation. We identify the conditions that are critical for a reliable flight under VIO localization and propose workarounds and compensations for situations in which such conditions cannot be achieved. The performance of the UAV system with integrated VIO methods is quantitatively analyzed w.r.t. RTK ground truth and the ability to provide reliable pose estimation for the feedback control is demonstrated onboard a UAV that is tracking dynamic trajectories under challenging illumination.  © 2022 IEEE.",Conference paper,scopus,ieee; wos,INCLUDE,high,INC-1|INC-2|INC-3|INC-6,"Article clearly addresses VIO integration (INC-1) for UAVs (INC-2), focuses on real-world robustness challenges including degraded sensor data and challenging illumination (INC-6).",
P0455,True,UAV state and parameter estimation in wind using calibration trajectories optimized for observability,10.23919/acc50511.2021.9482853,2021,2021 American Control Conference (ACC),A. Shastry; D. A. Paley,"This letter develops a framework for online state, parameter, and wind estimation for a UAV equipped with an Inertial Measurement Unit (IMU) and a ground-velocity sensor, such as visual- or lidar-based odometry. Thrust and moment control inputs are used to steer the process model and the ground-velocity and IMU measurements are assimilated by a square-root unscented Kalman filter containing 23 states, 12 of which are constant parameters. Additionally, we characterize the system's observability and design optimal calibration trajectories to maximize observability of the model parameters. Simulations show the improvements obtained in tracking performance by coupling the estimation framework with a standard model-based controller. By estimating unsteady winds, the onboard controller's gust rejection improves.",IEEE Conferences,ieee,,INCLUDE,high,INC-1|INC-2,"Article describes a state estimation framework for UAVs that fuses IMU and ground-velocity sensor data (visual or lidar odometry), satisfying INC-1 for VIO fusion and INC-2 for aerial platform.",
P0401,True,Low Latency Visual Inertial Odometry With On-Sensor Accelerated Optical Flow for Resource-Constrained UAVs,10.1109/jsen.2024.3406948,2025,IEEE SENSORS JOURNAL,,"Visual inertial odometry (VIO) is the task of estimating the movement trajectory of an agent from an onboard camera stream fused with additional inertial measurement unit (IMU) measurements. A crucial subtask within VIO is the tracking of features, which can be achieved through optical flow (OF). As the calculation of OF is a resource-demanding task in terms of computational load and memory footprint, which needs to be executed at low latency, especially in robotic applications, OF estimation is today performed on powerful CPUs or GPUs. This restricts its use in a broad spectrum of applications where the deployment of such powerful, power-hungry processors is unfeasible due to constraints related to cost, size, and power consumption. On-sensor hardware acceleration is a promising approach to enable low latency VIO even on resource-constrained devices such as nano drones. This article assesses the speed-up in a VIO sensor system exploiting a compact OF sensor consisting of a global shutter camera and an application-specific integrated circuit (ASIC). By replacing the feature tracking logic of the VINS-Mono pipeline with data from this OF camera, we demonstrate a 49.4% reduction in latency and a 53.7% reduction of compute load of the VIO pipeline over the original VINS-Mono implementation, allowing VINS-Mono operation up to 50 FPS instead of 20 FPS on the quad-core ARM Cortex-A72 processor of a Raspberry Pi Compute Module 4.",Article,wos,,INCLUDE,high,INC-1|INC-2|INC-6,"Paper clearly describes VIO system fusing camera and IMU data (INC-1), explicitly targets nano drones and UAVs (INC-2), and addresses computational efficiency for resource-constrained platforms (INC-6).",
P0342,False,DIVE: Deep Inertial-Only Velocity Aided Estimation for Quadrotors,10.1109/lra.2024.3370006,2024,IEEE Robotics and Automation Letters,Bajwa A.; Cossette C.C.; Shalaby M.A.; Forbes J.R.,"This letter presents a novel deep-learning-based solution to the problem of quadrotor inertial navigation. Visual-inertial odometry (VIO) is often used for quadrotor pose estimation, where an inertial measurement unit (IMU) provides a motion prior. When VIO fails, IMU dead reckoning is often used, which quickly leads to significant pose estimation drift. Learned inertial odometry leverages deep learning and model-based filtering to improve upon dead reckoning. Efforts for quadrotors, however, rely on sensors other than, or in addition to, an IMU, or have only been proven on a specific set of trajectories. The proposed generalizable approach regresses a 3D velocity estimate from only a history of IMU measurements, and the learned outputs are applied as a correction to an on-manifold Extended Kalman Filter. The proposed algorithm is shown to be superior to the state-of-the-art in learned inertial odometry. A 42% improvement in localization accuracy is shown over the state-of-the-art on an in-distribution testing set, and a 22% improvement is shown on an out-of-distribution testing set. Additionally, the proposed algorithm shows a 43% improvement over dead reckoning in VIO failure scenarios.  © 2016 IEEE.",Article,scopus,,EXCLUDE,high,EXC-3,"'inertial-only' navigation using only IMU measurements without visual components, which violates INC-1 requiring VIO fusion of both visual and inertial data.",
P0013,False,Cooperative UWB-based localization for outdoors positioning and navigation of UAVs aided by ground robots,10.1109/icas49788.2021.9551177,2021,"ICAS 2021 - 2021 IEEE International Conference on Autonomous Systems, Proceedings",Xianjia Y.; Qingqing L.; Queralta J.P.; Heikkonen J.; Westerlund T.,"Unmanned aerial vehicles (UAVs) are becoming largely ubiquitous with an increasing demand for aerial data. Accurate navigation and localization, required for precise data collection in many industrial applications, often relies on RTK GNSS. These systems, able of centimeter-level accuracy, require a setup and calibration process and are relatively expensive. This paper addresses the problem of accurate positioning and navigation of UAVs through cooperative localization. Inexpensive ultra-wideband (UWB) transceivers installed on both the UAV and a support ground robot enable centimeter-level relative positioning. With fast deployment and wide setup flexibility, the proposed system is able to accommodate different environments and can also be utilized in GNSS-denied environments. Through extensive simulations and test fields, we evaluate the accuracy of the system and compare it to GNSS in urban environments where multipath transmission degrades accuracy. For completeness, we include visual-inertial odometry in the experiments and compare the performance with the UWB-based cooperative localization. © 2021 IEEE.",Conference paper,scopus,ieee,EXCLUDE,high,EXC-7,UWB-based cooperative localization between UAVs and ground robots as the primary contribution.,
P0064,False,Autonomous robotic drone system for mapping forest interiors,10.5194/isprs-archives-xlviii-2-2024-167-2024,2024,"MID-TERM SYMPOSIUM THE ROLE OF PHOTOGRAMMETRY FOR A SUSTAINABLE WORLD, VOL. 48-2",,"During the last decade, the use of drones in forest monitoring and remote sensing has become highly popular. While most of the monitoring tasks take place in high altitudes and open air, in the last few years drones have also gained interest in under-canopy data collection. However, flying under the forest canopy is a complex task since the drone can not use Global Navigation Satellite Systems (GNSS) for positioning and it has to continually avoid obstacles, such as trees, branches, and rocks, on its path. For that reason, drone-based data collection under the forest canopy is still mainly based on manual control by human pilots. Autonomous flying in GNSS-denied obstacle-rich environment has been an actively researched topic in the field of robotics during the last years and various open-sourced methods have been published in the literature. However, most of the research is done purely from the point-of-view of robotics and only a few studies have been published in the boundary of forest sciences and robotics aiming to take steps towards autonomous forest data collection. In this study, a prototype of an autonomous under-canopy drone is developed and implemented utilizing state-of-the-art open-source methods. The prototype is utilizing the EGO-Planner-v2 trajectory planner for autonomous obstacle avoidance and VINS-Fusion for Visual-inertial-odometry based GNSS-free pose estimation. The flying performance of the prototype is evaluated by performing multiple test flights with real hardware in two different boreal forest test plots with medium and difficult densities. Furthermore, the first results of the forest data collecting performance are obtained by post-processing the data collected with a low-cost stereo camera during one test flight to a 3D point cloud and by performing diameter breast at height (DBH) estimation. In the medium-density forest, all seven test flights were successful, but in the difficult test forest, one of eight test flights failed. The RMSE of the DBH estimation was 3.86 cm (12.98 %).",Proceedings Paper,wos,,EXCLUDE,high,EXC-7,Applies existing VIO system (VINS-Fusion) without modification as a black-box component for forest mapping application.,
P0459,True,Towards UAV-Based Absolute Hierarchical Localization in Confined Spaces,10.1109/ssrr50563.2020.9292616,2020,"2020 IEEE International Symposium on Safety, Security, and Rescue Robotics (SSRR)",R. Y. Brogaard; M. Zajaczkowski; L. Kovac; O. Ravn; E. Boukas,"To perform safe, autonomous, visual inspections of maritime vessels, accurate and lightweight localization of UAVs in dark and confined areas is required. Such visual inspections are performed by expert surveyors, periodically, and aim at the classification of the vessel by identifying defect locations within the frames of the ship. The paper at hand presents our initial efforts in absolute localization as a solution to the aforementioned problems using a UAV. Employing a combination of Visual Inertial Odmetry and detection of existing known structural 3D landmarks, an absolute and hierarchical localization system is created. With this approach there is no need for detailed maps of the environment, but only high level information -i.e. few landmark points- from the structural drawings of the ship. The system is tested within a mock-up model of a topside water ballast tank and its localization is compared to a groundtruth, which is estimated based on ArUco markers mounted on the walls inside the model. Our initial results indicate that using geometric landmarks, extracted from vessel designs, greatly benefit the UAV localization accuracy as well as the localization of defects with regards to the vessel body frame.",IEEE Conferences,ieee,,INCLUDE,high,INC-1|INC-2|INC-6,A VIO system combining Visual Inertial Odometry with landmark detection for UAV localization.,
P0676,True,A UAV-based explore-then-exploit system for autonomous indoor facility inspection and scene reconstruction,10.1016/j.autcon.2023.104753,2023,AUTOMATION IN CONSTRUCTION,,"Traditional indoor facility inspections on pipelines and boilers are conducted manually and can be logistically challenging, labor-intensive, costly, and dangerous for the inspectors. With the maturity of unmanned technology, the unmanned aerial vehicle (UAV) is becoming a promising alternative to the problematic manual inspection. However, due to the lack of GPS signal indoor, the localization of UAVs is a big challenge to achieve fully autonomous inspection. Moreover, the narrow and complex indoor environment makes it difficult to guarantee flight safety. This paper presents a UAV-based explore-then-exploit system to tackle these problems for autonomous indoor facility data collection and scene reconstruction. The proposed system consists of a hardware description and integration of two UAVs, a two-step simultaneous localization and mapping (SLAM) method for UAV localization and 3D environmental mapping, a safety-guaranteed coverage path planning algorithm for inspection and data collection, as well as an obstacle-aware trajectory generation method. The proposed system is examined in GPS-denied and cluttered indoor environment and 3D scene reconstruction is conducted. The quantitative analysis shows that the positioning accuracy is centimeter -level and the reconstruction error is within 3 cm. The performance analysis demonstrates the robustness and feasibility of our system in reconstructing and inspecting complex indoor environments for high-efficiency and low-cost facility management.",Article,wos,,UNCERTAIN,medium,INC-1,SLAM for UAV localization but does not explicitly specify whether this involves visual-inertial fusion (INC-1).,SLAM method not specified as visual-inertial - could be LiDAR-based or other modality
P0225,True,Loose Coupled Initialization Method for Visual Inertial Navigation in Outdoor Low Altitude Flight Environment,10.1109/icrae53653.2021.9657780,2021,"2021 6th International Conference on Robotics and Automation Engineering, ICRAE 2021",Wang Y.; Yang C.; Zhang C.,"In the outdoor low altitude flight environment, the inertial navigation self-alignment initialization method is difficult to apply to the dynamic environment, since the non-autonomous alignment method is not accurate in the case with large misalignment angles, and the method of using visual-information-assisted inertial navigation system initialization relies on the horizon extraction algorithm or the advance deployment of artificial landmarks, which is not flexible enough. To solve the problems above, a loose coupled inertial navigation system initialization method is proposed aided by visual information. First, the feature points are segmented into sky end and ground end at the vision front end. And the camera poses in the camera coordinate system are calculated using the visual structure from motion. Then the camera poses and the re-integration of acceleration and angular velocity measurements are aligned to obtain the initialized poses. The performance of our algorithm is verified by performing a low altitude flight simulation in three cases with a semi-physical simulation system.  © 2021 IEEE.",Conference paper,scopus,ieee,INCLUDE,high,INC-1|INC-2|INC-3|INC-4|INC-5|INC-6,"A VIO system that fuses visual information with inertial navigation (INC-1) for outdoor low altitude flight environments, clearly targeting aerial platforms (INC-2).",
P0110,False,Multi-physics and Multi-spectral Sensors Simulator for Autonomous Flight Functions Development,10.1007/978-3-031-71397-2_9,2025,Lecture Notes in Computer Science (including subseries Lecture Notes in Artificial Intelligence and Lecture Notes in Bioinformatics),Baiguera M.; Ciarambino M.,"In the context of Leonardo-LABS research on autonomous and intelligent systems a prototyping simulation stack has been recently settled to allow the development of core autonomy functions for future Leonardo rotary wing unmanned platforms. In order to increase the safety and reliability of UAV(s) some requirements, shared among all Leonardo-LHD platforms, have been identified as key enablers for future autonomous flight. This lead the selection of the 4 streams currently under development: GOA (Ground Object Awareness), ATA (Air Traffic Awareness), ATOL(Autonomous Take-Off and Landing) and ANav (Alternative/ GNSS-denied navigation). The proposed simulation solution relies on Ansys®AVxcelerate for simulating sensors output subsequently interfaced to a widely diffused robotic middle-ware (ROS2) allowing a rapid development of perception pipelines heading to a full SIL capability and to test algorithms under one-to-one correspondence with real sensors output. In this work the overall software architecture will be discussed together with the integration into the simulation of a UAV’s flight dynamic and IMU models. Such integration makes use of the Bullet Physics C++ SDK and leverages the above mentioned connection with the ROS2 stack. AVxcelerate has been recently adopted in the automotive industry for supporting autonomous car development as it allows to model and simulate multiple sensors like visible-cameras, LWIR-cameras, various LiDAR models (both flashing and rotating) and mmWave array radars. Moreover among the most advantageous features of Ansys solution there is the capability of modeling the interaction of the light’s spectrum with matter and the possibility of quickly and effectively set sensors properties (cameras optics, radar antennas, LiDAR rays geometry and mechanical behavior, etc.). In the last section of this work will be also presented the so called visual-inertial navigation case of study (belonging to the ANav set of autonomy functions). It will be shown how we are currently addressing the navigation problem of a UAV via a monocular visible camera and IMU system relying on simulated data and will be shown how the problem is addressed leveraging the software architecture and multi-physic and multi-spectral modeling described in this work. © The Author(s), under exclusive license to Springer Nature Switzerland AG 2025.",Conference paper,scopus,wos,EXCLUDE,high,EXC-7,This is a simulator/software architecture paper focused on simulation tools and platforms for autonomous flight development.,Borderline case - mentions VIO case study but core contribution is simulation platform
P0226,True,Uncrewed system localization using deliberate thermal features,10.1117/12.3053910,2025,Proceedings of SPIE - The International Society for Optical Engineering,Smith M.; Eubanks B.; Tsengouras T.; Macdonald R.; Rinartz N.; Sarkar S.; Garcia M.R.,"Although the topic of uncrewed aerial system (UAS) localization has been the subject of intensive research over the past two decades, several challenges remain. One of these challenges is localizing in visually degraded, Global Navigation Satellite System (GNSS)-denied environments, like one might find inside of a smoke filled building or dark underground structure. While visual-inertial odometry approaches are commonly used in situations where GNSS is unavailable, the accuracy and robustness of these methods are hampered in visually degraded environments because the visual features the system uses to estimate motion are partially or completely obscured. To overcome this issue, several research groups are exploring the use of infrared or thermal cameras to detect and track environmental-based thermal features to support localization. While these thermal-inertial odometry (TIO) approaches have had some success, the clarity and trackability of the environmental-based thermal features depend on several factors, including ambient temperature and time of day. As a result, the accuracy and repeatability of traditional TIO solutions may be limited. In this study, we explore adding deliberate thermal fiducials into an environment as a means to generate repeatable TIO results. In this initial, proof-of-concept study, an uncrewed ground vehicle (UGV) is used to deploy thermal markers of known size and shape in an unknown, visually degraded environment while a UAS equipped with a low-cost, infrared camera localizes itself based on these features. We analyze the accuracy of this deliberate thermal-based localization approach and discuss opportunities to expand and extend the research.  © SPIE. Downloading of the abstract is permitted for personal use only.",Conference paper,scopus,,INCLUDE,high,INC-1|INC-2|INC-6,"Article describes thermal-inertial odometry (TIO) that fuses thermal camera data with inertial measurements for UAS localization in GNSS-denied, visually degraded environments, satisfying INC-1, INC-2, and INC-6.",
P0678,False,Adaptive estimation of UAV altitude in complex indoor environments using degraded and time-delayed measurements with time-varying uncertainties,10.1016/j.robot.2022.104315,2023,ROBOTICS AND AUTONOMOUS SYSTEMS,,"A novel approach for robust Unmanned Aerial Vehicle (UAV) altitude estimation relying on laser measurements that is designed for use in complex indoor environments is proposed in this paper. Specifically, we aim to design a system with general usability inside multi-floor buildings. The multi -floor buildings are characterized by areas lacking distinct vertical geometric features to be used as reference by 3D Light Detection and Ranging (LiDAR) localization algorithms, and by areas with either flat floors or limited areas with inconsistent ground elevation. The proposed approach solves the problem of adaptive fusion of data from multiple sources with apriori-unknown confidence dependent on the current environmental properties. Whenever the environment contains enough geometric structure, altitude data from a 3D LiDAR-based Simultaneous Localization and Mapping (SLAM) algorithm are utilized. In environments that are too symmetrical for reliable SLAM operation, the approach relies mostly on measurements from a downward-facing 1D laser rangefinder, while simultaneously detecting inconsistent ground elevation areas. These measurements are fused with barometer data, Inertial Measurement Unit (IMU) data, and information from the UAV position controllers. Furthermore, our approach correctly handles the measurement delay caused by 3D LiDAR data processing that significantly differs from other sensor delays. The performance of the proposed approach has been validated in complex simulations and real-world experiments with the produced altitude estimate utilized in the control loop of the UAV. The proposed approach is released as open-source as part of the MRS UAV System.(c) 2022 Elsevier B.V. All rights reserved.",Article,wos,,EXCLUDE,high,EXC-3,"Altitude estimation using LiDAR, laser rangefinder, barometer, and IMU data, but does not mention visual sensors (cameras) for VIO fusion, failing to meet INC-1.",
P0456,True,Visual-Inertial State-Estimation Using Ground Station for UAV,10.1109/icomet57998.2023.10099145,2023,"2023 4th International Conference on Computing, Mathematics and Engineering Technologies (iCoMET)",A. Khan; H. Ullah; U. Faisal; N. Mazhar; M. Y. Khan,"This paper presents the controller design and visual-inertial state estimation using IMU and camera for the quadrotor's flight. To accomplish this, first, the mathematical modeling of the quadrotor is presented based on Newtonian mechanics. Then a controller is designed that ensures the autonomous flight of the quadrotor. To achieve a high-level practical autonomy, state estimation is the first step. In this regard, vision-only estimation topologies are conventionally used. However, in a few very recent studies visual-inertial combined state estimation methodologies are introduced. In this research, the monocular visual-inertial system (VINS-mono) is utilized to achieve the autonomy of the quadrotor. The approach to employ this algorithm is different from existing work as the authors used offline ground computations that simplify the implementation. The results are presented to solidify the utility of the proposed method.",IEEE Conferences,ieee,,INCLUDE,high,INC-1|INC-2,'This paper presents the controller design and visual-inertial state estimation using IMU and camera for the quadrotor's flight ...,Clear case of applying existing VIO (VINS-mono) without algorithmic contribution.
P0463,False,Odometry with Real-Time Depth Completion for UAV Location in Denied Environment,10.1109/iciea61579.2024.10664784,2024,2024 IEEE 19th Conference on Industrial Electronics and Applications (ICIEA),J. Xiao; Z. Liu; X. Hu; Z. Jia; W. Wang,"With the advent of the information age, the application of unmanned aerial vehicles (UAVs) has become increasingly frequent, and the combat scenarios have become more diverse. How to enable UAVs to achieve precise localization in a denial environment has become a focal point of interest. Consequently, Simultaneous Localization and Mapping (SLAM) technology is widely used on UAVs. Within SLAM technology, depth information provides a critical guarantee for precise localization. Depth completion, as an important issue in computer vision, leverages sparse depth data obtained from sensors and combines it with semantic information provided by color images to acquire dense depth information of the scene. Following this idea, this paper improves a multimodal fusion SLAM algorithm and integrating an improved depth completion algorithm to enhance the localization accuracy of the SLAM system and expand its mapping ability.",IEEE Conferences,ieee,,EXCLUDE,high,EXC-3,"A SLAM algorithm with depth completion but makes no mention of IMU or inertial data fusion, indicating visual-only odometry rather than VIO.",
P0345,True,Dense visual-inertial navigation system for mobile robots,10.1109/icra.2015.7139554,2015,Proceedings - IEEE International Conference on Robotics and Automation,Omari S.; Bloesch M.; Gohl P.; Siegwart R.,"Real-time dense mapping and pose estimation is essential for a wide range of navigation tasks in mobile robotic applications. We propose an odometry and mapping system that leverages the full photometric information from a stereo-vision system as well as inertial measurements in a probabilistic framework while running in real-time on a single low-power Intel CPU core. Instead of performing mapping and localization on a set of sparse image features, we use the complete dense image intensity information in our navigation system. By incorporating a probabilistic model of the stereo sensor and the IMU, we can robustly estimate the ego-motion as well as a dense 3D model of the environment in real-time. The probabilistic formulation of the joint odometry estimation and mapping process enables to efficiently reject temporal outliers in ego-motion estimation as well as spatial outliers in the mapping process. To underline the versatility of the proposed navigation system, we evaluate it in a set of experiments on a multi-rotor system as well as on a quadrupedal walking robot. We tightly integrate our framework into the stabilization-loop of the UAV and the mapping framework of the walking robot. It is shown that the dense framework exhibits good tracking and mapping performance in terms of accuracy as well as robustness in scenarios with highly dynamic motion patterns while retaining a relatively small computational footprint. This makes it an ideal candidate for control and navigation tasks in unstructured GPS-denied environments, for a wide range of robotic platforms with power and weight constraints. The proposed framework is released as an open-source ROS package. © 2015 IEEE.",Conference paper,scopus,ieee,INCLUDE,high,INC-1|INC-2|INC-3|INC-5|INC-6,"Clear VIO system fusing stereo vision and IMU (INC-1), explicitly evaluated on multi-rotor UAV (INC-2), targets GPS-denied environments and dynamic motion with computational efficiency (INC-6).",
P0689,False,Survey on Localization Systems and Algorithms for Unmanned Systems,10.1142/s230138502150014x,2021,UNMANNED SYSTEMS,,"Intelligent unmanned systems have important applications, such as pesticide-spraying in agriculture, robot-based warehouse management systems, and missile-firing drones. The underlying assumption behind all autonomy is that the agent knows its relative position or egomotion with respect to some reference or scene. There exist thousands of localization systems in the literature. These localization systems use various combinations of sensors and algorithms, such as visual/visual-inertial SLAM, to achieve robust localization. The majority of the methods use one or more sensors from LIDAR, camera, IMU, UWB, GPS, compass, tracking system, etc. This survey presents a systematic review and analysis of published algorithms and techniques chronologically, and we introduce various highly impactful works. We provide insightful investigation and taxonomy on sensory data forming principle, feature association principle, egomotion estimation formation, and fusion model for each type of system. At last, some open problems and directions for future research are also included. We aim to survey the literature comprehensively to provide a complete understanding of localization methodologies, performance, advantages and limitations, and evaluations of various methods, shedding some light for future research.",Article,wos,,EXCLUDE,high,EXC-4,"This is explicitly identified as a 'survey' and 'systematic review' in both the title and abstract, which falls under EXC-4 as a secondary study.",
P0228,True,Accurate IMU Factor Using Switched Linear Systems for VIO,10.1109/tie.2020.3000097,2021,IEEE Transactions on Industrial Electronics,Henawy J.; Li Z.; Yau W.-Y.; Seet G.,"Accurate motion estimation plays a crucial role in state estimation of an unmanned aerial vehicle (UAV). This is usually carried out by fusing the kinematics of an inertial measurement unit (IMU) with the video output of a camera. However, the accuracy of existing approaches is hindered by the discretization effect of the model even at a high IMU sampling rate. In order to improve the accuracy, we propose a new IMU motion integration model for the IMU kinematics in continuous time. The kinematics are modeled using a switched linear system. A closed-form discrete formulation is derived to compute the mean measurement, the covariance matrix, and the Jacobian matrix. Thus, it is more accurate and more efficient for online estimation of visual-inertial odometry (VIO), particularly when there is a high dynamic change in the agent's motion or the agent travels with high speed. The proposed IMU factor framework is evaluated using both real public datasets and indoor environment under different scenarios of motion capture. Our evaluation shows that the proposed framework outperforms the state-of-the-art VIO approach by up to 22.71% accuracy improvement on the EuRoc dataset and 38.15% accuracy improvement for motion estimation under the indoor environment.  © 1982-2012 IEEE.",Article,scopus,ieee; wos,INCLUDE,high,INC-1|INC-2|INC-3|INC-4|INC-5|INC-6,"Paper presents a VIO system that fuses IMU and camera data (INC-1) for UAVs (INC-2), published in IEEE Transactions on Industrial Electronics 2021 (INC-3, INC-5).",
P0115,True,UAV–UGV Collaborative Localization in GNSS-Denied Large-Scale Environments: An Anchor-Free VIO–UWB Fusion with Adaptive Weighting and Outlier Suppression,10.3390/drones10030175,2026,Drones,Xu H.; Zhao G.; Bo Y.,"Highlights: What are the main findings? An anchor-free collaborative localization framework is proposed, effectively suppressing visual–inertial odometry (VIO) drift over long trajectories (up to kilometers) in GNSS-denied areas. A two-stage robust scheme integrating covariance-based outlier rejection and adaptive Fisher information estimation significantly improves positioning accuracy under dynamic Non-Line-of-Sight (NLOS) UWB ranging conditions. What are the implications of the main findings? The method enables precise, infrastructure-free multi-robot navigation in large-scale (~1.6 km2) complex environments, advancing applications like disaster response and cooperative inspection. The adaptive weighting strategy provides a generalizable approach for handling time-varying sensor uncertainty in real-world robotic systems. In GNSS-denied large-scale outdoor environments, UAVs and UGVs that rely solely on visual–inertial odometry (VIO) suffer from accumulated global drift as the trajectory grows. Meanwhile, inter-platform ultra-wideband (UWB) ranging exhibits unknown, time-varying noise under NLOS/multipath, rendering naïve weighting unreliable. This paper presents an anchor-free collaborative localization framework for UAV–UGV teams that fuses pairwise UWB ranges (including UAV–UAV, UAV–UGV, and UGV–UGV) with onboard VIO in a factor-graph backend via a two-stage robust scheme. First, we bound VIO drift using per-agent state covariance and reject UWB outliers with a Mahalanobis gate, preventing early-stage bias when VIO is still accurate. Then, during global optimization, we adaptively estimate the Fisher information of UWB factors from measurement–state residuals, enabling online self-tuning of measurement confidence under time-varying SNR. Real-world experiments with three UAVs and two UGVs over multi-level rooftops and forest–open areas (~1.6 km2) show that, compared to an outlier-only variant, the proposed method further reduces localization RMSE by about 24.6% and maximum error by about 31.2% for both UAVs and UGVs, maintaining strong performance during long trajectories dominated by VIO drift and NLOS ranges. The approach requires no fixed anchors or GNSS and is applicable to UAV–UGV teams for disaster response, cooperative mapping/inspection, and bandwidth-limited operations. © 2026 by the authors.",Article,scopus,wos,INCLUDE,high,INC-1|INC-2|INC-6,"Clear VIO fusion system (INC-1) targeting UAV-UGV collaborative teams (INC-2), explicitly addressing GNSS-denied environments and robustness challenges (INC-6).",
P0464,False,A Low-Cost UAV Swarm Relative Positioning Architecture Based on BDS/Barometer/UWB,10.1109/jsen.2024.3476286,2024,IEEE Sensors Journal,S. Zhang; E. Wang; Y. Wang; T. Yu; S. Jia; S. Xu; P. Qu,"The issue of relative positioning in unmanned aerial vehicle (UAV) swarms is critical for effective cooperative management and network construction. However, the current low-cost BeiDou system (BDS) exhibits poor accuracy, typically ranging from several meters to tens of meters, which fails to meet the basic requirements for cooperative positioning. To address this challenge, a combined positioning architecture based on BDS, barometer, and ultrawideband (UWB), alongside an accuracy optimization algorithm using gradient descent, is proposed. First, existing UAV swarm positioning technologies and algorithms are analyzed. By combining data from BDS, barometer, and UWB sensors, the accuracy problem of the combined system was transformed into an optimization problem. Then, models such as data credibility evaluation, information difference calculation, and gradient descent optimization were used to solve the optimization problem. Finally, a precision-optimized BDS/barometer/UWB-combined positioning architecture is proposed. Simulations and real-world experiments demonstrate that the fusion positioning architecture achieves higher cooperative positioning accuracy compared to mainstream systems, such as inertial navigation systems (INSs) and BDS. The final distance root mean square error (RMSE) is reduced to 1.313 m, a 69.0% improvement over the 4.231 m observed with standalone BDS.",IEEE Journals,ieee,,EXCLUDE,high,EXC-3,"A positioning system using BDS (satellite navigation), barometer, and UWB sensors, but explicitly excludes visual and inertial components required for VIO (INC-1).",
P0681,False,Multi-sensor integrated navigation/positioning systems using data fusion: From analytics-based to learning-based approaches,10.1016/j.inffus.2023.01.025,2023,INFORMATION FUSION,,"Navigation/positioning systems have become critical to many applications, such as autonomous driving, Internet of Things (IoT), Unmanned Aerial Vehicle (UAV), and smart cities. However, it is difficult to provide a robust, accurate, and seamless solution with single navigation/positioning technology. For example, the Global Navigation Satellite System (GNSS) cannot perform satisfactorily indoors; consequently, multi-sensor integrated systems provide the solution, as they compensate for the limitations of single technology by using the complementary characteristics of different sensors. This article describes a thorough investigation into multi-sensor data fusion, which over the last ten years has been used for integrated positioning/navigation systems. In this article, different navigation/positioning systems are classified and elaborated upon from three aspects: (1) sources, (2) algorithms and architectures, and (3) scenarios, which we further divide into two categories: (i) analytics-based fusion and (ii) learning-based fusion. For analytics-based fusion, we discuss the Kalman filter and its variants, graph optimization methods, and integrated schemes. For learning-based fusion, several supervised, unsupervised, reinforcement learning, and deep learning techniques are illustrated in multi -sensor integrated positioning/navigation systems. Design consideration of these integrated systems is discussed in detail from several aspects and their application scenarios are categorized. Finally, future directions for their research and implementation are discussed.",Article,wos,,EXCLUDE,high,EXC-4,"Is explicitly a review/survey that provides 'a thorough investigation into multi-sensor data fusion' and discusses various categories and techniques, which matches EXC-4.",
P0229,False,Visual Inertial Navigation Optimization Method Based on Landmark Recognition,10.1007/978-981-97-0885-7_18,2024,Communications in Computer and Information Science,Hou B.; Ding X.; Bu Y.; Liu C.; Shou Y.; Xu B.,"This study utilizes a low-cost, low-power, and highly accurate monocular visual-inertial odometry (VIO) as the navigation algorithm for unmanned aerial vehicles (UAV). However, VIO may experience positioning inaccuracies or even loss in cases of lighting changes and insufficient environmental textures. To mitigate the accumulation of errors in the algorithm, global localization information is introduced. In order to address the issue of positioning accuracy in the absence of Global Navigation Satellite Systems (GNSS), this paper proposes an optimized Visual-Inertial Navigation System (VINS) based on landmark recognition, considering the prior information of UAV flight missions. The system relies solely on visual and IMU information, employing the VINS-Mono algorithm for high-precision positioning. After flying a certain distance, the system recognizes landmarks from a landmark database and obtains their prior coordinate information. Finally, the pose graph and optimization algorithm are used to refine the pose of all keyframes. Experimental results indicate that this navigation system effectively reduces the accumulated errors of VINS and enhances the positioning accuracy in scenarios where GNSS signals are completely unavailable. © The Author(s), under exclusive license to Springer Nature Singapore Pte Ltd. 2024.",Conference paper,scopus,,INCLUDE,high,INC-1|INC-2|INC-6,"Article satisfies INC-1 by presenting a VIO system that fuses visual and IMU data, INC-2 with explicit UAV platform focus, and INC-6 by addressing GNSS-denied environments and VIO error accumulation challenges.",
P0346,True,GPS-VIO Fusion with Online Rotational Calibration,10.1109/icra57147.2024.10611466,2024,Proceedings - IEEE International Conference on Robotics and Automation,Song J.; Sanchez-Cuevas P.J.; Richard A.; Rajan R.T.; Olivares-Mendez M.,"Accurate global localization is crucial for autonomous navigation and planning. To this end, various GPS-aided Visual-Inertial Odometry (GPS-VIO) fusion algorithms are proposed in the literature. This paper presents a novel GPS-VIO system that is able to significantly benefit from the online calibration of the rotational extrinsic parameter between the GPS reference frame and the VIO reference frame. The behind reason is this parameter is observable. This paper provides novel proof through nonlinear observability analysis. We also evaluate the proposed algorithm extensively on diverse platforms, including flying UAV and driving vehicle. The experimental results support the observability analysis and show increased localization accuracy in comparison to state-of-the-art (SOTA) tightly-coupled algorithms. © 2024 IEEE.",Conference paper,scopus,ieee; wos,INCLUDE,high,INC-1|INC-2|INC-3|INC-5|INC-6,A GPS-VIO fusion algorithm (INC-1) and explicitly evaluates it on flying UAV platforms (INC-2). It addresses challenging GNSS-aided scenarios which motivates robustness (INC-6).,
P0089,True,Autonomous navigation of micro aerial vehicles using high-rate and low-cost sensors,10.1007/s10514-017-9690-5,2018,AUTONOMOUS ROBOTS,,"The combination of visual and inertial sensors for state estimation has recently found wide echo in the robotics community, especially in the aerial robotics field, due to the lightweight and complementary characteristics of the sensors data. However, most state estimation systems based on visual-inertial sensing suffer from severe processor requirements, which in many cases make them impractical. In this paper, we propose a simple, low-cost and high rate method for state estimation enabling autonomous flight of micro aerial vehicles, which presents a low computational burden. The proposed state estimator fuses observations from an inertial measurement unit, an optical flow smart camera and a time-of-flight range sensor. The smart camera provides optical flow measurements up to a rate of 200 Hz, avoiding the computational bottleneck to the main processor produced by all image processing requirements. To the best of our knowledge, this is the first example of extending the use of these smart cameras from hovering-like motions to odometry estimation, producing estimates that are usable during flight times of several minutes. In order to validate and defend the simplest algorithmic solution, we investigate the performances of two Kalman filters, in the extended and error-state flavors, alongside with a large number of algorithm modifications defended in earlier literature on visual-inertial odometry, showing that their impact on filter performance is minimal. To close the control loop, a non-linear controller operating in the special Euclidean group SE(3) is able to drive, based on the estimated vehicle's state, a quadrotor platform in 3D space guaranteeing the asymptotic stability of 3D position and heading. All the estimation and control tasks are solved on board and in real time on a limited computational unit. The proposed approach is validated through simulations and experimental results, which include comparisons with ground-truth data provided by a motion capture system. For the benefit of the community, we make the source code public.",Article,wos,,INCLUDE,high,INC-1|INC-2|INC-6,"Paper clearly describes VIO fusion using IMU, optical flow camera, and ToF sensor for micro aerial vehicles (quadrotor), addressing computational efficiency for onboard deployment.",
P0466,True,GNSS-denied geolocalization of UAVs by visual matching of onboard camera images with orthophotos,10.1109/icar53236.2021.9659333,2021,2021 20th International Conference on Advanced Robotics (ICAR),J. Kinnari; F. Verdoja; V. Kyrki,"Localization of low-cost unmanned aerial vehicles (UAVs) often relies on Global Navigation Satellite Systems (GNSS). GNSS are susceptible to both natural disruptions to radio signal and intentional jamming and spoofing by an adversary. A typical way to provide georeferenced localization without GNSS for small UAVs is to have a downward-facing camera and match camera images to a map. The downward-facing camera adds cost, size, and weight to the UAV platform and the orientation limits its usability for other purposes. In this work, we propose a Monte-Carlo localization method for georeferenced localization of an UAV requiring no infrastructure using only inertial measurements, a camera facing an arbitrary direction, and an orthoimage map. We perform orthorectification of the UAV image, relying on a local planarity assumption of the environment, relaxing the requirement of downward-pointing camera. We propose a measure of goodness for the matching score of an orthorectified UAV image and a map. We demonstrate that the system is able to localize globally an UAV with modest requirements for initialization and map resolution.",IEEE Conferences,ieee,,INCLUDE,high,INC-1|INC-2,"'we propose a Monte-Carlo localization method for georeferenced localization of an UAV requiring no infrastructure using only inertial measurements, a camera facing an arbitrary direction, and an orthoimage map'.",
P0116,True,Cooperative UAV navigation using inter-vehicle ranging and magnetic anomaly measurements,10.2514/6.2018-1595,2018,"AIAA Guidance, Navigation, and Control Conference, 2018",Yang C.; Strader J.; Gu Y.; Hypes A.; Canciani A.; Brink K.,"This paper addresses the problem of cooperative localization for a small group ofUnmanned Aerial Vehicles (UAVs) in a GPS denied environment. The developed method has two main components. First, a cooperative range localization algorithm is designed to reduce the deadreckoning error growth for each UAV’s global pose estimate and obtain a reliable estimate of relative positions inside the UAV group to be used as an input to a cooperative magnetic localization algorithm. The UAV poses are estimated by sharing inter-vehicle ranging and visual-inertial odometry information. Two communiction scenarios are considered, the first one assumes that each UAV can communicate with all other UAVs at once, and the second scenario assumes that each UAV can only communicate with one other UAV at each point in time. Using the shared measurements, an Extended Kalman Filter (EKF) is running on-board each UAV to estimate the poses of all UAVs in the group. In the second step, the cooperative magnetic localization algorithm bounds the error growth of the UAVs’ global poses using a particle filter to match magnetic anomaly measurements acquired by each UAV to a prior magnetic anomaly map based on the estimated UAV group shape. Simulation results show substantial improvements in navigation performance using the cooperative range localization algorithm as compared to the dead-reckoning performance of each individual UAV. In addition, the developed cooperative magnetic localization approach shows performance and robustness benefits compared to cooperative magnetic localization using only a single UAV. © 2018, American Institute of Aeronautics and Astronautics Inc, AIAA. All rights reserved.",Conference paper,scopus,,INCLUDE,high,INC-1|INC-2|INC-3|INC-6,"UAVs sharing visual-inertial odometry information and using EKF for pose estimation (INC-1), targets UAVs in GPS-denied environments (INC-2, INC-6), and is a peer-reviewed conference paper (INC-3).",
P0467,False,SLOAM: Semantic Lidar Odometry and Mapping for Forest Inventory,10.1109/lra.2019.2963823,2020,IEEE Robotics and Automation Letters,S. W. Chen; G. V. Nardari; E. S. Lee; C. Qu; X. Liu; R. A. F. Romero; V. Kumar,"This letter describes an end-to-end pipeline for tree diameter estimation based on semantic segmentation and lidar odometry and mapping. Accurate mapping of this type of environment is challenging since the ground and the trees are surrounded by leaves, thorns and vines, and the sensor typically experiences extreme motion. We propose a semantic feature based pose optimization that simultaneously refines the tree models while estimating the robot pose. The pipeline utilizes a custom virtual reality tool for labeling 3D scans that is used to train a semantic segmentation network. The masked point cloud is used to compute a trellis graph that identifies individual instances and extracts relevant features that are used by the SLAM module. We show that traditional lidar and image based methods fail in the forest environment on both Unmanned Aerial Vehicle (UAV) and hand-carry systems, while our method is more robust, scalable, and automatically generates tree diameter estimations.",IEEE Journals,ieee,,EXCLUDE,high,EXC-3,"A semantic LIDAR odometry and mapping system without any mention of visual or inertial components, failing to satisfy INC-1 which requires VIO fusion of both camera and IMU data.",
P0231,True,High-Altitude Precision Landing by Smartphone Video Guidance Sensor and Sensor Fusion,10.3390/drones8020037,2024,Drones,Silva Cotta J.L.; Gutierrez H.; Bertaska I.R.; Inness J.P.; Rakoczy J.,"This paper describes the deployment, integration, and demonstration of the Smartphone Video Guidance Sensor (SVGS) as novel technology for autonomous 6-DOF proximity maneuvers and high-altitude precision landing of UAVs via sensor fusion. The proposed approach uses a vision-based photogrammetric position and attitude sensor (SVGS) to support the precise automated landing of a UAV from an initial altitude above 100 m to ground, guided by an array of landing beacons. SVGS information is fused with other on-board sensors at the flight control unit to estimate the UAV’s position and attitude during landing relative to a ground coordinate system defined by the landing beacons. While the SVGS can provide mm-level absolute positioning accuracy depending on range and beacon dimensions, the proper operation of the SVGS requires a line of sight between the camera and the beacon, and readings can be disturbed by environmental lighting conditions and reflections. SVGS readings can therefore be intermittent, and their update rate is not deterministic since the SVGS runs on an Android device. The sensor fusion of the SVGS with on-board sensors enables an accurate and reliable update of the position and attitude estimates during landing, providing improved performance compared to state-of-art automated landing technology based on an infrared beacon, but its implementation must address the challenges mentioned above. The proposed technique also shows significant advantages compared with state-of-the-art sensors for High-Altitude Landing, such as those based on LIDAR. © 2024 by the authors.",Article,scopus,wos,INCLUDE,high,INC-1|INC-2|INC-6,"Sensor fusion between vision-based SVGS and onboard sensors for UAV pose estimation (INC-1), explicitly targets UAV precision landing (INC-2).",
P0016,True,GeoVINS: Geographic-Visual-Inertial Navigation System for Large-Scale Drift-Free Aerial State Estimation,10.1109/tro.2025.3613467,2025,IEEE Transactions on Robotics,Li C.; He M.; Chen C.; Liu J.; Lyu X.; Huang G.; Meng Z.,"This article introduces GeoVINS, a vision-based navigation framework designed for large-scale global state estimation. By utilizing geographic information from satellite orthoimagery, GeoVINS tackles scale ambiguity and accumulative drift problems inherent in standard visual-inertial simultaneous localization and mapping systems, and provides accurate, robust, and real-time global localization. In particular, to address the challenge of memory explosion issue for large-scale localization, we propose a novel aerial “classify-then-retrieve” aerial visual place recognition (VPR) approach, where geographic locations can be efficiently identified and memory usage can be reduced by 3 to 4 orders of magnitude compared to classical retrieval-based approaches. In addition, a hierarchical geographic data association scheme, enhanced by state-of-the-art deep learning-based feature matching, guarantees high efficiency and robustness against variations in appearance and viewpoint. Relying on the obtained three-dimensional (3-D) geographic information, GeoVINS achieves efficient global state initialization and precise motion tracking. To address GPU limitations in embedded devices, a collaborative CPU–GPU utilization approach is proposed, seamlessly integrating asynchronous global information to eliminate accumulative errors. Relying solely on satellite imagery and without requiring any other prior information, GeoVINS achieves rapid place recognition in unseen environments of city-scale (e.g., 2500 km2) on an embedded computing device with an inference time of 43 ms, and performs state estimation at a frequency of 25 Hz. The system enables autonomous aerial vehicle navigation as an alternative to Global Navigation Satellite System. © 2004-2012 IEEE.",Article,scopus,,INCLUDE,high,INC-1|INC-2|INC-6,"Paper clearly presents GeoVINS, a visual-inertial navigation system that fuses visual and inertial data (INC-1) for aerial vehicles as GNSS alternative (INC-2).",
P0685,False,Variational Adaptive LM-IEKF for Full State Navigation System of Wind Disturbance and Observability Analysis,10.1109/tim.2022.3191713,2022,IEEE TRANSACTIONS ON INSTRUMENTATION AND MEASUREMENT,,"Robust and accurate state estimation algorithms applied to the small unmanned aerial vehicles (UAVs) are always promising depending on the multiple onboard local and global sensors. This article proposes a variational adaptive Levenberg-Marquardt iterated extended Kalman filter (VA-LM-IEKF) full state estimation algorithm to calculate the reliable UAV flight state parameters in wind disturbance. The navigation system based on the LM-IEKF can provide an accurate state by expanding the optimization range of estimated points. An adaptive filter using the variational Bayesian approach is proposed to improve the filter robustness to the observation noise covariance matrix. Moreover, a judging criterion is introduced into the filter observation correction step to eliminate the observed abnormal values. In addition, observability analysis with the Lie algebra for the navigation system is established to evaluate the system observability. Simulation and real-data experiments in the self-developed small UAVs platform demonstrate that the performance of the proposed algorithm is better than the state-of-the-art methods in solution accuracy and filter robustness.",Article,wos,,EXCLUDE,high,EXC-7,"Kalman filter design and optimization techniques for UAV navigation using existing sensors, without presenting an algorithmic contribution to VIO itself.",Navigation system optimization rather than VIO algorithm development
P0118,True,Event-Based Visual/Inertial Odometry for UAV Indoor Navigation,10.3390/s25010061,2025,Sensors,Elamin A.; El-Rabbany A.; Jacob S.,"Indoor navigation is becoming increasingly essential for multiple applications. It is complex and challenging due to dynamic scenes, limited space, and, more importantly, the unavailability of global navigation satellite system (GNSS) signals. Recently, new sensors have emerged, namely event cameras, which show great potential for indoor navigation due to their high dynamic range and low latency. In this study, an event-based visual–inertial odometry approach is proposed, emphasizing adaptive event accumulation and selective keyframe updates to reduce computational overhead. The proposed approach fuses events, standard frames, and inertial measurements for precise indoor navigation. Features are detected and tracked on the standard images. The events are accumulated into frames and used to track the features between the standard frames. Subsequently, the IMU measurements and the feature tracks are fused to continuously estimate the sensor states. The proposed approach is evaluated using both simulated and real-world datasets. Compared with the state-of-the-art U-SLAM algorithm, our approach achieves a substantial reduction in the mean positional error and RMSE in simulated environments, showing up to 50% and 47% reductions along the x- and y-axes, respectively. The approach achieves 5–10 ms latency per event batch and 10–20 ms for frame updates, demonstrating real-time performance on resource-constrained platforms. These results underscore the potential of our approach as a robust solution for real-world UAV indoor navigation scenarios. © 2024 by the authors.",Article,scopus,wos,INCLUDE,high,INC-1|INC-2|INC-6,"Article presents an event-based visual-inertial odometry approach that fuses events, standard frames, and IMU measurements (INC-1) for UAV indoor navigation.",
P0680,False,AI-based approaches for improving autonomous mobile robot localization in indoor environments: A comprehensive review,10.1016/j.jestch.2025.101977,2025,ENGINEERING SCIENCE AND TECHNOLOGY-AN INTERNATIONAL JOURNAL-JESTECH,,"The adoption of indoor autonomous mobile robot (AMR) has surged significantly, driven by their ability to integrate diverse sensors, maintain low operating costs, facilitate easy deployment, and exhibit superior mobility. Nonetheless, navigating complex indoor environments presents substantial challenges that can impede AMR performance and diminish overall system efficiency. To overcome these obstacles, researchers have concentrated on developing autonomous localization techniques that empower AMR to navigate and execute tasks effectively within intricate settings. Recent advancements in artificial intelligence (AI) applications have profoundly influenced this field, enhancing the control and decision-making capabilities of AMR. This paper offers a comprehensive review of AI-based strategies aimed at improving localization of indoor AMR, including aerial vehicles. We systematically categorize and critically analyze existing research on Simultaneous Localization and Mapping (SLAM)-based methods, odometry-based approaches, and multi-sensor fusion techniques, elucidating the principles and implementations of various AI methodologies. Additionally, we discuss real-time performance challenges associated with AI-based approaches and delineate the distinctions between AI-enhanced localization methods and traditional localization techniques, highlighting the necessity and advantages of adopting AI-based solutions. By clarifying these methodologies, our goal is to enhance their comprehension and promote their widespread adoption within the field. Finally, we discuss emerging research directions and ongoing challenges, providing guidance for future investigations and advancements in the domain of indoor AMR.",Review,wos,,EXCLUDE,high,EXC-4,"This is explicitly a comprehensive review paper as stated in the title and abstract, which satisfies EXC-4 for secondary studies.",
P0018,True,Tightly-coupled Fusion of Global Positional Measurements in Optimization-based Visual-Inertial Odometry,10.1109/iros45743.2020.9341697,2020,IEEE International Conference on Intelligent Robots and Systems,Cioffi G.; Scaramuzza D.,"Motivated by the goal of achieving robust, drift-free pose estimation in long-term autonomous navigation, in this work we propose a methodology to fuse global positional information with visual and inertial measurements in a tightly-coupled nonlinear-optimization-based estimator. Differently from previous works, which are loosely-coupled, the use of a tightly-coupled approach allows exploiting the correlations amongst all the measurements. A sliding window of the most recent system states is estimated by minimizing a cost function that includes visual re-projection errors, relative inertial errors, and global positional residuals. We use IMU preintegration to formulate the inertial residuals and leverage the outcome of such algorithm to efficiently compute the global position residuals. The experimental results show that the proposed method achieves accurate and globally consistent estimates, with negligible increase of the optimization computational cost. Our method consistently outperforms the loosely-coupled fusion approach. The mean position error is reduced up to 50% with respect to the loosely-coupled approach in outdoor Unmanned Aerial Vehicle (UAV) flights, where the global position information is given by noisy GPS measurements. To the best of our knowledge, this is the first work where global positional measurements are tightly fused in an optimization-based visual-inertial odometry algorithm, leveraging the IMU preintegration method to define the global positional factors. © 2020 IEEE.",Conference paper,scopus,ieee; wos,INCLUDE,high,INC-1|INC-2,"Clear VIO fusion with visual, inertial, and global positional measurements (INC-1) and explicitly tested on UAV platforms with outdoor flights (INC-2). Published at IEEE IROS 2020 conference.",
P0120,True,UAV Navigation With Monocular Visual Inertial Odometry Under GNSS-Denied Environment,10.1109/tgrs.2023.3323519,2023,IEEE Transactions on Geoscience and Remote Sensing,Luo H.; Li G.; Zou D.; Li K.; Li X.; Yang Z.,"In global satellite navigation system (GNSS)-denied environments, unmanned aerial vehicle (UAV) navigation based on visual-inertial odometry (VIO) has been widely studied. However, existing VIO methods still suffer from some practical problems, such as image enhancement oversaturation and unreasonable weighting in backend optimization. Therefore, this article presents monocular VIO with point-line fusion and backend adaptive optimization to improve the positioning accuracy and robustness of UAV navigation systems. In the front end, we proposed an adaptive gamma image correction algorithm for image preprocessing to avoid image oversaturation, which is more conducive to image extraction and matching. Instead of the traditional line segment detector (LSD) line feature extraction algorithm, we employed an improved EDLines algorithm to enhance the efficiency of line feature extraction, better meeting the high dynamic real-time requirements of UAV. In the backend, we proposed a tightly coupled nonlinear adaptive optimization method based on a two-step approach to address the issue of unreasonable static weights. In the first step, we established a factor graph model and performed the first nonlinear optimization based on a priori visual weights. In the second step, we calculated the reprojection error and established a functional model that examines the relationship between the reprojection error and the information matrix. We updated the information matrix using the reprojection error to adaptively adjust the weights of the point features and line features in real time. Finally, we performed a second nonlinear reoptimization. The proposed method was compared with the monocular visual-inertial system (VINS-MONO) (Qin et al. 2018) and point and line features (PL)-VINS (Fu et al. 2020) methods, the experimental results showing that the positioning accuracy of the proposed method on the public EuRoc dataset (Burri et al. 2016) improved by an average of 32.3% compared with the PL-VINS method, and by an average of 33.8% in three real-world scenarios under changing illumination, weak texture, and large-scale complex scenarios. The results demonstrated that the proposed method exhibited better robustness and higher positioning accuracy in various complex environments.  © 1980-2012 IEEE.",Article,scopus,ieee; wos,INCLUDE,high,INC-1|INC-2|INC-3|INC-5|INC-6,Paper clearly presents a monocular VIO system (INC-1) for UAV navigation (INC-2) in GNSS-denied environments with adaptive optimization to improve robustness (INC-6).,
P0470,False,UAV human teleoperation using event-based and frame-based cameras,10.1109/airpharo52252.2021.9571049,2021,2021 Aerial Robotic Systems Physically Interacting with the Environment (AIRPHARO),J. P. Rodríguez-Gómez; R. Tapia; A. G. Eguíluz; J. R. Martínez-de Dios; A. Ollero,"Teleoperation is a crucial aspect for human-robot interaction with unmanned aerial vehicles (UAV s) applications. Fast perception processing is required to ensure robustness, precision, and safety. Event cameras are neuromorphic sensors that provide low latency response, high dynamic range and low power consumption. Although classical image-based methods have been extensively used for human-robot interaction tasks, responsiveness is limited by their processing rates. This paper presents a human-robot teleoperation scheme for UAVs that exploits the advantages of both traditional and event cameras. The proposed scheme was tested in teleoperation missions where the pose of a multi rotor robot is controlled in real time using human gestures detected from events.",IEEE Conferences,ieee,,EXCLUDE,high,EXC-7,"Teleoperation using gesture recognition from cameras, where pose estimation appears to be a downstream application rather than the core algorithmic contribution.","Teleoperation system using cameras for gesture detection, not VIO"
P0119,True,Towards Consistent Visual-Inertial Navigation for Unmanned Aerial Vehicles using Depth Information,10.1109/ccece49351.2022.9918398,2022,Canadian Conference on Electrical and Computer Engineering,Gomaa M.A.K.; De Silva O.; Jayasiri A.; Mann G.K.I.,This paper proposes a new filtering-based depth enhanced visual inertial navigation system (DE-VINS) for quadrotor unmanned aerial vehicles (UAV). This filter addresses the drifting and degraded performance of a class of conventional monocular VINS filters at hovering conditions. A theoretical nonlinear observability analysis is performed to verify the filter design. The performance of the proposed DE-VINS is numerically evaluated using a Matlab simulator and then compared against the conventional VINS filter proposed in literature. The results show improved performance of the DE-VINS in terms of estimation accuracy and consistency at zero-velocity flight conditions.  © 2022 IEEE.,Conference paper,scopus,ieee; wos,INCLUDE,high,INC-1|INC-2|INC-3|INC-4|INC-5|INC-6,Paper presents a depth-enhanced visual-inertial navigation system (DE-VINS) that explicitly fuses visual and inertial data (INC-1) for quadrotor UAVs (INC-2).,
P0465,False,Development of UAV Localization and Navigation Techniques for Warehouse Inventory Inspection,10.1109/icit58465.2023.10143122,2023,2023 IEEE International Conference on Industrial Technology (ICIT),Y. -H. Li; H. -Y. Lin,"The popularity and availability of UAV technologies have made industrial automation more flexible and easy to adopt. In this paper we develop a UAV navigation system for warehouse inventory inspection application. Based on the SLAM framework, a fusion scheme by integrating UWB positioning is proposed to achieve accurate and robust localization. In addition to the global planning, an obstacle avoidance algorithm based on fuzzy control and VFH is developed to generate locally smooth trajectories. The proposed techniques are verified with simulation and experiments in real-world environments. Using a commercially available drone modified with depth sensor and single-board computer, the results have demonstrated the feasibility and effectiveness of our method for collision-free path planning and obstacle avoidance in various application scenarios.",IEEE Conferences,ieee,,EXCLUDE,high,EXC-7,"Higher-level applications (warehouse inventory inspection, path planning, obstacle avoidance) where SLAM/localization appears as a trusted input.",Path planning focus with no clear VIO algorithmic development
P0019,True,Dense 3D-reconstruction from monocular image sequences for computationally constrained UAS,10.1109/wacv48630.2021.00186,2021,"Proceedings - 2021 IEEE Winter Conference on Applications of Computer Vision, WACV 2021",Domnik M.; Proenca P.; Delaune J.; Thiem J.; Brockers R.,"The ability to find safe landing sites over complex 3D terrain is an essential safety feature for fully autonomous small unmanned aerial systems (UAS), which requires on-board perception for 3D reconstruction and terrain analysis if the overflown terrain is unknown. This is a challenge for UAS that are limited in size, weight and computational power, such as small rotorcrafts executing autonomous missions on Earth, or in planetary applications such as the Mars Helicopter. For such a computationally constraint system, we propose a structure from motion approach that uses inputs from a single downward facing camera to produce dense point clouds of the overflown terrain in real time. In contrast to existing approaches, our method uses metric pose information from a visual-inertial odometry algorithm as camera pose priors, which allows deploying a fast pose refinement step to align camera frames such that a conventional stereo algorithm can be used for dense 3D reconstruction. We validate the performance of our approach with extensive evaluations in simulation, and demonstrate the feasibility with data from UAS flights. © 2021 IEEE.",Conference paper,scopus,,INCLUDE,high,INC-1|INC-2|INC-6,"Article describes a VIO-based system for UAV 3D reconstruction that uses visual-inertial odometry for pose estimation (INC-1), targets small UAS/rotorcrafts (INC-2).",
P0020,True,Development of Unmanned Aerial Vehicle Navigation and Warehouse Inventory System Based on Reinforcement Learning,10.3390/drones8060220,2024,Drones,Lin H.-Y.; Chang K.-L.; Huang H.-Y.,"In this paper, we present the exploration of indoor positioning technologies for UAVs, as well as navigation techniques for path planning and obstacle avoidance. The objective was to perform warehouse inventory tasks, using a drone to search for barcodes or markers to identify objects. For the indoor positioning techniques, we employed visual-inertial odometry (VIO), ultra-wideband (UWB), AprilTag fiducial markers, and simultaneous localization and mapping (SLAM). These algorithms included global positioning, local positioning, and pre-mapping positioning, comparing the merits and drawbacks of various techniques and trajectories. For UAV navigation, we combined the SLAM-based RTAB-map indoor mapping and navigation path planning of the ROS for indoor environments. This system enabled precise drone positioning indoors and utilized global and local path planners to generate flight paths that avoided dynamic, static, unknown, and known obstacles, demonstrating high practicality and feasibility. To achieve warehouse inventory inspection, a reinforcement learning approach was proposed, recognizing markers by adjusting the UAV’s viewpoint. We addressed several of the main problems in inventory management, including efficiently planning of paths, while ensuring a certain detection rate. Two reinforcement learning techniques, AC (actor–critic) and PPO (proximal policy optimization), were implemented based on AprilTag identification. Testing was performed in both simulated and real-world environments, and the effectiveness of the proposed method was validated. © 2024 by the authors.",Article,scopus,wos,INCLUDE,high,INC-1|INC-2,"Using visual-inertial odometry (VIO) among other indoor positioning techniques (INC-1), and the target platform is explicitly UAVs/drones for warehouse inventory tasks (INC-2).",
P0474,False,Vision-Based Estimation and Tracking on Fixed-Wing Multi-UAV Systems,10.23919/ccc64809.2025.11179822,2025,2025 44th Chinese Control Conference (CCC),P. Yang; Y. Fan; J. Zhou; S. Zheng; L. Han,"Accurate tracking of multiple fixed-wing UAVs is a crucial challenge in autonomous aerial systems, particularly in GPS-denied environments where traditional sensors struggle. The bearing-angle estimator extracts target position and velocity purely from onboard visual data, eliminating the need for external positioning systems. This article presents a vision-based estimation and tracking framework for multi-UAV systems that integrates a YOLOv8 and ByteTrack-based tracker based on the bearing-angle state estimation method. ROS2 and Gazebo-based simulation validates the approach, demonstrating successful onboard real-time tracking of three UAVs in formation flight, making it a solution for vision-based multi-UAV coordination.",IEEE Conferences,ieee,,EXCLUDE,high,EXC-7,"A target tracking system that uses vision to track other UAVs, not a VIO system for pose estimation. This is a higher-level application that uses computer vision for multi-UAV coordination, not VIO fusion for navigation.","Multi-UAV tracking application, not VIO for navigation"
P0122,True,GPLVINS: Tightly Coupled GNSS-Visual-Inertial Fusion for Consistent State Estimation with Point and Line Features for Unmanned Aerial Vehicles,10.3390/drones9110801,2025,Drones,Chen X.; Li S.; Lu R.; Zhu X.,"Highlights: What are the main findings? Proposes the GPLVINS system for UAVs, which builds a tightly coupled GNSS-visual-inertial nonlinear optimization framework by fusing point and line features on the basis of GVINS. This addresses the issue of insufficient feature extraction in traditional point-feature VIO under texture-sparse environments and enhances the stability of UAV 6-DoF pose estimation. Optimizes the traditional LSD line feature extraction algorithm: short line segments are filtered out via non-maximum suppression and length threshold screening. This not only reduces computational cost but also integrates line reprojection residuals into the optimization process, further improving positioning accuracy. What are the implication of the main findings? By comparing the performance of GPLVINS with GVINS, PL-VIO, and VINS-Fusion in indoor, outdoor, and indoor–outdoor transition scenarios, GPLVINS demonstrates superior positioning performance compared with other algorithms. Our system can handle complex situations such as drastic changes in lighting, loss of GNSS signals, or feature degradation, making it more suitable for the practical operational requirements of UAVs. Offers a more reliable state estimation scheme for UAV autonomous navigation. Particularly in GNSS-constrained or visually sparse feature scenarios, the incorporation of line features supplements environmental constraints and reduces the risk of pose drift, laying a foundation for subsequent extensions to stereo vision and adaptation to larger-scale textureless scenarios. The employment of linear features to enhance the positioning precision and robustness of point-based VIO (visual-inertial odometry) has attracted mounting attention, especially for UAV (unmanned aerial vehicle) applications where reliable 6-DoF pose estimation is critical for autonomous navigation, mission execution, and safety. This paper presents GPLVINS—GNSS (global navigation satellite system)-point-line-visual-inertial navigation system—a UAV-tailored enhancement of the nonlinear optimization-based GVINS (GNSS-visual-inertial navigation system). Unlike GVINS, which struggles with feature extraction in weak-texture environments and depends entirely on point features, GPLVINS innovatively integrates line features into its state optimization framework to enhance robustness and accuracy. While existing studies adopt the LSD (line segment detector) algorithm for line feature extraction, this approach often generates numerous short line segments in real-world scenes. Such an outcome not only increases computational costs but also degrades pose estimation performance. In order to address this issue, the present study proposes an NMS (non-maximum suppression) strategy for the refinement of LSD. The line reprojection residual is then formulated as the distance between point and line, which is incorporated into the nonlinear optimization process. Experimental validations on open-source datasets and self-collected UAV datasets across indoor, outdoor, and indoor–outdoor transition scenarios demonstrate that GPLVINS exhibits superior positioning performance and enhanced robustness for UAVs in environments with feature degradation or drastic lighting intensity variations. © 2025 by the authors.",Article,scopus,wos,INCLUDE,high,INC-1|INC-2|INC-3|INC-4|INC-5|INC-6,"GPLVINS, a tightly coupled GNSS-visual-inertial system that fuses camera and IMU data (INC-1) specifically designed for UAVs (INC-2).",
P0021,True,Visual-inertial-actuator odometry for multirotor UAVs with rotor drag and external disturbance,10.1007/s40435-023-01357-5,2023,International Journal of Dynamics and Control,Moeini A.; Lynch A.F.; Zhao Q.,"Accurate knowledge of an unmanned aerial vehicle’s (UAV) state and external forces is crucial for motion control. One method to obtain this information is Visual-Inertial-Actuator Odometry (VIAO) which combines commonly available vision and inertial sensors with actuation data which consists of a model of the vehicle dynamics and input measurements. In this paper, we propose VIAO system based on the existing VIMO (Visual Inertial Model-Based Odometry) method. Our approach includes a dynamical model for a multirotor UAV with rotor drag. In addition, a disturbance observer is added for constant force estimation. The observer is integrated to the optimization-based method by adding a residual term to the cost functional. The proposed system can differentiate between the constant or slowly time-varying component of the external force and accelerometer bias. We evaluate the performance using a benchmark dataset and show an average of 21% improvement in position estimation accuracy. © The Author(s), under exclusive licence to Springer-Verlag GmbH Germany, part of Springer Nature 2024.",Article,scopus,wos,INCLUDE,high,INC-1|INC-2,"Paper presents a Visual-Inertial-Actuator Odometry (VIAO) system that combines visual, inertial, and actuator data for pose estimation (INC-1), explicitly targeting multirotor UAVs (INC-2).",
P0476,False,BRM Localization: UAV Localization in GNSS-Denied Environments Based on Matching of Numerical Map and UAV Images,10.1109/iros45743.2020.9341682,2020,2020 IEEE/RSJ International Conference on Intelligent Robots and Systems (IROS),J. Choi; H. Myung,"Localization is one of the most important technologies needed to use Unmanned Aerial Vehicles (UAVs) in actual fields. Currently, most UAVs use GNSS to estimate their position. Recently, there have been attacks that target the weaknesses of UAVs that use GNSS, such as interrupting GNSS signal to crash the UAVs or sending fake GNSS signals to hijack the UAVs. To avoid this kind of situation, this paper proposes an algorithm that deals with the localization problem of the UAV in GNSS-denied environments. We propose a localization method, named as BRM (Building Ratio Map based) localization, for a UAV by matching an existing numerical map with UAV images. The building area is extracted from the UAV images. The ratio of buildings that occupy in the corresponding image frame is calculated and matched with the building information on the numerical map. The position estimation is started in the range of several km2 area, so that the position estimation can be performed without knowing the exact initial coordinate. Only freely available maps are used for training data set and matching the ground truth. Finally, we get real UAV images, IMU data, and GNSS data from UAV flight to show that the proposed method can achieve better performance than the conventional methods.",IEEE Conferences,ieee,,EXCLUDE,high,EXC-3,"A localization method based on visual map matching but does not mention any fusion with inertial/IMU data for pose estimation, failing INC-1.",
P0469,False,A UAV-Based Machine Vision Algorithm for Industrial Gauge Detecting and Display Reading,10.1109/acirs49895.2020.9162618,2020,2020 5th Asia-Pacific Conference on Intelligent Robot Systems (ACIRS),C. Li; D. Zheng; L. Liu; X. Zheng,"Unmanned Aerial Vehicle (UAV) has overwhelming superiority on the completion of difficult missions in the industrial production or implementation scenarios. Its brilliant navigation and on-board perception abilities endow the aerial platform a considerable potential in the industrial applications. Since manipulation stability and computational capacity of UAVs are crucial for industrial missions, it is challenging to develop a reliable and safe UAV platform for indoor industrial operation. Focusing on the measurement of industrial-standard gauges, we propose a vision algorithm which is capable of fast detecting the industrial-standard gauges and the readings and integrate the algorithm into a quadrotor drone platform with indoor and outdoor navigation. In our work, we demonstrate how to improve the simplicity and efficiency of the UAV-based visual recognition by implementing and adjusting a YOLO v3 framework with Darknet [1]. Moreover, our vision algorithm is combined with the image geometric correction module and the gauge detecting and reading module to overcome the detection problems caused by the harsh industrial conditions, such as an obscure image and the under-exposure condition. And the results show that accuracy of detection in the experimentation is sufficient for industrial missions.",IEEE Conferences,ieee,,EXCLUDE,high,EXC-7,"Focuses exclusively on machine vision for gauge detection and reading, with VIO mentioned only as trusted navigation input without algorithmic contribution to the VIO component itself.",Vision-only industrial application using existing navigation as black-box input
P0347,False,Distributed UAV Swarm Collaborative SLAM Based on Visual-Inertial-Ranging Measurement,10.1007/978-981-96-2220-7_18,2025,Lecture Notes in Electrical Engineering,Shou Y.; Song Z.; Qi H.; Li Z.; Chen W.,"Compared with the standalone operation, unmanned aerial vehicle (UAV) swarm systems bring the high efficiency to the task execution in a cooperative manner, and they has gained the widespread application in disaster relief, power inspection and other fields. To support the fulfillment of cooperative task, the cooperative positioning capability plays the key role in global positioning system (GPS) denied areas. However, there are still difficulties in initialization, high communication demand, and inevitable drift for swarm cooperative positioning. In order to solve the problems above, a distributed collaborative simultaneous localization and mapping (SLAM) system is developed based on ranging measurement from ultra-wideband (UWB), which specifically accelerates the initialization by introducing prior information, and optimizes the communication framework between the UAVs so as to run in real time. Besides, the ranging is introduced as the restraints on the relative drift between the nodes. The evaluation are performed on datasets recorded in a lab environment. Experiments results show that our method surpasses 15% over the mainstream visual-inertial odometry in positioning accuracy. Furthermore, our method effectively reduces the drift of the visual-inertial odometry in challenging scenarios on visual. © The Author(s), under exclusive license to Springer Nature Singapore Pte Ltd. 2025.",Conference paper,scopus,wos,INCLUDE,high,INC-1|INC-2|INC-3|INC-5|INC-6,"A visual-inertial-ranging SLAM system for UAV swarms (satisfying INC-1 and INC-2), addresses GPS-denied environments and challenging visual scenarios (satisfying INC-6), and is a 2025 conference paper.",
P0234,False,Invited: Automatic Hardware/Software Design for High-Speed Autonomous Unmanned Aerial Vehicles Guided by a Flight Model,10.1145/3649329.3663516,2024,Proceedings - Design Automation Conference,Xu Y.; Yu J.; Zhang S.; Xiang Y.; Jia H.; Wang Y.,"Autonomous Unmanned Aerial Vehicles (UAVs) are on the rise in the industrial and academic communities. Since most UAVs are severely size, weight, and power (SWaP) constrained, building computing system for high-speed UAVs is challenging. Current domain-specific hardware-software (HW-SW) designs for UAVs are mainly bottom-up, focusing on optimizing a single module in the whole system, such as visual-inertial odometry (VIO), depth estimation, or planning. But this leads to underdesign for flight speed as agile navigation depends on a tight combination of multiple modules. To find the optimal HW-SW design for systematic flight performance, we propose a top-down automatic design framework. A flight model is introduced to guide the inter-module and the intra-module HW-SW optimization towards the system-level goal. For the perception algorithms, we define the representative design space. And some critical non-AI operators are accelerated and profiled on embedded GPU to achieve better hardware performance. The design framework is evaluated on a micro UAV equipped with a Nvidia Jetson Orin NX. In a specific navigation scenario, the design found by our framework achieve 40% and 65% increase on flight speed than two manual design methods respectively. © 2024 Copyright held by the owner/author(s).",Conference paper,scopus,wos,EXCLUDE,high,EXC-7,"A hardware-software design optimization framework where VIO appears as one component being optimized, but there is no algorithmic contribution to VIO itself.",
P0481,True,Data-Efficient Collaborative Decentralized Thermal-Inertial Odometry,10.1109/lra.2022.3194675,2022,IEEE Robotics and Automation Letters,V. Polizzi; R. Hewitt; J. Hidalgo-Carrió; J. Delaune; D. Scaramuzza,"We propose a system solution to achieve data-efficient, decentralized state estimation for a team of flying robots using thermal images and inertial measurements. Each robot can fly independently, and exchange data when possible to refine its state estimate. Our system front-end applies an online photometric calibration to refine the thermal images so as to enhance feature tracking and place recognition. Our system back-end uses a covariance-intersection fusion strategy to neglect the cross-correlation between agents so as to lower memory usage and computational cost. The communication pipeline uses Vector of Locally Aggregated Descriptors (VLAD) to construct a request-response policy that requires low bandwidth usage. We test our collaborative method on both synthetic and real-world data. Our results show that the proposed method improves by up to $46 \%$ trajectory estimation with respect to an individual-agent approach, while reducing up to $89 \%$ the communication exchange. Datasets and code are released to the public, extending the already-public JPL xVIO library.",IEEE Journals,ieee,,INCLUDE,high,INC-1|INC-2,"Article clearly describes a thermal-inertial odometry system (INC-1) for flying robots/UAVs (INC-2), published in IEEE journal in 2022, addressing challenging conditions with thermal imaging and decentralized operation.",
P0124,True,Latency compensated visual-inertial odometry for agile autonomous flight,10.3390/s20082209,2020,Sensors (Switzerland),Lee K.; Johnson E.N.,"In visual-inertial odometry (VIO), inertial measurement unit (IMU) dead reckoning acts as the dynamic model for flight vehicles while camera vision extracts information about the surrounding environment and determines features or points of interest. With these sensors, the most widely used algorithm for estimating vehicle and feature states for VIO is an extended Kalman filter (EKF). The design of the standard EKF does not inherently allow for time offsets between the timestamps of the IMU and vision data. In fact, sensor-related delays that arise in various realistic conditions are at least partially unknown parameters. A lack of compensation for unknown parameters often leads to a serious impact on the accuracy of VIO systems and systems like them. To compensate for the uncertainties of the unknown time delays, this study incorporates parameter estimation into feature initialization and state estimation. Moreover, computing cross-covariance and estimating delays in online temporal calibration correct residual, Jacobian, and covariance. Results from flight dataset testing validate the improved accuracy of VIO employing latency compensated filtering frameworks. The insights and methods proposed here are ultimately useful in any estimation problem (e.g., multi-sensor fusion scenarios) where compensation for partially unknown time delays can enhance performance. © 2020 by the authors. Licensee MDPI, Basel, Switzerland.",Article,scopus,wos,INCLUDE,high,INC-1|INC-2|INC-3|INC-6,"Article clearly describes a VIO system using IMU and camera data (INC-1) for flight vehicles with validation on flight datasets (INC-2), addresses latency compensation for robust VIO performance (INC-6).",
P0244,False,Radar-Inertial Odometry for Closed-Loop Control of Resource-Constrained Aerial Platforms,10.1109/ssrr59696.2023.10499937,2023,"Proceedings of the 2023 IEEE International Symposium on Safety, Security, and Rescue Robotics, SSRR 2023",Michalczyk J.; Scheiber M.; Jung R.; Weiss S.,"In this paper, we present a Radar-Inertial Odom-etry (RIO) framework capable of running on a portable resource-constrained embedded computer in real-Time as a state estimator for closing the feedback control loop on an Unmanned Aerial Vehicle (UAV) platform. The presented framework ef-ficiently implements a RIO approach relying on the multi-state tightly-coupled Extended Kalman Filter (EKF) fusing instantaneous velocities of and distances to 3D points delivered by a lightweight, low-cost, off-The-shelf Frequency Modulated Continuous Wave (FMCW) radar with Inertial Measurement Unit (IMU) readings. The usage, accuracy and consistency of the implemented framework are improved compared to state-of-The-Art by the online calibration of the sensors' extrinsic parameters. Our method is particularly relevant for (but not limited to) UAVs, enabling them to navigate autonomously in Global Navigation Satellite System (GNSS)-denied environments using very affordable and accessible hardware. In addition, thanks to the properties of the radar sensor, we enable autonomous navigation in challenging conditions for robot perception due to external factors such as fog, darkness or strong illumination which might be encountered in disaster zones. We show in real-world closed-loop flight experiments the effectiveness and efficiency of our estimator. The beneficial impact of the online calibration on estimation accuracy and consistency is also shown. Moreover, we compare the presented approach to a state-of-The-Art vision-based algorithm (Visual-Inertial Odometry (VIO)) in visually degraded conditions.  © 2023 IEEE.",Conference paper,scopus,ieee; wos,EXCLUDE,high,EXC-3,"A Radar-Inertial Odometry (RIO) framework that fuses radar and IMU data, not visual and inertial data as required by INC-1.",
P0479,False,Visual Heading Estimation for UAVs in Indoor Environments,10.1109/iccspa49915.2021.9385709,2021,"2020 International Conference on Communications, Signal Processing, and their Applications (ICCSPA)",A. Salib; A. Moussa; M. Moussa; N. El-Sheimy,"Recently, The UAV (Unmanned Aerial Vehicle) industry is getting a lot of attention, especially for very small drones that could fly indoors. Such a small drone can help perform rescue tasks such as investigating gas leaks or emergency situation that imposes risk on human intervention. Additionally, the UAVs can be utilized for indoor inspection and 3D mapping. The indoor environment is very challenging for the UAVs since the Global Navigation Satellite System (GNSS) cannot be reliably accessed to help UAV to locate itself. Various sensors could be mounted on UAVs to help the surveillance and navigation aspects of the operation. Range sensors such as 2D Lasers and LIDAR are very useful for providing valuable measurements towards reliable localization algorithms. Including such sensors will typically raise the system cost and limit the flight time due to increased power consumption. This research aims to assess the potential of using the typically installed UAV main camera to help estimate the UAV heading. The typical indoor environment includes many challenging situations such as monochrome surfaces and identical repeated patterns, especially in the ground surface. The research investigates the performance of different heading estimation approaches using a minimum cost configuration (without laser scanners). The proposed integration between the drone forward camera and the downward camera enhanced the navigation result compared to the other individual solutions using the downward camera only, forward camera only, or magnetometer. The performance of the investigated approaches in a real indoor flight is presented and discussed.",IEEE Conferences,ieee,,EXCLUDE,high,EXC-3,"Visual heading estimation using cameras (forward and downward) and magnetometer, but makes no mention of IMU, accelerometer, or gyroscope data fusion, failing to satisfy INC-1 for VIO systems.",
P0349,True,HVIOnet: A deep learning based hybrid visual–inertial odometry approach for unmanned aerial system position estimation,10.1016/j.neunet.2022.09.001,2022,Neural Networks,Aslan M.F.; Durdu A.; Yusefi A.; Yilmaz A.,"Sensor fusion is used to solve the localization problem in autonomous mobile robotics applications by integrating complementary data acquired from various sensors. In this study, we adopt Visual–Inertial Odometry (VIO), a low-cost sensor fusion method that integrates inertial data with images using a Deep Learning (DL) framework to predict the position of an Unmanned Aerial System (UAS). The developed system has three steps. The first step extracts features from images acquired from a platform camera and uses a Convolutional Neural Network (CNN) to project them to a visual feature manifold. Next, temporal features are extracted from the Inertial Measurement Unit (IMU) data on the platform using a Bidirectional Long Short Term Memory (BiLSTM) network and are projected to an inertial feature manifold. The final step estimates the UAS position by fusing the visual and inertial feature manifolds via a BiLSTM-based architecture. The proposed approach is tested with the public EuRoC (European Robotics Challenge) dataset and simulation environment data generated within the Robot Operating System (ROS). The result of the EuRoC dataset shows that the proposed approach achieves successful position estimations comparable to previous popular VIO methods. In addition, as a result of the experiment with the simulation dataset, the UAS position is successfully estimated with 0.167 Mean Square Error (RMSE). The obtained results prove that the proposed deep architecture is useful for UAS position estimation. © 2022 Elsevier Ltd",Article,scopus,,INCLUDE,high,INC-1|INC-2|INC-3|INC-4|INC-5|INC-6,Paper clearly describes a VIO system (INC-1) fusing visual and inertial data using deep learning for UAV/UAS position estimation (INC-2).,
P0125,True,A Localization and Trajectory Planning Method for UAVs with Visual-Inertial Odometry,10.1109/aim52237.2022.9863253,2022,"IEEE/ASME International Conference on Advanced Intelligent Mechatronics, AIM",Xu W.; Lin Z.; Wang W.,"Unmanned aerial vehicles (UAV) are capable of operating tasks in challenging environments of high risk for humans. However, these tasks usually require UAVs to plan motion in environments where GPS is unavailable. This paper implements a UAV system of motion planning and obstacle avoidance in GPS-denied indoor environments with the visual-inertial odometry (VIO) approach. Collecting measurements from stereo cameras and IMU, the visual-inertial odometry estimates the states of the UAV by jointly minimizing visual and inertial residuals and solving the nonlinear optimization problem. Then we utilize the minimum snap method to generate feasible trajectories based on the estimated states provided by VIO and an obstacle map of the indoor environment. In order to verify the effectiveness of the proposed system, we perform experiments on a UAV platform and the results show that the UAV accurately follows the planned trajectory and avoids obstacles without the aid of GPS.  © 2022 IEEE.",Conference paper,scopus,ieee; wos,INCLUDE,high,INC-1|INC-2|INC-6,Paper clearly describes VIO system fusing stereo cameras and IMU (INC-1) for UAV platform (INC-2) in GPS-denied environments (INC-6).,
P0023,True,Stereo visual-inertial fusion for UAV state estimation,10.1016/j.ifacol.2020.12.2412,2020,IFAC-PapersOnLine,Zhu J.; Yao C.; Janschek K.,"Visual-inertial fusion is frequently used for state estimation in aerial robotic applications due to the low-cost, simple hardware setup as well as the high accuracy. This work proposes a stereo visual-inertial fusion system based on the monocular method VINS-Mono, which tightly combines the visual and inertial measurements. Timing statistics are provided for the system running on an Intel NUC Mini-PC. The system real-time capability fulfills the requirements of the closed-loop control for a UAV. The proposed fusion system is evaluated in the public EuRoC MAV dataset and compared with several representative state-of-the-art open-sourced state estimators. According to the results, our method achieves competitive performance with relative low estimation errors in a computationally efficient manner. © 2020 The Authors. This is an open access article under the CC BY-NC-ND license (http://creativecommons.org/licenses/by-nc-nd/4.0)",Conference paper,scopus,wos,INCLUDE,high,INC-1|INC-2|INC-3|INC-4|INC-5|INC-6,"Paper presents stereo visual-inertial fusion system (INC-1) explicitly for UAV state estimation (INC-2), evaluated for real-time capability and computational efficiency (INC-6).",
P0485,True,Robust Sensor Fusion for Autonomous UAV Navigation in GPS denied Forest Environment,10.1109/roma55875.2022.9915682,2022,2022 IEEE 5th International Symposium in Robotics and Manufacturing Automation (ROMA),S. M. Shithil; A. A. M. Faudzi; A. Abdullah; N. Islam; S. M. Saad,"Forestry and precision biodiversity data collection using UAVs can be cost-effective and time efficient solution. However, navigating in the forest canopy autonomously can be quite challenging because of its GPS denied environment, cluttered, dynamic, and large scale. Most of the commercial UAVs used in forest applications apply GPS-based navigation which is not suitable for navigating under the canopy. In this paper, an autonomous UAV flight mission in a cluttered forest-like canopy environment is presented. A robust multi-sensor fusion-based robust navigation method which has failure detection features is proposed to enable safe and reliable autonomous navigation. The autonomy architecture utilizes the navigation, planning, and control capabilities of the UAV in a simultaneous manner. To achieve autonomous missions in forest environment, the proposed system has been tested rigorously in a simulated environment and the result shows the capability of autonomous flights in such a challenging environment. The performance of the autonomous flight was evaluated based on mean velocity and path length with respect to the increasing number of trees in the forest.",IEEE Conferences,ieee,,UNCERTAIN,medium,INC-1|INC-2,"Multi-sensor fusion for UAV navigation in GPS-denied forest environments (satisfying INC-2), but does not explicitly specify that visual and inertial sensors are fused together (INC-1 unclear).",Abstract lacks specificity about which sensors are fused - could be VIO but unclear from description alone.
P0238,False,Autonomous Navigation UAVs for Enhancing Information Freshness for Reconnaissance,10.3390/electronics13071354,2024,Electronics (Switzerland),Xie C.; Wu B.; Guo D.; Chen X.,"The demand for autonomous navigation UAVs in reconnaissance is steadily increasing. One crucial aspect of these missions is the freshness of reconnaissance information, which serves as a vital indicator of mission effectiveness. However, there is a lack of targeted investigation in the research on autonomous single/multi-UAV missions and joint path planning. Furthermore, the use of visual–inertial odometry (VIO) in rotary-wing UAVs can lead to significant positional drift during flight, which may result in the loss of the UAV and mission failure. This paper investigates joint planning problems in single/multi-UAV reconnaissance missions under both GPS-available and GPS-unavailable scenarios and proposes an integrated data collection and beacon-assisted localization approach. Finally, the numerical results demonstrate the effectiveness of the proposed scheme in enhancing the freshness of reconnaissance information. © 2024 by the authors.",Article,scopus,wos,EXCLUDE,high,EXC-7,"VIO only as a known limitation that causes positional drift, but the paper's contribution is joint path planning and beacon-assisted localization, not VIO algorithm development.'.",
P0351,True,Control-enabled Observability and Sensitivity Functions in Visual-Inertial Odometry,10.1007/s10846-018-0808-6,2019,Journal of Intelligent and Robotic Systems: Theory and Applications,Bai H.; Taylor C.N.,"Visual-inertial odometry (VIO) is an important component in autonomous navigation of Unmanned Aerial Vehicles (UAVs) in GPS-denied or degraded environments. VIO is a nonlinear estimation problem where control inputs, such as acceleration and angular velocity, have significant impact on the estimation performance. In this paper, we examine the effects of controls on the VIO problem. We first propose a sensitivity function that characterizes the relationship between the errors in the control inputs and the state estimation performance. This function depends on the control inputs, which is unique for nonlinear systems since for linear systems, state observability properties are independent of control inputs. We next derive analytical expressions of the sensitivity functions for various VIO scenarios relevant to UAV motions. Using Monte-Carlo simulations, we validate the derived sensitivity functions. We also show an interesting fact that deceleration along the velocity direction yields better estimation performance than acceleration with the same magnitude. © 2018, Springer Nature B.V.",Article,scopus,wos,INCLUDE,high,INC-1|INC-2|INC-3|INC-4|INC-5|INC-6,"VIO research (INC-1) with explicit UAV application in GPS-denied environments (INC-2, INC-6). Published in peer-reviewed journal in 2019 (INC-3, INC-5).",
P0458,False,Motion State Classification for Drone Localisation in GPS-Denied Environments using TinyML on Resource-Constrained Hardware,10.1109/aiot66900.2025.00126,2025,2025 IEEE Annual Congress on Artificial Intelligence of Things (AIoT),V. Barbu; A. -M. Drăgulinescu; A. Țapu,"Reliable UAV localisation in GPS-denied environments remains challenging, particularly under strict size, weight, and power constraints. This work presents a fully embedded approach that combines inertial and environmental sensing with Tiny Machine Learning models for on-board motion-state inference. A compact feed-forward neural network runs on a Cortex-M4 microcontroller using windowed accelerometer data, achieving real-time classification across eleven motion classes. Experiments show high accuracy for static states (F1 > 0.92) and promising performance for dynamic manoeuvres (F1 ≈ 0.70–0.80) with an 18 ms inference latency. The system demonstrates the feasibility of low-power, GPS-independent motion understanding for future embedded sensor-fusion-based localisation.",IEEE Conferences,ieee,,EXCLUDE,high,EXC-7,"Motion state classification using only accelerometer data for future integration with VIO systems, but does not present an actual VIO system that fuses visual and inertial data (fails INC-1).","Motion classification component for potential future VIO integration, not a complete VIO system."
P0128,True,Virtual Stereo Vision-Based Localization and 3D Mesh Mapping for Dual UAV Systems,10.1109/robio66223.2025.11378261,2025,"IEEE International Conference on Robotics and Biomimetics, ROBIO",Ju Z.; Yan C.; Xiang X.; Lai J.; Zhou H.; Tang D.,"Simultaneous Localization and Mapping (SLAM) has been extensively applied to solve the problem of robot localization and mapping without absolute position measurements. Visual sensors are widely used in odometry techniques due to their low cost and richer information content. However, when robots operate far from the scene (e.g., high-altitude UAVs), visual-inertial odometry (VIO) positioning accuracy degrades significantly. This compromises the balance between autonomous precision and rapid scene understanding. To address this issue, we propose a collaborative dual-Uavlocalization and real-time scene reconstruction framework for high-altitude operations. By utilizing inter-Uavvisual overlap observations and wireless ranging constraints, we propose a collaborative decentralized trajectory localization and global map point consistency optimization scheme. Our solution achieves high-altitude precise positioning and maintains dual-UAV observation consistency, enabling real-time construction of large-scale navigable maps. Evaluation results in photorealistic simulated environments demonstrate the superior accuracy of our approach in high-altitude localization and scene reconstruction.  © 2025 IEEE.",Conference paper,scopus,ieee,INCLUDE,high,INC-1|INC-2,"Abstract explicitly mentions visual-inertial odometry (VIO) for UAV positioning, satisfying INC-1, and clearly targets high-altitude UAV operations, satisfying INC-2.",
P0026,True,Information sparsification for visual-inertial odometry by manipulating Bayes tree,10.1016/j.ast.2021.107065,2021,Aerospace Science and Technology,Zhang X.; Yuan W.; Zheng L.; Zhan X.; Ren Q.; Lin B.,"A new information sparsification method is developed for visual-inertial odometry (VIO) used for exploratory unmanned aerial vehicles (UAV's). While most of the existing methods are designed for global (and thus postprocessing) bundle adjustment (BA) problems, our method is specifically designed to run incrementally on a local BA formulation in real time. The majority of the existing state-of-the-art methods are designed for pose graph optimization (PGO). Unlike PGO problems where the only variables to be optimized are robot poses, a combination of pose, velocity, and inertial measurement unit (IMU) bias is used in VIO. Existing approaches to sparsification cannot be directly applied to this formulation. Therefore, we design a trick to split the dense information matrix into two parts: IMU information and purely visual information and by doing so, existing methods of sparsification can be reused and applied to the purely visual information, which accounts for most of the nonzero entries within the dense information matrix. In addition, we design a new way of summarizing the dense information matrix: using Bayes tree in an incremental smoothing framework for fast data retrieval. Results using public benchmark dataset EuRoC show that the marginalized and sparsified smoother achieves the primary goal of power saving in terms of shortened pipeline cycle time while maintaining absolute trajectory accuracies comparable to that of the complete formulation and better than those offered by fellow sparsification solutions. © 2021 Elsevier Masson SAS",Article,scopus,wos,INCLUDE,high,INC-1|INC-2|INC-6,"Abstract clearly describes a VIO system that fuses visual and IMU data (INC-1) for UAVs (INC-2), with focus on computational efficiency for real-time deployment (INC-6).",
P0488,False,Tightly Coupled Multifactor Optimization-Based Hybrid Visual Localization for UAV,10.1109/tim.2025.3597617,2025,IEEE Transactions on Instrumentation and Measurement,L. Chen; Z. Guo; N. Wang; W. Chen; J. He; X. Zhang; H. Sun,"The localization method based on aerial images and satellite maps is an effective solution for unmanned aerial vehicles (UAVs) in Global Navigation Satellite Systems (GNSS) denied conditions. However, in addition to differences in scale and perspective, the difficulty of matching increases due to changes in lighting and terrain. At the same time, the search area of the satellite map relies on previous matching results, so previous errors can easily cause cascading effects, significantly reducing the accuracy of localization. To overcome these challenges, a multifactor tightly coupled visual localization method is proposed in this article, which avoids the interference of single-modal outliers by introducing multifactor joint optimization. Second, a search strategy on the satellite map is proposed, which continuously updates the candidate area based on the status of the UAV to improve the efficiency of the search and the accuracy of matching. Finally, an updated method of satellite map is designed to avoid matching failures caused by lagging satellite map updates. Multiple times of experiments are conducted using two different types of UAVs in different conditions, ranges, altitudes, and speeds to verify the effectiveness of the proposed method. Comparison with the state-of-the-art visual localization method shows that the proposed method improves the accuracy of localization by 27.1% and the efficiency of processing by 30.6%.",IEEE Journals,ieee,,EXCLUDE,high,EXC-3,"Visual localization using aerial images and satellite maps without any mention of IMU or inertial data fusion, failing to satisfy INC-1 which requires VIO fusion of both visual and inertial components.",
P0027,True,Visual-inertial odometry with robust initialization and online scale estimation,10.3390/s18124287,2018,Sensors (Switzerland),Hong E.; Lim J.,"Visual-inertial odometry (VIO) has recently received much attention for efficient and accurate ego-motion estimation of unmanned aerial vehicle systems (UAVs). Recent studies have shown that optimization-based algorithms achieve typically high accuracy when given enough amount of information, but occasionally suffer from divergence when solving highly non-linear problems. Further, their performance significantly depends on the accuracy of the initialization of inertial measurement unit (IMU) parameters. In this paper, we propose a novel VIO algorithm of estimating the motional state of UAVs with high accuracy. The main technical contributions are the fusion of visual information and pre-integrated inertial measurements in a joint optimization framework and the stable initialization of scale and gravity using relative pose constraints. To account for the ambiguity and uncertainty of VIO initialization, a local scale parameter is adopted in the online optimization. Quantitative comparisons with the state-of-the-art algorithms on the European Robotics Challenge (EuRoC) dataset verify the efficacy and accuracy of the proposed method. © 2018 by the authors. Licensee MDPI, Basel, Switzerland.",Article,scopus,wos,INCLUDE,high,INC-1|INC-2|INC-3|INC-4|INC-5|INC-6,"A VIO system that fuses visual and inertial measurements (INC-1) for UAV motion estimation (INC-2), addresses robust initialization and challenging conditions (INC-6), and appears in a peer-reviewed journal (INC-3).",
P0478,False,Launching a Micro–Scout UAV from a Mobile Robotic Manipulator Arm,10.1109/aero50100.2021.9438326,2021,2021 IEEE Aerospace Conference (50100),P. Arora; C. Papachristos,"This paper addresses the problem of autonomously deploying an unmanned aerial vehicle in non-trivial settings, by leveraging a manipulator arm mounted on a ground robot, acting as a versatile mobile launch platform. As real-world deployment scenarios for micro aerial vehicles such as search-and-rescue operations often entail exploration and navigation of challenging environments including uneven terrain, cluttered spaces, or even constrained openings and passageways, an often arising problem is that of ensuring a safe take-off location, or safely fitting through narrow openings while in flight. By facilitating launching from the manipulator end-effector, a 6-DoF controllable take-off pose within the arm workspace can be achieved, which allows to properly position and orient the aerial vehicle to initialize the autonomous flight portion of a mission. To accomplish this, we propose a sampling-based planner that respects a) the kinematic constraints of the ground robot / manipulator / aerial robot combination, b) the geometry of the environment as autonomously mapped by the ground robots perception systems, and c) accounts for the aerial robot expected dynamic motion during takeoff. The goal of the proposed planner is to ensure autonomous collision-free initialization of an aerial robotic exploration mission, even within a cluttered constrained environment. At the same time, the ground robot with the mounted manipulator can be used to appropriately position the take-off workspace into areas of interest, effectively acting as a carrier launch platform. We experimentally demonstrate this novel robotic capability through a sequence of experiments that encompass a micro aerial vehicle platform carried and launched from a 6-DoF manipulator arm mounted on a four-wheel robot base.",IEEE Conferences,ieee,,EXCLUDE,high,EXC-7,Focuses exclusively on launch platform positioning and trajectory planning for UAV deployment from a robotic manipulator.,"Paper is about launch system design, not VIO algorithm development"
P0352,True,A Visual/Inertial Relative Navigation Method for UAV Formation,10.1109/ccdc49329.2020.9164765,2020,"Proceedings of the 32nd Chinese Control and Decision Conference, CCDC 2020",Shao W.; Dou L.; Zhao H.; Wang B.; Xi H.; Yao W.,"Nowadays, the task of determining positions for Unmanned Aerial Vehicles (UAVs) has been mainly handled by combining Inertial Navigation System (INS) with Global Positioning System (GPS). This paper presents a visual/inertial relative navigation method for UAV formation to overcome the disadvantages of GPS such as disturbed easily. Firstly, INS and visual navigation system are respectively studied. Secondly, the state and observation equations of the visual/inertial navigation system are established. And Muti-rate Kalman Filter (MKF) is designed to estimate the position errors. Finally, the performance of this method is analyzed via a simulation. © 2020 IEEE.",Conference paper,scopus,ieee; wos,INCLUDE,high,INC-1|INC-2|INC-3|INC-6,"Paper clearly presents a visual/inertial navigation method that fuses INS and visual data (INC-1) for UAV platforms (INC-2), targeting GNSS-denied environments which satisfies robustness requirements (INC-6).",
P0239,True,ESLS: A Vision-Based Emergency Safe Landing System for UAVs,10.1016/j.procs.2025.10.206,2025,Procedia Computer Science,Merei A.; Mcheick H.; Ghaddar A.; Beltrame G.,"Uncrewed Aerial Vehicles (UAVs) are increasingly used across a wide range of missions, including healthcare-related operations such as medical supply delivery and search and rescue (SAR). However, performing safe emergency landings remains a critical challenge, especially in GPS-denied or cluttered environments such as forests or disaster zones. This paper presents an Emergency Safe Landing System (ESLS) designed to support emergency descent in any mission context. ESLS integrates RTAB-MAP SLAM with visual-inertial odometry (VIO), combining data from an onboard IMU and RGB-D camera to enable real-time 3D mapping and localization. The system uses YOLO-v5 object detection fused with a binary occupancy map. This allows robust identification of unobstructed areas in dynamic and unstructured environments. ESLS supports two operational modes: (1) Emergency Safe Landing Zone Detection (ESLZD), which selects the safest available landing zone; and (2) Search-and-Rescue Mode (ESLZD-SAR), which prioritizes landing safely near a detected survivor. Simulation results in ArduPilot Gazebo show landing zone detection success rates of up to 98% and landing success rates of up to 96%, highlighting the system's potential for reliable deployment in both standard and SAR-specific UAV operations. © 2025 The Authors.",Conference paper,scopus,,INCLUDE,high,INC-1|INC-2|INC-6,"Paper clearly describes a VIO system that fuses IMU and RGB-D camera data (INC-1) for UAV emergency landing (INC-2), addressing GNSS-denied environments and real-time onboard deployment challenges (INC-6).",
P0129,False,GPS emulation via visual-inertial odometry for inspection drones,10.1109/icar46387.2019.8981597,2019,"2019 19th International Conference on Advanced Robotics, ICAR 2019",Dornellas D.; Rosa F.; Bernardino A.; Ribeiro R.; Santos-Victor J.,"This work tested the applicability of a navigation system based on cameras and inertial sensors for a quadrotor UAV, motivated by the desire to expand its operational envelope to regions with low GPS signal reception. A standalone navigation module composed of a stereo camera pair, an IMU, synchronization electronics and a SoC computational board was developed and provided with OKVIS, a recent open-source VIO (Visual-Inertial Odometry) algorithm. In order to quantitatively assess its performance, an indoors dataset was recorded in a controlled environment, with precise ground-truth from a motion capture system. The system was integrated with a quadrotor UAV, functioning as an additional GPS sensor from the perspective of the onboard autopilot. For this end, the VIO trajectory data was georeferenced using information from the onboard GPS receiver, as well as from the orientation estimator embedded in the IMU. To the best of our knowledge, our system is the first to follow this integration approach, this being one of the main contributions of this work. Having validated the system with handheld testing, flight tests were performed. We show, qualitatively, that our system effectively yields improved trajectory estimates under low GPS signal reception. © 2019 IEEE.",Conference paper,scopus,ieee,EXCLUDE,high,EXC-7,"Used OKVIS, an existing open-source VIO algorithm, without modification. The contribution is integration with GPS for autopilot systems, not algorithmic VIO development.",Integration work using existing VIO as black-box input to GPS emulation system.
P0496,False,Towards Online System Identification: Benchmark of Model Identification Techniques for Variable Dynamics UAV Applications,10.1109/icuas54217.2022.9836134,2022,2022 International Conference on Unmanned Aircraft Systems (ICUAS),J. Song; P. J. Sanchez-Cuevas; M. Olivares-Mendez,"Providing self-modelling capabilities to robotic systems that could change their dynamics variables during their natural operation, like aerial manipulators, can significantly increase model-based algorithm’s resilience and performance. Some samples of those techniques are model predictive control or model-based trajectory planning techniques. This paper aims to benchmark how classical model identification techniques perform when adapted to be used at run-time. This self-awareness capability will improve transparency giving the robot the capability to understand what it can do and how to perform optimally. To do so, this paper compares four different model identification techniques and how they perform online in terms of accuracy and computational cost. The online adaptation of the model identification methods has been developed generically to apply to any dynamic system. The methods are numerically evaluated simulating an Unmanned Aerial Vehicle (UAV) with time-varying mass. The system has been evaluated in 5 different manoeuvres with 5 different mass-behaviour. This creates 25 experiments for each of the four model identification algorithms. In total, this paper presents the result of 100 studied cases.",IEEE Conferences,ieee,,EXCLUDE,high,EXC-7,System identification techniques for UAV dynamics modeling without any mention of visual-inertial odometry or sensor fusion. This is a higher-level control/modeling application that does not address VIO algorithms.,
P0029,False,Distance gradient integrated monocular visual-inertial-UWB tightly coupled localization approach; [融合距离梯度的单目视觉-惯性-UWB 紧耦合导航定位方法],10.13195/j.kzyjc.2024.1444,2025,Kongzhi yu Juece/Control and Decision,Jiang H.-R.; Gu F.; Teng T.-Q.; He Y.-Q.,"Visual-inertial odometry(VIO) is an efficient localization method in GPS-denied environments. However, due to sensor noise and accumulated errors, drift inevitably occurs, affecting the accuracy of localization. To address this issue, this paper proposes a monocular visual-inertial-UWB tightly coupled localization method that integrates distance gradient information. By constructing a residual model of the distance and its gradient information from the ultra-wideband(UWB) ranging sensor, the information from VIO and UWB is fused using factor graph optimization. The introduction of distance gradient information helps to correct velocity, thereby further suppressing drift in the navigation system and improving localization accuracy through tight multi-sensor fusion. The proposed method is experimentally validated on the EuRoc public dataset and an actual UAV platform, covering various flight conditions. The results show that the proposed method is highly feasible and demonstrates superior navigation and localization performance, achieving a 13.7% improvement in accuracy compared to similar methods using the same measurement information. © 2025 Northeast University. All rights reserved.",Article,scopus,,EXCLUDE,high,INC-4,Abstract clearly describes a VIO system that fuses visual and inertial data (INC-1) and explicitly mentions UAV platform testing (INC-2).,
P0130,False,LiDAR-Based Visual Inertial Odometry for High Altitude UAV,10.1007/978-981-96-2236-8_40,2025,Lecture Notes in Electrical Engineering,Dong J.; Lei H.; Yue Y.; Zhou Q.; Zhang X.; Wang H.; Wang J.; Jiang H.; Wang G.,"In this paper, a LiDAR-based depth estimation compensated VIO framework is proposed to address the problem of inaccurate depth estimation of UAV-mounted VIOs in high altitude, which in turn leads to reduced state estimation accuracy. In this framework, LiDAR uses accurate one-dimensional distance measurement information with external reference information between LiDAR and the camera instead of inter-frame constraint information, which avoids the problem of inaccurate feature depth estimation by triangulation in high altitude state. Meanwhile, this paper also adds the LiDAR measurement information into the back-end optimization, which achieves the simultaneous optimization of the LiDAR measurement results with the external parameters and improves the robustness of the system. Finally, in the flight experiments with maximum flight altitude of about 40 m and 100 m and travel distance of about 720 m and 1056 m, the proposed method reduces the absolute position error by 52% and 66%, respectively, compared with VINS-MONO. © The Author(s), under exclusive license to Springer Nature Singapore Pte Ltd. 2025.",Conference paper,scopus,,INCLUDE,high,INC-1|INC-2|INC-3|INC-6,"Satisfies INC-1 with VIO fusion enhanced by LiDAR, INC-2 with explicit UAV platform and flight experiments, and INC-6 by addressing high-altitude depth estimation challenges for robustness.",
P0491,False,ROLAND: Robust Landing of UAV on Moving Platform using Object Detection and UWB based Extended Kalman Filter,10.23919/iccas52745.2021.9649920,2021,"2021 21st International Conference on Control, Automation and Systems (ICCAS)",C. Kim; E. M. Lee; J. Choi; J. Jeon; S. Kim; H. Myung,"Unmanned Aerial Vehicles (UAVs) have been intensively used in various fields thanks to their excellent maneuverability. However, the short operation time of the UAV is limiting the further utilization of the UAV. The limitation of the UAV can be overcome by landing on ground vehicles and charging the battery on them. Therefore, diverse researches have been done on robust landing on ground platforms. Unfortunately, the existing autonomous landing methods have such limitations that a) special tag or marker should be attached on the landing site; b) visibility of the landing site must be secured; c) platform should be static; In this paper, to robustly estimate the relative pose of the moving platform and successfully land on it, we propose a novel robust landing system of the UAV. A neural network based object detection is used to recognize the landing site without a special tag or marker, and an Ultra-wideband (UWB) sensor is adopted to compensate for the limited field of view of the camera. The Extended Kalman Filter (EKF) for estimating the relative position of the moving platform by fusing the information obtained from various sensors is developed. Additionally, a robust autonomous landing controller is also designed. The performance of the proposed method is verified by the simulation of the UAV and the moving platform.",IEEE Conferences,ieee,,EXCLUDE,high,EXC-7,"Autonomous landing control using object detection and UWB sensor fusion for pose estimation of a moving platform, with no mention of VIO or IMU integration for ego-motion estimation.",
P0030,True,Run Your Visual-Inertial Odometry on NVIDIA Jetson: Benchmark Tests on a Micro Aerial Vehicle,10.1109/lra.2021.3075141,2021,IEEE Robotics and Automation Letters,Jeon J.; Jung S.; Lee E.; Choi D.; Myung H.,"This letter presents benchmark tests of various visual(-inertial) odometry algorithms on NVIDIA Jetson platforms. The compared algorithms include mono and stereo, covering Visual Odometry (VO) and Visual-Inertial Odometry (VIO): VINS-Mono, VINS-Fusion, Kimera, ALVIO, Stereo-MSCKF, ORB-SLAM2 stereo, and ROVIO. As these methods are mainly used for unmanned aerial vehicles (UAVs), they must perform well in situations where the size of the processing board and weight is limited. Jetson boards released by NVIDIA satisfy these constraints as they have a sufficiently powerful central processing unit (CPU) and graphics processing unit (GPU) for image processing. However, in existing studies, the performance of Jetson boards as a processing platform for executing VO/VIO has not been compared extensively in terms of the usage of computing resources and accuracy. Therefore, this study compares representative VO/VIO algorithms on several NVIDIA Jetson platforms, namely NVIDIA Jetson TX2, Xavier NX, and AGX Xavier, and introduces a novel dataset 'KAIST VIO dataset' for UAVs. Including pure rotations, the dataset has several geometric trajectories that are harsh to visual(-inertial) state estimation. The evaluation is performed in terms of the accuracy of estimated odometry, CPU usage, and memory usage on various Jetson boards, algorithms, and trajectories. We present the results of the comprehensive benchmark test and release the dataset for the computer vision and robotics applications. © 2016 IEEE.",Article,scopus,ieee,INCLUDE,high,INC-1|INC-2|INC-3|INC-4|INC-5|INC-6,"Article explicitly evaluates VIO algorithms (VINS-Mono, VINS-Fusion, Kimera, ALVIO, etc.) that fuse visual and inertial data (INC-1) for UAV applications (INC-2).",
P0354,False,Perception-aware path planning for UAVs using semantic segmentation,10.1109/iros45743.2020.9341347,2020,IEEE International Conference on Intelligent Robots and Systems,Bartolomei L.; Teixeira L.; Chli M.,"In this work, we present a perception-aware path-planning pipeline for Unmanned Aerial Vehicles (UAVs) for navigation in challenging environments. The objective is to reach a given destination safely and accurately by relying on monocular camera-based state estimators, such as Keyframe-based Visual-Inertial Odometry (VIO) systems. Motivated by the recent advances in semantic segmentation using deep learning, our path-planning architecture takes into consideration the semantic classes of parts of the scene that are perceptually more informative than others. This work proposes a planning strategy capable of avoiding both texture-less regions and problematic areas, such as lakes and oceans, that may cause large drift or failures in the robot's pose estimation, by using the semantic information to compute the next best action with respect to perception quality. We design a hierarchical planner, composed of an A∗ path-search step followed by B-Spline trajectory optimization. While the A∗ steers the UAV towards informative areas, the optimizer keeps the most promising landmarks in the camera's field of view. We extensively evaluate our approach in a set of photo-realistic simulations, showing a remarkable improvement with respect to the state-of-the-art in active perception. © 2020 IEEE.",Conference paper,scopus,ieee; wos,EXCLUDE,high,EXC-7,"Path planning that considers perception quality for VIO systems, but treats VIO as a trusted black-box input.",
P0501,False,Impact of the Trajectory on the Performance of RGB-D SLAM Executed by a UAV in a Subterranean Environment,10.1109/icuas54217.2022.9836199,2022,2022 International Conference on Unmanned Aircraft Systems (ICUAS),K. Y. Samarakoon; G. A. S. Pereira; J. N. Gross,"This paper empirically investigates the influence of trajectory design for autonomous Unmanned Aerial Vehicles (UAV) on the performance of Simultaneous Localization and Mapping (SLAM) in a subterranean environment that exhibits visual features similar to man-made and natural rock caverns. This was investigated by flying an autonomous UAV in a simulated cave environment, and also by deploying an actual UAV equipped with a RealSense L515-LiDAR to map a pillar inside a limestone mine. A popular open source SLAM software package – Real-Time-Appearance-Based Mapping (RTAB-Map) – was used. RTAB-Map has the ability to detect loop closures and has its approach to estimate an odometry solution. It was found that as the image overlap percentage increased, so did the number of loop closures. In average, we observed a 4.84% loop closure acceptance at 50% overlap and 49.57% loop closure acceptance rate at 90% overlap. Not only did the loop closure acceptance rate improve, there was evidence that lower overlap tended to lead to incorrect SLAM maps.",IEEE Conferences,ieee,,EXCLUDE,high,EXC-7,"Uses RTAB-Map (an existing SLAM system) without algorithmic modification to study trajectory design effects, making it an application study rather than a VIO algorithmic contribution per EXC-7.",
P0242,False,Visual-inertial navigation systems for aerial robotics: Sensor fusion and technology,10.1109/tase.2016.2582752,2017,IEEE Transactions on Automation Science and Engineering,Santoso F.; Garratt M.A.; Anavatti S.G.,"In this paper, we comprehensively discuss the current progress of visual-inertial (VI) navigation systems and sensor fusion research with a particular focus on small unmanned aerial vehicles, known as microaerial vehicles (MAVs). Such fusion has become very topical due to the complementary characteristics of the two sensing modalities. We discuss the pros and cons of the most widely implemented VI systems against the navigational and maneuvering capabilities of MAVs. Considering the issue of optimum data fusion from multiple heterogeneous sensors, we examine the potential of the most widely used advanced state estimation techniques (both linear and nonlinear as well as Bayesian and non-Bayesian) against various MAV design considerations. Finally, we highlight several research opportunities and potential challenges associated with each technique. © 2004-2012 IEEE.",Article,scopus,,EXCLUDE,high,EXC-4,This is explicitly a comprehensive survey/review paper discussing current progress of VI navigation systems rather than presenting a novel VIO algorithm or method.,
P0355,True,Research on UAV autonomous positioning system for system engineering; [面向系统工程的无人机自主定位系统研究],10.11996/jg.j.2095-302x.2024020363,2024,Journal of Graphics,Lu Y.; Chen X.; Su D.; Sun W.,"System engineering is a bridge connecting various engineering disciplines. It aims to optimize each subsystem to obtain better system behavior ability when designing and implementing complex systems. It plays an important guiding role in the design and development of UAV systems. Among the many subsystems of the UAV system, the positioning system provides accurate location information for the UAV, which is the basis for subsequent navigation and obstacle avoidance functions. This paper designed an autonomous positioning system for UAV system engineering, including multi-sensor system modeling, front-end visual inertial odometry, tightly coupled back-end optimization algorithm, system positioning results and environment map output, thus realizing UAV autonomous positioning in complex environments. An experimental verification platform was designed to verify the accuracy and robustness of the positioning system. The experimental results showed that the average positioning error of the proposed UAV autonomous positioning system was less than 0.07 m, which met the requirements of UAV system engineering design. © 2024 Editorial of Board of Journal of Graphics. All rights reserved.",Article,scopus,,INCLUDE,high,INC-1|INC-2|INC-6,"A UAV autonomous positioning system that includes visual-inertial odometry (satisfying INC-1), specifically targets UAV platforms (INC-2), and addresses complex environments which implies challenging conditions (INC-6).",
P0502,False,Localization - guaranteed navigation in GPS-denied environment via multi-UAV closed-loop coordination,10.1109/aero47225.2020.9172535,2020,2020 IEEE Aerospace Conference,S. Jiang; M. Shen,"Consider a scenario where multiple Unmanned Aerial Vehicles (UAVs) autonomously collaborate with each other to explore an unknown environment where GPS is not available. A visual fiducial marker with known geometry is fixed on each UAV to provide relative localization between any pair of UAVs. Nevertheless, the UAV s need to plan their motion to ensure that the marker always appears in camera's field-of-view so that they can be localized. Such requirement limits the trajectory space of UAVs when they are exploring the environment. To solve this issue, our first technical contribution is an innovative multi-UAV spatial closed-loop coordination mechanism, which provides guaranteed relative localization wherever they are in the unknown and texture-less environment. The coordination, however, requires that the environment satisfy line-of-sight (LOS) constraints, and therefore necessities the division of the global environment into different subareas such that LOS constraints are met within each subarea. Our second contribution is a novel temporal-spatial pose graph to register different subareas into one global environment accurately. Finally, we present an iterative strategy to simultaneously maximize the volume of exploration space and minimize the localization error under the line-of-sight (LOS) constraints. Comparison with STOA visual localization techniques in simulated unknown environment demonstrates that our method is robust, accurate and independent of the environment.",IEEE Conferences,ieee,,EXCLUDE,high,EXC-7,"Multi-UAV coordination and exploration strategies using visual fiducial markers for relative localization, but does not present a VIO algorithm that fuses visual and inertial data.",No mention of IMU/inertial sensors or VIO fusion methodology.
P0131,True,GNSS-Denied Semi-Direct Visual Navigation for Autonomous UAVs Aided by PI-Inspired Inertial Priors,10.3390/aerospace10030220,2023,Aerospace,Gallo E.; Barrientos A.,"This article proposes a method to diminish the horizontal position drift in the absence of GNSS (Global Navigation Satellite System) signals experienced by the VNS (Visual Navigation System) installed onboard a UAV (Unmanned Air Vehicle) by supplementing its pose estimation non-linear optimizations with priors based on the outputs of the INS (Inertial Navigation System). The method is inspired by a PI (Proportional Integral) control loop, in which the attitude and altitude inertial outputs act as targets to ensure that the visual estimations do not deviate past certain thresholds from their inertial counterparts. The resulting IA-VNS (Inertially Assisted Visual Navigation System) achieves major reductions in the horizontal position drift inherent to the GNSS-Denied navigation of autonomous UAVs. Stochastic high-fidelity Monte Carlo simulations of two representative scenarios involving the loss of GNSS signals are employed to evaluate the results and to analyze their sensitivity to the terrain type overflown by the aircraft. The authors release the C++ implementation of both the navigation algorithms and the high-fidelity simulation as open-source software. © 2023 by the authors.",Article,scopus,wos,INCLUDE,high,INC-1|INC-2|INC-6,"Abstract clearly describes fusion of visual and inertial data for UAV navigation (INC-1, INC-2), explicitly addresses GNSS-denied environments demonstrating robustness motivation (INC-6).",
P0503,False,Radar Inertial Odometry With Online Calibration,10.23919/enc48637.2020.9317343,2020,2020 European Navigation Conference (ENC),C. Doer; G. F. Trommer,"Accurate localization in visually degraded and GNSS denied environments is key for autonomous robotics. Vision based approaches usually fail in challenging conditions like smoke, dusk, direct sunlight or darkness. Our approach uses an Inertial Measurement Unit (IMU) and a millimeter wave FMCW radar sensor as both sensors are not affected by such conditions. A filter based 3D Radar Inertial Odometry (RIO) approach is presented which enables the online estimation of the extrinsic calibration of the radar sensor. Consequently, tedious calibration is not required any more. The application of stochastic cloning enables to process delayed radar measurements properly which enables to apply the navigation filter for online navigation. The proposed system is evaluated in simulation which proves a consistent estimation. Real world experiments with carried datasets and UAV flights prove the improvement by online calibration resulting in reduced position errors.",IEEE Conferences,ieee,,EXCLUDE,high,INC-1,"Radar Inertial Odometry (RIO) that fuses radar and IMU data, but does not involve visual sensors (cameras), failing to meet the core VIO requirement of INC-1.",
P0245,True,Visual-Inertial Navigation Algorithm Development Using Photorealistic Camera Simulation in the Loop,10.1109/icra.2018.8460692,2018,Proceedings - IEEE International Conference on Robotics and Automation,Sayre-Mccord T.; Guerra W.; Antonini A.; Arneberg J.; Brown A.; Cavalheiro G.; Fang Y.; Gorodetsky A.; McCoy D.; Quilter S.; Riether F.; Tal E.; Terzioglu Y.; Carlone L.; Karaman S.,"The development of fast, agile micro Unmanned Aerial Vehicles (UAVs) has been limited by (i) on-board computing hardware restrictions, (ii) the lack of sophisticated vision-based perception and vision-in-the-loop control algorithms, and (iii) the absence of development environments where such systems and algorithms can be rapidly and easily designed, implemented, and validated. Here, we first present a new micro UAV platform that integrates high-rate cameras, inertial sensors, and an NVIDIA Jetson Tegra X1 system-on-chip compute module that boasts 256 GPU cores. The UAV mechanics and electronics were designed and built in house, and are described in detail. Second, we present a novel 'virtual reality' development environment, in which photorealistically-rendered synthetic on-board camera images are generated in real time while the UAV is in flight. This development environment allows us to rapidly prototype computing and sensing hardware as well as perception and control algorithms, using real physics, real interoceptive sensor data (e.g., from the on-board inertial measurement unit), and synthetic exteroceptive sensor data (e.g., from synthetic cameras). Third, we demonstrate repeated agile maneuvering with closed-loop vision-based perception and control algorithms, which we have developed using this environment. © 2018 IEEE.",Conference paper,scopus,ieee,INCLUDE,high,INC-1|INC-2|INC-3|INC-4|INC-5|INC-6,"Paper presents visual-inertial navigation algorithm development (INC-1) for micro UAVs with high-rate cameras and inertial sensors (INC-2), addressing computational efficiency for onboard deployment (INC-6).","Focus appears to be on development environment/simulation, but involves actual VIO algorithm development and testing."
P0246,False,Indoor positioning technology of multi⁃rotor flying robot based on visual-inertial fusion; [视 觉 与 惯 性 融 合 的 多 旋 翼 飞 行 机 器 人室 内 定 位 技 术],10.7527/s1000-6893.2022.26964,2023,Hangkong Xuebao/Acta Aeronautica et Astronautica Sinica,Zhang H.; Ma J.; Liu H.; Guo P.; Deng H.; Xu K.; Ding X.,With the development of artificial intelligence technology，the application scenarios of UAV tend to be diverse. People’s demand for UAV is not only satisfied with flight，but also endows it with the role of flying robot，imposing higher requirements for its autonomous navigation，positioning in complex environment and intelligent cooperation. According to the positioning requirements of indoor scene，the indoor positioning of multi rotor flying robot is realized by integrating vision and inertial data. Besides，an image enhancement algorithm is added to the visual front end to improve the gray contrast of the image. Aiming at the drift problem in visual-inertial fusion positioning of flying robot，a strategy of feature point extraction and image frame release based on image information is proposed to improve the positioning accuracy. Aiming at the indoor autonomous tracking and landing task of flying robot，a flying robot autonomous landing system based on visual positioning is designed. Moreover，a flying robot model is built in Gazebo to verify its effectiveness. The positioning algorithms are compared and evaluated under the EuRoC dataset. A flying robot platform is built in the real scene for indoor positioning experiments. The task of autonomous tracking and landing of ground platform in indoor scene is completed. The error analysis is carried out by using the positioning truth value provided by the motion capture system. The results show that the positioning technology can meet the requirements of autonomous tracking and landing tasks in indoor scenes. © 2023 AAAS Press of Chinese Society of Aeronautics and Astronautics. All rights reserved.,Article,scopus,,EXCLUDE,high,INC-4,"Article clearly describes VIO fusion for multi-rotor flying robot positioning (INC-1), targets UAV/drone platform (INC-2), and addresses GNSS-denied indoor environments requiring robustness (INC-6).",
P0132,False,An FPGA-Based High-Throughput Keypoint Detection Accelerator Using Convolutional Neural Network for Mobile Robot Applications,10.1109/primeasia56064.2022.10104021,2022,PrimeAsia 2022 - 2022 IEEE the Asia Pacific Conference on Postgraduate Research in Microelectronics and Electronics,Li J.; Liu Y.; Huang K.; Zhou L.; Chang L.; Zhou J.,"Keypoint detection is a key procedure for Visual-Inertial Odometry (VIO). In recent years, Convolutional Neural Network (CNN) has been introduced to enhance the robustness of keypoint detection. However, the high computational complexity and memory usage make them difficult to be deployed to edge platforms for high-throughput mobile robot applications such as Unmanned Aerial Vehicles (UAVs) and Autonomous Mobile Robots (AMRs). In this work, we proposed an FPGA-based high-throughput keypoint detection accelerator using CNN with algorithm-hardware co-design, including a lightweight keypoint detection neural network and a dedicated hardware accelerator architecture. Implemented on a Xilinx ZCU104 FPGA board, the proposed accelerator is able to perform keypoint detection at 94 FPS for 640 × 480 input image with a low ATE, outperforming the state-of-the-art designs.  © 2022 IEEE.",Conference paper,scopus,,EXCLUDE,high,EXC-7,"Focuses exclusively on FPGA hardware acceleration for keypoint detection as a component of VIO, without any algorithmic VIO contribution.",
P0506,True,Visual industrial inspection using aerial robots,10.1109/carpi.2014.7030056,2014,Proceedings of the 2014 3rd International Conference on Applied Robotics for the Power Industry,S. Omari; P. Gohl; M. Burri; M. Achtelik; R. Siegwart,"The use of unmanned aerial vehicles (UAV) offers a unique possibility to capture visual information in areas which are hard to reach or dangerous for humans. For UAVs to become a standard tool in visual inspection, it is of utmost importance that the aerial robot can be operated efficiently by a non-expert UAV pilot and that the navigation system is robust enough to remain operational in rough, industrial conditions. To this end, we present a UAV navigation system setup that uses visual-inertial sensor cues to estimate the UAV pose as well as to create a dense 3D map of the environment in real-time onboard the UAV, completely independent of GPS. The proposed navigation system enables the operator to directly interface the UAV using high-level commands such as waypoints or velocity commands while the navigation system ensures a stable and collision-free flight.",IEEE Conferences,ieee,,INCLUDE,high,INC-1|INC-2|INC-3|INC-4|INC-5|INC-6,"A VIO system that fuses visual and inertial sensor cues (INC-1) for UAV pose estimation (INC-2), operates GPS-independent in rough industrial conditions (INC-6).",
P0031,True,Position Uncertainty Reduction in Visual-Inertial Navigation Systems Using Multi-ML Error Compensation,10.33012/2024.19790,2024,"Proceedings of the International Technical Meeting of the Satellite Division of The Institute of Navigation, ION GNSS+",Tabassum T.E.; Petrunin I.; Rana Z.A.,"In the absence of signals from global navigation satellite systems (GNSS), visual-inertial navigation systems (VINS) are usually utilized in urban air mobility (UAM) applications which require reliable navigation in complex urban areas. This paper focuses on improving vision-based alternatives to GNSS navigation solutions with position uncertainty correction for safe and uninterrupted flights. The novel contribution introduces multiple machine-learning aided hybrid visual-inertial odometry (multi-ML hybrid VIO) that utilizes gated recurrent unit (GRU) based error compensators to enhance positioning within complex environments by reducing the impacts of various sources of uncertainty. Unlike state-of-the-art systems that lack evidence of demonstrating performance enhancement with position uncertainty correction within VIO architectures, the proposed framework simultaneously reduces position uncertainty and improves accuracy. Furthermore, training and testing datasets are generated using MATLAB incorporating unreal engine simulation environment for UAVs to replicate complex scenarios including environmental conditions, illumination variations, weather effects and flight dynamics where traditional VIO systems tend to fail. The proposed hybrid VIO architecture has been validated under combinations of complex scenarios including various sources of uncertainty such as sensor noise, feature tracking error, environmental dynamics, weather effects and lighting conditions for extended flights. The comparison results have demonstrated reduction in horizontal positioning RMSE errors: 1.7m for VIO with VO error compensation 2.18m for VIO with KF error compensation, 1.4m for multi-ML hybrid VIO. Furthermore, it demonstrates generalization ability over seen and unseen fault scenarios that indicates performance improvement of 89% in 3D position compared to VIO with VO error compensation, VIO with KF error compensation, and ESKF-based VIO. Additionally, experimental results demonstrate overall horizontal position uncertainty reduction by 79% for test 1 and 22% for test 2. Finally, this work represents a step forward in improving the safety and effectiveness of UAV navigation by providing vision-based alternative to GNSS solution for uninterrupted flights. © 2024 The Institute of Navigation. All Rights Reserved.",Conference paper,scopus,,INCLUDE,high,INC-1|INC-2|INC-3|INC-4|INC-5|INC-6,"A visual-inertial navigation system (VINS) that fuses visual and inertial data (INC-1), explicitly targets UAV applications in urban air mobility (INC-2).",
P0495,False,Autonomous Landing of a UAV on a Moving Ground Vehicle in a GPS Denied Environment,10.1109/ssrr50563.2020.9292607,2020,"2020 IEEE International Symposium on Safety, Security, and Rescue Robotics (SSRR)",S. M. Nogar,Teams of autonomous air and ground agents can enable operations in search and rescue environments that are too remote or dangerous for humans but often require extensive positioning and communication infrastructure. A straightforward approach that maximizes the use of modern robotics tools is implemented to achieve a rotary wing unmanned air vehicle (UAV) landing on a moving unmanned ground vehicle (UGV) without the aid of GPS or other external positioning systems. Landing uses positioning information from a “fractal” visual fiducial marker that embeds smaller markers within larger ones that allows the estimation of a 6 degree-of-freedom (DOF) pose at all altitudes during landing. All computations are performed onboard the vehicle using low cost sensors and computers and no communications are required between the UAV and UGV. Trials were conducted in both software-in-the-loop (SITL) simulations and outdoor experiments and demonstrated this algorithm to be effective at performing landing maneuvers. Landing was performed using a small custom-built quadrotor and a Clearpath Warthog UGV at speeds of up to 2.5 m/s.,IEEE Conferences,ieee,,EXCLUDE,high,EXC-7,"Focuses exclusively on a higher-level application (autonomous landing on moving vehicles) using visual fiducial markers for pose estimation, with no mention of IMU/inertial sensor fusion or algorithmic VIO contribution.",
P0133,True,A Method for Measuring the Error Rules in Visual Inertial Odometry Based on Scene Matching Corrections,10.3390/mi15111362,2024,Micromachines,Liu H.; Gong Z.; Shen J.; Li Y.; Long Q.,"To address problems in the integrated navigation error law of unmanned aerial vehicles (UAVs), this paper proposes a method for measuring the error rule in visual inertial odometry based on scene matching corrections. The method involves several steps to build the solution. Firstly, separate models were constructed for the visual navigation model, the Micro-Electromechanical System (MEMS) navigation model, and the scene matching correction model. Secondly, an integrated navigation error measurement model based on scene matching corrections and MEMS navigation was established (the MEMS+SM model). Finally, an integrated navigation error measurement model based on scene matching corrections, visual navigation, and MEMS navigation was constructed (the VN+MEMS+SM model). In the experimental part, this paper first calculates the average error of the VN+MEMS+SM model and the MEMS+SM model under different scene matching accuracies, scene matching times, and MEMS accuracies. The results indicate that, when the scene matching accuracy is less than 10 m and the scene matching time is less than 10 s, the errors of the VN+MEMS+SM model and the MEMS+SM model are approximately equal. Furthermore, the relationship between the scene matching time and the scene matching accuracy in the EMS+SM model was calculated. The results show that, when the scene matching time is 10 s, the critical values of the image matching accuracies required to achieve average errors of 10 m, 30 m, and 50 m are approximately 160 m, 240 m, and 310 m. Additionally, when the MEMS accuracy is 150, the scene matching accuracy is 50 m, and the scene matching time exceeds 135 s, the average error of the VN+MEMS+SM model will be smaller than that of the MEMS+SM model. © 2024 by the authors.",Article,scopus,wos,INCLUDE,high,INC-1|INC-2|INC-3|INC-4|INC-5|INC-6,"A VIO system that fuses visual navigation (VN) and MEMS inertial data (INC-1) for UAV navigation (INC-2), published in a peer-reviewed journal in 2024 (INC-3, INC-4, INC-5).",
P0250,False,Robust Multi-Sensor Navigation in GNSS Degraded Environments,10.2514/6.2023-2242,2023,"AIAA SciTech Forum and Exposition, 2023",Villalobos G.; Petrunin I.; Shin H.-S.; Gilmour J.,"The success of an Unmanned Aircraft Vehicle for effective operation beyond visual line of sight is linked to the system’s ability to maintain precise positioning during stationary and maneuvering flight under all encountered conditions, such as sensor measurement degradation or unavailability. Therefore, unmanned operations demand a resilient, accurate, and integral navigation system. Sensor fusion increases data redundancy by combining measurements from complementary sensors, such as Global Navigation Satellite Systems GNSS, Visual Inertial Navigation Systems VINS, and Light Detection and Ranging Systems LIDAR. This research aims to propose an enhanced adaptative sensor switching mechanism within a multi-sensor navigation system for improved robustness in GNSS-degraded environments accounting for accuracy through the interaction between different sensor models by means of their probability of failure. The switching is driven by a real-time process that dynamically adapts to sensor loss and degradation environments based solely on each sensor’s adaptative probability of failure and their interaction. This approach is developed based on previous research and is improved to account for the dependency of heuristic determination for sensor uncertainty models. The simulation is achieved with the help of the UAV Toolbox from MATLAB and the positioning signals modeled through ground truth manipulation with existing error models to test and evaluate the proposed methodology. The results presented show an improvement by mitigating the heuristic dependency and Markov chain sensitivity reported in previous research. © 2023, American Institute of Aeronautics and Astronautics Inc, AIAA. All rights reserved.",Conference paper,scopus,wos,INCLUDE,high,INC-1|INC-2|INC-3|INC-6,"A multi-sensor navigation system that includes Visual Inertial Navigation Systems (VINS) fusion for UAV platforms, targeting GNSS-degraded environments with adaptive sensor switching mechanisms.",
P0134,False,Hybrid Vision-Inertial Fusion for End-to-End UAV Control in Simulation,10.1109/fmlds67896.2025.00090,2025,"Proceedings - 2025 IEEE International Conference on Future Machine Learning and Data Science, FMLDS 2025",Zhang J.-M.; Chen W.-H.; Lin Y.-C.,"Autonomous unmanned aerial vehicles (UAVs) require robust perception and control to navigate complex environments. Traditional end-to-end learning methods often rely on single-modality inputs, such as RGB images, which limits performance under sensor noise or changing conditions. To address this, we propose a multimodal control framework that fuses visual and inertial data. The system integrates a hybrid vision transformer (Hybrid-ViT), combining MobileNet for local feature extraction and a vision transformer for global representation, and an LSTM network for modeling IMU time-series data. Early feature-level fusion of RGB and IMU modalities improves perception robustness and control accuracy. The framework was implemented and evaluated in the Flightmare simulation platform with 95,000 RGB-IMU pairs collected across diverse scenarios. Experiments demonstrate improved obstacle avoidance (92% success rate), greater control stability, and reduced trajectory deviation compared to CNN-and ViT-based baselines. These results highlight the potential effectiveness of hybrid visual-inertial fusion for enhancing UAV autonomy in simulated environments, with real-world validation left for future work. © 2025 IEEE.",Conference paper,scopus,ieee,EXCLUDE,high,INC-1,INC-1 requires fusion of camera and IMU 'for pose/motion estimation'.,
P0509,False,A Computationally Efficient Obstacle Avoidance System for UAV Teleoperation,10.1109/m2vip49856.2021.9665082,2021,2021 27th International Conference on Mechatronics and Machine Vision in Practice (M2VIP),S. He; G. Chen,"In spite of the development of autonomy in unmanned aerial vehicles (UAV), some complex missions, which typically require cognition or intuitive decision making, are still beyond the capability of fully autonomous UAVs. Human-robot interaction (HRI) are necessary in these missions. Typical examples could be inspecting machines in factory or taking an aerial shot in cluttered environment. Furthermore, the operators in the aforementioned missions are usually inexperienced in manipulating UAVs. Existing teleoperation systems are usually designed for experienced operators and are unable to preserve purposes of the users. Therefore, it is fundamental to develop a teleoperation system which could integrate human intentions and ensure safety autonomously. In this work, a computationally efficient obstacle avoidance teleoperation system is developed and tested. A sampling-based trajectory planning method is utilized to achieve real-time planning and robust performance. Human intentions are given by a remote control. Besides, different control strategies are chosen in different environments based on distance map entropy to facilitate convenient operation. The whole system is proved to work efficiently and robustly by indoor and outdoor experiments.",IEEE Conferences,ieee,,EXCLUDE,high,EXC-7,"Teleoperation system design and obstacle avoidance using sampling-based trajectory planning, with no mention of VIO, visual-inertial fusion, or pose estimation components.",
P0032,True,Multi-sensor fusion for unmanned aerial vehicles based on the combination of filtering and optimization; [结合滤波与优化的无人机多传感器融合方法],10.1360/ssi-2019-0237,2020,Scientia Sinica Informationis,Dai B.; He Y.; Gu F.; Yang L.; Xu W.,"Accurate and real-time state estimation is the first step to realize safe flight and operation of unmanned aerial vehicles (UAVs). Multi-sensor fusion, e.g., vision, IMU, and GPS, can improve the accuracy of state estimation and even make it work when some sensor is unavailable. Thus, this paper proposes a multi-sensor fusion method based on the combination of filtering and optimization to achieve locally accurate and globally drift-free state estimation. The proposed method has two components, i.e., the Kalman filter and global optimization. The Kalman filter is considered the main structure of the fusion framework, which fuses a local sensor (IMU) and global sensors (aligned global visual inertial odometry, GPS, magnetometer, and barometer sensors) to obtain global state estimation in real time. Global optimization estimates the transformation between local base frame of the visual inertial odometry and global base frame to obtain an accurate global visual estimation. However, given discontinuity of optimization and odometry delay, the aligned visual odometry is then input into the Kalman filter to achieve accurate and drift-free state estimation in real time. Finally, flight and localization tests on a practical UAV were conducted. The experimental results demonstrate the effectiveness and robustness of the proposed multi-sensor fusion method. © 2020, Science China Press. All right reserved.",Article,scopus,,INCLUDE,high,INC-1|INC-2,"Paper explicitly describes visual inertial odometry (VIO) fusion with IMU and other sensors for UAV state estimation, satisfying INC-1. Target platform is explicitly UAVs, satisfying INC-2.",
P0135,True,Autonomous exploration of visually-degraded environments using aerial robots,10.1109/icuas.2017.7991510,2017,"2017 International Conference on Unmanned Aircraft Systems, ICUAS 2017",Papachristos C.; Khattak S.; Alexis K.,"This paper presents a combined perception systems and planning algorithms approach to the problem of autonomous aerial robotic navigation and exploration in degraded visual (dark) GPS-denied environments. A perception system that comprises of a synchronized near-infrared stereo camera system, flashing LEDs, inertial sensors and a 3D depth sensor is utilized in order to derive visual-inertial odometry and dense mapping in conditions of complete darkness. Exploiting this ability within the framework of a localizability-aware receding horizon exploration and mapping planner, the proposed approach ensures robotic autonomy in dark environments for which no prior knowledge exists. A set of experimental studies in a dark room of complex geometry, as well as a city tunnel at night were conducted to evaluate and verify the abilities of the system and the proposed solution. © 2017 IEEE.",Conference paper,scopus,,INCLUDE,high,INC-1|INC-2|INC-6,"Abstract clearly describes visual-inertial odometry using stereo cameras and inertial sensors (INC-1) for aerial robots (INC-2) in challenging GPS-denied, dark environments (INC-6).",
P0482,False,Visual SLAM for Autonomous Drone Landing on a Maritime Platform,10.1109/ismcr56534.2022.9950582,2022,2022 International Symposium on Measurement and Control in Robotics (ISMCR),T. Dutrannois; T. -T. Nguyen; C. Hamesse; G. De Cubber; B. Janssens,"Ship deck landing of Unmanned Aerial Vehicles (UAVs/drones) in different kinds of environmental conditions remains a bottleneck for the widespread deployment of UAVs for maritime operations. For safe operation, the relative motion between the UAV and the pitching and rolling deck of a moving ship must be estimated accurately and in real-time. This paper presents a visual Simultaneous Localization and Mapping (SLAM) method for real-time motion estimation of the UAV with respect to its confined landing area on a maritime platform during landing phase. The visual SLAM algorithm ORBSLAM3 [1] was selected after benchmarking with multiple state-of-the-art visual SLAM and Visual Odometry (VO) algorithms with the EuRoC dataset [2]. It was evaluated for a simulated landing scenario of a UAV at 16m height with a downward camera in multiple configurations with sufficient results in both speed and accuracy for the landing task.",IEEE Conferences,ieee,,EXCLUDE,high,EXC-3,"A visual SLAM method using ORB-SLAM3 for UAV landing, which is visual-only odometry without IMU/inertial fusion (EXC-3). Despite the aerial platform context (INC-2), it does not satisfy the core VIO requirement (INC-1).",
P0251,True,REFLoc: A Resilient Evolutionary Fusion Framework for Robust Indoor Localization,10.1109/tim.2024.3403196,2024,IEEE Transactions on Instrumentation and Measurement,Chen H.; Zhang L.; Li D.; Xu J.; Yang W.; Yang Z.,"Location awareness is becoming increasingly crucial in unmanned aerial vehicles (UAVs). However, in the absence of global positioning system (GPS) signals in indoor scenes, how to obtain accurate positioning results has become a frontier issue that has attracted much attention. This article proposes a resilient evolutionary multisensor fusion localization framework named 'REFLoc' to achieve accurate indoor positioning of UAVs. Motivated by the ease of deployment and the wide feasibility of precise indoor localization, we introduce ultrawideband (UWB) as global localization. The global localization provides the absolute position information of the UAV indoors, but it may be affected by signal blocking, occlusion, or interference. To address these noise effects, we introduce a hybrid threshold wavelet denoising (HTWD) algorithm to effectively preprocess UWB data. We also integrate visual-inertial odometry (VIO) as the support of local tracking to provide continuous and high-frequency motion estimation. We dynamically adjust the weight parameters and noise covariance matrices by using the resilient evolutionary fusion method. Then, we further seamlessly integrate the global localization and local tracking results in the optimized EKF framework. This improves the robustness of the system to environmental changes and outliers. We evaluate the performance of REFLoc in public datasets and the real world, and the experimental results show that the proposed framework can effectively improve the robustness and accuracy of the UAVs' localization.  © 1963-2012 IEEE.",Article,scopus,ieee; wos,INCLUDE,high,INC-1|INC-2,"Article clearly reports a VIO system that integrates visual-inertial odometry with UWB for multisensor fusion (INC-1), explicitly targets UAVs for indoor localization in GPS-denied environments (INC-2).",
P0358,False,Intelligent perception measurement technology of autonomous UAV for unknown environment; [面向未知环境的自主无人机智能感知测量技术],10.11947/j.agcs.2024.20230389,2024,Cehui Xuebao/Acta Geodaetica et Cartographica Sinica,Yan L.; Zhao Y.; Dai J.; Xu B.; Xie H.; Zhou Y.,"The development of intelligent surveying and mapping puts higher requirements for efficient, complete, and intelligent data collection, especially in GNSS-denied environments such as under-canopy, where traditional methods frequently struggle to achieve efficient and high-coverage measurements. To address the need for intelligent perception measurement of unknown environments, this paper introduces a novel intelligent perception measurement unmanned aerial vehicle (UAV) technology and framework, using a UAV as a mobile platform. This paper integrates visual online autonomous localization with global exploration path planning. Initially, the framework incorporates a novel visual-inertial odometry (VIO) online localization algorithm based on point and line features, which solves the initial pose estimation through feature extraction and matching of point and line features, and then high-precision pose information of the UAV is generated in real-time using factor graph optimization. Furthermore, to ensure efficient and high-coverage autonomous UAV measurements in unknown environments, this paper employs a global optimal exploration path planning method that considers multi-level information to determine the local exploration targets, and then generates high-quality exploration trajectories in real time through trajectory search and optimization algorithm. Moreover, the framework was validated by a customized UAV platform, the step-by-step comparison and overall real-world test demonstrates that the localization and space exploration methods designed and adopted by the framework have significant advantages compared with the current representative methods. In addition, it achieves efficient and high-coverage full autonomous measurements in GNSS-denied local under-canopy environments, which establishes a solid theoretical and framework foundation for the further development of online intelligent perception in unknown scenarios. © 2024 SinoMaps Press. All rights reserved.",Article,scopus,,EXCLUDE,high,INC-4,"A VIO algorithm that fuses visual and inertial data for UAV localization (INC-1), clearly targets UAVs as the platform (INC-2), and addresses GNSS-denied environments which motivates robustness (INC-6).",
P0450,True,Design and Implementation of Tennis Ball Boy Robot Based on a Quadrotor UAV,10.1109/cacre58689.2023.10208124,2023,"2023 8th International Conference on Automation, Control and Robotics Engineering (CACRE)",Y. Lin; L. Han; J. Liu,"With the continuous development of tennis tournaments, the Tennis Ball Boy (TBB) mechanism has been gradually improved, the Eagle-Eye Vision System has been maturely applied in tennis tournaments, and TBB has been moving towards intelligence. In this paper, the concept of an intelligent TBB robot system is proposed, and a TBB robot based on a quadrotor Unmanned Aerial Vehicle (UAV) is developed to address the problems of long working hours, high intensity and the safety hazards of standing for TBB in tennis tournaments. Based on the modular design method, the intelligent TBB robot includes robot hardware design, visual tennis ball object detection, visual localization and navigation, and overall robot control system design. The tennis ball clamping mechanism is designed based on a symmetric single Degree-Of-Freedom (DOF) pawl mechanism. The tennis ball object detection system is designed with the YOLOX deep learning object detection framework, and this model is deployed through the OpenVINO platform, which enables the robot to detect tennis balls in real-time. The visual localization system based on the VINS-FUSION framework is constructed with a binocular vision fusion IMU. On this basis, a SE(3) positional controller, a 3D A* path planning algorithm and Minimum Snap trajectory optimization are developed to enable the robot to have navigation and obstacle avoidance functions. An advanced decision control system based on the Finite State Machines (FSM) is designed for the Robot Operating System (ROS) platform. Finally, the experiment verifies the reliability of each module of the robot, and this paper can provide a basis for further research.",IEEE Conferences,ieee,,INCLUDE,high,INC-1|INC-2|INC-3|INC-6,A VIO system using VINS-FUSION framework with binocular vision fused with IMU (INC-1) for a quadrotor UAV platform (INC-2).,
P0252,True,Employing smartphone as on-board navigator in unmanned aerial vehicles: Implementation and experiments,10.1108/ir-01-2015-0016,2015,Industrial Robot,Zhao B.; Hellwich O.; Hu T.; Zhou D.; Niu Y.; Shen L.,"Purpose: This study aims to investigate if smartphone sensors can be used in an unmanned aerial vehicle (UAV) localization system. With the development of technology, smartphones have been tentatively used in micro-UAVs due to their lightweight, inexpensiveness and flexibility. In this study, a Samsung Galaxy S3 smartphone is selected as an on-board sensor platform for UAV localization in Global Positioning System (GPS)-denied environments and two main issues are investigated: Are the phone sensors appropriate for UAV localization? If yes, what are the boundary conditions of employing them? Design/methodology/approach: Efficient accuracy estimation methodologies for the phone sensors are proposed without using any expensive instruments. Using these methods, one can estimate his phone sensors accuracy at any time without special instruments. Then, a visual-inertial odometry scheme is introduced to evaluate the phone sensors-based path estimation performance. Findings: Boundary conditions of using smartphone in a UAV navigation system are found. Both indoor and outdoor localization experiments are carried out and experimental results validate the effectiveness of the boundary conditions and the corresponding implemented scheme. Originality/value: With the phone as a payload, UAVs can be further realized in smaller scale at lower cost, which will be used widely in the field of industrial robots. © Emerald Group Publishing Limited [ISSN 0143-991X].",Article,scopus,wos,INCLUDE,high,INC-1|INC-2|INC-6,"Article explicitly describes a visual-inertial odometry scheme (INC-1) for UAV localization (INC-2) in GPS-denied environments, which directly addresses robustness conditions (INC-6).",
P0483,False,Combined System Identification and State Estimation for a Quadrotor UAV,10.1109/icra48506.2021.9561850,2021,2021 IEEE International Conference on Robotics and Automation (ICRA),C. Böhm; C. Brommer; A. Hardt-Stremayr; S. Weiss,"Precise system identification is an important aspect of adequate control design and parameter definition to allow for accurate and reliable navigation. While this is well known in robotics, the community working with small rotorcraft Unmanned Aerial Vehicles (UAVs) has yet to discover the benefits. In contrast to existing work, which often performs offline or deterministic (i.e. closed-form) system identification, we present a probabilistic approach to the online estimation of system identification parameters and self-calibration states. Instead of decoupling system identification and state estimation for vehicle control, we merge the entire process into a holistic probabilistic framework to allow self-awareness and self-healing. Our observability analysis shows that most of the system identification parameters are observable and converge quickly to the optimal value using a combination of inertial cues, dynamic modeling, and an additional exteroceptive sensor. We support our theoretical findings with extensive tests simulating realistic data in Gazebo.",IEEE Conferences,ieee,,EXCLUDE,high,EXC-7,"System identification and parameter estimation using inertial cues and exteroceptive sensors, but does not describe VIO fusion or algorithmic contributions to visual-inertial odometry.","System ID paper, not VIO algorithm development"
P0034,False,A Visual-Inertial Localization Method Based on Motion Feature Constraints,10.1007/978-981-96-2204-7_7,2025,Lecture Notes in Electrical Engineering,Li Y.; Xiong Z.; Wang J.; Gao G.,"The method of fusing visual and inertial information for localization has been shown to deliver stable navigational outcomes when the unmanned aerial vehicle (UAV) undergoes large attitude changes. However, when the UAV’s motion state changes such as sudden stopping and prolonged hovering to identify the search target, the drift noise of the IMU and insufficient constraints of the visual features results in diminished precision of localization. Furthermore, if there is interference from dynamic objects in the environment currently, incorrect visual measurement information will be introduced. To tackle the issue, this research advances a method for visual-inertial navigation anchored in the motion feature constraints, which introduces a zero-velocity update factor into optimization without increasing the number of sensors to detect the zero-velocity state of the UAV and improve the localization accuracy. By designing UAV experiments, it is proved that the method outlined in this paper indeed improves the precision of positioning in dynamic scenes where the UAV’s trajectory appears a long-time hovering compared to VINS-Fusion. © The Author(s), under exclusive license to Springer Nature Singapore Pte Ltd. 2025.",Conference paper,scopus,wos,INCLUDE,high,INC-1|INC-2|INC-3|INC-6,"A VIO method fusing visual and inertial data (INC-1) for UAV localization (INC-2), addressing robustness challenges in dynamic environments and hovering states (INC-6).",
P0362,False,Survey on Embedding Economical Autonomous Navigation System for Mobile Robots and UAV,10.1051/e3sconf/202449102036,2024,E3S Web of Conferences,Suganthi S.U.; Hemanth Kumar C.S.; Aditya Gurjale S.; Mithunesh Rajan A.,"Navigation has traditionally served the purpose of determining one's position, locating destinations, and charting a course towards them. It furnishes accurate details about the whereabouts of specific places or objects. Despite numerous advancements and enhancements in navigation technology, there have been ongoing discussions about its potential for autonomy. This suggests a scenario where navigation operates independently, without human intervention. Devices equipped with this capability comprehend their destination and chart the most efficient route to reach it. A crucial concept in this context is Visual Odometry (VO), which calculates the relative position between successive image frames. Likewise, the positioning of mobile robots relies on similar principles. However, a significant challenge arises over time as VO is susceptible to accumulating errors, known as drift. The Inertial Measurement Unit (IMU), which consists of accelerometers, gyroscopes, and magnetometers, is added to counteract this. These elements provide data that is more accurate and helps reduce noise. The integration of IMU with VO results in the creation of Visual Inertial Odometry (VIO). Furthermore, combining VIO with Global Positioning System (GPS) data through an Extended Kalman Filter (EKF) enhances localization accuracy both locally and globally. Additionally, stereo disparity estimation is employed to generate a depth perception map for obstacle detection, converted into a 2D grid map of occupancy after. While a waypoint follower directs the robot or devices toward its intended objective, local route planning algorithms create interim waypoints to prevent obstructions.  © 2024 E3S Web of Conferences",Conference paper,scopus,,EXCLUDE,high,EXC-4,"The title explicitly identifies this as a 'Survey' paper, which qualifies as a secondary study under EXC-4.",Survey paper - should be tracked separately as per EXC-4 note
P0361,True,Robust visual inertial odometry using a direct EKF-based approach,10.1109/iros.2015.7353389,2015,IEEE International Conference on Intelligent Robots and Systems,Bloesch M.; Omari S.; Hutter M.; Siegwart R.,"In this paper, we present a monocular visual-inertial odometry algorithm which, by directly using pixel intensity errors of image patches, achieves accurate tracking performance while exhibiting a very high level of robustness. After detection, the tracking of the multilevel patch features is closely coupled to the underlying extended Kalman filter (EKF) by directly using the intensity errors as innovation term during the update step. We follow a purely robocentric approach where the location of 3D landmarks are always estimated with respect to the current camera pose. Furthermore, we decompose landmark positions into a bearing vector and a distance parametrization whereby we employ a minimal representation of differences on a corresponding σ-Algebra in order to achieve better consistency and to improve the computational performance. Due to the robocentric, inverse-distance landmark parametrization, the framework does not require any initialization procedure, leading to a truly power-up-and-go state estimation system. The presented approach is successfully evaluated in a set of highly dynamic hand-held experiments as well as directly employed in the control loop of a multirotor unmanned aerial vehicle (UAV). © 2015 IEEE.",Conference paper,scopus,ieee,INCLUDE,high,INC-1|INC-2|INC-3|INC-5|INC-6,"A visual-inertial odometry algorithm that fuses camera and IMU data (INC-1), is directly employed on a multirotor UAV (INC-2).",
P0484,False,Localization Matters Too: How Localization Error Affects UAV Flight: “All Models are Wrong but Some are Useful.” - George Box,10.1109/robio66223.2025.11376353,2025,2025 IEEE International Conference on Robotics and Biomimetics (ROBIO),S. Zhang; Y. Xu; S. Dai; S. Yu; Q. Liao; J. Yu; Y. Wang,"The maximum safe flight speed of a Unmanned Aerial Vehicle (UAV) is an important metric for evaluating the efficiency in completing various tasks. For robot designers, it would be helpful to know how different design parameters quantitatively affect the performance before selecting specific sensors and algorithms. Previous work only studies the impact of depth estimation on flight speed, neglecting localization, which is also the indispensable component in a robotic perception system. In this work, we introduce an early-phase quantitative model for describing the relationship between more comprehensive factors and maximum flight speed, including localization. We consider a scenario similar to navigating through dense forests, where the UAV needs to quickly avoid obstacles and swiftly reorient after avoidance to evade the next obstacle. Based on this scenario, we study how parameters such as localization error, sensing range, processing latency, physical and environmental parameters, affect the maximum safe speed during UAV flight. We validate our model in a simulation environment and find that it can accurately predict outcomes with the error below 10% in most cases. We also conduct dozens of flight experiments using real UAVs, further validating the considerable accuracy of our model. The error mainly stems from the gap between actual and theoretical control.",IEEE Conferences,ieee,,EXCLUDE,high,EXC-7,"Analyzing how localization error affects UAV flight performance and developing a quantitative model to predict maximum safe flight speeds, but does not describe any algorithmic contribution to VIO itself.",Paper analyzes effects of localization on flight performance but lacks VIO algorithmic contribution.
P0035,False,Lidar-VIO Based Mapping of Elevator Shaft with UAV for Verification of Spatial Dimensions,10.1109/ceege58447.2023.10246629,2023,"6th International Conference on Electrical Engineering and Green Energy, CEEGE 2023",Kreinberg J.; Iuga I.; Zaugg G.; Pong P.W.T.,"Current methods utilized for the inspection of spatial dimensions of elevator shafts currently entail the need to take manual measurements at various levels of the shaft. Utilizing a UAV to collect spatial dimensions has potential to allow inspectors to complete their jobs in a safer manner and to boost the accuracy and consistency of inspection procedures. The study presented tests the feasibility of a designed UAV based system that hosts a miniaturized simultaneous localization and mapping (SLAM) scheme for usage of generating a point cloud of an elevator shaft environment for spatial dimension inspection. Secondary usages of the scheme are further demonstrated for cases where the scheme is employed while not mounted on a UAV. Average horizontal measurement accuracy for the system employed in flight is found to be 6.57 cm, and there is little difference in accuracy for mapping performed not in flight. Visual inertial odometry is investigated for pose estimation reliability in dark environments and environments with little structural information to process. Further sensor characterizations are performed to characterize properties of point clouds generated of a laboratory, a hallway, and an elevator shaft.  © 2023 IEEE.",Conference paper,scopus,ieee; wos,INCLUDE,high,INC-1|INC-2|INC-3|INC-6,"Abstract explicitly mentions visual inertial odometry for pose estimation (INC-1) and UAV platform (INC-2), targeting challenging conditions like dark environments with little structural information (INC-6).",
P0508,False,UAV Navigation and Mission Execution in GPS-Denied Environment,10.1109/icce-taiwan66881.2025.11207940,2025,2025 IEEE International Conference on Consumer Electronics - Taiwan (ICCE-Taiwan),J. -T. Zou; Y. -J. Cheng,"Precise drone navigation in GNSS-denied environments remains challenging. GPS fails in obstructed areas like cities and forests, limiting applications. Alternatives such as SLAM, INS, and radio-based localization (Wi-Fi, 5G, UWB) improve accuracy and stability. Integrating these technologies enables drones for agriculture, logistics, surveillance, and rescue missions. AI advancements will further enhance adaptability and intelligence.",IEEE Conferences,ieee,,EXCLUDE,high,EXC-7,Abstract describes high-level navigation approaches and applications without any algorithmic VIO contribution.,
P0255,False,Vision-based autonomous navigation for quadrotor UAVs in unknown and constrained environments,10.1007/s41315-025-00462-2,2025,International Journal of Intelligent Robotics and Applications,Hu Z.; Butt M.Z.; Nasir N.; Salleh M.B.,"The demand for autonomous UAV navigation in complex environments is growing rapidly. However, most existing studies focus on simulations, lacking real-world validation under challenging conditions. This study systematically evaluates a vision-based navigation framework combining VINS-Mono for localization and Ego-Planner for path planning in GPS-denied, low-light, high-obstacle-density environments. Unlike traditional approaches that struggle with UAV high-frequency motion and dynamic constraints, VINS-Mono provides accurate high-frequency positioning via visual-inertial fusion. At the same time, Ego-Planner enables smooth, dynamically feasible real-time trajectory generation. Real-world experiments on three randomly generated maps (minimum obstacle spacing: 0.8 m (twice UAV wheelbase); obstacle density: 0.72 obstacles/m2) achieved a minimum 70% success rate, with 87% of trajectories smoother than A* in simulations. Results demonstrate the framework’s robustness, though challenges such as field-of-view constraints and sensor-induced localization errors affecting replanning remain. This study presents a real-world evaluation of vision-based UAV navigation in constrained environments, offering insights into its feasibility and limitations. The findings contribute to improving trajectory optimization and UAV autonomy in constrained GPS-denied scenarios. © The Author(s) 2025.",Article,scopus,wos,EXCLUDE,high,EXC-7,"The study uses VINS-Mono for localization without modification, applying it as an existing system for UAV navigation evaluation rather than contributing to the VIO component itself.",Framework evaluation using existing VIO system without algorithmic VIO contribution.
P0363,True,Autonomous Localization and Navigation for Drones Over Rivers,10.1109/access.2025.3650454,2026,IEEE Access,Wu P.-C.; Chen Y.-Y.; Lin C.-L.; Wang H.,"Uncrewed aerial vehicles (UAVs) are increasingly used for environmental monitoring and riverine studies; however, their dependence on Global Positioning System (GPS) localization is often compromised in forested areas, under bridges, or above highly dynamic water surfaces. Conventional vision-based navigation methods struggle with sparse textures and transient disturbances, leading to unstable positioning and drift. This paper presents a robust real-time visual–inertial navigation framework that integrates neural network–based optical flow estimation (NeuFlow v2), the Dynamic Divided Method (DDM), and inertial measurement unit (IMU) data through a Kalman Filter (KF). The DDM adaptively segments the optical-flow field according to water-surface dynamics and local texture stability, suppressing transient artifacts such as ripples and reflections, while the KF stabilizes state estimation by compensating for outliers and short-term measurement loss. Field experiments at Kangqiao, Green River, and Wu River sites demonstrate that DDM-enhanced visual odometry (VO) significantly improves robustness in low-texture and dynamic conditions. The fused framework combining NeuFlow v2, DDM, and KF achieves high trajectory similarity with GPS benchmarks, reduced drift, and enhanced spatial consistency. These findings validate a practical and effective solution for accurate UAV localization and autonomous environmental monitoring in GPS-degraded riverine environments. © 2013 IEEE.",Article,scopus,ieee; wos,INCLUDE,high,INC-1|INC-2|INC-6,"Abstract clearly describes VIO fusion combining visual (optical flow) and inertial (IMU) data through Kalman Filter (INC-1), explicitly targets UAVs for riverine navigation (INC-2).",
P0139,False,Efficient SLAM Algorithm Based on Quaternions for Real-Time Navigation of Unmanned Aerial Vehicles,10.1002/ett.70386,2026,Transactions on Emerging Telecommunications Technologies,Wang X.; Wang M.; Liu X.,"Efficient quaternion-based Simultaneous Localization and Mapping framework designed for real-time navigation of Unmanned Aerial Vehicles in GPS-denied environments is presented here. Unlike conventional Euler angle or matrix-based SLAM approaches, the proposed system employs quaternion-based propagation in Inertial Measurement Unit (IMU) module, thereby eliminating singularities such as gimbal lock and ensuring numerically stable orientation estimation. It integrates Quaternion Error-State Extended Kalman Filter for incremental fusion of visual and inertial measurements and incorporates an incremental pose-graph backend with quaternion retraction to reduce drift during long-term navigation. Novelty lies in unifying quaternion mathematics with lightweight incremental optimization, thereby achieving a balance between accuracy and computational feasibility for real-time onboard deployment. Experimental validation on KAIST Visual-Inertial Odometry dataset demonstrates significant performance gains. Raw IMU is −50 Hz (20–25 ms/frame), far exceeding latency constraints of UAV flight dynamics. Additional analysis confirmed robustness with an average UAV speed of 1261.98 m/s, velocity stability (std. dev. 689.43 m/s) and reliable feature tracking (> 1800 map points reconstructed). These findings establish the framework as a novel, lightweight and robust SLAM solution suitable not only for UAVs but also for space–air–ground autonomous systems requiring accurate real-time navigation under computational constraints. © 2026 John Wiley & Sons Ltd.",Article,scopus,wos,INCLUDE,high,INC-1|INC-2|INC-6,"Abstract clearly describes a VIO system that fuses visual and inertial measurements using Quaternion Error-State Extended Kalman Filter (INC-1), explicitly targets UAVs for real-time navigation (INC-2).",
P0514,False,Gaussian Process Regression for Learning Environment Impacts on Localization Accuracy of a UAV with Respect to UGV for Search Planning,10.1109/plans53410.2023.10139936,2023,"2023 IEEE/ION Position, Location and Navigation Symposium (PLANS)",M. De Petrillo; D. Ross; J. N. Gross,"In this article, we present a path planning algorithm for a team of an Unmanned Ground Vehicle and an Unmanned Aerial Vehicle (UAV) that leverages Gaussian process regression to plan a path that meets information gathering objectives while reducing the UAV's localization uncertainty by learning to compensate for outlier measurements or missed expected sensor measurements over the trajectory. Simulation results are compared to approach that also compensates for belief space planning but is incapable of handling outliers or unexpected degradation from the environment1.",IEEE Conferences,ieee,,EXCLUDE,high,EXC-7,"Path planning that uses localization as a trusted input to optimize UAV positioning relative to UGV, with no indication of algorithmic contribution to the VIO/localization system itself.",Path planning application using existing localization - no VIO fusion development
P0036,True,GO-SLAM: GPS-Aided Visual-Inertial SLAM for Adaptive UAV Navigation in Outdoor-Indoor Environments,10.1109/tim.2025.3538081,2025,IEEE Transactions on Instrumentation and Measurement,Wicaksono M.; Shin S.Y.,"This article introduces a GPS-aided visual-inertial simultaneous localization and mapping (SLAM) system named GO-SLAM. This proposed system optimizes uncrewed aerial vehicles (UAVs)-based search and rescue (SAR) operations by enabling efficient navigation in transition areas between indoor and outdoor environments. Therefore, the UAV addresses challenges posed by intermittent GPS signals and limited features for visual odometry (VO). GO-SLAM optimizes local pose estimation by leveraging available GPS signals and inertial data from visual-inertial odometry (VIO). The system incorporates kinodynamic path search, which employs a hierarchical, time-optimal trajectory planning method to ensure comprehensive coverage. The efficacy of GO-SLAM is evaluated through scenarios involving transition areas with unreliable or absent GPS signals, followed by simulations and real-world experiments to validate its adaptive navigation capabilities. © 2025 IEEE. All rights reserved,",Article,scopus,ieee; wos,INCLUDE,high,INC-1|INC-2|INC-6,Article clearly describes a GPS-aided visual-inertial SLAM system (INC-1) for UAVs (INC-2) that addresses GNSS-denied environments and challenging transition areas (INC-6).,
P0512,True,Swan-Inspired Unmanned Aerial Vehicles With Long-neck Visual Perception System,10.1109/aim.2019.8868743,2019,2019 IEEE/ASME International Conference on Advanced Intelligent Mechatronics (AIM),Y. Fei; H. Chen; F. Quan; C. Wang; Y. Liu,"Bio-inspired robots have attracting increasing attention in robotics. The paper proposes a novel swan-inspired unmanned aerial vehicle to realize flexible environmental perception. The developed UAV is inspired from the biological structure of a swan, and it is composed of a quadrotor and a long-neck visual perception system. The perception system is designed with a camera-IMU sensor equipped at the end of a 3-DoF serial manipulator, and the system is mounted at the bottom of the UAV body. The algorithms of state estimation and motion control for UAV's autonomous flight in complex environments are also developed. Finally, experiments are performed on the developed UAV prototype to verify the localization and trajectory tracking performances.",IEEE Conferences,ieee,,INCLUDE,high,INC-1|INC-2|INC-3|INC-6,"Abstract describes a UAV with camera-IMU sensor fusion for state estimation (INC-1) targeting autonomous flight in complex environments (INC-6), clearly addressing aerial platform.",
P0367,True,Cooperative Navigation and Guidance of a Micro-Scale Aerial Vehicle by an Accompanying UAV using 3D LiDAR Relative Localization,10.1109/icuas54217.2022.9836116,2022,"2022 International Conference on Unmanned Aircraft Systems, ICUAS 2022",Pritzl V.; Vrba M.; Stepan P.; Saska M.,"A novel approach for cooperative navigation and guidance of a micro-scale aerial vehicle by an accompanying Unmanned Aerial Vehicle (UAV) using 3D Light Detection and Ranging (LiDAR) relative localization is proposed in this paper. The use of 3D LiDARs represents a reliable way of environment perception and robust UAV self-localization in Global Navigation Satellite System (GNSS)-denied environments. However, 3D LiDARs are relatively heavy and they need to be carried by large UAV platforms. On the contrary, visual cameras are cheap, light-weight, and therefore ideal for small UAVs. However, visual self-localization methods suffer from loss of precision in texture-less environments, scale unobservability during certain maneuvers, and long-term drift with respect to the global frame of reference. Nevertheless, a micro-scale camera-equipped UAV is ideal for complementing a 3D LiDAR-equipped UAV as it can reach places inaccessible to a large UAV platform. To gain the advantages of both navigation approaches, we propose a cooperative navigation and guidance architecture utilizing a large LiDAR-equipped UAV accompanied by a small secondary UAV carrying a significantly lighter monocular camera. The primary UAV is localized by a robust LiDAR Simultaneous Localization and Mapping (SLAM) algorithm, while the secondary UAV utilizes a Visual-Inertial Odometry (VIO) approach with lower precision and reliability. The LiDAR data are used for markerless relative localization between the UAVs to enable precise guidance of the secondary UAV in the frame of reference of the LiDAR SLAM. The performance of the proposed approach has been extensively verified in simulations and real-world experiments with the algorithms running onboard the UAVs with no external localization infrastructure.  © 2022 IEEE.",Conference paper,scopus,ieee; wos,INCLUDE,high,INC-1|INC-2|INC-3|INC-6,"A secondary UAV utilizing Visual-Inertial Odometry (VIO) approach (INC-1), targets UAV platforms (INC-2), and addresses GNSS-denied environments with onboard deployment (INC-6).",
P0364,True,Kalman Filter-Based Drift Detection and Mitigation of Visual-Inertial Odometry in UAVs,10.23919/acc63710.2025.11107817,2025,Proceedings of the American Control Conference,Ibrahimov R.; Yang T.; Mueller M.W.,"We present a conceptual framework for an autonomous safety mechanism designed to enhance the reliability of Unmanned Aerial Vehicles (UAVs) that use Visual-Inertial Odometry (VIO) for state estimation. As UAVs increasingly interact with the public, such safety mechanisms are crucial to reducing the likelihood and severity of accidents. VIO drift, which occurs when accumulated estimation errors cause discrepancies between the UAV's perceived and actual position, poses a significant risk to safe operation. To address this challenge, we propose a Kalman filter-based approach for detecting VIO drift events. Upon detection, the envisioned safety mechanism is designed to adjust state estimation by integrating onboard gyroscope measurements and thrust commands for short durations, aiming to enhance stability and prevent potential crashes before initiating a controlled landing. While this framework provides the foundation for a real-time safety mechanism, the implementation and experiment focus on validating the drift detection component in an offline setting using real UAV flight data. The results demonstrate the effectiveness of the detection method in identifying VIO drift scenarios, highlighting its potential for future real-time applications.  © 2025 AACC.",Conference paper,scopus,ieee,INCLUDE,high,INC-1|INC-2|INC-3|INC-4|INC-5|INC-6,"Article clearly addresses VIO drift detection and mitigation for UAVs (INC-1, INC-2), is a conference paper (INC-3), and focuses on safety/robustness challenges in VIO systems (INC-6).",
P0256,True,UAV Visual-Inertial Dynamics (VI-D) Odometry using Unscented Kalman Filter,10.1016/j.ifacol.2021.11.272,2021,IFAC-PapersOnLine,Omotuyi O.; Kumar M.,"Different approaches to Visual-Inertial odometry(VIO) has been presented in literature. However, few research works exploits the quadrotor translational and rotational dynamics and the known thrust and torque inputs. Additional information from the dynamics with known control inputs improves the state estimation. This paper is focused on the estimation of the quadrotor UAV 6 DOF pose by fusing the information from the dynamics of the quadrotor coupled with visual-inertial measurements using an Unscented Kalman Filter. The thrust and torque inputs drives the prediction model while the VIO system provides 6 DOF pose, velocity and unbiased angular velocity of the vehicle. The results shows that our approach improves the state estimates by about 2-5% in translation and 37% in rotation. Copyright © 2021 The Authors. This is an open access article under the CC BY-NC-ND license (https://creativecommons.org/licenses/by-nc-nd/4.0/)",Conference paper,scopus,wos,INCLUDE,high,INC-1|INC-2|INC-3|INC-6,"Paper presents a VIO system fusing visual-inertial measurements with UAV dynamics using UKF (INC-1), explicitly targets quadrotor UAVs (INC-2).",
P0516,False,UWB-based Indoor Localization Using Ray-tracing Algorithm,10.1109/urai.2019.8768568,2019,2019 16th International Conference on Ubiquitous Robots (UR),J. Hyun; T. Oh; H. Lim; H. Myung,"In order to estimate the position of the unmanned aerial vehicle (UAV) in an indoor disaster environment, it is recommended to utilize methods using wireless signals regardless of smoke or dust. Among the wireless signal-based localization methods, UWB-based localization is becoming more popular. In an environment surrounded by walls or pillars, there is a significant difference between UWB signal's line-of-sight (LOS) measurement and non-line-of-sight (NLOS) measurement. In this paper, we propose the UWB-based localization method that compensates for UWB ranging measurement by predicting NLOS multipath using a ray-tracing algorithm based on given floor plan. Experiments were conducted indoors in the test complex site. The experimental results verifies that the proposed algorithm has improved localization performance compared to the traditional algorithms.",IEEE Conferences,ieee,,EXCLUDE,high,EXC-3,"Focuses solely on UWB-based localization without any mention of visual (camera) or inertial (IMU) sensor fusion, failing to meet INC-1 requirement for VIO systems.",
P0037,True,Adaptive Covariance and Quaternion-Focused Hybrid Error-State EKF/UKF for Visual-Inertial Odometry,10.1007/s44196-025-00942-0,2025,International Journal of Computational Intelligence Systems,Asil U.; Nasibov E.,"This study presents an innovative hybrid Visual-Inertial Odometry (VIO) method for Unmanned Aerial Vehicles (UAVs) that is resilient to environmental challenges and capable of dynamically assessing sensor reliability. Built upon a loosely coupled sensor fusion architecture, the system utilizes a novel hybrid Quaternion-focused Error-State EKF/UKF (Qf-ES-EKF/UKF) architecture to process inertial measurement unit (IMU) data. This architecture first propagates the entire state using an Error-State Extended Kalman Filter (ESKF) and then applies a targeted Scaled Unscented Kalman Filter (SUKF) step to refine only the orientation. This sequential process blends the accuracy of SUKF in quaternion estimation with the overall computational efficiency of ESKF. The reliability of visual measurements is assessed via a dynamic sensor confidence score based on metrics, such as image entropy, intensity variation, motion blur, and inference quality, adapting the measurement noise covariance to ensure stable pose estimation even under challenging conditions. Comprehensive experimental analyses on the EuRoC MAV dataset demonstrate key advantages: an average improvement of 49% in position accuracy in challenging scenarios, an average of 57% in rotation accuracy over ESKF-based methods, and SUKF-comparable accuracy achieved with approximately 48% lower computational cost than a full SUKF implementation. These findings demonstrate that the presented approach strikes an effective balance between computational efficiency and estimation accuracy, and significantly enhances UAV pose estimation performance in complex environments with varying sensor reliability. © The Author(s) 2025.",Article,scopus,wos,INCLUDE,high,INC-1|INC-2|INC-6,"Paper clearly presents a VIO system fusing visual and inertial data (INC-1) specifically for UAVs (INC-2), with adaptive covariance addressing environmental challenges and sensor reliability variations (INC-6).",
P0368,True,Sensitivity Analysis of a Visual Inertial Odometry-based Navigation System for UAV,10.1109/i2mtc62753.2025.11079197,2025,Conference Record - IEEE Instrumentation and Measurement Technology Conference,De Vito L.; Neyestani A.; Picariello F.; Rapuano S.; Tudosa I.,"This paper presents a detailed sensitivity analysis of a Visual-Inertial Odometry (VIO) framework designed for unmanned aerial vehicle (UAV) navigation, utilizing sensor fusion from cameras, LiDAR, altimeters, and inertial measurement units (IMUs). The analysis quantifies the impact of various sources of uncertainty, including environmental and lighting conditions, intrinsic sensor parameters, and algorithmic factors associated with keypoint detection and matching. Through Monte Carlo simulations, several keypoint detection techniques, specifically ORB and semantic segmentation, are evaluated across diverse operational scenarios. The results demonstrate that the analysed framework achieves reliable trajectory estimation, with both ORB and semantic segmentation providing accurate and consistent positioning. Notably, semantic segmentation achieves the lowest uncertainty under varying conditions. This study validates the proposed uncertainty model and identifies critical factors influencing the reliability of VIO-based UAV navigation, offering insights for enhancing system performance in real-world applications. © 2025 IEEE.",Conference paper,scopus,ieee; wos,INCLUDE,high,INC-1|INC-2|INC-6,"A VIO framework that fuses visual (cameras) and inertial (IMU) data for UAV navigation (INC-1, INC-2), addresses robustness through sensitivity analysis under varying environmental and lighting conditions (INC-6).",
P0257,True,SBC-SLAM: Semantic Bioinspired Collaborative SLAM for Large-Scale Environment Perception of Heterogeneous Systems,10.1109/tim.2024.3385825,2024,IEEE Transactions on Instrumentation and Measurement,Liu D.; Wu J.; Du Y.; Zhang R.; Cong M.,"Recently, there have been efforts to enable collaborative simultaneous localization and mapping (SLAM) of heterogeneous unmanned aerial vehicle (UAV)/unmanned ground vehicle (UGV) in large-scale dynamic environments. However, the challenges of collaborative localization introduced by the view differences between aerial and ground robots, high cost of storing, reusing the metric map, greatly limit the application of traditional visual SLAM algorithms in cross-domain robot collaborative SLAM. To address these issues, this article introduces a semantic-based bioinspired SLAM frame work for operating mobile robots equipped with a visual system in unstructured large-scale outdoor environments. This system forms a semidense semantic map through bioinspired tightly coupled visual inertial odometry, which can encode the sensory cues and self-motion cues with biological neural models in a compact and efficient manner. The topological information of semantic feature points serves as visually robust scene descriptor. It enables UAVs and UGVs to recognize the same scene with view variation. The proposed system is tested in both synthetic and real-world large-scale unstructured environments. Proposed system achieving a similar level of accuracy with about 20% of the key frame information required by traditional algorithms. It successfully registered heterogeneous robot's trajectory in both simulation and real environment, with errors under 10%. Its accuracy shows advantage to previous algorithms.  © 1963-2012 IEEE.",Article,scopus,ieee; wos,INCLUDE,high,INC-1|INC-2,A system using 'tightly coupled visual inertial odometry' (satisfying INC-1) for UAV and UGV platforms including UAVs (satisfying INC-2).,
P0517,False,Learning to Navigate and Track Using a Decentralized Reinforcement Learning Framework for UAV Operations in GNSS-Denied Terrain,10.1109/ictai66417.2025.00154,2025,2025 IEEE 37th International Conference on Tools with Artificial Intelligence (ICTAI),P. N. D. Almalis; G. A. Tsihrintzis; A. Stergioulis; M. Michail; T. Tilemachos,"We present a decentralized reinforcement learning framework for autonomous UAV navigation and person tracking in GNSS-denied environments. The system integrates RGB-thermal fusion, geometric projection for relative localization, and a Proximal Policy Optimization (PPO) controller trained to balance tracking accuracy with real-time obstacle avoidance. Each UAV independently refines its policy using local observations and transmits compressed updates using a bandwidth-efficient federated averaging strategy. To ensure reliable deployment, our framework employs sim-to-real transfer methods, including domain randomization and sensor noise injection. Evaluations in simulated urban and agricultural environments show that our approach outperforms centralized and rule-based baselines across tracking accuracy, energy efficiency, and robustness metrics-validating its scalability and applicability in real-world UAV missions without reliance on GNSS or constant connectivity.",IEEE Conferences,ieee,,EXCLUDE,high,EXC-7,High-level reinforcement learning for UAV navigation and tracking using 'RGB-thermal fusion' and 'geometric projection for relative localization' without any mention of IMU/inertial sensors or VIO algorithmic.,RL framework for tracking - no clear VIO component mentioned
P0519,False,A House of Quality Based Methodology for Designing Collaborative SLAM Architecture for UAV Swarms,10.1109/isse63315.2024.10741123,2024,2024 IEEE International Symposium on Systems Engineering (ISSE),T. Schweitzer; M. Mcharek; F. Khenfri; M. Hammadi,"Unmanned Aerial Vehicle (UAV) swarms have the potential to perform complex tasks through collaborative efforts enabled by Simultaneous Localization and Mapping (SLAM). This paper presents a novel methodology using the House of Quality (HoQ) tool for designing robust and efficient Collaborative SLAM (C-SLAM) architectures for UAV swarms. By systematically translating customer requirements into technical specifications, our approach ensures alignment with user needs. We evaluate state-of-the-art C-SLAM frameworks and demonstrate the methodology with a case study across various UAV applications. The results highlight the importance of robust pose graph optimization and real-time processing. Our methodology incorporates advanced distributed optimization techniques, particularly ADMM, to enhance system robustness and scalability.",IEEE Conferences,ieee,,EXCLUDE,high,EXC-7,"A design methodology for selecting C-SLAM architectures using House of Quality tool, but does not contribute any algorithmic VIO component itself.",Architecture design methodology without VIO algorithmic contribution
P0369,True,Tightly coupled visual inertial odometry based on artificial landmarks,10.1109/icinfa.2018.8812447,2018,"2018 IEEE International Conference on Information and Automation, ICIA 2018",Song J.; Liu Z.; Liu X.; Guo J.,"Motion planning and control of mobile robots rely on high-accuracy estimation of pose and velocity. Many researchers use motion capture system to estimate the robot state, but this system is usually expensive and can only be used indoor. For this reason, this paper proposes an artificial landmarks based cost-effective visual inertial odometry system where Iterative Extended Kalman Filter (IEKF) acts as the back-end optimizer. Since most tags used as artificial landmarks like bar code facing the problem of decoding the information during the detection, we redesign the tag which can simplify the deployment and improve the detection efficiency. The proposed IEKF filter framework makes the measurement of the fisheye monocular camera and the IMU combined to co-estimate the pose of robot, the location of detected corners in tag and the IMU bias. Additionally, on-line calibration of the IMU bias and the extrinsic parameters between IMU and camera can be done during the robot motion. By running our algorithm real-time on unmanned aerial vehicle (UAV) and comparing with the groundtruth data obtained from the Optitrack motion capture system, our algorithm can provide high-precision estimation of the pose and velocity of UAV. © 2018 IEEE.",Conference paper,scopus,ieee,INCLUDE,high,INC-1|INC-2|INC-3|INC-4|INC-5|INC-6,"A VIO system that fuses visual data from a fisheye monocular camera and IMU measurements using IEKF (INC-1), is explicitly tested on an unmanned aerial vehicle (UAV) (INC-2).",
P0370,False,Research on UAV-Based Mars Topography Mapping and 3D Reconstruction System,10.1007/978-981-97-2116-0_43,2024,Lecture Notes in Electrical Engineering,Chen L.; Zhao P.; Chen H.; Liu X.,"The 3D reconstruction technology is of great significance for the research of Martian topography. In this paper, an unmanned aerial vehicle (UAV) based Mars topography mapping and 3D reconstruction system is proposed. In the system, an on-board range-visual-inertial odometry (on-board range-VIO) is applied to solve UAV navigation and flight path planning problems. The pictures of simulated Mars topography are photted. Images are processed and 3D model is reconstructed by applying high-performance computing unit (HPCU). By building an experimental system on the ground and conducting flight simulation and 3D reconstruction experiments, the effectiveness of the system was verified. © The Author(s), under exclusive license to Springer Nature Singapore Pte Ltd. 2024.",Conference paper,scopus,,INCLUDE,high,INC-1|INC-2|INC-3|INC-6,"Paper clearly describes a range-VIO system that fuses visual and inertial data (INC-1) for UAV navigation (INC-2), addressing GNSS-denied Mars environment conditions (INC-6).",
P0261,False,Autonomous Drone Navigation in Forest Environments Using Deep Learning,10.5194/isprs-archives-xlviii-2-w11-2025-87-2025,2025,"International Archives of the Photogrammetry, Remote Sensing and Spatial Information Sciences - ISPRS Archives",Col G.D.; Karjalainen V.; Hakala T.; Honkavaara E.,"Autonomous drone navigation in dense forests remains challenging due to unreliable GNSS signals, difficulty detecting thin branches, and cumulative drift in Visual-Inertial Odometry (VIO). This work investigates a deep learning-based navigation solution using a simulation-to-reality approach, focusing on boreal forests where fine obstacles and dense foliage are prevalent. A vision-based system was deployed, combining a semantically-enhanced depth autoencoder for small-branch detection and a Collision Prediction Network (CPN) based on motion primitive evaluation. The system, trained using RotorS and Aerial Gym simulations data, was implemented on a custom drone featuring a RealSense D435i and a RealSense T265 sensor suite and NVIDIA Orin NX for onboard processing. Real-world tests in open, lightly vegetated, and dense forests revealed robust performance against larger obstacles but highlighted limitations in thin-branch avoidance and odometry drift in highly cluttered environments. While simulation results were satisfactory, real-world trials achieved moderate success (60 m flights), demonstrating the potential of the framework for forestry applications. As future directions, integrating higher-resolution sensors, RGB-depth fusion, a y-velocity integration and possibly a small lidar, to address current gaps are proposed. The findings underscore the need for real-world validation beyond simulation to bridge the perception-action gap in complex environments. © Author(s) 2025. CC BY 4.0 License.",Conference paper,scopus,,EXCLUDE,high,EXC-7,"Using existing VIO systems (RealSense T265) as trusted input to a higher-level navigation and collision avoidance application, with no algorithmic contribution to the VIO component itself per EXC-7.",Paper focuses on obstacle avoidance and path planning using VIO as black-box input
P0520,False,Adaptive Lidar Scan Frame Integration: Tracking Known MAVs in 3D Point Clouds,10.1109/icar53236.2021.9659483,2021,2021 20th International Conference on Advanced Robotics (ICAR),L. Qingqing; Y. Xianjia; J. P. Queralta; T. Westerlund,"Micro-aerial vehicles (MAVs) are becoming ubiquitous across multiple industries and application domains. Lightweight MAVs with only an onboard flight controller and a minimal sensor suite (e.g., IMU, vision, and vertical ranging sensors) have potential as mobile and easily deployable sensing platforms. When deployed from a ground robot, a key parameter is a relative localization between the ground robot and the MAV. This paper proposes a novel method for tracking MAVs in lidar point clouds. In lidar point clouds, we consider the speed and distance of the MAV to actively adapt the lidar's frame integration time and, in essence, the density and size of the point cloud to be processed. We show that this method enables more persistent and robust tracking when the speed of the MAV or its distance to the tracking sensor changes. In addition, we propose a multi-modal tracking method that relies on high-frequency scans for accurate state estimation, lower-frequency scans for robust and persistent tracking, and sub-Hz processing for trajectory and object identification. These three integration and processing modalities allow for an overall accurate and robust MAV tracking while ensuring the object being tracked meets shape and size constraints.",IEEE Conferences,ieee,,EXCLUDE,high,EXC-7,"Tracking MAVs using LiDAR from a ground robot platform, not on developing VIO systems for the MAVs themselves.",
P0262,False,Transformer Based Visual Inertial Odometry,10.1007/978-981-96-2264-1_54,2025,Lecture Notes in Electrical Engineering,Fei S.; Li J.; Li L.; Liang J.; Hu J.; Zhang D.; Han J.,"Visual inertial odometry (VIO) is a sensor fusion technology used for positioning and navigation. It combines visual sensor and inertial sensor information to estimate the movement and location of the UAV in real time. In recent years deep learning based approaches VIO have shown outstanding performance than traditional geometric methods. However, VIO tasks usually need to capture long-distance feature dependencies to ensure the continuity and consistency of camera motion trajectories in time series. In this study, we introduce a new end to end transformer based VIO framework, named VIO-former, to enable the model to better understand motion features in video sequences. Comprehensive quantitative and qualitative evaluation is conducted on KITTI datasets to test our method. The experimental results shows that our approach can achieve superior performance when compared with the existing methods. © The Author(s), under exclusive license to Springer Nature Singapore Pte Ltd. 2025.",Conference paper,scopus,wos,INCLUDE,high,INC-1|INC-2|INC-3|INC-4|INC-5,"Article clearly presents a VIO system fusing visual and inertial sensors (INC-1) with explicit UAV application mentioned (INC-2). Published as conference paper in 2025, meeting publication criteria.",
P0523,False,An INS/GNSS Localization Method Based on Set-Membership Filter for Unmanned Aerial Vehicles,10.1109/fasta61401.2024.10595218,2024,2024 3rd Conference on Fully Actuated System Theory and Applications (FASTA),X. Qin; J. Lai; Y. Cong; X. Wang,"This paper studies a set-membership filter-based inertial integrated localization problem, where the inertial navigation system (INS) error and Global Navigation Satellite System (GNSS) measurement error are unknown-but-bounded (UBB) noises. To solve this problem, we establish a strapdown INS error model and a GNSS measurement model with UBB noises. Based on the optimal set-membership filtering framework, we propose a constrained zonotopic fast resurisive localization method. Compared with the existing probabilistic integrated navigation methods, the proposed method does not need to know the specific noise distribution and has better versatility and robustness. Finally, the numerical simulation results of the INS/GNSS navigation corroborate the effectiveness of this method.",IEEE Conferences,ieee,,EXCLUDE,high,EXC-3,"An INS/GNSS localization method that only uses inertial navigation system (INS) and GNSS data, with no mention of visual sensors or cameras required for VIO (INC-1).",
P0140,False,UAV-based Foliage Plant Species Classification for Semantic Characterization of Pre-Fire Landscapes,10.1109/icuas60882.2024.10556861,2024,"2024 International Conference on Unmanned Aircraft Systems, ICUAS 2024",Arora P.; Vila P.A.; Borghese A.; Carlson S.J.; Feil-Seifer D.; Papachristos C.,"In this work we deal with the problem of establishing a system architecture to facilitate the real-time autonomous volumetric mapping alongside the semantic characterization of sagebrush ecosystem landscapes, in order to support the pre-fire modeling and analysis required to plan for wildfire prevention and/or suppression. The world, and more specifically the broader region of N. Nevada has been facing one of its most challenging periods over the course of the last decade, as far as uncontrolled wildfires are concerned. This has led to the development of research initiatives aimed at the ecosystem-specific modeling of the pre-, during-, and post-fire process effects in order to better understand, predict, and address these phenomena. However, to collect the required wide-field information that contains both centimeter-level volumetric mapping fidelity, as well as semantic details related to plant (sub)-species, which for the common case of sagebrush can only be identified based on close-up inspection of their foliage fine structure, satellite photography remains insufficient. To this end, we propose a perception and mapping architecture of an aerial robotic system that is capable of: a) LiDAR-based centimeter-level reconstruction, b) robust multi-modal sensor fusion Simultaneous Localization and Mapping (SLAM) lever-aging LiDAR, IMU, Visual-Inertial Odometry, and Differential GPS in a global optimization mapping framework, as well as c) a gimbal-driven point-zoom camera for the efficient real-time collection of close-up imagery of foliage pertaining to specific target plants, in order to allow their real-time identification based on their leaf micro-structure, by leveraging Deep-Learned classification deployed on a Neural Processing Unit. We present the associated systems, the overall hardware and software architecture, as well as a series of field deployment studies validating the proposed aerial robotic capabilities.  © 2024 IEEE.",Conference paper,scopus,ieee; wos,EXCLUDE,high,EXC-7,"Plant species classification and wildfire prevention mapping as the primary application, where VIO appears only as one component within a multi-modal SLAM system used as input to the higher-level semantic mapping task.",
P0039,True,R-LVIO: Resilient LiDAR-Visual-Inertial Odometry for UAVs in GNSS-denied Environment,10.3390/drones8090487,2024,Drones,Zhang B.; Shao X.; Wang Y.; Sun G.; Yao W.,"In low-altitude, GNSS-denied scenarios, Unmanned aerial vehicles (UAVs) rely on sensor fusion for self-localization. This article presents a resilient multi-sensor fusion localization system that integrates light detection and ranging (LiDAR), cameras, and inertial measurement units (IMUs) to achieve state estimation for UAVs. To address challenging environments, especially unstructured ones, IMU predictions are used to compensate for pose estimation in the visual and LiDAR components. Specifically, the accuracy of IMU predictions is enhanced by increasing the correction frequency of IMU bias through data integration from the LiDAR and visual modules. To reduce the impact of random errors and measurement noise in LiDAR points on visual depth measurement, cross-validation of visual feature depth is performed using reprojection error to eliminate outliers. Additionally, a structure monitor is introduced to switch operation modes in hybrid point cloud registration, ensuring accurate state estimation in both structured and unstructured environments. In unstructured scenes, a geometric primitive capable of representing irregular planes is employed for point-to-surface registration, along with a novel pose-solving method to estimate the UAV’s pose. Both private and public datasets collected by UAVs validate the proposed system, proving that it outperforms state-of-the-art algorithms by at least 12.6%. © 2024 by the authors.",Article,scopus,wos,INCLUDE,high,INC-1|INC-2|INC-6,"A LiDAR-Visual-Inertial Odometry system that clearly fuses visual (cameras) and inertial (IMU) data satisfying INC-1, explicitly targets UAVs satisfying INC-2.",
P0525,True,A Dead Reckoning Method Based on Martian Atmosphere Polarized Skylight and Celestial Navigation for Mars Exploration UAV,10.1109/cac59555.2023.10450638,2023,2023 China Automation Congress (CAC),S. Wang; J. Yang,"Autonomous navigation technology plays a significant role in Mars exploration unmanned aerial vehicles (UAV). Focus on the problem of position error drift caused by the lack of absolute heading information, a dead reckoning method based on Martian atmosphere polarized skylight and celestial navigation is proposed. The navigation reference model of Martian atmosphere polarized skylight is analyzed first. Subsequently, the navigation system model is established to fuse the information of polarization navigation, celestial navigation, optical flow, and inertial navigation system. The Monte Carlo simulation tests show that the proposed method can provided the stable and accurate heading, and the landing accuracy of the Mars UAV is improved.",IEEE Conferences,ieee,,INCLUDE,high,INC-1|INC-2,"'the navigation system model is established to fuse the information of polarization navigation, celestial navigation, optical flow, and inertial navigation system'.",Mars UAV context interesting but lacks VIO component - uses polarized skylight and celestial navigation instead
P0373,True,Perception-aided Visual-Inertial Integrated Positioning in Dynamic Urban Areas,10.1109/plans46316.2020.9109963,2020,"2020 IEEE/ION Position, Location and Navigation Symposium, PLANS 2020",Bai X.; Zhang B.; Wen W.; Hsu L.-T.; Li H.,"Visual-inertial navigation systems (VINS) have been extensively studied in the past decades to provide positioning services for autonomous systems, such as autonomous driving vehicles (ADV) and unmanned aerial vehicles (UAV). Decent performance can be obtained by VINS in indoor scenarios with stable illumination and texture information. Unfortunately, applying the VINS in dynamic urban areas is still a challenging problem, due to the excessive dynamic objects which can significantly degrade the performance of VINS. Detecting and removing the features inside an image using the deep neural network (DNN) that belongs to unexpected objects, such as moving vehicles and pedestrians, is a straightforward idea to mitigate the impacts of dynamic objects on VINS. However, excessive exclusion of features can significantly distort the geometry distribution of visual features. Even worse, excessive removal can cause the unobservability of the system states. Instead of directly excluding the features that possibly belong to dynamic objects, this paper proposes to remodel the uncertainty of dynamic features. Then both the healthy and dynamic features are applied in the VINS. The experiment in a typical urban canyon is conducted to validate the performance of the proposed method. The result shows that the proposed method can effectively mitigate the impacts of the dynamic objects and improved accuracy is obtained. © 2020 IEEE.",Conference paper,scopus,ieee; wos,INCLUDE,high,INC-1|INC-2|INC-3|INC-4|INC-5|INC-6,"Abstract clearly describes a visual-inertial navigation system (VINS) that fuses visual and inertial data (INC-1), explicitly mentions UAV as a target platform (INC-2).",
P0143,True,An Autonomous Multimodal System for Intelligent Railway Inspection,10.36001/phmconf.2025.v17i1.4319,2025,"Proceedings of the Annual Conference of the Prognostics and Health Management Society, PHM",Chen B.; Guo J.; Zhang Q.; Wang Y.,"We propose an autonomous aerial inspection system to address growing safety concerns of railway infrastructure degradation. Unlike conventional labor- and sensor-intensive methods, our quadrotor integrates a depth camera, monocular inspection camera, Global Positioning System (GPS) module, and onboard computing unit. Combining visual- inertial fusion with GPS, it achieves robust localization even in GPS-denied environments. A lightweight deep learning model built on You Only Look Once v12 (YOLOv12) enables real-time detection of key components such as spikes and clips. To enhance autonomy, we introduce Railway Autonomous Navigation Guided by Embedded Recognition (RANGER), a novel algorithm that reconstructs 3D world coordinates from 2D detections using only onboard sensing, without requiring prior global maps. By fusing detection with localization data, RANGER enables precise track following and stable altitude control in complex or GPS-denied conditions. This reduces hardware demand while ensuring accurate navigation. Our system reduces operational costs, enhances scalability, and enables accurate, real-time inspections in complex, unstructured environments. © 2025, Prognostics and Health Management Society. All rights reserved.",Conference paper,scopus,,INCLUDE,high,INC-1|INC-2|INC-6,"Satisfies INC-1 with explicit visual-inertial fusion for localization, INC-2 with quadrotor platform, and INC-6 by targeting GPS-denied environments for robust navigation.",
P0041,False,Three-Dimensional Drone Exploration with Saliency Prediction in Real Unknown Environments,10.3390/aerospace10050488,2023,Aerospace,Xie M.-R.; Jung S.-Y.; Chen K.-W.,"In this paper, we propose a three-dimensional autonomous drone exploration system (ADES) with a lightweight and low-latency saliency prediction model to explore unknown environments. Several studies have applied saliency prediction in drone exploration. However, these studies are not sufficiently mature. For example, the computational complexity and the size of the developed prediction models have not been considered. In addition, some studies have only proposed saliency prediction models without actually applying them to drones. The ADES system proposed in this paper has a small and fast saliency prediction model and uses a novel drone exploration approach based on visual-inertial odometry to solve the practical problems encountered during drone exploration, such as collisions with and the repeated exploration of salient objects. The proposed ADES system performs comparably to the state-of-the-art, multiple-discontinuous-image saliency prediction network TA-MSNet and enables drones to explore unknown environments with high efficiency. © 2023 by the authors.",Article,scopus,wos,EXCLUDE,high,EXC-7,VIO is used as a component in a drone exploration system but does not describe any algorithmic contribution to the VIO method itself.,
P0374,True,Error-State Kalman Filter based Visual-Inertial Odometry Using Orientation Measurement on Unit Quaternion Group,10.1109/iros58592.2024.10801565,2024,IEEE International Conference on Intelligent Robots and Systems,Chang C.-W.; Lian F.-L.,"The inaccessibility of data from standard sensor suites on closed-platform unmanned aerial vehicles (UAVs) has been a hindrance to developing a compatible visual-inertial odometry (VIO). Despite the advance of recent VIO research, these works often emphasize fusing detailed sensor models with available sensor data at relatively high frequencies. To address this issue, in this paper, we derive an innovation signal for an orientation measurement model on the unit quaternion group S3 based on the error-state Kalman filter (ESKF) framework. Leveraging the error-state formulation, the innovation signal directly exploits the geometric error representation on S3 instead of treating unit quaternions as ℝ4 vectors. Flight experiments on a small commercial UAV (Fig. 1) have been carried out to compare the performance of the proposed ESKF with quaternion measurements on S3 (ESKF-Q) against the original ESKF framework. Experimental results demonstrate that while both representations of unit quaternion measurements in ESKF framework improve orientation estimates with unperturbed orientation measurement model, only the proposed ESKF-Q exhibits convergent state estimates in the presence of uncertainties in the orientation measurement model. © 2024 IEEE.",Conference paper,scopus,ieee; wos,INCLUDE,high,INC-1|INC-2|INC-3|INC-5|INC-6,"Article presents a VIO system using ESKF framework that fuses visual and inertial data (INC-1) for UAVs (INC-2), addresses robustness in challenging conditions with sensor uncertainties (INC-6).",
P0265,True,Research on High-Precision 3D Positioning and Map Construction Technology of Unmanned Aerial Vehicles in GIS Environment of Substations,10.1109/ccnis69465.2025.00010,2025,"Proceedings - 2nd International Conference on Computer Communication, Networks and Information Science, CCNIS 2025",Zhuo H.; Du K.; Jiang S.; Li T.,"With the support of the GIS environment, the system integrates visual inertial navigation and depth feature extraction technologies to achieve high-precision three-dimensional positioning and map construction of the substation scene by unmanned aerial vehicles. In the working environment with complex metal structures and significant electromagnetic interference, the system adopts a multi-source information fusion method, effectively enhancing the accuracy and operational stability of three-dimensional positioning. Deep semantic segmentation is adopted to extract the structure of key facilities, ensuring that the core elements of map reconstruction have good recognition. The 3D mapping results are accurately aligned to the GIS coordinate system to achieve unified management and precise measurement of spatial information. © 2025 IEEE.",Conference paper,scopus,,INCLUDE,high,INC-1|INC-2|INC-3|INC-4|INC-5|INC-6,"Article clearly describes VIO fusion ('visual inertial navigation') for UAV 3D positioning and mapping (INC-1, INC-2), addresses challenging electromagnetic interference environment (INC-6).",
P0266,True,Precision Landing of a Quadcopter Drone by Smartphone Video Guidance Sensor in a GPS-Denied Environment,10.3390/s23041934,2023,Sensors,Bautista N.; Gutierrez H.; Inness J.; Rakoczy J.,"This paper describes the deployment, integration, and demonstration of a Smartphone Video Guidance Sensor (SVGS) as a novel technology for autonomous 6-DOF proximity maneuvers and precision landing of a quadcopter drone. The proposed approach uses a vision-based photogrammetric position and attitude sensor (SVGS) to estimate the position of a landing target after video capture. A visual inertial odometry sensor (VIO) is used to provide position estimates of the UAV in a ground coordinate system during flight on a GPS-denied environment. The integration of both SVGS and VIO sensors enables the accurate updating of position setpoints during landing, providing improved performance compared with VIO-only landing, as shown in landing experiments. The proposed technique also shows significant operational advantages compared with state-of-the-art sensors for indoor landing, such as those based on augmented reality (AR) markers. © 2023 by the authors.",Article,scopus,wos,INCLUDE,high,INC-1|INC-2|INC-6,Paper explicitly mentions VIO (visual inertial odometry) sensor for UAV position estimation (INC-1) and targets quadcopter drone applications (INC-2).,
P0526,True,Integrated UWB-Vision Approach for Autonomous Docking of UAVs in GPS-denied Environments,10.1109/icra.2019.8793851,2019,2019 International Conference on Robotics and Automation (ICRA),T. -M. Nguyen; T. H. Nguyen; M. Cao; Z. Qiu; L. Xie,"Though vision-based techniques have become quite popular for autonomous docking of Unmanned Aerial Vehicles (UAVs), due to limited field of view (FOV), the UAV must rely on other methods to detect and approach the target before vision can be used. In this paper we propose a method combining Ultra-wideband (UWB) ranging sensor with vision-based techniques to achieve both autonomous approaching and landing capabilities in GPS-denied environments. In the approaching phase, a robust and efficient recursive least-square optimization algorithm is proposed to estimate the position of the UAV relative to the target by using the distance and relative displacement measurements. Using this estimate, UAV is able to approach the target until the landing pad is detected by an onboard vision system, then UWB measurements and vision-derived poses are fused with onboard sensor of UAV to facilitate an accurate landing maneuver. Real-world experiments are conducted to demonstrate the efficiency of our method.",IEEE Conferences,ieee,,UNCERTAIN,high,INC-1|INC-2,"'UWB measurements and vision-derived poses are fused with onboard sensor of UAV to facilitate an accurate landing maneuver' and, in the approach phase.",Docking application using vision as input rather than developing VIO algorithm
P0527,False,Season-Invariant GNSS-Denied Visual Localization for UAVs,10.1109/lra.2022.3191038,2022,IEEE Robotics and Automation Letters,J. Kinnari; F. Verdoja; V. Kyrki,"Localization without Global Navigation Satellite Systems (GNSS) is a critical functionality in autonomous operations of unmanned aerial vehicles (UAVs). Vision-based localization on a known map can be an effective solution, but it is burdened by two main problems: places have different appearance depending on weather and season, and the perspective discrepancy between the UAV camera image and the map make matching hard. In this letter, we propose a localization solution relying on matching of UAV camera images to georeferenced orthophotos with a trained convolutional neural network model that is invariant to significant seasonal appearance difference (winter-summer) between the camera image and map. We compare the convergence speed and localization accuracy of our solution to six reference methods. The results show major improvements with respect to reference methods, especially under high seasonal variation. We finally demonstrate the ability of the method to successfully localize a real UAV, showing that the proposed method is robust to perspective changes.",IEEE Journals,ieee,,EXCLUDE,high,EXC-3,"Vision-based localization using camera images matched to orthophotos, but makes no mention of IMU or inertial sensor fusion, indicating this is visual-only odometry that does not satisfy INC-1.",
P0536,False,Mesh Reconstruction from Aerial Images for Outdoor Terrain Mapping Using Joint 2D-3D Learning,10.1109/icra48506.2021.9561337,2021,2021 IEEE International Conference on Robotics and Automation (ICRA),Q. Feng; N. Atanasov,"This paper addresses outdoor terrain mapping using overhead images obtained from an unmanned aerial vehicle. Dense depth estimation from aerial images during flight is challenging. While feature-based localization and mapping techniques can deliver real-time odometry and sparse points reconstruction, a dense environment model is generally recovered offline with significant computation and storage. This paper develops a joint 2D-3D learning approach to reconstruct local meshes at each camera keyframe, which can be assembled into a global environment model. Each local mesh is initialized from sparse depth measurements. We associate image features with the mesh vertices through camera projection and apply graph convolution to refine the mesh vertices based on joint 2-D reprojected depth and 3-D mesh supervision. Quantitative and qualitative evaluations using real aerial images show the potential of our method to support environmental monitoring and surveillance applications.",IEEE Conferences,ieee,,EXCLUDE,high,EXC-3,"Dense mesh reconstruction from aerial images using camera-only input with no mention of IMU/inertial data fusion, failing INC-1.",
P0375,True,Virtual Reality Aided High-Quality 3D Reconstruction by Remote Drones,10.1145/3458930,2022,ACM Transactions on Internet Technology,Zhang D.; Xu F.; Pun C.-M.; Yang Y.; Lan R.; Wang L.; Li Y.; Gao H.,"Artificial intelligence including deep learning and 3D reconstruction methods is changing the daily life of people. Now, an unmanned aerial vehicle that can move freely in the air and avoid harsh ground conditions has been commonly adopted as a suitable tool for 3D reconstruction. The traditional 3D reconstruction mission based on drones usually consists of two steps: image collection and offline post-processing. But there are two problems: one is the uncertainty of whether all parts of the target object are covered, and another is the tedious post-processing time. Inspired by modern deep learning methods, we build a telexistence drone system with an onboard deep learning computation module and a wireless data transmission module that perform incremental real-time dense reconstruction of urban cities by itself. Two technical contributions are proposed to solve the preceding issues. First, based on the popular depth fusion surface reconstruction framework, we combine it with a visual-inertial odometry estimator that integrates the inertial measurement unit and allows for robust camera tracking as well as high-accuracy online 3D scan. Second, the capability of real-time 3D reconstruction enables a new rendering technique that can visualize the reconstructed geometry of the target as navigation guidance in the HMD. Therefore, it turns the traditional path-planning-based modeling process into an interactive one, leading to a higher level of scan completeness. The experiments in the simulation system and our real prototype demonstrate an improved quality of the 3D model using our artificial intelligence leveraged drone system. © 2021 Association for Computing Machinery.",Article,scopus,wos,INCLUDE,high,INC-1|INC-2|INC-6,"Abstract explicitly describes VIO fusion with IMU integration for camera tracking (INC-1) on a drone platform (INC-2), targeting onboard real-time computation which addresses computational efficiency (INC-6).",
P0044,True,Multi-Sensor Fusion Framework Based on GPS State Detection,10.1109/cfasta57821.2023.10243321,2023,"Proceedings of the 2nd Conference on Fully Actuated System Theory and Applications, CFASTA 2023",Xu C.; Li R.; Shi Y.; Zhou C.,"In this paper, a GPS Fusion Framework Based on Graph optimization is proposed. Integrating visual inertial navigation odometer, a robust and high-precision UAV positioning algorithm for indoor and outdoor complex environments is completed. By using the proposed method, UAV platform can accurately obtain its own pose in indoor and outdoor, tunnel and other different environments. Compared with the pure visual positioning algorithm, the proposed multi-sensor fusion algorithm based on GPS state detection improves the positioning accuracy significantly. Finally, the algorithm is verified on the KITTI dataset and the quadrotor UAV platform. It is proven that the proposed algorithm has high precision and strong robustness.  © 2023 IEEE.",Conference paper,scopus,ieee; wos,INCLUDE,high,INC-1|INC-2|INC-3|INC-6,"Satisfies INC-1 with visual inertial navigation odometer fusion, INC-2 with explicit UAV/quadrotor platform, and INC-6 with indoor/outdoor/tunnel environments requiring robustness.",
P0377,True,GOMSF: Graph-Optimization Based Multi-Sensor Fusion for robust UAV Pose estimation,10.1109/icra.2018.8460193,2018,Proceedings - IEEE International Conference on Robotics and Automation,Mascaro R.; Teixeira L.; Hinzmann T.; Siegwart R.; Chli M.,"Achieving accurate, high-rate pose estimates from proprioceptive and/or exteroceptive measurements is the first step in the development of navigation algorithms for agile mobile robots such as Unmanned Aerial Vehicles (UAVs). In this paper, we propose a decoupled Graph-Optimization based Multi-Sensor Fusion approach (GOMSF) that combines generic 6 Degree-of-Freedom (DoF) visual-inertial odometry poses and 3 DoF globally referenced positions to infer the global 6 DoF pose of the robot in real-time. Our approach casts the fusion as a real-time alignment problem between the local base frame of the visual-inertial odometry and the global base frame. The alignment transformation that relates these coordinate systems is continuously updated by optimizing a sliding window pose graph containing the most recent robot's states. We evaluate the presented pose estimation method on both simulated data and large outdoor experiments using a small UAV that is capable to run our system onboard. Results are compared against different state-of-the-art sensor fusion frameworks, revealing that the proposed approach is substantially more accurate than other decoupled fusion strategies. We also demonstrate comparable results in relation with a finely tuned Extended Kalman Filter that fuses visual, inertial and GPS measurements in a coupled way and show that our approach is generic enough to deal with different input sources in a straightforward manner. Video - https//youtu.be/GIZNSZ2soL8. © 2018 IEEE.",Conference paper,scopus,ieee,INCLUDE,high,INC-1|INC-2|INC-3|INC-5|INC-6,"A VIO system that fuses visual-inertial odometry with GPS for UAV pose estimation (INC-1, INC-2). It's a 2018 IEEE conference paper (INC-3, INC-5) targeting robust pose estimation for UAVs in real-time (INC-6).",
P0537,False,PANTHER: Perception-Aware Trajectory Planner in Dynamic Environments,10.1109/access.2022.3154037,2022,IEEE Access,J. Tordesillas; J. P. How,"This paper presents PANTHER, a real-time perception-aware (PA) trajectory planner for multirotor-UAVs (Unmanned Aerial Vehicles) in dynamic environments. PANTHER plans trajectories that avoid dynamic obstacles while also keeping them in the sensor field of view (FOV) and minimizing the blur to aid in object tracking. The rotation and translation of the UAV are jointly optimized, which allows PANTHER to fully exploit the differential flatness of multirotors to maximize the PA objective. Real-time performance is achieved by implicitly imposing the underactuated dynamics of the UAV through the Hopf fibration. PANTHER is able to keep the obstacles inside the FOV 7.9 and 1.5 times more than non-PA approaches and PA approaches that decouple translation and yaw, respectively. The projected velocity (and hence the blur) is reduced by 18% and 34%, respectively. This leads to average success rates three times larger than state-of-the-art approaches in multi-obstacle avoidance scenarios. The MINVO basis is used to impose low-conservative collision avoidance constraints in position and velocity space. Finally, extensive hardware experiments in unknown dynamic environments with all the computation running onboard are presented, with velocities of up to 5.8 m/s, and with relative velocities (with respect to the obstacles) of up to 6.3 m/s. The only sensors used are an IMU, a forward-facing depth camera, and a downward-facing monocular camera.",IEEE Journals,ieee,,EXCLUDE,high,EXC-7,"Trajectory planning and perception-aware navigation for UAVs, using VIO/visual-inertial systems as trusted sensor inputs rather than contributing to VIO algorithm development itself.","Uses IMU and cameras but for trajectory planning, not VIO fusion algorithm development"
P0268,True,An Improved Image Stitching Method Based on Vision-Inertial Fusion,10.1109/i2mtc60896.2024.10560768,2024,Conference Record - IEEE Instrumentation and Measurement Technology Conference,Liu T.; Chen B.; Wang B.; Liu D.,"To enhance the accuracy of autonomous navigation in Unmanned Aerial Vehicles (UAVs) and boost their autonomous sensing and measuring abilities in challenging real-world flying scenarios. This paper focuses on the mapping process in autonomous navigation of UAVs. The work aims to solve the problems in traditional Oriented FAST and Rotated BRIEF (ORB) feature extraction algorithm where feature points are prone to accumulate in areas with rich texture, and the limitation of Oriented FAST and Rotated BRIEF - Simultaneous Localization and Mapping 3 (ORB-SLAM3) system to construct dense maps. An improved image stitching method of visual-inertial fusion for dense mapping is proposed based on ORB-SLAM3. and the proposed method uses the obtained panoramic images to create dense maps. Firstly, the Scale Invariant Feature Transform (SIFT) algorithm is utilized during feature point extraction. The Random Sample Consensus (RANSAC) algorithm is applied for feature point optimization to obtain the best feature points for matching. Secondly, combining the posture information obtained by IMU pre-integration and the visual information will be used to compensate for the errors caused by the speed of the UAV and different angles of aerial photography. Then eliminating redundant and repeated pixels, and stitching adjacent pictures will help to get a panoramic picture. Finally, generate a dense map from the sparse point cloud map generated by ORB-SLAM3. Experiments based on the AirSim are performed to validate the proposed method. The result shows that the SIFT feature extraction method outperforms other methods, the improved image stitching method can effectively eliminate ghosting and pixel information loss problems in various environments, and the dense maps can also be achieved. © 2024 IEEE.",Conference paper,scopus,wos,INCLUDE,high,INC-1|INC-2|INC-3|INC-5,"Paper clearly describes visual-inertial fusion using IMU pre-integration combined with visual information (INC-1) for UAV navigation and mapping (INC-2), published in 2024 IEEE conference (INC-3, INC-5).",
P0378,True,C2VIR-SLAM: Centralized Collaborative Visual-Inertial-Range Simultaneous Localization and Mapping,10.3390/drones6110312,2022,Drones,Xie J.; He X.; Mao J.; Zhang L.; Hu X.,"Collaborative simultaneous localization and mapping have a great impact on various applications such as search-and-rescue and agriculture. For each agent, the key to performing collaboration is to measure the motion relative to other participants or external anchors; currently, this is mainly accompanied by (1) matching to the shared maps from other agents or (2) measuring the range to anchors with UWB devices. While requiring multiple agents to visit the same area can decrease the task efficiency and anchors demand a distribution process, this paper proposes to use a monocular camera, an inertial measurement unit (IMU), and a UWB device as the onboard sensors on each agent to build an accurate and efficient centralized collaborative SLAM system. For each participant, visual-inertial odometry is adopted to estimate the motion parameters and build a local map of the explored areas. The agent-to-agent range is measured by the onboard UWB and is published to the central server together with the estimated motion parameters and the reconstructed maps. We designed a global optimization algorithm to make use of the cross-agent map match information detected by a visual place technique, and the agent-to-agent range information to optimize the motion parameter of all the participants and merge the local maps into a global map. Compared with existing collaborative SLAM systems, the proposed system can perform collaboration with onboard UWB measurements only, vision only, and a combination of these; this greatly improves the adaptiveness and robustness of the collaborative system. We also present an in-depth analysis of C2VIR-SLAM in multiple UAV real-flight datasets. © 2022 by the authors.",Article,scopus,wos,INCLUDE,high,INC-1|INC-2|INC-3|INC-6,"A VIO system that fuses visual (monocular camera) and inertial (IMU) data (INC-1), is explicitly tested on UAV datasets (INC-2), and addresses GNSS-denied collaborative SLAM scenarios (INC-6).",
P0271,True,Multiview Landmark-Assisted UAV Swarm 6-DoF Pose Estimation Using Resonant Beam and VIO,10.1109/jiot.2025.3573755,2025,IEEE Internet of Things Journal,Du S.; Xu M.; Li Y.; Fang W.; Liu Q.; Yi P.; Hong Y.,"As an essential aerial platform in Internet of Things (IoT) applications, UAV swarms require high-precision attitude estimation in GPS-limited and dynamic environments, which supports higher-level IoT functions, such as smart logistics, disaster response, and environmental monitoring. However, most odometry-based pose estimation methods in dynamic scenarios without GPS encounter issues with cumulative errors over time. In this article, we propose a method to reduce these cumulative errors by constraining the absolute positioning of visual-inertial odometry (VIO) using relative poses obtained from multiview landmark and resonant-beam (RBeam) sensors between UAVs. For synchronous moments, we estimate the six Degree-of-Freedom (DoF) relative pose using the Angle of Arrival and Time of Flight data from the RBeam, combined with nonlinear optimization. For asynchronous moments, a two-stage visual estimation method is introduced, combining multicamera epipolar geometry for rotation recovery and depth reconstruction optimization for translation recovery, enabling the estimation of asynchronous relative poses (ARPs). Finally, we design a global objective function based on a sliding window and factor graph, integrating RBeam, multiview landmark, and VIO for absolute 6-DoF pose optimization of the UAV swarm. Simulation results demonstrate that optimizing with the addition of RBeam synchronous relative poses improves overall positioning accuracy by 32.94% compared to pure VIO. Incorporating both RBeam synchronous and visual ARPs further enhances overall positioning accuracy by 37.65%. Additionally, the UAV’s attitude benefits from the rotational constraints provided by the RBeam, achieving over 30% improvement in the pitch and yaw directions. © 2014 IEEE.",Article,scopus,ieee; wos,INCLUDE,high,INC-1|INC-2|INC-6,"Article explicitly describes a visual-inertial odometry (VIO) system that fuses camera and IMU data (INC-1) for UAV swarm pose estimation (INC-2), addressing GPS-denied environments and cumulative error reduction.",
P0538,True,Towards Globally Consistent Visual-Inertial Collaborative SLAM,10.1109/icra.2018.8461213,2018,2018 IEEE International Conference on Robotics and Automation (ICRA),M. Karrer; M. Chli,"Motivated by the need for globally consistent tracking and mapping before autonomous robot navigation becomes realistically feasible, this paper presents a novel backend to monocular-inertial odometry. As some of the most challenging platforms for vision-based perception, we evaluate the performance of our system using Unmanned Aerial Vehicles (UAV s). Our experimental validation demonstrates that the proposed approach achieves drift correction and metric scale estimation from a single UAV on benchmarking datasets. Furthermore, the generality of our approach is demonstrated to achieve globally consistent maps built in a collaborative manner from two UAVs, each equipped with a monocular-inertial sensor suite, showing the possible gains opened by collaboration amongst robots to perform SLAM. Video - https://youtu.be/wbX36HBu2Eg.",IEEE Conferences,ieee,,INCLUDE,high,INC-1|INC-2|INC-3|INC-4|INC-5|INC-6,"A monocular-inertial odometry system (satisfies INC-1) explicitly evaluated on UAVs (satisfies INC-2), published at ICRA 2018 (satisfies INC-3, INC-5).",
P0147,True,Online Dynamic Model Calibration for Reliable Control of Quadrotor Based on Factor Graph Optimization,10.1109/taes.2025.3566347,2025,IEEE Transactions on Aerospace and Electronic Systems,Yang P.; Wen W.; Bai S.; Hu J.,"Precise dynamic model calibration is essential in achieving reliable control of unmanned aerial vehicles (UAVs). However, the existing methods tend to use simplified dynamic models and cannot adapt to variations of the dynamic model. To fill this gap, this article explores an online dynamic model calibration (ODMC) method for the quadrotor based on factor graph optimization. First, the dynamic model is derived with more error terms, such as the center of gravity, aerodynamic drag, HVT disturbance, and viscous effect. Moreover, the IMU–body extrinsic parameters and the gravity vector are also identified online. Second, the pose is estimated based on the visual–inertial odometry together with the dynamic model parameters. The proposed method is validated using open-source and self-collected datasets. The evaluation demonstrates that the ODMC performs even better than the state-of-the-art data-driven methods in force and torque prediction when the maximum velocity is less than 9 m/s. Furthermore, the effectiveness of the proposed method is validated by applying the estimated model in the differential-flatness-based controller. © 1965-2011 IEEE.",Article,scopus,ieee; wos,INCLUDE,high,INC-1|INC-2,"Paper clearly reports visual-inertial odometry for pose estimation (INC-1) on quadrotor UAV platform (INC-2), with focus on challenging dynamic conditions requiring model adaptation.",
P0492,False,Automated Scanning of Concrete Structures for Crack Detection and Assessment Using a Drone,10.1109/sta56120.2022.10019224,2022,2022 IEEE 21st international Ccnference on Sciences and Techniques of Automatic Control and Computer Engineering (STA),A. Smaoui; Y. Yaddaden; R. Cherif; D. Lamouchi,"Unmanned Aerial Vehicles are becoming more accessible, opening the way to monitoring and inspecting civil infrastructure, even in challenging and dynamic environments. Indeed, using UAV s contributes to safer, faster and more accurate inspections, often beyond what the human being can detect. This paper proposes a path-planning method for an autonomous scan mission using a UAV with an onboard camera for concrete structure inspection. The main objectives are ensuring maximum coverage of the structure and collecting and transmitting images to estimate the extent of damage caused by cracks. The proposed solution is integrated and evaluated using the Software-In-the-Loop Simulation. The results show that the proposed algorithm allows robust scanning with the least energy dissipated by batteries during the mission.",IEEE Conferences,ieee,,EXCLUDE,high,EXC-7,"Path planning and crack detection for infrastructure inspection using UAVs, with no mention of VIO fusion or pose estimation algorithms - VIO would only be a trusted input component.",
P0048,True,A Distributed SLAM with UWB-VIO Fusion Framework for Enhanced Relative Localization of Multi-UAVs System,10.1109/cvidl58838.2023.10166845,2023,"2023 4th International Conference on Computer Vision, Image and Deep Learning, CVIDL 2023",Cai Q.; Jiang B.; Wu Y.; Xu H.,"The most critical challenge of multi-UAV (unmanned aerial vehicles) systems accomplishing a common mission is to maintain relative localization among UAVs. However, it remains an open and challenging research topic in infrastructure-less environments. In this paper, we propose a novel distributed visual-inertial ultra-wideband (UWB) fusion framework for global localization that overcomes the problem of state estimation in GPS-denied areas, which reduces computational issues confronted by centralized Simultaneous Localization and Mapping (SLAM). Firstly, our solution integrates a UWB ranging front-end on each UAV for ranging and uses Visual-Inertial Odometry (VIO) to estimate the self-motion of each UAV. Using a front-end that fuses UWB measurements with VIO, we correct potential drift issues caused by VIO and perform distributed loop closure detection among multiple UAV s to achieve relative pose estimation. Additionally, we propose a consistency measurement filtering method with the adaptive threshold in three-dimensional space to improve the accuracy of state estimation under continuous non-line-of-sight (NLOS) conditions. Lastly, by using distributed outlier rejection to remove erroneous estimates and fusing measurements from both front-end and back-end pose graph optimization modules, we employ a sliding window method to recover the complete trajectory and guarantee global consistency of pose estimates. We believe our method provides a comprehensive solution for the global localization in multi-UAV systems, eliminating the environmental constraints of previous positioning methods and providing opportunities for other researchers to apply UAV cluster motion planning techniques in complex environments.  © 2023 IEEE.",Conference paper,scopus,ieee,INCLUDE,high,INC-1|INC-2,"Abstract clearly describes VIO fusion with UWB measurements for multi-UAV systems (satisfies INC-1 and INC-2), addresses GPS-denied environments motivating robustness (INC-6), and is a 2023 conference paper.",
P0381,True,Autonomous Navigation Algorithm of Monocular UAV Based on Depth Estimation and Robust VIO,10.1109/ifeea64237.2024.10878697,2024,"2024 11th International Forum on Electrical Engineering and Automation, IFEEA 2024",Zhen X.; Deng Z.; Lou B.; Hou L.; Wei L.,"The autonomous navigation of micro-monocular UAVs has emerged as a research focus, leveraging their compact size, lightweight design, and energy efficiency. However, the inherent scale ambiguity of monocular systems hinders the direct acquisition of dense, true-scale depth observations, posing collision risks. This paper introduces an innovative monocular UAV navigation system that integrates Visual Inertial Odometry (VIO) with a depth estimation network. The system leverages VIO for precise UAV positioning and employs the sparse, true-scale point cloud from VIO to calibrate the scale of monocular depth estimations, yielding a depth map with consistent scale continuity for downstream planning tasks. Furthermore, the depth estimations are utilized to refine VIO initialization, enhancing the algorithm's initialization speed and robustness. Experimental results demonstrate a 27.7% increase in VIO initialization velocity and a modest improvement in positioning accuracy. Additionally, our approach achieves a significant reduction in obstacle collision rates (34.9% decrease) and an enhanced flight mission completion rate (21.4% increase), outperforming current state-of-the-art end-to-end autonomous UAV navigation algorithms. © 2024 IEEE.",Conference paper,scopus,ieee,INCLUDE,high,INC-1|INC-2|INC-3|INC-6,"A VIO system that fuses visual and inertial data (INC-1) for UAV navigation (INC-2), published as a peer-reviewed conference paper (INC-3).",
P0535,True,LSTM and Filter Based Comparison Analysis for Indoor Global Localization in UAVs,10.1109/access.2021.3049896,2021,IEEE Access,A. Yusefi; A. Durdu; M. F. Aslan; C. Sungur,"Deep learning (DL) based localization and Simultaneous Localization and Mapping (SLAM) has recently gained considerable attention demonstrating remarkable results. Instead of constructing hand-crafted algorithms through geometric theories, DL based solutions provide a data-driven solution to the problem. Taking advantage of large amounts of training data and computing capacity, these approaches are increasingly developing into a new field that offers accurate and robust localization systems. In this work, the problem of global localization for unmanned aerial vehicles (UAVs) is analyzed by proposing a sequential, end-to-end, and multimodal deep neural network based monocular visual-inertial localization framework. More specifically, the proposed neural network architecture is three-fold; a visual feature extractor convNet network, a small IMU integrator bi-directional long short-term memory (LSTM), and a global pose regressor bi-directional LSTM network for pose estimation. In addition, by fusing the traditional IMU filtering methods instead of LSTM with the convNet, a more time-efficient deep pose estimation framework is presented. It is worth pointing out that the focus in this study is to evaluate the precision and efficiency of visual-inertial (VI) based localization approaches concerning indoor scenarios. The proposed deep global localization is compared with the various state-of-the-art algorithms on indoor UAV datasets, simulation environments and real-world drone experiments in terms of accuracy and time-efficiency. In addition, the comparison of IMU-LSTM and IMU-Filter based pose estimators is also provided by a detailed analysis. Experimental results show that the proposed filter-based approach combined with a DL approach has promising performance in terms of accuracy and time efficiency in indoor localization of UAVs.",IEEE Journals,ieee,wos,INCLUDE,high,INC-1|INC-2,"Abstract clearly describes visual-inertial fusion using CNNs and LSTM/filtering for IMU data (INC-1), explicitly targets UAVs for indoor localization (INC-2).",
P0049,True,A 2D Georeferenced Map Aided Visual-Inertial System for Precise UAV Localization,10.1109/iros47612.2022.9982254,2022,IEEE International Conference on Intelligent Robots and Systems,Jun M.; Lilian Z.; Xiaofeng H.; Hao Q.; Xiaoping H.,"Precise geolocalization is crucial for unmanned aerial vehicles (UAVs). However, most current deployed UAVs rely on the global navigation satellite systems (GNSS) for geolocalization. In this paper, we propose to use a lightweight visual-inertial system with a 2D georeferenced map to obtain accurate geodetic positions for UAVs. The proposed system firstly integrates a micro inertial measurement unit (MIMU) and a monocular camera to build a visual-inertial odometry (VIO) to consecutively estimate the UAV's motion states and reconstruct the 3D position of the observed visual features in the local world frame. To obtain the geolocation, the visual features tracked by the odometry are further registered to the 2D georeferenced map. While most conventional methods perform image-level aerial image registration, we propose to align the reconstructed 3D points with the map, and then use the registered 3D points to relocalize the vehicle in the geodetic frame, which helps to improve the geolocalization accuracy. Finally, a pose graph is deployed to fuse the geolocation from the point registration and the local navigation result from the visual-inertial odometry (VIO) to obtain smooth and drift-free geolocalization results. We have validated the proposed method by installing the sensors to a UAV body rigidly and have conducted two real-world flights in different environments with unknown initials. The results show that the proposed method can achieve less than 4m position error in flight at about 100m high and less than 9m position error in flight at about 300m high. © 2022 IEEE.",Conference paper,scopus,ieee; wos,INCLUDE,high,INC-1|INC-2|INC-3|INC-6,"A VIO system fusing MIMU and monocular camera data (INC-1) for UAV geolocalization (INC-2), targeting GNSS-denied environments (INC-6), published in a peer-reviewed IEEE conference (INC-3).",
P0382,False,A Low-Altitude UAV Dataset Based on Visual-Inertial Navigation,10.1109/jsen.2024.3488289,2024,IEEE Sensors Journal,Lyu P.; Yong C.; Lai J.; Yuan C.; Zhu Q.; Han A.,"As unmanned aerial vehicles (UAVs) are increasingly utilized in operational domains ranging from 50 to 500 m, there is a growing need for robust and reliable autonomous positioning, particularly in scenarios where satellite signals are unavailable. To address this challenge, we present a set of visual-inertial datasets collected by low-altitude UAVs. The dataset includes stereo cameras, an inertial measurement unit (IMU), a laser ranging sensor, and RTK-based ground truth. All these sensors have been calibrated and synchronized. The dataset consists of 28 sequences captured across diverse scenarios. To the best of our knowledge, this is the first UAV visual navigation dataset to encompass such a wide range of flight altitudes. Furthermore, we have evaluated the dataset using state-of-the-art visual-inertial simultaneous localization and mapping (SLAM) algorithms. The results demonstrate that existing solutions perform inadequately in certain situations. For the benefit of the research community, we make this dataset publicly accessible. The webpage of our dataset is https://github.com/boomzoeycy/A-Low-Altitude-UAV-Dataset-based-on-Visual-Inertial-Navigation.  © 2001-2012 IEEE.",Article,scopus,ieee; wos,EXCLUDE,high,EXC-5,This is explicitly a dataset paper with no algorithmic VIO contribution - it presents a visual-inertial dataset for UAVs and evaluates existing SLAM algorithms on it.,
P0544,True,Collaborative 6DoF Relative Pose Estimation for Two UAVs with Overlapping Fields of View,10.1109/icra.2018.8461143,2018,2018 IEEE International Conference on Robotics and Automation (ICRA),M. Karrer; M. Agarwal; M. Kamel; R. Siegwart; M. Chli,"Driven by the promise of leveraging the benefits of collaborative robot operation, this paper presents an approach to estimate the relative transformation between two small Unmanned Aerial Vehicles (UAVs), each equipped with a single camera and an inertial sensor, comprising the first step of any meaningful collaboration. Formation flying and collaborative object manipulation are some of the few tasks that the proposed work has direct applications on, while forming a variable-baseline stereo rig using two UAVs carrying a monocular camera each promises unprecedented effectiveness in collaborative scene estimation. Assuming an overlap in the UAVs' fields of view, in the proposed framework, each UAV runs monocular-inertial odometry onboard, while an Extended Kalman Filter fuses the UAVs' estimates and common image measurements to estimate the metrically scaled relative transformation between them, in realtime. Decoupling the direction of the baseline between the cameras of the two UAVs from its magnitude, this work enables consistent and robust estimation of the uncertainty of the relative pose estimation. Our evaluation on both on simulated data and benchmarking datasets consisting of real aerial data, reveals the power of the proposed methodology in a variety of scenarios. Video - https://youtu.be/AmkkaXa2601.",IEEE Conferences,ieee,,INCLUDE,high,INC-1|INC-2|INC-3|INC-6,"Paper clearly describes VIO fusion with cameras and inertial sensors (INC-1) for UAV platforms (INC-2), published at ICRA 2018 (INC-3, INC-5), and addresses challenging collaborative estimation scenarios (INC-6).",
P0050,False,A Semantic Information Aided Visual/Inertial Fusion Localization Method of UAV; [一种基于语义信息辅助的无人机视觉/惯性融合定位方法],10.19306/j.cnki.2095-8110.2022.04.007,2022,Navigation Positioning and Timing,Lyu P.; He R.; Lai J.-Z.; Yang Z.-H.; Yuan C.,"Vision sensors play an important role in the indoor positioning of unmanned aerial vehicles (UAVs). The traditional visual odometry calculation method based on feature points describes and matches through the underlying brightness relationship, which has insufficient anti-interference ability, and may cause matching errors or even failures. The accuracy and robustness of the navigation system need to be improved. Due to the rich semantic information in the indoor en-vironment. a semantic information aided visual/inertial fusion localization method of UAV is pro-posed. Firstly, the indoor semantic information is factored and fused with the traditional visual odometry method. Then, based on the inertial pre-integration method, inertial constraint is added to the factor graph optimization to further improve the positioning accuracy and robustness of the UAV in complex dynamic situations. Finally, the positioning accuracy of the algorithm is analyzed through the UAV indoor flight experiment. The experimental results show that the proposed method has higher accuracy and robustness than the traditional visual odometry method. © 2022 China Astronautic Publishing House Co Ltd. All rights reserved.",Article,scopus,,EXCLUDE,high,INC-4,"Abstract clearly describes a visual/inertial fusion localization method (INC-1) specifically for UAVs (INC-2), with factor graph optimization combining visual odometry and inertial constraints.",
P0149,False,Event-combined Visual-inertial Odometry Using Point and Line Features; [融合事件的点线特征法视觉惯性里程计],10.12382/bgxb.2023.1221,2024,Binggong Xuebao/Acta Armamentarii,Liu Y.; Cai Z.; Sun J.; Zhao J.; Wang Y.,"Visual-inertial odometry is a key technology for robots to achieve autonomous localization. As an asynchronous vision sensor, the event cameras have complementary to the traditional cameras. For the scene of low light condition, high dynamic range and high-speed motion, the output of event camera and the traditional image are fused. A real-time visual inertial odometry using point and line features is proposed combined with the inertial measurement unit (IMU). An algorithm for generating an event image from event stream is proposed, a point-line feature detection method combined with events is designed, anda back-end sliding window optimization algorithm is designed based on the idea of visual-inertial tight-coupling. The dataset test and UAV flight test are conducted. The test results on the dataset show that, compared with the visual-inertial odometry using point and line features only on the traditional image, the proposed odometry can reduce the positioning error by more than 22% on average in the scene of high-speed motion, and it can reducethe positioning error by more than 59% on average in the scene of low light condition and high dynamic range. © 2024 China Ordnance Industry Corporation. All rights reserved.",Article,scopus,,EXCLUDE,high,INC-4,Article presents a VIO system fusing visual (event cameras and traditional cameras) and inertial (IMU) data (INC-1). UAV flight test explicitly mentioned confirms aerial platform target (INC-2).,
P0534,False,Research on Event Accumulator Settings for Event-Based SLAM,10.1109/icrca55033.2022.9828933,2022,"2022 6th International Conference on Robotics, Control and Automation (ICRCA)",K. Xiao; G. Wang; Y. Chen; Y. Xie; H. Li; S. Li,"Event cameras are a new type of sensors that are different from traditional cameras. Each pixel is triggered asynchronously by event. The trigger event is the change of the brightness irradiated on the pixel. If the increment or decrement of brightness is higher than a certain threshold, an event is output. Compared with traditional cameras, event cameras have the advantages of high dynamic range and no motion blur. Accumulating events to frames and using traditional SLAM algorithm is a direct and efficient way for event-based SLAM. Different event accumulator settings, such as slice method of event stream, processing method for no motion, using polarity or not, decay function and event contribution, can cause quite different accumulating results. We conducted the research on how to accumulate event frames to achieve a better event-based SLAM performance. For experiment verification, accumulated event frames are fed to the traditional SLAM system to construct an event-based SLAM system. Our strategy of setting event accumulator has been evaluated on the public dataset. The experiment results show that our method can achieve better performance in most sequences compared with the state-of-the-art event frame based SLAM algorithm. In addition, the proposed approach has been tested on a quadrotor UAV to show the potential of applications in real scenario. Code and results are open sourced to benefit the research community of event cameras at https://github.com/robin-shaun/event-slam-accumulator-settings or https://gitee.com/robin_shaun/event-slam-accumulator-settings.",IEEE Conferences,ieee,,EXCLUDE,high,EXC-3,"Event-based SLAM using only event cameras with no mention of IMU or inertial sensor fusion, failing to meet INC-1 which requires VIO fusion of both visual and inertial data.",
P0383,True,Perception in the dark—development of a ToF visual inertial odometry system,10.3390/s20051263,2020,Sensors (Switzerland),Chen S.; Chang C.-W.; Wen C.-Y.,"Visual inertial odometry (VIO) is the front-end of visual simultaneous localization and mapping (vSLAM) methods and has been actively studied in recent years. In this context, a time-of-flight (ToF) camera, with its high accuracy of depth measurement and strong resilience to ambient light of variable intensity, draws our interest. Thus, in this paper, we present a realtime visual inertial system based on a low cost ToF camera. The iterative closest point (ICP) methodology is adopted, incorporating salient point-selection criteria and a robustness-weighting function. In addition, an error-state Kalman filter is used and fused with inertial measurement unit (IMU) data. To test its capability, the ToF–VIO system is mounted on an unmanned aerial vehicle (UAV) platform and operated in a variable light environment. The estimated flight trajectory is compared with the ground truth data captured by a motion capture system. Real flight experiments are also conducted in a dark indoor environment, demonstrating good agreement with estimated performance. The current system is thus shown to be accurate and efficient for use in UAV applications in dark and Global Navigation Satellite System (GNSS)-denied environments. © 2020 by the authors. Licensee MDPI, Basel, Switzerland.",Article,scopus,wos,INCLUDE,high,INC-1|INC-2|INC-6,"A VIO system that fuses ToF camera data with IMU using Kalman filtering (INC-1), explicitly targets UAV platforms (INC-2), and addresses challenging conditions including dark environments and GNSS-denied scenarios.",
P0051,False,Continuation methods with the trusty time-stepping scheme for linearly constrained optimization with noisy data,10.1007/s11081-020-09590-z,2022,Optimization and Engineering,Luo X.-L.; Lv J.-H.; Sun G.,"The nonlinear optimization problem with linear constraints has many applications in engineering fields such as the visual-inertial navigation and localization of an unmanned aerial vehicle maintaining the horizontal flight. In order to solve this practical problem efficiently, this paper constructs a continuation method with the trusty time-stepping scheme for the linearly equality-constrained optimization problem at every sampling time. At every iteration, the new method only solves a system of linear equations other than the traditional optimization method such as the sequential quadratic programming (SQP) method, which needs to solve a quadratic programming subproblem. Consequently, the new method can save much more computational time than SQP. Numerical results show that the new method works well for this problem and its consumed time is about one fifth of that of SQP (the built-in subroutine fmincon.m of the MATLAB2018a environment) or that of the traditional dynamical method (the built-in subroutine ode15s.m of the MATLAB2018a environment). Furthermore, we also give the global convergence analysis of the new method. © 2021, The Author(s), under exclusive licence to Springer Science+Business Media, LLC part of Springer Nature.",Article,scopus,wos,EXCLUDE,high,EXC-7,"A general optimization method for linearly constrained problems, with VIO mentioned only as one example application. The contribution is to the optimization algorithm itself, not to VIO methodology.",
P0545,True,Encoderless Gimbal Calibration of Dynamic Multi-Camera Clusters,10.1109/icra.2018.8462920,2018,2018 IEEE International Conference on Robotics and Automation (ICRA),C. L. Choi; J. Rebello; L. Koppel; P. Ganti; A. Das; S. L. Waslander,"Dynamic Camera Clusters (DCCs) are multi-camera systems where one or more cameras are mounted on actuated mechanisms such as a gimbal. Existing methods for DCC calibration rely on joint angle measurements to resolve the time-varying transformation between the dynamic and static camera. This information is usually provided by motor encoders, however, joint angle measurements are not always readily available on off-the-shelf mechanisms. In this paper, we present an encoderless approach for DCC calibration which simultaneously estimates the kinematic parameters of the transformation chain as well as the unknown joint angles. We also demonstrate the integration of an encoderless gimbal mechanism with a state-of-the art VIO algorithm, and show the extensions required in order to perform simultaneous online estimation of the joint angles and vehicle localization state. The proposed calibration approach is validated both in simulation and on a physical DCC composed of a 2-DOF gimbal mounted on a UAV. Finally, we show the experimental results of the calibrated mechanism integrated into the OKVIS VIO package, and demonstrate successful online joint angle estimation while maintaining localization accuracy that is comparable to a standard static multi-camera configuration.",IEEE Conferences,ieee,,INCLUDE,high,INC-1|INC-2|INC-3|INC-4|INC-5|INC-6,"Explicitly integrates their gimbal calibration with a VIO algorithm (OKVIS) for UAV navigation, satisfying INC-1 and INC-2. It addresses robustness challenges in dynamic camera configurations for VIO systems.",
P0272,True,Autonomous GPU-based UAS for inspection of confined spaces: Application to marine vessel classification,10.1016/j.robot.2023.104590,2024,Robotics and Autonomous Systems,Brogaard R.Y.; Boukas E.,"Inspection of confined spaces poses a series of health risks to human surveyors, and therefore a need for robotic solutions arises. In this paper, we design and demonstrate a real-time system for collecting 3D structural and visual data from a series of inspection points within a prior map of a confined space. The system consists of a GPU accelerated 3D point cloud registration and a visual inertial odometry estimate fused in an Unscented Kalman Filter. Using the state-of-the-art deep learning-based feature descriptors, FCGF –and the robust Teaser++ 3D registration algorithm– point clouds from a narrow field of view, time-of-flight, camera can be registered to a prior map of the environment, to provide accurate cm-level absolute pose estimates. The uncertainty of the system is furthermore estimated on the basis of the novel GPU-based Stein ICP algorithm. Visual defects, represented by augmented reality fiducial markers, are automatically detected during inspection, and their positions are estimated in the map frame of the confined space. The performance of the system has been evaluated in realtime onboard a small UAV, within a mock-up model of a water ballast tank from a marine vessel, where the UAV was able to navigate and inspect the ambiguous and featureless environment. All defects were estimated within ＋/−10 cm of their actual position. © 2023 The Authors",Article,scopus,wos,INCLUDE,high,INC-1|INC-2,Paper clearly describes a visual inertial odometry system fused with 3D point cloud registration in an Unscented Kalman Filter (INC-1) for a UAV platform performing confined space inspection (INC-2).,
P0385,True,A Novel Three-Stage Robust Adaptive Filtering Algorithm for Visual-Inertial Odometry in GNSS-Denied Environments,10.1109/jsen.2023.3289313,2023,IEEE Sensors Journal,Yue Z.; Tang C.; Gao Y.,"Visual-inertial odometry (VIO) has been widely applied in the autonomous navigation and positioning of unmanned aerial vehicles (UAVs) and unmanned ground vehicles (UGVs) in global navigation satellite system (GNSS)-denied environments. However, existing VIO filtering algorithms have the defects of low positioning accuracy and weak robustness, especially in complex and changeable environments. Therefore, a novel robust adaptive VIO algorithm is proposed here. First, the H∞ criterion is introduced into the popular cubature multistate constraint Kalman filter (CMSCKF), which improves the robustness of the VIO system. Second, this article designs a characterization method to judge the uncertainty degree of VIO based on the limited memory exponential weighting theory. Finally, inspired by the idea of the Institute of Geodesy and Geophysics (IGG) III model, we further put forward a three-stage robust adaptive H∞ filtering algorithm and test the performance with the numerical simulation and the publicly available real-world Karlsruhe Institute of Technology and Toyota Technological Institute (KITTI) dataset. The experimental results demonstrate that the proposed algorithm has better filtering accuracy and robustness.  © 2001-2012 IEEE.",Article,scopus,wos,INCLUDE,high,INC-1|INC-2|INC-6,"Abstract clearly describes a VIO system fusing visual and inertial data (INC-1), explicitly mentions UAV applications (INC-2), and targets robustness in GNSS-denied environments with adaptive filtering (INC-6).",
P0153,True,A Visual-Inertial Navigation Coupled Localization Method Based on Adaptive Point-Line Feature Extraction,10.1109/jsen.2023.3312731,2023,IEEE Sensors Journal,He Z.; Li G.,"Autonomous localization and mapping in complex environments are prerequisites for the autonomous intelligence of unmanned aerial vehicles (UAVs). Current strategies to boost localization precision integrate various information sources, including inertial data, point features, and line features. While line features offer richer structural insights, their extraction and computation are extremely time-consuming, challenging the system's real-time responsiveness. Addressing this, we propose a visual-inertial navigation coupled localization method based on adaptive point-line feature extraction (VIN-APL). This method features an adaptive extraction mechanism that can dynamically adjust the line feature extraction threshold in response to environmental texture variations and optimize the balance between localization accuracy and computation cost better. Experiment results show that VIN-APL achieves better localization accuracy than VIN system (VINS)-Mono in most of the tested sequences, especially the more difficult ones, with an average localization error reduction of 13.58%. Compared with PL-VINS, VIN-APL not only achieves superior accuracy across most sequences but also reduces the average computation time for line feature extraction nodes by 45.72%.  © 2001-2012 IEEE.",Article,scopus,,INCLUDE,high,INC-1|INC-2|INC-3|INC-4|INC-5|INC-6,Abstract clearly describes a visual-inertial navigation system that fuses visual (point and line features) and inertial data (INC-1) for UAV localization and mapping (INC-2).,
P0275,False,A High-Fidelity Digital Twin Framework for Multi-Modal Sim-to-Real Transfer for Robust UAV Autonomy,10.1109/i5cps67958.2026.11452535,2026,"Proceeding of International Conference on Computing, Communication, Control and Cyber-Physical Systems, I5CPS 2026",Priyanshu R.; Agarwal M.; Kumar P.,"Autonomous Unmanned Aerial Vehicle (UAV) navigation remains an important challenge under GNSS-denied and communication-jammed conditions. Visual-Inertial Odometry (VIO) systems experience compounding biases, while traditional simulators cannot properly model real-world visual and wireless phenomena with sufficient fidelity, leading to ""the reality gap.""In this paper, we introduce a new dual-fidelity DT paradigm that jointly leverages Unreal Engine 5 (UE5) for real-time visual and dynamic simulations and the high-fidelity robotics simulator, Colosseum-AirSim. We describe how this DT infrastructure can enable high-quality S2R learning by creating synthetic images with DR and using efficient AI models like ResNet-18 for real-time semantic image segmentation, achieving mIoU of 87.0% or higher. This significantly surpasses state-of-the-art performance reported with pure simulation learning or real-image learning alone. These high-fidelity DT-infrastructure capabilities enable high-quality communication-aware, context-aware, autonomous functioning with localization under HITL control for real-world applications such as smart urban networks or disaster response operations. © 2026 IEEE.",Conference paper,scopus,ieee,EXCLUDE,high,EXC-7,"Digital twin infrastructure and simulation-to-real transfer methodology, with VIO mentioned only as a component that experiences compounding biases in the problem statement.",Digital twin/simulation framework paper where VIO appears as application context only.
P0546,True,Localization of UGV Guided by UAV Using Visual Inertia Sensors and UWB,10.1109/icca62789.2024.10591852,2024,2024 IEEE 18th International Conference on Control & Automation (ICCA),S. Qian; L. Cheng; X. Xu; M. Ren,"Air-ground Collaborative SLAM (CoSLAM) is particularly suitable for route planning and mapping in large scenes. However, accurate localization of an Unmanned Ground Vehicle (UGV) in CoSLAM has been a challenging task, making route planning for various applications not always reliable. In this study, we design a air-ground collaborative system, which applies Ultra Wide Band (UWB) ranging units on both Unmanned Aerial Vehicle (UAV) and UGV as additional sensors to collect range information between the UAV and the UGV. The range information is used to correct the position of the UGV provided by the UAV. The correction is realized through an extended Kalman filter. Simulation results verify the proposed method.",IEEE Conferences,ieee,,UNCERTAIN,high,INC-1|INC-2,Title: 'Localization of UGV Guided by UAV Using Visual Inertia Sensors and UWB'. Abstract: 'UWB ranging units on both Unmanned Aerial Vehicle (UAV) and UGV as additional sensors ...'.,Air-ground collaborative system where VIO is likely used as existing capability rather than novel VIO development.
P0209,True,Localization through RGB-D Camera for the Quad-rotor,10.1109/icccnt61001.2024.10725903,2024,"2024 15th International Conference on Computing Communication and Networking Technologies, ICCCNT 2024",Prabhakar V.D.; Pandey V.K.; Sharma A.K.; Sandhan T.,"This paper presents a thorough investigation into the implementation of a localization system using a RGB-D camera that prioritizes computational efficiency. The study focuses on utilizing the Oak D Pro depth camera, which includes an in-built Inertial Measurement Unit. Visual Odometry is used to estimate the camera pose which is lighter in computation than other algorithms like Simultaneous Localization and Mapping. The IMU is used to obtain the camera pose due to the presence of drift during the camera's fast motion. The readings are fused together to get the correct camera pose by employing the Extended Kalman Filter for sensor fusion, achieving seamless integration of VO and IMU. This research explores the adaptation of Visual Inertial Odometry system for an autonomous Unmanned Aerial Vehicles applications, specifically for a quad-rotor/drone. © 2024 IEEE.",Conference paper,scopus,ieee,INCLUDE,high,INC-1|INC-2|INC-3|INC-4|INC-5|INC-6,"Paper clearly describes VIO system fusing RGB-D camera with IMU using Extended Kalman Filter (INC-1), explicitly targets quad-rotor/drone applications (INC-2).",
P0504,False,UAV Swarm Autonomy through Cooperative Positioning: A Unified Approach with Distributed Graph Optimization and Decentralized MPC,10.1109/icma65362.2025.11120831,2025,2025 IEEE International Conference on Mechatronics and Automation (ICMA),C. Xiong; Z. You,"Autonomous flight of unmanned aerial vehicle (UAV) swarm faces challenges in relative positioning and cooperative control. Existing methods suffer from ground reliance, high computation, and communication costs. To overcome these constraints, this study proposes a relative positioning framework based on distributed graph optimization (DGO) that integrates onboard sensor measurements of relative distance, relative angle, and inertial-based state estimations. The distributed architecture enables each drone to solve localized optimization subproblems in parallel, effectively mitigating communication congestion and computational bottlenecks. Building upon the positioning results, we develop a decentralized model predictive control (DMPC) scheme with real-time capability for simultaneous swarm formation maintenance and dynamic trajectory tracking. Results demonstrate that the integrated system achieves sub-meter relative positioning accuracy while sustaining formation stability. This work provides methodological foundations for subsequent research in swarm intelligence.",IEEE Conferences,ieee,,EXCLUDE,high,EXC-7,"Swarm coordination and formation control using distributed graph optimization and MPC, where positioning appears to be based on 'relative distance, relative angle'.",
P0513,False,UAV Tracking with Lidar as a Camera Sensor in GNSS-Denied Environments,10.1109/icl-gnss57829.2023.10148919,2023,2023 International Conference on Localization and GNSS (ICL-GNSS),H. Sier; X. Yu; I. Catalano; J. P. Queralta; Z. Zou; T. Westerlund,"Light detection and ranging (LiDAR) sensor has become one of the primary sensors in robotics and autonomous system for high-accuracy situational awareness. In recent years, multi-modal LiDAR systems emerged, and among them, LiDAR-as-a-camera sensors provide not only 3D point clouds but also fixed-resolution 360°panoramic images by encoding either depth, reflectivity, or near-infrared light in the image pixels. This potentially brings computer vision capabilities on top of the potential of LiDAR itself. In this paper, we are specifically interested in utilizing LiDARs and LiDAR-generated images for tracking Unmanned Aerial Vehicles (UAVs) in real-time which can benefit applications including docking, remote identification, or counter-UAV systems, among others. This is, to the best of our knowledge, the first work that explores the possibility of fusing the images and point cloud generated by a single LiDAR sensor to track a UAV without a priori known initialized position. We trained a custom YOLOv5 model for detecting UAVs based on the panoramic images collected in an indoor experiment arena with a motion capture (MOCAP) system. By integrating with the point cloud, we are able to continuously provide the position of the UAV. Our experiment demonstrated the effectiveness of the proposed UAV tracking approach compared with methods based only on point clouds or images. Additionally, we evaluated the real-time performance of our approach on the Nvidia Jetson Nano, a popular mobile computing platform.",IEEE Conferences,ieee,,EXCLUDE,high,EXC-7,"External UAV tracking using LiDAR sensors, not VIO for UAV navigation. The UAV is the target being tracked, not the platform performing VIO for its own navigation.",UAV tracking system rather than UAV navigation system
P0154,False,MILUV: A Multi-UAV Indoor Localization dataset with UWB and Vision,10.1177/02783649251405898,2026,International Journal of Robotics Research,Shalaby M.A.; Dahdah N.; Ahmed S.S.; Cossette C.C.; Le Ny J.; Forbes J.R.,"This paper introduces MILUV, a Multi-UAV Indoor Localization dataset with UWB and Vision measurements. This dataset comprises 217 minutes of flight time over 36 experiments using three quadcopters, collecting ultra-wideband (UWB) ranging data such as the raw timestamps and channel-impulse response data, vision data from a stereo camera and a bottom-facing monocular camera, inertial measurement unit data, height measurements from a laser rangefinder, magnetometer data, and ground-truth poses from a motion-capture system. The UWB data is collected from up to 12 transceivers affixed to mobile robots and static tripods in both line-of-sight and non-line-of-sight conditions. The UAVs fly at a maximum speed of 4.418 m/s in an indoor environment with visual fiducial markers as features. MILUV is versatile and can be used for a wide range of applications beyond localization, but the primary purpose of MILUV is for testing and validating multi-robot UWB- and vision-based localization algorithms. The dataset can be downloaded at https://doi.org/10.25452/figshare.plus.28386041.v1. A development kit is presented alongside the MILUV dataset, which includes benchmarking algorithms such as visual-inertial odometry, UWB-based localization using an extended Kalman filter, and classification of CIR data using machine learning approaches. The development kit can be found at https://github.com/decargroup/miluv, and is supplemented with a website available at https://decargroup.github.io/miluv/. © The Author(s) 2026. This article is distributed under the terms of the Creative Commons Attribution 4.0 License (https://creativecommons.org/licenses/by/4.0/) which permits any use, reproduction and distribution of the work without further permission provided the original work is attributed as specified on the SAGE and Open Access page (https://us.sagepub.com/en-us/nam/open-access-at-sage).",Article,scopus,wos,EXCLUDE,high,EXC-5,This is explicitly a dataset paper with no algorithmic VIO contribution - it provides benchmarking algorithms but does not develop new VIO methods.,
P0052,True,An Adaptive Approach based on Multi-State Constraint Kalman Filter for UAVs,10.23919/iccas52745.2021.9649897,2021,"International Conference on Control, Automation and Systems",Do H.V.; Kim Y.H.; Kwon Y.S.; Kang S.H.; Kim H.J.; Song J.W.,"High accurate and robust motion estimation plays a fundamental role in the autonomous navigation system, especially for Visual Inertial Navigation System (VINS). The consistent of extended Kalman Filter (EKF)-based estimator highly relies on the prior information of the process noise (Q) and the measurement noise (R) covariance matrices. In this paper, we apply an adaptation rule to the well-known Multi-State Constraint Kalman Filter (MSCKF) using innovation and residual information for a monocular VINS that is mounted in a drone. The shortcoming of MSCKF is that the state vector grows as the number of detected features increasing. Since the vision process can give different estimated results due to various error sources such as the ambiguity or the quality of the camera, each epoch should have different weighting factors. Therefore, Q and R covariance matrices should be adapted. It is shown through the simulation that the proposed algorithm has more robustness and accuracy against the conventional approach which has fixed values of Q and R covariance matrices.  © 2021 ICROS.",Conference paper,scopus,,INCLUDE,high,INC-1|INC-2|INC-3|INC-6,"Paper describes an adaptive Multi-State Constraint Kalman Filter for Visual Inertial Navigation System (VINS) on a drone platform, clearly satisfying VIO fusion (INC-1) and UAV application (INC-2).",
,False,Intelligent Unmanned Aerial Vehicles for Low-altitude Economy: A Review of the Technology Framework and Future Prospects; [低空经济赋能者：智能无人机技术体系综述与展望],10.11999/jeit251246,2026,Dianzi Yu Xinxi Xuebao/Journal of Electronics and Information Technology,Zhihong Q.; Yijun W.,"Significance The deep integration of new quality productive forces with the digital economy accelerates the development of the low-altitude economy and positions it as an emerging driver of global economic growth. Operating in airspace typically below 3 000 m, this industrial system supports diverse applications, including Unmanned Aerial Vehicle (UAV) logistics, Urban Air Mobility (UAM), industrial inspection, and public safety. Intelligent UAVs, characterized by cost efficiency, scalability, and autonomous capability, function as the core technical enabler of this ecosystem. Their deployment promotes a transition in aviation from centralized and isolated operation modes toward distributed, intelligent, and service-oriented aerial utilization. From a strategic perspective, intelligent UAVs contribute to industrial upgrading, urban infrastructure improvement, airspace security assurance, and regional economic development. Therefore, a systematic review and structured construction of an intelligent UAV technology framework is necessary to support future research, clarify key challenges, and promote sustained development of the low-altitude economy. Progress A holistic technology framework for intelligent UAVs is constructed, organized hierarchically from foundational technologies to application-oriented systems. The framework integrates four interrelated domains. Intelligent perception and navigation emphasize stable operation in complex environments through tightly coupled multi-sensor fusion and advanced state estimation methods, such as visual-inertial odometry, supported by multi-source adaptive positioning in Global Navigation Satellite System (GNSS)-denied scenarios. Wireless communication networks focus on reliable Beyond-Visual-Line-Of-Sight (BVLOS) connectivity by combining cellular network access, self-organizing flying ad hoc networks (FANETs) with intelligent topology control, and UAV-assisted edge computing for efficient resource scheduling. Autonomous decision-making and cooperative control evolve from classical rule-based approaches toward learning-based paradigms, where multi-agent reinforcement learning enables coordinated swarm behavior and adaptive task execution. Low-altitude security and airspace management provide essential system support through integrated detection and countermeasure technologies, supplemented by UAV cloud platforms and Unmanned aircraft system Traffic Management (UTM) for coordinated airspace operation. Conclusions The review indicates that UAVs are transitioning from isolated platforms to interconnected intelligent nodes embedded within the low-altitude economy system. Although substantial progress has been achieved across multiple technological domains, several critical challenges remain. Major technical constraints include maintaining communication reliability in complex low-altitude channels, addressing perception degradation in cluttered or deceptive environments, achieving robust autonomous cooperation under uncertainty, and overcoming the inherent limitations of existing energy and power technologies. These technical issues coexist with non-technical barriers, such as the establishment of adaptive regulatory and airspace governance frameworks, the formation of scalable and sustainable business models, and the enhancement of public acceptance. The analysis suggests that addressing these challenges requires deep integration of enabling technologies. A closed-loop evolution paradigm of “challenge-driven → technology fusion → system construction → feedback iteration” is proposed to describe the intrinsic iterative logic of technological development and to provide methodological guidance for future research and engineering practice. Prospects Future intelligent UAV development is expected to concentrate on several strongly coupled directions. Intelligent holistic communication will advance through deep integration of air-ground-space networks and Integrated Sensing And Communication (ISAC), forming a proactive data environment that supports predictive resource management and resilient connectivity. Cognitive swarm intelligence will promote the transformation of UAV clusters into cooperative cognitive systems by combining large language models for task comprehension with multi-agent reinforcement learning for decentralized decision-making, enabling emergent collective intelligence. High-assurance autonomous security will rely on formal verification of artificial intelligence models, explainable decision mechanisms, and extensive application of digital twins for virtual validation and certification, thereby strengthening operational trust. In parallel, green and sustainable technologies will influence the full lifecycle of UAV systems, encouraging advances in high-energy-density power solutions, including solid-state batteries and hydrogen fuel cells, the use of environmentally friendly materials, and artificial intelligence-based optimization of energy consumption and acoustic performance, which together support the long-term sustainability of the low-altitude economy. © (2026), (Science Press). All rights reserved.",Article,scopus,,EXCLUDE,high,EXC-4,"Is explicitly a review paper ('A Review of the Technology Framework') that provides a systematic survey of intelligent UAV technologies rather than presenting original algorithmic VIO contributions, satisfying EXC-4.",
P0387,False,Augmented Ultra-Wideband Localization for Quadrotor UAV: Disturbance Rejection and Credibility Quantification,10.1109/tie.2025.3642438,2026,IEEE Transactions on Industrial Electronics,Jia J.; Li W.; Yu X.; Wang Y.; Guo K.; Guo L.,"Uninterrupted and accurate indoor localization without global navigation satellite systems (GNSS) is a challenging problem for quadrotor unscrewed aerial vehicles (UAVs). In this article, a plug-and-play ultra-wideband (UWB)-augmented localization scheme is developed, which is characterized by: 1) the embedded UAV dynamics to enrich information sources; 2) the composite disturbance filtering (CDF) algorithm for refined antidisturbance position estimation under UAV dynamic uncertainties and UWB measurement noises; and 3) a novel localization credibility metric which takes both system configuration and real-time algorithm operation status into account. By virtue of refined disturbance rejection and real-time credibility quantification, the designed UWB-augmented module allows for seamless integration into the existing UAV localization systems like the visual-inertial odometry (VIO), enhancing the overall localization performance with high-credibility UWB data. The effectiveness of the proposed scheme is demonstrated by developing and testing a UWB-augmented VIO localization system for quadrotor UAVs. © 2025 IEEE. All rights reserved.",Article,scopus,ieee; wos,INCLUDE,high,INC-1|INC-2,'the composite disturbance filtering (CDF) algorithm for refined antidisturbance position estimation under UAV dynamic uncertainties and UWB measurement noises' and 'a novel localization credibility metric'.,UWB-augmented positioning that uses VIO as black-box input
P0277,True,Visual-Inertial Odometry Using High Flying Altitude Drone Datasets †,10.3390/drones7010036,2023,Drones,George A.; Koivumäki N.; Hakala T.; Suomalainen J.; Honkavaara E.,"Positioning of unoccupied aerial systems (UAS, drones) is predominantly based on Global Navigation Satellite Systems (GNSS). Due to potential signal disruptions, redundant positioning systems are needed for reliable operation. The objective of this study was to implement and assess a redundant positioning system for high flying altitude drone operation based on visual-inertial odometry (VIO). A new sensor suite with stereo cameras and an inertial measurement unit (IMU) was developed, and a state-of-the-art VIO algorithm, VINS-Fusion, was used for localisation. Empirical testing of the system was carried out at flying altitudes of 40–100 m, which cover the common flight altitude range of outdoor drone operations. The performance of various implementations was studied, including stereo-visual-odometry (stereo-VO), monocular-visual-inertial-odometry (mono-VIO) and stereo-visual-inertial-odometry (stereo-VIO). The stereo-VIO provided the best results; the flight altitude of 40–60 m was the most optimal for the stereo baseline of 30 cm. The best positioning accuracy was (Formula presented.) m for a 800 m-long trajectory. The performance of the stereo-VO degraded with the increasing flight altitude due to the degrading base-to-height ratio. The mono-VIO provided acceptable results, although it did not reach the performance level of the stereo-VIO. This work presented new hardware and research results on localisation algorithms for high flying altitude drones that are of great importance since the use of autonomous drones and beyond visual line-of-sight flying are increasing and will require redundant positioning solutions that compensate for potential disruptions in GNSS positioning. The data collected in this study are published for analysis and further studies. Data Set: https://doi.org/10.23729/f4c5d2d0-eddb-40a1-89ce-601c252dab35. © 2023 by the authors.",Article,scopus,wos,INCLUDE,high,INC-1|INC-2|INC-3|INC-4|INC-5|INC-6,"Article clearly reports VIO systems fusing visual and inertial data (INC-1) for drone/UAS platforms (INC-2), addresses GNSS-denied environments as a robustness condition (INC-6).",
P0547,False,Review of Navigation Methods for UAV-Based Parcel Delivery,10.1109/tase.2022.3232025,2024,IEEE Transactions on Automation Science and Engineering,D. Dissanayaka; T. R. Wanasinghe; O. De Silva; A. Jayasiri; G. K. I. Mann,"This paper presents a comprehensive review of state-of-the-art navigation methods available for unmanned aerial vehicles (UAVs) used in parcel delivery. Particularly, the paper focuses on state-of-the-art sensor configurations, multi-sensor data fusion architectures, and their performance when employed for UAV navigation. Additionally, this paper presents the associated safety regulations for UAV navigation currently imposed by regulatory bodies in US and Canada. The existing navigation solutions sometimes produce degenerative results due to GPS loss, multipath signals, spoofing events, and other sensor degradation scenarios. Therefore, this article investigates the suitability of integrating visual lidar odometry and mapping (VLOAM) with GPS to overcome the limitations of existing navigation solutions. A comparative study of the multi-sensory combined solutions is presented with numerical simulations, validating the regulatory compliance of VLOAM and GPS integrated system under common GPS failure cases. Note to Practitioners—This work was motivated by the need for a survey on existing UAV navigation methods for parcel delivery applications. Different UAV navigation methods exist, depending on the sensors used and the sensor fusion architectures, with varying degrees of localization accuracy. It can be challenging for researchers and practitioners to decide which method to adopt for their application while complying with the existing safety regulations. Therefore, this paper presents an overview of the current safety regulation for UAV navigation and evaluates the state-of-the-art navigation methods against regulatory safety compliance. Additionally, a numerically validated safe navigation method is suggested for UAV-based parcel delivery. This paper provides researchers and practitioners with comprehensive reference sources in the UAV navigation field, which can help them develop suitable solutions to ensure safe navigation.",IEEE Journals,ieee,wos,EXCLUDE,high,EXC-4,"This is explicitly described as a 'comprehensive review' and 'survey' of existing UAV navigation methods, which qualifies as a secondary study under EXC-4.",
P0002,True,"A Real-time Framework for UAV Indoor Self-Positioning and 3D Mapping Base on 2D Lidar, Stereo Camera and IMU",10.1109/rcar58764.2023.10249971,2023,"Proceedings of the 2023 IEEE International Conference on Real-Time Computing and Robotics, RCAR 2023",Liang L.; Rao H.; Shen G.; Wang C.; Wu X.,"This paper proposed a real-time Unmanned Aerial Vehicle (UAV) autonomous localization framework based on onboard sensors, including 2D Lidar, Stereo Camera and Inertial Measurement Unit (IMU), built on the open-source VINS-Fusion software to achieve real-time and drift-free UAV pose estimation. The proposed framework eliminates the motion distortion of Lidar during UAV motion by combining Visual-Inertial Odometry (VIO). It obtains global localization information of Lidar by PL-ICP algorithm based on a global point cloud map. Graph optimization method is used to fuse the local positional estimation and the global information from the Lidar, which eliminate the cumulative error caused by VIO. The feasibility of the method is verified by experiments and compared with the method of only running Visual-Inertial Navigation Systems (VINS), the framework improves the accuracy of localization. In addition, we have implemented the construction of octree maps of 3D environments through the framework of this system. © 2023 IEEE.",Conference paper,scopus,ieee,INCLUDE,high,INC-1|INC-2|INC-3|INC-6,"Paper clearly describes a VIO system combining stereo camera and IMU for UAV localization (INC-1), explicitly targets UAV platforms (INC-2).",
P0388,True,Toward Aerial Collaborative Stereo: Real-Time Cross-Camera Feature Association and Relative Pose Estimation for UAVs,10.1109/jsen.2025.3532699,2025,IEEE Sensors Journal,Wang Z.; Dong W.,"The collaborative unmanned aerial vehicles (UAVs) can construct a wide and variable baseline stereo camera, providing potential benefits in flexible and large-scale depth perception. Compared to the fixed-baseline stereo camera, the collaborative stereo system in dynamic flight face the additional challenge of continuously varying baselines, which necessitates real-time cross-camera stereo feature association and real-time relative pose estimation on resource-constrained onboard computers. To tackle these challenges, we propose a real-time dual-channel feature association with a guidance-prediction framework. This framework utilizes a graph neural network (GNN) to periodically guide cross-camera feature associations between two UAVs, while the guided features are continuously predicted to enable real-time feature association. Additionally, we propose a real-time relative multistate-constrained Kalman filter (Rel-MSCKF) algorithm, which efficiently integrates covisual overlapping features with the UAVs' visual-inertial odometry (VIO), enabling accurate and fast relative pose estimation. Extensive real-world experiments are performed using the widely adopted but resource-constrained NVIDIA NX onboard computer. The results demonstrate that the dual-channel algorithm achieves cross-camera feature association for 30 Hz image streams, with an average runtime of 14 ms, significantly outperforming the conventional cross-camera feature matching algorithms, which typically require over 70 ms. For the relative pose estimation of two cameras, the proposed Rel-MSCKF algorithm achieves pose estimation within 16 ms, outperforming the current pose-graph optimization (PGO) manner with 330 ms. Additionally, we examine the convergence behavior of Rel-MSCKF under various spatial configurations. The system's robustness is further evaluated under the challenges of asynchronous image acquisition, communication interruptions, and field-of-view (FOV) occlusions. Online video: https://youtu.be/avxMuOf5Qcw.  © 2001-2012 IEEE.",Article,scopus,,INCLUDE,high,INC-1|INC-2|INC-3|INC-6,"VIO integration (INC-1) and targets UAVs (INC-2), addressing real-time computational constraints on onboard computers and challenging conditions like communication interruptions and FOV occlusions (INC-6).",
P0053,True,Vision-guided unmanned aerial system for rapid multiple-type damage detection and localization,10.1177/14759217221084878,2023,Structural Health Monitoring,Jiang S.; Cheng Y.; Zhang J.,"Unmanned aerial systems (UASs) are increasingly applied for bridge inspection. A vision-guided UAS with a lightweight convolutional neural network is developed to detect and locate bridge cracks, spalling, and corrosion. The contributions are as follows: (1) To address the problem that traditional UASs are global positioning system (GPS) required while GPS signals under bridge bottom generally are weak. A vision-guided UAS is designed and applied, in which a stereo vision-inertial fusion method is used to provide position data instead of GPS and an ultrasonic ranger is applied to avoid obstacles. (2) Most of the deep learning-based damage detection methods are offline detection, which is unsuitable for UAS-based inspection because the endurance time is limited. To solve this problem, a lightweight end-to-end object detection network is proposed, by replacing the backbone of the original You Only Look Once v3 network with MobileNetv2, and the proposed network of much faster inference speed can be transplanted to the onboard computer of the designed UAS so that real-time edge computing can be performed during inspection. (3) A damage location method based on vision positioning data and simultaneous localization and mapping is also proposed to meet the urgent needs of locating damage in the whole structure. Finally, the proposed system is applied to inspect a long-span bridge to detect and locate the most common damages: crack, spalling, and corrosion with high accuracy and efficiency, which verified the practicability of the system. © The Author(s) 2022.",Article,scopus,,INCLUDE,high,INC-1|INC-2|INC-3|INC-4|INC-5|INC-6,A vision-inertial fusion method for UAV positioning (INC-1) and explicitly targets unmanned aerial systems (INC-2).,
P0199,False,"A Comprehensive Taxonomy of UAVs: A Comparative Feature Matrix for Hardware, Capabilities, and Payloads",10.1109/access.2025.3642069,2026,IEEE Access,R. Tacconi; M. Raoul Marini; M. Saraceno; G. Luca Foresti; L. Cinque; A. Mecca,"This survey consolidates the state of the art in vision-based unmanned aerial vehicle (UAV) systems and introduces a unifying taxonomy and feature matrix that relate platform form-factors, onboard capabilities, and payload characteristics to application domains. We systematically review and classify recent literature across agriculture, transportation and logistics, infrastructure inspection, search and rescue, environmental monitoring, emergency response, surveying/mapping, and surveillance, and analyze operational trade-offs of prominent platform classes-multi-rotor, fixed-wing, and hybrid UAVs-with respect to endurance, payload capacity, maneuverability, sensing modalities (i.e., red-green-blue (RGB) cameras and thermal sensors), and onboard computation. Algorithmic trends are synthesized, highlighting advances in lightweight deep learning (DL) techniques (notably convolutional neural network (CNN)-based perception), robust state estimation via visual-inertial odometry (VIO) and simultaneous localization and mapping (SLAM), and multisensor fusion. Recurring challenges are identified, including limited flight endurance, resilient operation in Global Positioning System (GPS)-denied or cluttered environments, scarcity of domain-specific datasets for vision tasks, and the absence of standardized benchmarks and safety frameworks. Finally, we outline research directions to promote resilient, explainable, and energy-aware UAVs and to accelerate the transition from experimental prototypes to operational deployments.",IEEE Journals,ieee,wos,EXCLUDE,high,EXC-4,"This is explicitly a survey that 'consolidates the state of the art' and 'systematically review[s] and classif[ies] recent literature' across multiple domains, making it a secondary study under EXC-4.",
P0213,False,Optimization and Acceleration of Visual-Inertial Navigation System for UAVs Based on Heterogeneous Computing Architecture,10.1007/978-981-95-4053-2_48,2026,Lecture Notes in Electrical Engineering,Wang H.; Lan B.; Wei B.; Chen X.; Guo C.,"We propose an optimization and acceleration solution for Visual-Inertial Navigation Systems (VINS) on UAVs based on heterogeneous computing architecture. As UAV application scenarios diversify, the requirements for autonomous navigation capabilities continue to increase. Visual-Inertial Navigation has become one of the mainstream technologies due to its advantages of low cost, rich information, and high reliability. However, real-time operation of VINS systems on resource-constrained UAV platforms still faces significant challenges, especially in highly dynamic and complex environments. Through a software-hardware co-design approach, this paper addresses the performance bottlenecks of VINS-Mono systems on UAV platforms. The main innovations include: proposing an initialization method combining optical flow and descriptors to improve system robustness in low-texture and fast-motion scenarios; designing an optical flow tracking strategy to replace OpenCV feature extraction, enhancing feature tracking efficiency through hardware acceleration interfaces; developing an adaptive feature selection algorithm to balance computational resources and precision in backend optimization. © The Author(s), under exclusive license to Springer Nature Singapore Pte Ltd. 2026.",Conference paper,scopus,,INCLUDE,high,INC-1|INC-2|INC-3|INC-6,"Paper clearly describes VIO fusion (VINS-Mono system optimization) for UAV platforms, addressing computational efficiency and robustness in challenging conditions like low-texture and fast-motion scenarios.",
P0551,False,A Vision-Based Technique for Unmanned Aerial Vehicles Localization,10.1109/ispacs68724.2025.11382908,2025,2025 International Symposium on Intelligent Signal Processing and Communication Systems (ISPACS),L. -Y. Chen; H. -Y. Lin; S. Munir,"Accurate localization is a fundamental requirement for the safe and reliable operation of unmanned aerial vehicles (UAVs). Conventional localization approaches primarily rely on Global Navigation Satellite System (GNSS) or Global Positioning System (GPS) signals for outdoor navigation. However, these methods are susceptible to performance degradation or complete failure in GNSS-denied environments. This paper proposes a novel UAV localization framework based on aerial-satellite image matching to enable navigation without GNSS signals. The proposed end-to-end network employs the CLIP model to extract and correlate geospatial features between UAV-acquired aerial images and pre-existing satellite imagery. Furthermore, image orientation information is incorporated into the feature similarity computation to estimate flight heading direction. To evaluate the effectiveness of the proposed approach, an aerial image dataset was collected from UAV flights conducted at an altitude of 100 meters above sea level. Experimental results over a $2.23 ~\text{km}^{2}$ area demonstrate the feasibility of the proposed GNSS-denied localization method, achieving average position and heading errors of 39.2 m and 15.9°, respectively.",IEEE Conferences,ieee,,EXCLUDE,high,EXC-3,"Only visual odometry/localization using aerial-satellite image matching with no mention of IMU or inertial sensor fusion, failing to satisfy INC-1 which requires VIO fusion of both visual and inertial data.",
P0055,True,Getting Started with a Simple Visual-Inertial Odometry,10.1109/rem63063.2024.10735689,2024,"2024 22nd International Conference on Research and Education in Mechatronics, REM 2024",Divan B.N.Y.; Iorpenda M.J.; Willert V.,"This paper presents the development and evaluation of a basic monocular visual-inertial odometry (VIO) algorithm tailored for drone navigation. The primary goal is to present a minimal, easy-to-understand algorithm for beginners to the field. Therefore, the method utilises proven, simple, non-computationally intensive computer vision algorithms. To solve the unknown scale problem, monocular visual odometry estimates are fused with scale estimates extracted from inertial measurement unit (IMU) data. We tested the algorithm on various datasets, including the real-world KITTI dataset and a custom dataset recorded with a Tello DJI drone in a controlled lab environment. Moreover, the algorithm's adaptability and performance were further validated in an Unreal-Engine simulated environment utilizing Microsoft AirSim for the simulation of the drone's physics. Although simple, the proposed method is versatile for short-term odometry especially for slow continuous movements.  © 2024 IEEE.",Conference paper,scopus,ieee; wos,INCLUDE,high,INC-1|INC-2|INC-3|INC-4|INC-5,Paper clearly presents a VIO algorithm that fuses monocular visual odometry with IMU data (INC-1) and is explicitly tailored for drone navigation with testing on DJI Tello drone (INC-2).,
P0389,False,AgriNav: UAV Simulator for Vision-based Navigation in Agricultural Environments,10.1016/j.ifacol.2025.11.757,2025,IFAC-PapersOnLine,Yang T.; Mueller M.W.,"We present AgriNav, a simulator for vision-based navigation and data collection for unmanned aerial vehicles (UAVs) in agricultural environments. Developing autonomous aerial robots for large-scale agricultural data collection requires significant effort in hardware-software integration, especially for accurate state estimation and navigation. While many existing simulators offer image generation features, they are not designed for direct use with visual-inertial odometry (VIO) packages, which depend on precise sensor calibration, data synchronization, and specific message formats. We address this challenge by generating synthetic data that mimic physical sensor outputs and providing a modular communication framework, enabling users to efficiently experiment with odometry and navigation algorithms without requiring hardware testing. Using Unity for rendering, we provide pre-built maps and plant models for rapid testing and simple scene customization. AgriNav is open source and available at: https://github.com/Teaya-Yang/AgriNav.git. Copyright © 2025 The Authors.",Conference paper,scopus,wos,EXCLUDE,high,EXC-7,A simulator tool for testing existing VIO systems rather than contributing novel VIO algorithms or methods.,Simulator/tool paper - no VIO algorithmic contribution
P0005,True,Robust UAV Localization in GNSS-Denied Environments via Efficient Visual Scene Matching-Inertial Fusion,10.1109/cait68620.2025.11424858,2025,"2025 6th International Conference on Computers and Artificial Intelligence Technology, CAIT 2025",Zhang Z.; Zhang B.; Lv M.; Liu S.; Xue J.; Wei H.,"In environments where Global Navigation Satellite Systems (GNSS) are degraded or unavailable, unmanned aerial vehicle (UAV) visual-inertial localization faces challenges including cross-domain scale inconsistency, accumulated inertial drift, and limited onboard computing resources. To address these issues, we propose a lightweight visual-inertial localization framework for onboard platforms that combines low-rate absolute corrections from satellite-to-aerial visual scene matching with high-rate relative motion constraints from inertial measurement unit (IMU) pre-integration. The two are fused via a loosely coupled Error-State Kalman Filter (ESKF), achieving real-time, robust localization through low-rate absolute correction + high-rate dead reckoning. To reduce the cross-domain search space and mitigate scale mismatch, we introduce a barometer-assisted adaptive satellite-image loading and ground sampling distance (GSD) normalization pipeline that dynamically selects satellite tiles and aligns scale between satellite and onboard imagery. On the vision side, an accelerated XFeat model delivers high-quality feature extraction and matching; On the fusion side, the ESKF effectively suppresses inertial drift and improves resilience to visual outliers and anomalous conditions. The full system is deployed on a NVIDIA Orin Nano embedded platform and validated in real flight tests, demonstrating accurate and robust localization in complex real-world scenarios.  © 2025 IEEE.",Conference paper,scopus,,INCLUDE,high,INC-1|INC-2|INC-6,"Article clearly reports a visual-inertial fusion system (INC-1) combining satellite imagery with IMU via ESKF, explicitly targets UAV platforms (INC-2).",
P0552,False,A Collaborative SLAM Framework for Heterogeneous Multi-Robot Systems,10.1109/icus66297.2025.11294967,2025,2025 IEEE International Conference on Unmanned Systems (ICUS),Y. Liu; J. Zhu; H. Pei,"Vision-based Simultaneous Localization and Mapping (SLAM) technology has become a significant research focus in robotics, enabling autonomous agents to perform real-time pose estimation and environmental reconstruction using onboard sensors without prior environmental knowledge. While single-robot visual SLAM implementations have reached substantial maturity, their computational capabilities remain limited on embedded platforms when operating in complex scenarios, leading to constrained search efficiency, reduced detection range, and limited operational endurance. This paper proposes a heterogeneous multi-robot collaborative SLAM framework integrating FPGA-accelerated ORB feature extraction based on CCM-SLAM, and designs a novel keyframe selection mechanism to overcome the aforementioned limitations.",IEEE Conferences,ieee,,EXCLUDE,high,EXC-3,"A vision-based SLAM system with no mention of IMU or inertial sensors, failing to satisfy INC-1 which requires VIO fusion of both visual and inertial data.",
P0056,False,Tightly-coupled stereo visual-inertial-LiDAR SLAM based on graph optimization; [基于图优化的紧耦合双目视觉/惯性/激光雷达SLAM方法],10.11947/j.agcs.2022.20210503,2022,Cehui Xuebao/Acta Geodaetica et Cartographica Sinica,Wang X.; Li X.; Liao J.; Feng S.; Li S.; Zhou Y.,"Simultaneous localization and mapping (SLAM) technology based on a single sensor has gradually been unable to meet the increasingly complex application scenarios of the intelligent mobile carriers such as mobile robots, unmanned aerial vehicles, and self-driving cars. In order to further improve the localization and mapping performance of the mobile carriers in complex environments, multi-sensor fusion SLAM has become a hotspot of current research. In this contribution, we present a graph-optimization based and tightly-coupled stereo visual-inertial-LiDAR SLAM termed S-VIL SLAM, which integrates the LiDAR observations into a visual-inertial system. In this work, the IMU measurements, visual features, and laser point cloud features are jointly optimized in a sliding window. Moreover, a vision enhanced loop-closure algorithm of LiDAR is designed in this paper by using the complementary characteristics between vision and LiDAR, which further improves the global positioning and mapping accuracy of the multi-sensor fusion SLAM. We perform vehicle-borne experiments in outdoor environments to assess the performance of the proposed approach. The experimental results indicate that the proposed S-VIL odometry outperforms the state-of-the-art tightly coupled visual-inertial odometry (VIO) and LiDAR odometry in terms of pose estimation accuracy. The proposed loop-closure algorithm can effectively detect the loop closure of trajectories in large-scale scenes and achieve high-precision pose graph optimization. The point cloud map after loop closure optimization has good resolution and global consistency. © 2022 SinoMaps Press. All rights reserved.",Article,scopus,,EXCLUDE,high,EXC-2,"'intelligent mobile carriers such as mobile robots, unmanned aerial vehicles, and self-driving cars ...'.",
P0391,False,Radar-Inertial State-Estimation for UAV Motion in Highly Agile Manoeuvres,10.1109/icuas54217.2022.9836130,2022,"2022 International Conference on Unmanned Aircraft Systems, ICUAS 2022",Michalczyk J.; Schoffmann C.; Fornasier A.; Steinbrener J.; Weiss S.,"Multicopter Unmanned Aerial Vehicles (UAV) are known for their high agility and aggressive manoeuvres. Despite significant advances in state estimation for such vehicles with multiple sensors, their accurate state estimation in highly agile manoeuvres is still a challenge in the research community. In this paper, we present a radar-inertial based method for estimating the full 6D pose and 3D velocity of a UAV including sensor extrinsics and Inertial Measurement Unit (IMU) intrinsics. In an Extended Kalman Filter (EKF) framework, we fuse range measurements of corner reflectors detected by a Frequency Modulated Continuous Wave (FMCW) radar sensor together with IMU readings. Our tightly coupled fusion approach and the high-frequency state correction together with the inherent benefits of radar sensors (e.g. resilience to aerosols, light changes, etc) enables tracking of highly aggressive trajectories in real experiments which are shown to be particularly challenging for a state of the art Visual-Inertial Odometry (VIO) approach we compare against.  © 2022 IEEE.",Conference paper,scopus,ieee; wos,EXCLUDE,high,EXC-3,"A radar-inertial method using FMCW radar and IMU, not visual-inertial fusion, thus violating INC-1 which requires VIO systems that fuse visual (camera) data.",
P0214,True,Multimodal Visual Navigation of Unmanned Aerial Vehicles Using Satellite Maps and Thermal Imaging Cameras,10.3103/s106879982504004x,2025,Russian Aeronautics,Lazareva P.A.; Malikov A.I.; Degtyarev G.L.; Mannanov R.T.,"Abstract: This paper examines the problem of visual navigation for unmanned aerial vehicles in low-light conditions. To ensure the day/night navigation, a method for cross-modal transformation of visible-light satellite imagery into thermal representations is proposed using the ThermalGen flow-based generative model. The resulting heat maps are used in an absolute visual localization algorithm based on matching data from an onboard LWIR camera with a transformed satellite reference image. The algorithm is integrated into a hybrid visual-inertial navigation module that fuses the results of absolute visual localization, visual odometry, and inertial measurements based on an extended Kalman filter. Testing on images transformed into thermal images demonstrated high accuracy in determining absolute coordinates and confirmed the viability of the proposed approach for nighttime navigation. © Allerton Press, Inc. 2025.",Article,scopus,,INCLUDE,high,INC-1|INC-2,Paper clearly describes a hybrid visual-inertial navigation module that fuses visual odometry and inertial measurements (INC-1) for unmanned aerial vehicles (INC-2).,
P0057,True,Evaluation of a Commercially Available Autonomous Visual Inertial Odometry Solution for Indoor Navigation,10.1109/icuas48674.2020.9213962,2020,"2020 International Conference on Unmanned Aircraft Systems, ICUAS 2020",Agarwal A.; Crouse J.R.; Johnson E.N.,"In this paper, an Unmanned Aerial System (UAS) navigation solution using the Intel RealSense T265, a commercially available Visual Inertial Odometry device, is developed and presented in conjunction with an Extended Kalman Filter framework. Comparisons of raw and estimated position and yaw angle data from the device are made against ground truth measurements obtained via a motion capture system. Preliminary results from hand-carry tests show promising localization capability as the device continues to gather information about its environment. Further localization improvements may be achievable with varied software configurations. The performance of the Extended Kalman Filter during closed-loop flight is also evaluated, and shows smoothing of noisy measurements from the T265 and generally precise trajectory following capabilities. Future work to extend this characterization shall involve testing the performance of the device across varying flight envelopes, and especially for longer durations. © 2020 IEEE.",Conference paper,scopus,,INCLUDE,high,INC-1|INC-2,"'an Unmanned Aerial System (UAS) navigation solution using the Intel RealSense T265, a commercially available Visual Inertial Odometry device'.",Uses existing commercial VIO as black-box input to EKF framework
P0161,False,UAV/UGV autonomous cooperation: UAV assists UGV to climb a cliff by attaching a tether,10.1109/icra.2019.8794265,2019,Proceedings - IEEE International Conference on Robotics and Automation,Miki T.; Khrapchenkov P.; Hori K.,"This paper proposes a novel cooperative system for an Unmanned Aerial Vehicle (UAV) and an Unmanned Ground Vehicle (UGV) which utilizes the UAV not only as a flying sensor but also as a tether attachment device. Two robots are connected with a tether, allowing the UAV to anchor the tether to a structure located at the top of a steep terrain, impossible to reach for UGVs. Thus, enhancing the poor traversability of the UGV by not only providing a wider range of scanning and mapping from the air, but also by allowing the UGV to climb steep terrains with the winding of the tether. In addition, we present an autonomous framework for the collaborative navigation and tether attachment in an unknown environment. The UAV employs visual inertial navigation with 3D voxel mapping and obstacle avoidance planning. The UGV makes use of the voxel map and generates an elevation map to execute path planning based on a traversability analysis. Furthermore, we compared the pros and cons of possible methods for the tether anchoring from multiple points of view. To increase the probability of successful anchoring, we evaluated the anchoring strategy with an experiment. Finally, the feasibility and capability of our proposed system were demonstrated by an autonomous mission experiment in the field with an obstacle and a cliff. © 2019 IEEE.",Conference paper,scopus,ieee; wos,EXCLUDE,high,EXC-7,"Cooperative robotics and tether-based cliff climbing, where VIO appears only as a trusted navigation input ('The UAV employs visual inertial navigation') without algorithmic contribution to the VIO component itself.",Higher-level application using VIO as black-box input
P0278,True,Aerial robots on the way to underground: An experimental evaluation of VINS-mono on visual-inertial odometry camera,10.1109/icdmw.2019.00024,2019,"IEEE International Conference on Data Mining Workshops, ICDMW",Chen L.J.; Henawy J.; Kocer B.B.; Seet G.G.L.,"In recent years, applications of unmanned aerial vehicles (UAV) have been well received by a wide range of users due to its versatility and cost-effectiveness. When the UAVs operate outside without any surroundings, it can be possible to integrate global positioning system (GPS) into the UAV. However, GPS is ineffective to determine the position of UAV when the signal is weak or absent, such as operating in an indoor environment and tunnel network. To accurately determine the position of a UAV, another approach is to endow different sensors such as LIDAR, inertial measurement unit (IMU) and camera. In this paper, we present an experimental evaluation of a visual-inertial odometry application using VINS-Mono state estimator coupled with visual-inertial sensors. The objective of the experiment is to determine the effectiveness of the setup in an indoor environment, where the GPS signal is fully absent. In the experiment, a UAV capable of self-localization has been constructed with the integration of onboard computer, camera, and IMU. First, camera and IMU calibrations, as well as their hardware synchronization, have been set. Second, experimental evaluations have conducted to compare the UAV localization performance with ground truth data at motion analysis laboratory equipped with OptiTrack tracking system. Finally, a comparison study is given to determine the robustness and reliability of VINS-Mono state estimator and the UAV system using various flight velocities and environment features settings. Based on extensive evaluations, it is capable to localize a UAV in a GPS-denied environment, with an average root mean square error kept under 25 cm over an average flight duration within 2 minutes. © 2019 IEEE.",Conference paper,scopus,ieee; wos,INCLUDE,high,INC-1|INC-2,'we present an experimental evaluation of a visual-inertial odometry application using VINS-Mono state estimator coupled with visual-inertial sensors ...'.,Clear application paper testing existing VIO system performance
P0006,False,Experimental Comparison of Fiducial Markers for Pose Estimation,10.1109/icuas48674.2020.9213977,2020,"2020 International Conference on Unmanned Aircraft Systems, ICUAS 2020",Kalaitzakis M.; Carroll S.; Ambrosi A.; Whitehead C.; Vitzilaios N.,"Accurate localization is crucial for the autonomous navigation and control of Unmanned Aircraft Systems (UAS). In most applications, localization is provided from a Global Navigation Satellite System like GPS and Galileo or more recently from Visual Odometry, Visual-Inertial Odometry, and Simultaneous Localization and Mapping methods. In many cases though, especially when precise maneuvers are required, fiducial markers are used. Fiducial markers are able to provide accurate localization data and have been used in many applications where reliable pose measurements are needed for specific objects or locations. This paper presents an experimental comparison of four different open-source fiducial markers that are widely used in UAS applications (ARTag, AprilTag, ArUco, and STag). The fiducial markers are evaluated based on their localization capabilities as well as their computational efficiency. To facilitate the comparison, a ROS package for the STag marker is developed and publicly released. © 2020 IEEE.",Conference paper,scopus,wos,EXCLUDE,high,EXC-7,Focuses exclusively on evaluating existing fiducial marker systems for pose estimation without contributing any algorithmic VIO component.,
P0392,True,Rapid Initialization Method of Unmanned Aerial Vehicle Swarm Based on VIO-UWB in Satellite Denial Environment,10.3390/drones8070339,2024,Drones,Wang R.; Deng Z.,"In environments where satellite signals are blocked, initializing UAV swarms quickly is a technical challenge, especially indoors or in areas with weak satellite signals, making it difficult to establish the relative position of the swarm. Two common methods for initialization are using the camera for joint SLAM initialization, which increases communication burden due to image feature point analysis, and obtaining a rough positional relationship using prior information through a device such as a magnetic compass, which lacks accuracy. In recent years, visual–inertial odometry (VIO) technology has significantly progressed, providing new solutions. With improved computing power and enhanced VIO accuracy, it is now possible to establish the relative position relationship through the movement of drones. This paper proposes a two-stage robust initialization method for swarms of more than four UAVs, suitable for larger-scale satellite denial scenarios. Firstly, the paper analyzes the Cramér–Rao lower bound (CRLB) problem and the moving configuration problem of the cluster to determine the optimal anchor node for the algorithm. Subsequently, a strategy is used to screen anchor nodes that are close to the lower bound of CRLB, and an optimization problem is constructed to solve the position relationship between anchor nodes through the relative motion and ranging relationship between UAVs. This optimization problem includes quadratic constraints as well as linear constraints and is a quadratically constrained quadratic programming problem (QCQP) with high robustness and high precision. After addressing the anchor node problem, this paper simplifies and improves a fast swarm cooperative positioning algorithm, which is faster than the traditional multidimensional scaling (MDS) algorithm. The results of theoretical simulations and actual UAV tests demonstrate that the proposed algorithm is advanced, superior, and effectively solves the UAV swarm initialization problem under the condition of a satellite signal rejection. © 2024 by the authors.",Article,scopus,wos,INCLUDE,high,INC-1|INC-2|INC-6,"Paper reports VIO technology for UAV swarm initialization (satisfying INC-1 and INC-2) in satellite denial environments, which explicitly addresses robustness requirements for GNSS-denied conditions (INC-6).",
P0549,False,Iterative Motion Compensation for Canonical 3D Reconstruction From UAV Plant Images Captured in Windy Conditions,10.1109/lra.2026.3675934,2026,IEEE Robotics and Automation Letters,A. Rochow; J. Marcic; S. Seliunina; S. Behnke,"Three-dimensional (3D) phenotyping of plants plays a crucial role for understanding plant growth, yield prediction, and disease control. We present a pipeline capable of generating high-quality 3D reconstructions of individual agricultural plants. To acquire data, a small commercially available Unmanned aerial vehicle (UAV) captures images of a selected plant. Apart from placing ArUco markers, the entire image acquisition process is fully autonomous, controlled by a self-developed Android application running on the drone's controller. The reconstruction task is particularly challenging due to environmental wind and downwash of the UAV. Our proposed pipeline supports the integration of arbitrary state-of-the-art 3D reconstruction methods. To mitigate errors caused by leaf motion during image capture, we use an iterative method that gradually adjusts the input images through deformation. Motion is estimated using optical flow between the original input images and intermediate 3D reconstructions rendered from the corresponding viewpoints. This alignment gradually reduces scene motion, resulting in a canonical representation. After a few iterations, our pipeline improves the reconstruction of state-of-the-art methods and enables the extraction of high-resolution 3D meshes.",IEEE Journals,ieee,,EXCLUDE,high,EXC-7,3D plant reconstruction methodology where the UAV serves only as a data collection platform. No VIO algorithm or IMU fusion is described - only image-based optical flow motion estimation for correcting plant deformation.,"Plant phenotyping application using UAV as imaging platform, not VIO development"
P0553,False,Cross-view UAV Geo-localization via Wavelet-based Local Feature Enhancement,10.1109/cnml68938.2026.11452264,2026,2026 International Conference on Communication Networks and Machine Learning (CNML),C. Zhang; R. Zhao; Z. Lin; Z. Gao; Q. a. Peng,"Cross-view image matching serves as a pivotal technology for UAV autonomous localization and navigation. Yet, given the severe viewpoint disparities between UAV and satellite imagery, current approaches often fail to balance the extraction of global semantics with the preservation of fine-grained local details. To overcome this limitation, we present an enhanced feature model built upon a lightweight backbone. We design a fusion architecture that leverages the Unit Spatial Attention Module (USAM) from Lin et al. to target salient regions, followed by the innovative integration of the Discrete Wavelet Transform (DWT) to establish a local feature enhancement module. This module explicitly captures high-frequency components—such as edges and textures—thereby effectively mitigating spatial information loss during downsampling. On the University-1652 benchmark, our method delivers highly competitive performance, achieving 81.63% R@1 in the localization task with a lightweight ConvNeXt-Tiny backbone. This validates the efficacy of our strategy in synergizing frequency-domain details with spatial semantics.",IEEE Conferences,ieee,,EXCLUDE,high,EXC-7,"Cross-view image matching for UAV geo-localization using satellite imagery, which is a higher-level application.",
P0007,True,PO-GVINS: A Tightly Coupled GNSS-Visual-Inertial Navigation Framework Using Pose-Only Representation,10.1109/lra.2025.3606792,2025,IEEE Robotics and Automation Letters,Xu Z.; Zhu F.; Zhang Z.; Jian C.; Lv J.; Zhang Y.; Zhang X.,"Accurate and reliable positioning is essential for perception, decision-making, and other high-level applications in autonomous driving, autonomous aerial vehicles, and intelligent robotics. Due to the inherent limitations of standalone sensors, integrating heterogeneous sensors with complementary capabilities is an effective approach to achieving this goal. The visual-inertial navigation system (VINS) fuses visual cameras and inertial measurement units (IMUs) to explore unknown environments. It requires a priori knowledge of 3D features and jointly estimates camera poses and feature positions, which inevitably introduces feature linearization errors. Meanwhile, the dimensionality of the system state increases with abundant textures, degrading real-time performance. To eliminate accumulated errors from VINS, frameworks further fuse measurements from the Global Navigation Satellite System (GNSS), but still suffer from similar limitations. To address the aforementioned issues, we propose a filtering-based, tightly coupled GNSS-visual-inertial positioning framework with a pose-only formulation applied to VINS, termed PO-GVINS. We first apply the PO formulation to our VINS (PO-VINS). GNSS raw measurements are subsequently incorporated, with integer ambiguities resolved, to achieve accurate and drift-free state estimation. Extensive experiments demonstrate that the proposed PO-VINS significantly outperforms the multi-state constraint Kalman filter (MSCKF) and achieves accuracy comparable to that of optimization-based VINS. By further incorporating GNSS measurements, PO-GVINS achieves accurate, drift-free state estimation, making it a robust solution for positioning in challenging environments.  © 2016 IEEE.",Article,scopus,,INCLUDE,high,INC-1|INC-2|INC-3|INC-4|INC-5|INC-6,"Paper clearly presents a VIO system fusing visual cameras, IMUs, and GNSS (INC-1), explicitly mentions autonomous aerial vehicles as target application (INC-2).",
P0279,True,Visual-inertial odometry for unmanned aerial vehicle using deep learning,10.2514/6.2019-1410,2019,AIAA Scitech 2019 Forum,Lee H.; McCrink M.H.; Gregory J.W.,"This paper presents the development of a visual-inertial odometry system trained using deep learning methods. Many visual-inertial odometry works have shown robust performance in both indoor and outdoor environments on several different systems such as aerial and ground vehicles, or hand-held cameras. However, these methods require meticulous calibrations since each camera has different intrinsic parameters, and each environment has different scale factors that require unique parameter tuning processes. These systems are also typically computationally constrained, necessitating efficient algorithms and implementations for real-time, real-world use. In this work, an algorithmic and computational architecture is presented which demonstrates that the process of the optical and the scaling parameter estimation can be skipped by the training of a neural network based on optical flow of two consecutive raw images. A demonstration system was developed using stereoscopic imaging cameras and a commonly available inertial system. Details on the training and implementation for this architecture are presented along with a systematic estimate of the uncertainty in the computed state estimates. Baseline trials indicate mean velocity errors on the order of 1.7 m/s for an unaided visual inertial system with no external aiding sensors. © 2019 by the American Institute of Aeronautics and Astronautics, Inc. All rights reserved.",Conference paper,scopus,,INCLUDE,high,INC-1|INC-2|INC-3|INC-6,Paper clearly presents a VIO system that fuses visual and inertial data (INC-1) for unmanned aerial vehicles (INC-2).,
P0554,False,$\rho$LiRLo: LiDAR-Based Relative Localization with Retro-Reflective Marker,10.1109/icuas65942.2025.11007861,2025,2025 International Conference on Unmanned Aircraft Systems (ICUAS),J. Domislovic; R. Milijas; A. Ivanovic; M. Car; G. Vasiljevic; B. A. Ferreira; F. Petric; M. Orsag; S. Bogdan,"This paper presents $\rho$LiRLo, a LiDAR-based Relative Localization method, designed for reliable robot navigation and control in GNSS-denied environments. $\rho$LiRLo enhances point cloud processing using intensity filtering with a retro-reflective marker. The marker's position is determined via Euclidean clustering, while a Kalman filter tracks the robot's pose. To improve localization accuracy in dynamic conditions, IMU measurements are integrated, and a robotic manipulator actively tracks the marker, expanding LiDAR's field of view. The method is demonstrated on an Unmanned Aerial Vehicle (UAV) in both indoor and outdoor experiments. Indoor tests benchmark localization against OptiTrack motion capture, while outdoor experiments are conducted in a maritime environment with the tracking system mounted on an Unmanned Surface Vehicle (USV). To mitigate the challenges of dynamic sea conditions, IMU measurements from the floating base of the USV are used to compensate for disturbances introduced by waves and wind. $\rho$LiRLo demonstrates high accuracy, low-latency feedback, and strong potential for applications in GNSS-denied settings.",IEEE Conferences,ieee,,EXCLUDE,high,EXC-3,"The system uses LiDAR and IMU fusion for pose estimation, but lacks the visual component required for VIO (INC-1). This is LiDAR-inertial odometry, not visual-inertial odometry.",
P0393,True,Laser-aided Infrared Visual Inertial Odometry for Unmanned Aerial Vehicle with Multi-plane Constraint,10.1109/icarm.2018.8610740,2019,ICARM 2018 - 2018 3rd International Conference on Advanced Robotics and Mechatronics,Yan X.; Bi Y.; Gao Z.; Lin F.,"In this work, we propose an infrared visual inertial odometry (VIO) algorithm for unmanned aerial vehicles (UAV) for both daytime and nighttime. It utilizes images from a single downward-looking thermal camera, and uses a laser scanner to measure relative distance to determine the scale factor. The scale recovery process consists of a comprehensive logic flow to try out measurements into a homography decomposition with a multi-plane constraint, obtaining the results with minimum error, making the algorithm more robust. Moreover, other modifications, such as keyframe idea and pruning KLT tracker with sub-regions further improves the performance. Besides, the results are fused with an on-board IMU through an EKF-based sensor fusion framework. This infrared visual inertial odometry algorithm can still navigate UAVs during the missions when GPS is down or not reliable or under poor illumination condition. © 2018 IEEE.",Conference paper,scopus,ieee,INCLUDE,high,INC-1|INC-2|INC-3|INC-4|INC-5|INC-6,"Paper clearly describes a VIO system fusing infrared visual data with IMU through EKF framework (INC-1) for UAVs (INC-2), addresses GNSS-denied and poor illumination conditions (INC-6).",
P0059,True,Gnss spoofing detection based on coupled visual/inertial/gnss navigation system,10.3390/s21206769,2021,Sensors,Gu N.; Xing F.; You Z.,"Spoofing attacks are one of the severest threats for global navigation satellite systems (GNSSs). This kind of attack can damage the navigation systems of unmanned air vehicles (UAVs) and other unmanned vehicles (UVs), which are highly dependent on GNSSs. A novel method for GNSS spoofing detection based on a coupled visual/inertial/GNSS positioning algorithm is proposed in this paper. Visual inertial odometry (VIO) has high accuracy for state estimation in the short term and is a good supplement for GNSSs. Coupled VIO/GNSS navigation systems are, un-fortunately, also vulnerable when the GNSS is subject to spoofing attacks. The method proposed in this article involves monitoring the deviation between the VIO and GNSS under an optimization framework. A modified Chi‐square test triggers the spoofing alarm when the detection factors be-come abnormal. After spoofing detection, the optimal estimation algorithm is modified to prevent it being deceived by the spoofed GNSS data and to enable it to carry on positioning. The performance of the proposed spoofing detection method is evaluated through a real‐world visual/iner-tial/GNSS dataset and a real GNSS spoofing attack experiment. The results indicate that the proposed method works well even when the deviation caused by spoofing is small, which proves the efficiency of the method. © 2021 by the authors. Licensee MDPI, Basel, Switzerland.",Article,scopus,,INCLUDE,high,INC-1|INC-2,'A novel method for GNSS spoofing detection based on a coupled visual/inertial/GNSS positioning algorithm is proposed ... monitoring the deviation between the VIO and GNSS under an optimization framework ...'.,
P0164,False,Robust visual-inertial odometry with point and line features for blade inspection UAV,10.1108/ir-01-2020-0009,2020,Industrial Robot,Ma Y.; Wang S.; Yu D.; Zhu K.,"Purpose: This paper aims to enable the unmanned aerial vehicles to inspect the surface condition of wind turbine in close range when the global positioning system signal is not reliable, and further improve its intelligence. So a visual-inertial odometry with point and line features is developed. Design/methodology/approach: Visual front-end combining point and line features, as well as its purification strategies, are first presented to improve the robustness of feature tracking in low-textured scene and rapidity of segment detector. Additionally, the inertial measurement is integrated between keyframes as constrain to reduce tracking error existed in visual-only system. Second, the graph-based visual-inertial back-end is constructed. To parameterize line features effectively, the infinite line representation not sensitive to outdoor light is employed, in which Plücker and Cayley are selected for line re-projection and nonlinear optimization. Furthermore, Jacobians of the line re-projection errors are analytically derived for better accuracy. Findings: Experiments are performed in various scenes of the wind farm. The results demonstrate that the tight-coupled visual-inertial odometry with point and line features is more precise on all the samples than conventional algorithms in complex wind farm environments. Additionally, the constructed line feature map can be used in the following research for autonomous navigation. Originality/value: The proposed visual-inertial odometry works robustly in strong electromagnetic interference, low-textured and illumination-change wind farm. © 2020, Emerald Publishing Limited.",Article,scopus,wos,INCLUDE,high,INC-1|INC-2|INC-6,Abstract clearly describes a VIO system fusing visual (point and line features) and inertial measurements (INC-1) for UAV blade inspection applications (INC-2).,
P0558,False,Autoencoder Satellite Image Matching for UAV Geolocation in Long-Range High-Altitude Missions,10.1109/sibgrapi62404.2024.10716323,2024,"2024 37th SIBGRAPI Conference on Graphics, Patterns and Images (SIBGRAPI)",L. B. V. Cordova; S. L. Brião; F. G. Oliveira; R. S. Guerra; P. L. J. Drews,"Vision-based geolocation is a promising way to overcome the vulnerabilities of Global Navigation Satellite System (GNSS) methods, which are subject to signal degradation, intentional interference, and environmental obstacles. This paper presents a novel approach to Unmanned Aerial Vehicle (UAV) geolocation in long-range and high-altitude missions using satellite imagery. Our method is based on the matching of encoded vector representations in embedded space, demonstrating robust performance to changes in vegetation and landscape. The neural network is used to encode satellite images of a reference map into embedding representations. Image matching is performed in this embedded space using cross-correlation. We evaluated the accuracy and processing time of the proposed model by querying images along a 200 km northbound path at high altitude, covering an area larger than twenty thousand square kilometers. We also evaluated the network's generalization capability on an unknown map. Reference and query images are sourced from satellite images captured at different acquisition times to evaluate robustness due to appearance variations. The results demonstrate that the method can achieve up to 96.83% accuracy on a known map, while experiments on an unknown map averaged 90% accuracy. The processing time to match encoded images is 0.05 ms. These findings suggest the feasibility of integrating the method into more complex vision-based geolocation systems.",IEEE Conferences,ieee,,EXCLUDE,high,EXC-3,"Vision-based geolocation using satellite image matching with autoencoders, but makes no mention of inertial sensors, IMU, accelerometer, or gyroscope data fusion.",
P0165,False,Navigation Algorithm of Light UAV Based on Stereo Visual Inertial Navigation Odometer; [基于双目视觉-惯性导航的轻型无人机导航算法],10.3969/j.issn.1000-1093.2020.s2.032,2020,Binggong Xuebao/Acta Armamentarii,Liu Q.; Wang Z.; Wang H.,"Because of the complexity of battlefield environment, the navigation algorithm of light UAV in GNSS signal rejection environment is very important. A nonlinear optimization-based stereo visual-inertial navigation odometer is proposed. The proposed algorithm starts with inertial measurement units (IMU) pre-integration, in which IMU measurements are accumulated between several frames using measurement pre-integration. In the initialization procedure, the pre-integrated IMU measurements and visual observations are tightly fused, and the initial velocity, direction of gravity, and gyroscope bias are estimated by using multiple view geometry (MVG) theory based on the feature-based method. After the initial state estimation converges, a highly precision stereo vision-inertial navigation odometer is obtained by fusing IMU measurements and feature observations. The proposed algorithm is validated on the EuRoC datasets. Experimental results prove that the proposed algorithm has higher accuracy and robustness than those of the most advanced visual-inertial fusion methods in some challenging situations. © 2020, Editorial Board of Acta Armamentarii. All right reserved.",Article,scopus,,EXCLUDE,high,INC-4,Article presents a stereo visual-inertial navigation odometer that fuses IMU and visual data (INC-1) for light UAV navigation (INC-2) in GNSS-denied environments (INC-6).,
P0283,False,Derivative-Enhanced Fusion Approach of Camera-IMU-UWB for GNSS-Denied UAV Navigation,10.1007/978-981-96-3552-8_36,2025,Lecture Notes in Electrical Engineering,Jiang H.; Gu F.; He Y.; Bao Y.,"Visual-Inertial Odometry (VIO) is commonly used for unmanned aerial vehicle (UAV) navigation in GNSS-denied areas. However, drift due to sensor noise and cumulative errors presents a significant challenge, especially in environments with sparse features or long trajectories. In this work, we introduce a tightly-coupled fusion approach that fuses visual, inertial and Ultra-Wideband (UWB) distance measurements for UAV navigation. We specifically utilize UWB with a single anchor as the global sensor, effectively reducing localization drift and enhancing accuracy. Furthermore, we innovate the use of distance data with a “derivative-enhanced” approach, coupling distance derivatives extracted from distance data with positions and velocities. Simulation experiments were conducted using the public EuRoC dataset with simulated UWB measurements. Our method, when compared with the latest single anchor visual-inertial-UWB odometry, demonstrates a notable improvement in reducing odometry system drift and enhances localization accuracy by 14.7%. © Beijing HIWING Scientific and Technological Information Institute 2025.",Conference paper,scopus,,INCLUDE,high,INC-1|INC-2|INC-6,"Article reports a VIO system fusing visual, inertial, and UWB data for pose estimation (INC-1), explicitly targets UAV navigation (INC-2), and addresses GNSS-denied environments and drift reduction (INC-6).",
P0563,False,UAV Trajectory Evaluation in Large Industrial Environments: A Cost-Effective Solution,10.23919/ecc55457.2022.9838352,2022,2022 European Control Conference (ECC),J. G. Hansen; M. Heiß; M. Kozlowski; E. Kayacan,"The use of unmanned aerial vehicles (UAVs) for autonomous inspection tasks has become more prominent in recent years. To make the most of the autonomous inspection, the parameters governing control, perception and navigation of the robot should be tuned precisely to the necessary task. Currently, the use of motion capture (mocap) systems is the norm when performing the stringent evaluation of simultaneous localization and mapping (SLAM) and advanced controllers. In this paper, we address the use of a cost-effective solution to ground-truthing and evaluation of said algorithms in large industrial environments. To this end, we use fiducial markers, deployed in known locations, in order to estimate the pose of the vehicle in 6 degrees-of-freedom (6DOF) and test them against a state-of-the-art mocap system. We additionally test the method in the field, by deploying the markers to the environment of interest and applying widely used SLAM implementations to confirm its efficacy by evaluating their performance in two emulated inspection task scenarios. We find that our method is comparable in performance to the state-of-the-art mocap systems without the need for laborious calibration and is capable of providing a pose estimate for evaluating SLAM and underlying UAV control methods.",IEEE Conferences,ieee,,EXCLUDE,high,EXC-7,Developing a cost-effective ground-truthing and evaluation methodology using fiducial markers.,Evaluation methodology paper - uses existing SLAM as black-box for testing
P0167,True,GNSS-denied UAV indoor navigation with UWB incorporated visual inertial odometry,10.1016/j.measurement.2022.112256,2023,Measurement: Journal of the International Measurement Confederation,Lin H.-Y.; Zhan J.-R.,"The localization of unmanned aerial vehicles (UAVs) in GPS-denied areas is an essential issue for indoor navigation. This paper presents a technique to improve the accuracy of visual inertial odometry (VIO) by combining the ultra-wideband (UWB) positioning technology. The proposed architecture is divided into two stages. In the initial stage, the constraint on UWB short-term position change is adopted to improve the pose estimation results of the VIO system. It is also used to mitigate the translation error caused by the vibration and lack of features during the flight. In the second stage, a loose coupling approach based on nonlinear optimization is utilized to fuse the local pose estimator of the VIO system with the global constraints from the UWB positioning. At the beginning of each operation, the alignment between the VIO and UWB frames is estimated to avoid the influence of coordinate transformation due to the VIO cumulative error. It is shown that our optimization-based fusion method is able to achieve a smooth localization trajectory under the global coordinate frame. In the experiments, the performance evaluation carried out in the real-world scenes has demonstrated the effectiveness of the proposed technique. © 2022 Elsevier Ltd",Article,scopus,wos,INCLUDE,high,INC-1|INC-2|INC-6,"Article clearly reports a VIO system that fuses visual and inertial data (INC-1) for UAV indoor navigation in GNSS-denied environments (INC-2, INC-6).",
P0556,False,A Transformer-Based Physics-Informed Network for Trajectory Prediction and State Estimation,10.1109/isc266238.2025.11293253,2025,2025 IEEE International Smart Cities Conference (ISC2),N. Souli; Y. Grigoriou; P. Chrysanthou; P. Kolios; G. Ellinas,"The rapid progress in the field of Unmanned Aerial Vehicle (UAV) technology has gained significant interest from both the industry and the research community, paving the way for new opportunities in various applications, including monitoring of critical infrastructures, object avoidance, autonomous deliveries, and search-and-rescue missions. However, UAV operations are heavily influenced by environmental factors and sensor failures, necessitating a reliable and precise framework for state identification and trajectory prediction. This work presents a novel real-time onboard UAV system designed to achieve the main objectives of state identification and trajectory prediction, utilizing a lightweight multi-task learning model based on a Transformer-based physics-informed neural network framework. The proposed framework leverages the shared feature learning capabilities of a Transformer-based network and a physics-informed loss function to accurately achieve both the classification of drone states and trajectory forecasting objectives. This framework is trained and evaluated using a custom-designed dataset that encompasses drone movements across different outdoor scenarios. A prototype system is subsequently developed and thoroughly tested in real-world experiments, showcasing its enhanced performance compared to existing methods.",IEEE Conferences,ieee,,EXCLUDE,high,EXC-7,"Trajectory prediction and state estimation using a Transformer-based physics-informed network, but does not mention any visual-inertial fusion component (INC-1 not satisfied).",No mention of camera or IMU fusion for odometry/pose estimation
P0282,True,MONO-HYDRA: REAL-TIME 3D SCENE GRAPH CONSTRUCTION FROM MONOCULAR CAMERA INPUT WITH IMU,10.5194/isprs-annals-x-1-w1-2023-439-2023,2023,"ISPRS Annals of the Photogrammetry, Remote Sensing and Spatial Information Sciences",Udugama U.V.B.L.; Vosselman G.; Nex F.,"The ability of robots to autonomously navigate through 3D environments depends on their comprehension of spatial concepts, ranging from low-level geometry to high-level semantics, such as objects, places, and buildings. To enable such comprehension, 3D scene graphs have emerged as a robust tool for representing the environment as a layered graph of concepts and their relationships. However, building these representations using monocular vision systems in real-time remains a difficult task that has not been explored in depth. This paper puts forth a real-time spatial perception system Mono-Hydra, combining a monocular camera and an IMU sensor setup, focusing on indoor scenarios. However, the proposed approach is adaptable to outdoor applications, offering flexibility in its potential uses. The system employs a suite of deep learning algorithms to derive depth and semantics. It uses a robocentric visual-inertial odometry (VIO) algorithm based on square-root information, thereby ensuring consistent visual odometry with an IMU and a monocular camera. This system achieves sub-20 cm error in real-time processing at 15 fps, enabling real-time 3D scene graph construction using a laptop GPU (NVIDIA 3080). This enhances decision-making efficiency and effectiveness in simple camera setups, augmenting robotic system agility. We make Mono-Hydra publicly available at: https://github.com/UAV-Centre-ITC/Mono_Hydra. © Author(s) 2023. CC BY 4.0 License.",Conference paper,scopus,wos,INCLUDE,high,INC-1|INC-3|INC-4|INC-5|INC-6,"A VIO system that fuses monocular camera and IMU data (INC-1) and is published by UAV-Centre-ITC, strongly suggesting UAV application context (INC-2).",UAV context inferred from author affiliation (UAV-Centre-ITC) rather than explicit platform mention.
P0284,True,Quaternion-Based Unscented Kalman Filter for 6-DoF Vision-Based Inertial Navigation in GPS-Denied Regions,10.1109/tim.2024.3509582,2025,IEEE Transactions on Instrumentation and Measurement,Ghanizadegan K.; Hashim H.A.,"This article investigates the orientation, position, and linear velocity estimation problem of a rigid-body moving in 3-D space with six degrees-of-freedom (6-DoF). The highly nonlinear navigation kinematics are formulated to ensure global representation of the navigation problem. A computationally efficient quaternion-based navigation unscented Kalman filter (QNUKF) is proposed to imitate the true nonlinear navigation kinematics and utilize onboard visual-inertial navigation (VIN) units to achieve successful Global Positioning System (GPS)-denied navigation. The proposed QNUKF is designed in the discrete form to operate based on the data fusion of photographs garnered by a vision unit (stereo or monocular camera) and information collected by a low-cost inertial measurement unit (IMU). The photographs are processed to extract feature points in 3-D space, while the six-axis IMU supplies angular velocity and accelerometer measurements expressed with respect to the body frame. Robustness and effectiveness of the proposed QNUKF have been confirmed through experiments on a real-world dataset collected by a drone navigating in 3-D and consisting of stereo images and six-axis IMU measurements. Also, the proposed approach is validated against state-of-the-art filtering techniques. ©1963-2012 IEEE.",Article,scopus,ieee; wos,INCLUDE,high,INC-1|INC-2|INC-6,A quaternion-based unscented Kalman filter that fuses visual (stereo/monocular camera) and inertial (6-axis IMU) data for 6-DoF pose estimation (INC-1).,
P0395,False,The Blackbird UAV dataset,10.1177/0278364920908331,2020,International Journal of Robotics Research,Antonini A.; Guerra W.; Murali V.; Sayre-McCord T.; Karaman S.,"This article describes the Blackbird unmanned aerial vehicle (UAV) Dataset, a large-scale suite of sensor data and corresponding ground truth from a custom-built quadrotor platform equipped with an inertial measurement unit (IMU), rotor tachometers, and virtual color, grayscale, and depth cameras. Motivated by the increasing demand for agile, autonomous operation of aerial vehicles, this dataset is designed to facilitate the development and evaluation of high-performance UAV perception algorithms. The dataset contains over 10 hours of data from our quadrotor tracing 18 different trajectories at varying maximum speeds (0.5 to 13.8 ms-1) through 5 different visual environments for a total of 176 unique flights. For each flight, we provide 120 Hz grayscale, 60 Hz RGB-D, and 60 Hz semantically segmented images from forward stereo and downward-facing photorealistic virtual cameras in addition to 100 Hz IMU, ~190 Hz motor speed sensors, and 360 Hz millimeter-accurate motion capture ground truth. The Blackbird UAV dataset is therefore well suited to the development of algorithms for visual inertial navigation, 3D reconstruction, and depth estimation. As a benchmark for future algorithms, the performance of two state-of-the-art visual odometry algorithms are reported and scripts for comparing against the benchmarks are included with the dataset. The dataset is available for download at http://blackbird-dataset.mit.edu/. © The Author(s) 2020.",Article,scopus,wos,EXCLUDE,high,EXC-5,"This is explicitly a dataset paper that provides sensor data and benchmarks existing visual odometry algorithms, but makes no algorithmic VIO contribution itself.",
P0565,True,High-Altitude Visual Feature-Based Multi-Sensor Tightly Coupled Pose Estimation,10.1109/icvisp68610.2025.11451677,2025,"2025 9th International Conference on Vision, Image and Signal Processing (ICVISP)",Y. Yuan; H. Liu; X. Liu,"To address the challenges of visual sparsity, scale drift, and accumulated inertial errors in high-altitude aerial navigation, this paper proposes a tightly coupled multi-sensor pose estimation method based on high-altitude visual features. The proposed system first employs a target-assisted spatial alignment technique to automatically calibrate the extrinsic parameters between the visual sensor and the inertial measurement unit (IMU), ensuring spatial consistency of multi-source data. A robust feature extraction and matching module is then designed to adapt to high-altitude urban textures, which are fused with IMU data through a tightly coupled optimization framework for high-frequency and high-accuracy pose estimation. Furthermore, a combination of local sliding-window optimization and global factor graph optimization is adopted to suppress cumulative drift and achieve globally consistent mapping. Experimental results demonstrate that the proposed method outperforms state-of-the-art algorithms such as VINS-Mono and ORB-SLAM3, achieving 23.6% improvement in pose accuracy and $18.5 \%$ enhancement in real-time performance under rapid attitude variations and unstable illumination. This work provides a reliable technical foundation for high-altitude UAV autonomous navigation, urban inspection, and aerial situational awareness.",IEEE Conferences,ieee,,INCLUDE,high,INC-1|INC-2|INC-3|INC-6,"Paper clearly presents a VIO system that fuses visual and IMU data (INC-1) for high-altitude aerial navigation and UAV applications (INC-2), addressing challenging conditions like visual sparsity and scale drift (INC-6).",
P0062,False,A Moving Target Tracking System of Quadrotors with Visual-Inertial Localization,10.1109/icra48891.2023.10161323,2023,Proceedings - IEEE International Conference on Robotics and Automation,Lin Z.; Xu W.; Wang W.,"This paper implements a vision-based moving target tracking system of quadrotors with visual-inertial localization in GNSS-denied indoor environments. We use the visual-inertial odometry to estimate the states of the UAV by minimizing visual and inertial residuals, and estimate the states of the target with extended Kalman Filter from visual detection. This research formulates the target tracking problem as optimization-based trajectory generation where a weighted sum cost function jointly penalizes the tracking error, the control cost of the trajectory and the trajectory length, while enforcing the safety and feasibility constraints. We present a strategy that represents the trajectory as piecewise Bézier curves using Bernstein polynomial basis. Due to the special properties of Bézier curves, the position of the entire trajectory and its derivatives can be directly bounded within the safe spaces, thus this facilitating the dynamics of the quadrotor. The proposed strategy can generate smooth and collision-free tracking trajectories and is time and space efficient. We conduct simulations and real-world experiments to validate the effectiveness of our system. © 2023 IEEE.",Conference paper,scopus,ieee; wos,EXCLUDE,high,EXC-7,"While the paper mentions visual-inertial odometry for UAV state estimation (INC-1) and targets quadrotors (INC-2), the primary contribution is a target tracking system using trajectory optimization.",VIO used as trusted input for higher-level target tracking application
P0569,False,Aerial Swarm Search for GNSS-Denied Maritime Surveillance,10.1109/taes.2024.3362764,2024,IEEE Transactions on Aerospace and Electronic Systems,S. Yang; D. Lin; S. He; I. Hussain; L. Seneviratne,"The purpose of this article is to introduce an unmanned aerial swarm control strategy that has been developed specifically for the MBZIRC 2024 competition inspection task, which requires the UAV swarm to search within a global navigation satellite system-denied ocean space. The proposed approach utilizes control barrier functions (CBF) to encode the constraints and control each unmanned aerial vehicle (UAV) using an optimization-based method. We first establish the UAV model by taking energy consumption and the need for charging into consideration, which are then encoded using CBF. Following this, we propose a CBF that ensures each UAV maintains a certain distance from two selected UAVs or beacons on the coast, enabling the swarm to maintain a certain formation using localization algorithms by measuring relative distances. Finally, we present a CBF that integrates Lloyd's algorithm and variable density to enable the swarm to exhibit searching behavior. In numerical simulation with 14 searching UAVs and 3 beacon UAVs, the proposed algorithm shows great scalability and can successfully search the entire task area within 5 min, capable of handling all the constraints, i.e., localization distance, collision avoidance, energy consumption, and task performance, in the considered problem. In our physical experiment with 3 searching UAVs and 3 beacons, the proposed algorithm can accomplish the searching mission within 30 s.",IEEE Journals,ieee,,EXCLUDE,high,EXC-7,"Swarm control strategy and path planning using control barrier functions, with localization algorithms mentioned only as a trusted input for maintaining formation. No algorithmic VIO contribution is described.",
P0285,True,Online spatial and temporal calibration for monocular direct visual-inertial odometry,10.3390/s19102273,2019,Sensors (Switzerland),Feng Z.; Li J.; Zhang L.; Chen C.,"Owing to the nonlinearity in visual-inertial state estimation, sufficiently accurate initial states, especially the spatial and temporal parameters between IMU (Inertial Measurement Unit) and camera, should be provided to avoid divergence. Moreover, these parameters are required to be calibrated online since they are likely to vary once the mechanical configuration slightly changes. Recently, direct approaches have gained popularity for their better performance than feature-based approaches in little-texture or low-illumination environments, taking advantage of tracking pixels directly. Based on these considerations, we perform a direct version of monocular VIO (Visual-inertial Odometry), and propose a novel approach to initialize the spatial-temporal parameters and estimate them with all other variables of interest (IMU pose, point inverse depth, etc.). We highlight that our approach is able to perform robust and accurate initialization and online calibration for the spatial and temporal parameters without utilizing any prior information, and also achieves high-precision estimates even when large temporal offset occurs. The performance of the proposed approach was verified through the public UAV (Unmanned Aerial Vehicle) dataset. © 2019 by the authors. Licensee MDPI, Basel, Switzerland.",Article,scopus,wos,INCLUDE,high,INC-1|INC-2|INC-3|INC-4|INC-5|INC-6,"Article clearly describes a monocular direct visual-inertial odometry system (INC-1) that fuses camera and IMU data, is validated on UAV dataset (INC-2).",
P0396,False,Cascade-structured Visual-Inertial Navigation System for Aerial Imaginary,10.33012/2024.19636,2024,"Proceedings of the International Technical Meeting of The Institute of Navigation, ITM",Nam S.; Kim T.; Oh J.; Lee S.,"A robust and precise navigation algorithm is imperative for the autonomous navigation of unmanned aerial vehicles (UAV). While most navigation algorithms rely on the global positioning system (GPS) and inertial navigation system (INS), vulnerabilities such as jamming and spoofing necessitate alternative solutions for GPS-denied environments. In robotics, visual-inertial navigation systems (VINS), such as visual simultaneous localization and mapping (SLAM) or visual odometry (VO), have been widely studied recently. However, the application of VINS has primarily been explored in ground vehicles and small drones. High-altitude UAVs present unique challenges, including feature tracking difficulties and limitations in low-cost inertial measurement units (IMUs). This paper introduces a factor graph optimization (FGO)-based VINS algorithm designed for precise navigation in high-altitude aerial imagery environments. The algorithm adopts a cascade structure, strategically leveraging the existing INS/GPS navigation solution. Contributions include proposing a relative pose factor instead of IMU preintegration, and introducing a novel constraining factor graph nodes method based on GPS availability to enhance performance by categorizing and fixing accurate nodes during optimization, mitigating navigation errors in GPS outage scenarios. The proposed algorithm excels in robustness during GPS outage scenarios, and simplicity in utilizing existing INS/GPS solutions with minimal modification. © 2024 Institute of Navigation.",Conference paper,scopus,,INCLUDE,high,INC-1|INC-2|INC-3|INC-5|INC-6,Paper presents a visual-inertial navigation system (VINS) that fuses visual and inertial data (INC-1) explicitly for UAVs in high-altitude aerial environments (INC-2).,
P0398,False,Improving UAV Localization Accuracy by Tracking Visual Features in a Georeferenced Map,10.1007/978-981-16-9492-9_308,2022,Lecture Notes in Electrical Engineering,Mao D.; He X.; Mao J.; Zhang L.; Qu H.,"With the rapid development of computer vision, visual odometry (VO) and visual simultaneous localization and mapping (vSLAM) have been widely used in unmanned aerial vehicles. However, VO suffers from drifts and VSLAM requires loop closure to improve localization accuracy. In this paper, we propose to combine a visual-inertial odometry with a 2D georeferenced map to achieve high precision localization performance in UAVs. Firstly, the georeferenced map is preprocessed to build a visual landmark database. Then a micro inertial measurement unit (MIMU) and a downward facing camera are fused to form a visual inertial odometry (VIO), which estimates relative motion between camera frames. To cure the VIO drifts, we further register the features tracked by the VIO with the 2D georeferenced map. While most conventional methods perform one-shot geo-registration or use 3D maps, we propose to use a 2D geo-referenced map and track the registered features in multiple frames to improve localization accuracy. Finally, a factor graph is built to fuse the relative motion from VIO with the geo-registration information to obtain consecutive and accurate localization results. We valid the proposed algorithm with real flight experiments and the results show significant localization accuracy improvements. © 2022, The Author(s), under exclusive license to Springer Nature Singapore Pte Ltd.",Conference paper,scopus,,INCLUDE,high,INC-1|INC-2|INC-3|INC-5|INC-6,"Paper clearly presents a VIO system fusing camera and IMU data (INC-1) for UAV localization (INC-2), addressing drift correction and accuracy improvement which motivates robustness (INC-6).",
P0494,False,Drones Guiding Drones: Cooperative Navigation of a Less-Equipped Micro Aerial Vehicle in Cluttered Environments,10.1109/iros58592.2024.10802770,2024,2024 IEEE/RSJ International Conference on Intelligent Robots and Systems (IROS),V. Pritzl; M. Vrba; Y. Stasinchuk; V. Krátký; J. Horyna; P. Štěpán; M. Saska,Reliable deployment of Unmanned Aerial Vehicles (UAVs) in cluttered unknown environments requires accurate sensors for Global Navigation Satellite System (GNSS)-denied localization and obstacle avoidance. Such a requirement limits the usage of cheap and micro-scale vehicles with constrained payload capacity if industrial-grade reliability and precision are required. This paper investigates the possibility of offloading the necessity to carry heavy sensors to another member of the UAV team while preserving the desired capability of the smaller robot intended for exploring narrow passages. A novel cooperative guidance framework offloading the sensing requirements from a minimalistic secondary UAV to a superior primary UAV is proposed. The primary UAV constructs a dense occupancy map of the environment and plans collision-free paths for both UAVs to ensure reaching the desired secondary UAV’s goals even in areas not accessible by the bigger robot. The primary UAV guides the secondary UAV to follow the planned path while tracking the UAV using Light Detection and Ranging (LiDAR)-based relative localization. The proposed approach was verified in real-world experiments with a heterogeneous team of a 3D LiDAR-equipped primary UAV and a micro-scale camera-equipped secondary UAV moving autonomously through unknown cluttered GNSS-denied environments with the proposed framework running fully on board the UAVs.,IEEE Conferences,ieee,,EXCLUDE,high,EXC-7,Cooperative navigation and guidance between UAVs using LiDAR-based relative localization.,
P0063,True,Formation Maintenance Method for Multi-UAV in Unknown Environments,10.1109/aiotc66747.2025.11198761,2025,"2025 4th International Conference on Artificial Intelligence, Internet of Things and Cloud Computing Technology, AIoTC 2025",Liu P.; Chen J.; Lu X.; Tang X.; Fan J.; Zhou W.,"The rapid development of automation technology has significantly contributed to the increasingly widespread application of Multiple Unmanned Aerial Vehicles (multi-UAV). However, in GPS-denied, anchorless and network- infrastructurefree unknown environments, multi-UAV faces challenges in accuracy. This paper proposes a formation maintenance method for multi-UAV in unknown environments. By leveraging Ultra Wide Band (UWB) ranging and communication devices, this method aims to enhance formation maintenance accuracy through adaptive fusion of UWB and Visual-Inertial Odometry (VIO) coordinates, prioritized trilateration, and Adaptive Extended Kalman Filtering (AEKF). The experimental results from the EuRoc dataset and a three-UAV system illustrate that the proposed method shows feasibility in maintaining and reconstructing formations while avoiding collisions. © 2025 IEEE.",Conference paper,scopus,ieee,INCLUDE,high,INC-1|INC-2,"'this method aims to enhance formation maintenance accuracy through adaptive fusion of UWB and Visual-Inertial Odometry (VIO) coordinates, prioritized trilateration, and Adaptive Extended Kalman Filtering (AEKF).'.",
P0571,False,Long-Range Dense Mapping With Enhanced Accuracy via a Flying Variable-Baseline Stereo System,10.1109/jsen.2025.3596433,2025,IEEE Sensors Journal,Z. Wang; W. Dong,"For unmanned aerial vehicle (UAV) swarms equipped with cameras operating in large-scale urban environments, long-range mapping is an effective approach to enhancing safe navigation. Conventional stereo vision systems are inherently limited by their compact structure and fixed baselines, restricting their effective sensing range. This article presents flying variable-baseline stereo (VB-stereo)—a collaborative stereo vision system that utilizes two coordinately flying UAVs to form a spatially flexible stereo configuration for long-range dense mapping. We first propose a collaborative variable-baseline stereo mapping (CVBSM) framework that integrates online variable-baseline (VB) estimation, cross-agent feature association, and sparse-to-dense exponential fitting to achieve long-range dense mapping. Building on this framework, we further analyze the optimal stereo baseline that balances geometric parallax and baseline estimation uncertainty to enhance mapping accuracy across different scene depths. Extensive real-world experiments demonstrate that our approach enables dense 3-D reconstruction up to 70 m, achieving relative errors between 2.3% and 9.6%. Notably, the optimal baseline length is shown to increase consistently with scene depth. This provides effective guidance for adaptive baseline selection, thereby enhancing reconstruction accuracy across targeted depth intervals. These results demonstrate the potential of VB collaboration for long-range UAV perception and open new directions for future research in aerial swarm mapping.Video: https: //youtu.be/AfTm54kpcSo",IEEE Journals,ieee,,EXCLUDE,high,EXC-3,"Focuses exclusively on stereo vision for UAV mapping with no mention of IMU or inertial data fusion, failing to meet INC-1 which requires VIO (visual-inertial odometry) systems.",
P0286,True,VIUNet: Deep Visual-Inertial-UWB Fusion for Indoor UAV Localization,10.1109/access.2023.3279292,2023,IEEE Access,Kao P.-Y.; Chang H.-J.; Tseng K.-W.; Chen T.; Luo H.-L.; Hung Y.-P.,"Camera, inertial measurement unit (IMU), and ultra-wideband (UWB) sensors are commonplace solutions to unmanned aerial vehicle (UAV) localization problems. The performance of a localization system can be improved by integrating observations from different sensors. In this paper, we propose a learning-based UAV localization method using the fusion of vision, IMU, and UWB sensors. Our model consists of visual-inertial (VI) and UWB branches. We combine the estimation results of both branches to predict global poses. To evaluate our method, we augment a public VI dataset with UWB simulations and conduct a real-world experiment. The experimental results show that our method provides more robust and accurate results than VI/UWB-only localization. Our codes and data are available at https://imlabntu.github.io/VIUNet/.  © 2013 IEEE.",Article,scopus,ieee; wos,INCLUDE,high,INC-1|INC-2|INC-3|INC-4|INC-5|INC-6,"Article presents a VIO system fusing visual-inertial data (INC-1) for UAV localization (INC-2) in GNSS-denied indoor environments (INC-6), published in a peer-reviewed venue in 2023.",
P0400,False,"Race Against the Machine: A Fully-Annotated, Open-Design Dataset of Autonomous and Piloted High-Speed Flight",10.1109/lra.2024.3371288,2024,IEEE Robotics and Automation Letters,Bosello M.; Aguiari D.; Keuter Y.; Pallotta E.; Kiade S.; Caminati G.; Pinzarrone F.; Halepota J.; Panerati J.; Pau G.,"Unmanned aerial vehicles, and multi-rotors in particular, can now perform dexterous tasks in impervious environments, from infrastructure monitoring to emergency deliveries. Autonomous drone racing has emerged as an ideal benchmark to develop and evaluate these capabilities. Its challenges include accurate and robust visual-inertial odometry during aggressive maneuvers, complex aerodynamics, and constrained computational resources. As researchers increasingly channel their efforts into it, they also need the tools to timely and equitably compare their results and advances. With this dataset, we want to (i) support the development of new methods and (ii) establish quantitative comparisons for approaches originating from the broader robotics and artificial intelligence communities. We want to provide a one-stop resource that is comprehensive of (i) aggressive autonomous and piloted flight, (ii) high-resolution, high-frequency visual, inertial, and motion capture data, (iii) commands and control inputs, (iv) multiple light settings, and (v) corner-level labeling of drone racing gates. We also release the complete specifications to recreate our flight platform, using commercial off-the-shelf components and the open-source flight controller Betaflight, to democratize drone racing research.  © 2016 IEEE.",Article,scopus,,EXCLUDE,high,EXC-5,"This is a dataset paper focused on providing annotated data and hardware specifications for drone racing research, with no algorithmic VIO contribution described in the abstract.",
P0399,False,Improving Visual Inertial Odometry with UWB Positioning for UAV Indoor Navigation,10.1109/icpr56361.2022.9956500,2022,Proceedings - International Conference on Pattern Recognition,Zhan J.-R.; Lin H.-Y.,"This paper presents a method to improve the localization accuracy for visual inertial odometry (VIO) by combining the ultra-wideband (UWB) positioning technology. The overall architecture is mainly divided into two stages. In the first stage, the constraint on UWB short-term position change is adopted to improve the pose estimation results of the VIO system. It is also used to solve the translation error caused by the lack of visual features and vibration during the flight. In the second stage, a loose coupling method based on nonlinear optimization is utilized to fuse the local pose estimator of the VIO system with the global constraints from the UWB positioning. At the beginning of each optimization, the alignment between the VIO and UWB frames is estimated to avoid the influence of the coordinate transformation caused by the cumulative error of the VIO system. Since there are no public datasets available for comparison, we have established several datasets containing large vibration amplitudes and weak feature points. In the experiment, the performance evaluation of the proposed technique is carried out using the Apriltag approach for verification. © 2022 IEEE.",Conference paper,scopus,ieee; wos,INCLUDE,high,INC-1|INC-2|INC-3|INC-6,"Paper clearly presents a VIO system fusing visual and inertial data with UWB (INC-1), explicitly targets UAV indoor navigation (INC-2).",
P0572,False,Vision-Based UAV Localization by Aerial and Satellite Image Matching,10.1109/access.2026.3684630,2026,IEEE Access,H. -Y. Lin; P. -H. Chen; C. -W. Yeh,"The deployment of Unmanned Aerial Vehicles (UAVs) in tasks such as urban surveillance, disaster assessment, and logistics necessitates enhanced autonomous navigation capabilities. Traditionally, the localization of UAVs relies on Global Navigation Satellite Systems (GNSS). However, in urban canyons, indoor environments, or bad weather conditions, GNSS signals are prone to obstruction and interference, leading to degraded navigation performance. To overcome the limitations, the development of GNSS-denied alternative localization techniques has become an important topic. In this paper we present an UAV visual localization and heading estimation in GNSS-denied environments by matching the UAV overhead imagery with satellite maps. The proposed NavCLIP constructs an image database using satellite data and retrieves the best-matched by querying with aerial images. A homography matrix is then employed to estimate the UAV location and yaw angle. Due to the lack of publicly available datasets, this work collects an aerial and satellite image dataset (UAV-Satellite Dataset) for training and validation. The experimental results show strong localization performance on the Google Earth dataset, while UAV flight experiments exhibit larger localization errors under the real-world conditions. In addition, the proposed technique improves over the GeoCLIP baseline and achieves low heading estimation error. Code and dataset are available on GitHub at https://github.com/PHChenGit/NavCLIP",IEEE Journals,ieee,,EXCLUDE,high,EXC-3,"A vision-based UAV localization system that matches aerial imagery with satellite maps, but there is no mention of IMU or inertial sensor fusion, making it purely visual odometry rather than VIO.",
P0171,False,UWB-VO: Ultra-Wideband Anchor Assisted Visual Odometry,10.1109/icus58632.2023.10318307,2023,"Proceedings of 2023 IEEE International Conference on Unmanned Systems, ICUS 2023",Li K.; Bu S.; Dong Y.; Wang Y.; Jia X.; Xia Z.,"This paper proposes a novel tightly coupled simultaneous localization and mapping (SLAM) method that combines monocular vision and ultra-wideband (UWB) technology. The proposed approach utilizes UWB distance information to restore the scale of monocular SLAM with an error rate of less than 1%. Our approach joint optimizes the distance residual between the camera and anchor, and the reprojection error of the map point, to improve SLAM positioning accuracy and mitigate visual SLAM degradation in challenging environments. A novel UWB anchor position optimization method is proposed, which enables the system to complete initialization within 2 seconds. The experimental results show that the proposed fusion scheme achieves significantly higher accuracy in system scale estimation and positioning compared to current state-of-the-art SLAM and visual-inertial odometry algorithms. © 2023 IEEE.",Conference paper,scopus,ieee,EXCLUDE,high,EXC-3,Combines monocular vision with ultra-wideband (UWB) technology but explicitly lacks any inertial sensor component (IMU/accelerometer/gyroscope).,
P0172,True,HCCNet: Hybrid Coupled Cooperative Network for Robust Indoor Localization,10.1145/3665645,2024,ACM Transactions on Sensor Networks,Zhang L.; Zhou X.; Li D.; Yang Z.,"Accurate localization of unmanned aerial vehicle (UAV) is critical for navigation in GPS-denied regions, which remains a highly challenging topic in recent research. This article describes a novel approach to multi-sensor hybrid coupled cooperative localization network (HCCNet) system that combines multiple types of sensors including camera, ultra-wideband (UWB), and inertial measurement unit (IMU) to address this challenge. The camera and IMU can automatically determine the position of UAV based on the perception of surrounding environments and their own measurement data. The UWB node and the UWB wireless sensor network (WSN) in indoor environments jointly determine the global position of UAV, and the proposed dynamic random sample consensus (D-RANSAC) algorithm can optimize UWB localization accuracy. To fully exploit UWB localization results, we provide an HCCNet system which combines the local pose estimator of visual inertial odometry (VIO) system with global constraints from UWB localization results. Experimental results show that the proposed D-RANSAC algorithm can achieve better accuracy than other UWB-based algorithms. The effectiveness of the proposed HCCNet method is verified by a mobile robot in real world and some simulation experiments in indoor environments. © 2024 Copyright held by the owner/author(s).",Article,scopus,wos,INCLUDE,high,INC-1|INC-2,Abstract explicitly describes VIO system combining camera and IMU (INC-1) for UAV localization in GPS-denied indoor environments (INC-2).,
P0573,False,A Modified DSSFN Architecture with E-FDPC Band Selection and Intermediate Cross-Attention for UAV-Based Hyperspectral Image Classification,10.1109/msnmc61130.2025.11399719,2025,2025 IEEE 8th International Conference on Methods and Systems of Navigation and Motion Control (MSNMC),D. Katkalo,"Classifying hyperspectral images from unmanned aerial vehicles for real-time navigation is challenged by high data dimensionality. Architectures like the Dual-Stream Self-Attention Fusion Network are often limited by heuristic band selection and late-stage fusion. We propose a modified DSSFN architecture as a navigation-grade perception module, integrating adaptive E-FDPC band selection for efficiency and a bidirectional cross-attention mechanism for early-stage fusion. This approach produces spatially coherent semantic maps, and experiments on three standard datasets show it achieves superior or highly competitive accuracy over the baseline Dual-Stream Self-Attention Fusion Network, demonstrating its potential for robust, perception-driven unmanned aerial vehicle navigation.",IEEE Conferences,ieee,,EXCLUDE,high,EXC-7,"Hyperspectral image classification for UAV navigation using deep learning architectures, with no mention of VIO fusion or inertial sensor integration (EXC-7).",
P0067,True,Sensing and control of a quadrotor using a visual inertial fusion method,10.1109/iccas.2015.7364912,2015,"ICCAS 2015 - 2015 15th International Conference on Control, Automation and Systems, Proceedings",Li P.; Garratt M.; Lambert A.,"A visual inertial fusion method is proposed in this paper for the state estimation and control of a low-cost Unmanned Aerial Vehicle. A binary template matching algorithm is combined with a gradient based algorithm to compute optic flow (OF). The proposed OF method is capable of handling large displacement, illumination variation and gives subpixel accuracy. With a ground plane assumption, the Jacobian motion model is employed to solve for the unscaled linear velocity, which is fused with inertial measurements in an Extended Kalman Filter (EKF) framework to estimate metric speed and altitude. A number of flight tests have been conducted both indoors and outdoors to evaluate the performance of the proposed approach. © 2015 Institute of Control, Robotics and Systems - ICROS.",Conference paper,scopus,,INCLUDE,high,INC-1|INC-2|INC-3|INC-5|INC-6,"Paper clearly describes VIO fusion combining visual (optic flow) and inertial measurements in EKF framework (INC-1) for quadrotor UAV (INC-2), addresses challenging conditions like illumination variation (INC-6).",
P0287,False,Rotate artificial potential field algorithm toward 3D real-time path planning for unmanned aerial vehicle,10.1177/09544100221113198,2023,"Proceedings of the Institution of Mechanical Engineers, Part G: Journal of Aerospace Engineering",Wu Z.; Dong S.; Yuan M.; Cui J.; Zhao L.; Tong C.,"As one of the key technologies in the development of Unmanned Aerial Vehicle (UAV), the path planning method has an intuitive impact on the real-time performance of UAV. Most existing path planning algorithms have drawbacks in global optimization ability or optimization speed, and cannot meet the requirements of practical applications. To improve the effectiveness and practicability of the path planning algorithm for UAV obstacle avoidance, this paper proposes the Rotate Artificial Potential Field (R-APF) method based on the traditional artificial potential field method. By introducing a new potential field function and stimulating rotating repulsive force, the R-APF solves the problems of local minimum as well as inaccessibility to targets near obstacles, respectively. Convergence of the algorithm is discussed to demonstrate the feasibility of R-APF. This paper also designs and implements algorithm feasibility verification experiments, obstacle shuttle experiments, as well as running time, and efficiency comparison experiments. In addition, the improved Visual-Inertial Navigation System obstacle detection algorithm is introduced to carry out physical verification experiments. Theoretical proof and experimental results show the proposed R-APF method has higher obstacle avoidance capability, shorter running time, and higher success rate compared to other algorithms, and is promising in practical application. © IMechE 2022.",Article,scopus,wos,EXCLUDE,high,EXC-7,"Path planning algorithm development (R-APF), with VIO mentioned only as an existing obstacle detection component used as input ('improved Visual-Inertial Navigation System obstacle detection algorithm is introduced').",
P0577,False,Navigating the Underground: Tackling Localization Challenges for UAVs in Tunnels,10.1109/icuas65942.2025.11007869,2025,2025 International Conference on Unmanned Aircraft Systems (ICUAS),J. M. González-Marín; M. A. Montes-Grova; F. J. Pérez-Grau; A. Viguria,"In this work a survey of the issues and difficulties for Unmanned Aerial Vehicles (UAVs) in underground environments, in particular tunnels, will be carried out. In addition to not having Global Navigation Satellite System (GNSS) signal or any other type of external positioning, this kind of environment will present a number of unique constraints that make a wide range of visual-inertial (VIO), or LiDAR-inertial (LIO), localization algorithms unusable. In addition, state-of-the-art algorithms will be validated with real flight data in a tunnel and possible solutions will be offered for achieving robust and reliable localization using only the on-board. In this way, the deployment of autonomous navigation tasks in these degraded environments will be pushed.",IEEE Conferences,ieee,,EXCLUDE,high,EXC-4,"This is 'a survey of the issues and difficulties' which identifies it as a secondary study (review/survey), meeting EXC-4.",
P0068,False,A Localization Strategy for Low-cost UAVs Sewers Inspection,10.1109/sii64115.2026.11404663,2026,"2026 IEEE/SICE International Symposium on System Integration, SII 2026",Maisto P.; Scognamiglio V.; Selvaggio M.; Lippiello V.,"Inspecting sewers represents a significant challenge as these environments pose considerable safety risks to human operators. In this view, drones capable of autonomous flight can be used to perform inspection tasks reducing human exposure. However, sewer environments are typically confined, featureless, and poorly lit, hence, standard algorithms for the localization in GNSS-denied environments, such as Visual-Inertial Odometry (VIO), often fail. In addition, drone localization is further complicated by rotor-induced turbulence, and vibrations, that affect sensor measurements. This paper presents a low-cost multisensor-based method for robust pose reconstruction of Unmanned Aerial Vehicles (UAVs) to enable reliable navigation in visually degraded, GPS-denied environments. The proposed framework leverages environmental geometry, specifically obstacle and wall distances, to estimate relative motion and correct drift via a speed control strategy that maximizes the distance from any obstacle. The approach is validated through both simulation and real-world experiments, demonstrating its effectiveness in representative scenarios.  © 2026 IEEE.",Conference paper,scopus,ieee,UNCERTAIN,high,INC-1|INC-2|INC-6,"'standard algorithms for the localization in GNSS-denied environments, such as Visual-Inertial Odometry (VIO), often fail ...'.",
P0403,True,Research on Unmanned Aerial Vehicle (UAV) Visual Landing Guidance and Positioning Algorithms,10.3390/drones8060257,2024,Drones,Liu X.; Xue W.; Xu X.; Zhao M.; Qin B.,"Considering the weak resistance to interference and generalization ability of traditional UAV visual landing navigation algorithms, this paper proposes a deep-learning-based approach for airport runway line detection and fusion of visual information with IMU for localization. Firstly, a coarse positioning algorithm based on YOLOX is designed for airport runway localization. To meet the requirements of model accuracy and inference speed for the landing guidance system, regression loss functions, probability prediction loss functions, activation functions, and feature extraction networks are designed. Secondly, a deep-learning-based runway line detection algorithm including feature extraction, classification prediction and segmentation networks is designed. To create an effective detection network, we propose efficient loss function and network evaluation methods Finally, a visual/inertial navigation system is established based on constant deformation for visual localization. The relative positioning results are fused and optimized with Kalman filter algorithms. Simulation and flight experiments demonstrate that the proposed algorithm exhibits significant advantages in terms of localization accuracy, real-time performance, and generalization ability, and can provide accurate positioning information during UAV landing processes. © 2024 by the authors.",Article,scopus,wos,INCLUDE,high,INC-1|INC-2,Paper clearly satisfies INC-1 by proposing a visual/inertial navigation system that fuses visual information with IMU for localization using Kalman filter.,
P0579,False,LiDAR-Inertial Odometry with Uncertainty IEKF and Ground Constraint,10.1109/icrcv62709.2024.10758574,2024,2024 6th International Conference on Robotics and Computer Vision (ICRCV),H. Luo; C. Cao,"Over the past few decades, LiDAR-inertial odometry algorithms have advanced significantly, showing satisfactory performance in Unmanned Ground Vehicles (UGVs), Unmanned Aerial Vehicle (UAV s), and various mobile robots across diverse environments. For mobile robots, the continuous acquisition of LiDAR points results in motion distortion due to the movement of the sensor. Most existing algorithms correct motion distortion primarily through Inertial Measurement Unit (IMU) integration or pre-integration. However, these approaches often neglect the uncertainties associated with acquisition time, range measurements, and pose transformations of each point. To address this, we introduce a novel LiDAR-inertial odometry algorithm with uncertainty Iterated Extended Kalman Filter (U - IEKF). By integrating state covariance with acquisition time and point range, our method employs weighted adjustments to point-plane residuals, enhancing accuracy. Additionally, our algorithm incorporates ground constraints through ground segmentation, specifically improving state estimation for ground mobile robots. Validation on public datasets demonstrates our method's superiority, with average error reductions of 47.6% and 11.6% on the UrbanNav and UrbanLoco datasets compared to our baseline.",IEEE Conferences,ieee,,EXCLUDE,high,EXC-3,"Article addresses LiDAR-inertial odometry, not visual-inertial odometry (VIO). It uses LiDAR and IMU data fusion but lacks the visual/camera component required by INC-1.",
P0069,False,A monocular visual-inertial odometry for low-altitude aircrafts with depth optimization assisted by range measurements; [基于测距信息辅助深度优化的低空飞行器单目视觉惯性里程计],10.19306/j.cnki.2095-8110.2024.06.008,2024,Navigation Positioning and Timing,Zhu Q.; Zhang D.; Lai J.; Wang D.; Lyu P.; Yuan C.; Yong C.,"In the unknown scenarios where satellite signals are obstructed, the visual-inertial fusion technology can serve as an effective alternative to satellites, providing accurate navigation information for aircraft. However, in the low-altitude scene, traditional visual-inertial odometry (VIO) schemes face problems such as inaccurate scale estimation, prone to divergence, and low accuracy. To address these problems, a monocular VIO for low-altitude aircrafts with depth optimization supported by laser rangefinder and barometer is proposed to improve the accuracy of scale recovery. First, a robust initialization method of depth estimation based on baseline constraint and reference altitude is designed, where the length of the baseline is constrained to improve the accuracy of triangulation, and an initial depth selection mechanism supported by reference altitude is constructed for optimal depth selection. Then, a depth adaptive filling strategy based on the aircraft maneuvering state and plane assumption is introduced to suppress the positioning divergence problem caused by scale loss. Finally, based on the multi-state constrained Kalman filter (MSCKF), the position and attitude of the aircraft is updated by integrating the inertial information and the visual information modified by range measurements. To verify the proposed method, a UAV test platform equipped with visual/inertial/range sensors is constructed to perform test verification in a low-altitude scene. The result shows that compared to the traditional algorithm, the proposed method improves the positioning accuracy by an average of 61%. © 2024 China Astronautic Publishing House Co Ltd. All rights reserved.",Article,scopus,,EXCLUDE,high,INC-4,"Article clearly describes a VIO system fusing visual and inertial data (INC-1) for low-altitude aircraft/UAVs (INC-2), addressing challenging GNSS-denied environments and scale estimation issues (INC-6).",
P0173,True,LiDAR-Visual-Inertial Fusion Architectures for GNSS-Resilient Aerial Navigation: Performance Assessment,10.1109/dasc66011.2025.11257343,2025,AIAA/IEEE Digital Avionics Systems Conference - Proceedings,Turci L.; Causa F.; Opromolla R.; Fasano G.,"This work proposes a performance assessment of LiDAR-Visual-Inertial navigation approaches specifically tailored for GNSS-denied or challenged circumstances. A data fusion scheme, based on Extended Kalman Filter, has been designed to face various environmental and flight conditions that occur depending on topology and morphological characteristics of the environment and UAV dynamic. It loosely integrates camera and LiDAR measurements. Their measurements are combined altogether exploiting LiDAR measurements to associate depth information with image features. Conversely, when camera measurements cannot be used, LiDAR odometry is performed to incrementally estimate the pose of the UAV by defining the pose transformation between one LiDAR point cloud and the following one, integrating the solution with the filter propagated state in order to bound the otherwise unbounded drift of IMU-only navigation solution. Sensors measurements are fed into the filter weighted by their own covariance, which indicates the level of confidence associated with the measurement. A set of gating criteria is introduced to assess the validity of each measurement to be used within the filter and thus to improve its resiliency against anomalous pose estimates. In general, particular attention is paid to the integrity of the multi-sensor-based solution. The strategy is assessed through numerical simulations conducted within the Unreal Engine 4 environment integrated with MATLAB and Simulink, which allows retrieving realistic sensors data by simulating aircraft trajectory, rich texture 3D geometry, and world-like scene. Results show percentage errors on the position estimates, computed with respect to the UAV traveled distance, below 0.9%, and errors on attitude angles estimate under 0.8°.  © 2025 IEEE.",Conference paper,scopus,ieee; wos,INCLUDE,high,INC-1|INC-2|INC-6,Article clearly presents a LiDAR-Visual-Inertial fusion system (INC-1) for UAV navigation (INC-2) in GNSS-denied environments with focus on robustness and integrity (INC-6).,
P0070,True,"Localization, Planning, and Control of a UAV for Rapid Complete Coverage Bridge Inspection in Large-Scale Intermittent GPS Environments",10.1109/tcst.2024.3366695,2024,IEEE Transactions on Control Systems Technology,Wang Z.; Li X.; Zhang Y.; Huang P.,"In this article, we tackle the problem of automated visual inspection using a quadrotor unmanned aerial vehicle (UAV) in large-scale intermittent Global Positioning System (GPS) environments. There are mainly three main challenges in this task including drift-free localization in intermittent GPS environments, coverage planning for maximizing inspection efficiency, and safe flight in disturbance environments. An aerial system, comprising localization, planning, and control components, is presented to address the aforementioned challenges. In this system, a localization method called intermittent GPS-aided visual inertial odometry (IGVIO) is devised to achieve precision absolute localization under intermittent GPS by fusion of visual inertial odometry (VIO). A hierarchical time-optimal trajectory planning method called HTOP is also proposed to maximize the efficiency of complete coverage inspection, and finally, a nonlinear model predictive control (NMPC) scheme is leveraged to achieve robust trajectory tracking despite potential external disturbances. Compared with the state-of-the-art time-optimal planners, the proposed planner has key improvements in stability, coverage, efficiency, and optimality, which implies our proposal is more suitable for rapid complete coverage bridge inspection. The proposal is tested in real-world experiments with a commercial quadrotor, which demonstrates that our aerial system can meet the practicability demands of automated visual inspection. © 1993-2012 IEEE.",Article,scopus,ieee; wos,INCLUDE,high,INC-1|INC-2|INC-6,"Article presents IGVIO that fuses visual inertial odometry (VIO) with intermittent GPS for UAV localization (INC-1), explicitly targets quadrotor UAV platform (INC-2).",
P0405,True,Autonomous Customized Quadrotor With Vision-Aided Navigation For Indoor Flight Challenges,10.1109/icmre54455.2022.9734105,2022,"2022 8th International Conference on Mechatronics and Robotics Engineering, ICMRE 2022",Yongtian W.; Jie T.Y.; Gimin S.; Kenny L.B.Y.; Srigrarom S.,"Singapore Amazing Flying Machine Competition (SAFMC) 2021 is an annual indoor unmanned aerial vehicle (UAV) students competition in Singapore. Participants design, build and fly their UAV platforms. Here we designed, built and flew autonomous quadrotor, equipped with vision-aided navigation capacity for the indoor flight challenges D2. We utilized the well-known and available vision-aided navigation tools from OpenCV, i.e. color detection, edge detection, QR-code detection and circle detection. The camera used are Zed-M and OpenMV to assist in depth estimation. We design and integrate our own Visual-Inertial Odometry (VIO) system and based on ROS architecture on Intel Xavier companion computer and talk to Pixhawk flight controller, and perform several tasks in SAFMC 2021. For indoor flights, the drone could perform and complete all missions. We also conduct outdoor flights and the drone could fly well with vision-aided navigation for waypointing and obstacles avoidances.  © 2022 IEEE.",Conference paper,scopus,ieee; wos,INCLUDE,high,INC-1|INC-2,Abstract clearly states the design and integration of their own Visual-Inertial Odometry (VIO) system (satisfying INC-1) for an autonomous quadrotor UAV platform (satisfying INC-2).,
P0582,False,Multi-State Tightly-Coupled EKF-Based Radar-Inertial Odometry With Persistent Landmarks,10.1109/icra48891.2023.10160482,2023,2023 IEEE International Conference on Robotics and Automation (ICRA),J. Michalczyk; R. Jung; C. Brommer; S. Weiss,"In this paper, we present a Radar-Inertial Odometry (RIO) approach that utilizes performance improving modules, enhanced for the sparse and noisy radar signals, from the vision community in order to estimate the full 6DoF pose and 3D velocity of a robot in an unprepared environment. Our method leverages a multi-state approach in which we make use of several past robot poses and trails of measurements from a lightweight and inexpensive Frequency Modulated Continuous Wave (FMCW) radar sensor. Furthermore, in our estimation framework we include a method for promoting measurement trails to persistent landmarks which correspond to salient features in the environment. In an Extended Kalman Filter (EKF) framework, we fuse the range measurements to the persistent landmarks, trails, and the velocity measurements of the detected 3D points together with the Inertial Measurement Unit (IMU) readings. Our method is particularly relevant for (but not limited to) Unmanned Aerial Vehicles (UAV), enabling them to localize while performing missions in Global Navigation Satellite System (GNSS)-denied environments and, thanks to the properties of the radar sensor, in environments generally challenging for robot perception due to external factors such as smoke or extreme illumination. We show in real flight experiments the effectiveness of our estimator and compare it to the state-of-the-art.",IEEE Conferences,ieee,,EXCLUDE,high,EXC-3,"Radar-Inertial Odometry (RIO) that fuses radar and IMU data, but does not include visual/camera sensors, failing to meet INC-1 which requires visual-inertial fusion.",
P0578,False,Large-Scale Autonomous Flight With Real-Time Semantic SLAM Under Dense Forest Canopy,10.1109/lra.2022.3154047,2022,IEEE Robotics and Automation Letters,X. Liu; G. V. Nardari; F. Cladera; Y. Tao; A. Zhou; T. Donnelly; C. Qu; S. W. Chen; R. A. F. Romero; C. J. Taylor; V. Kumar,"Semantic maps represent the environment using a set of semantically meaningful objects. This representation is storage-efficient, less ambiguous, and more informative, thus facilitating large-scale autonomy and the acquisition of actionable information in highly unstructured, GPS-denied environments. In this letter, we propose an integrated system that can perform large-scale autonomous flights and real-time semantic mapping in challenging under-canopy environments. We detect and model tree trunks and ground planes from LiDAR data, which are associated across scans and used to constrain robot poses as well as tree trunk models. The autonomous navigation module utilizes a multi-level planning and mapping framework and computes dynamically feasible trajectories that lead the UAV to build a semantic map of the user-defined region of interest in a computationally and storage efficient manner. A drift-compensation mechanism is designed to minimize the odometry drift using semantic SLAM outputs in real time, while maintaining planner optimality and controller stability. This leads the UAV to execute its mission accurately and safely at scale.",IEEE Journals,ieee,,EXCLUDE,high,EXC-7,The system uses LiDAR-based semantic SLAM for odometry drift compensation but does not describe VIO fusion of visual and inertial sensors (INC-1).,"LiDAR-based SLAM system, not visual-inertial odometry"
P0289,True,Cooperative Visual-Range-Inertial Navigation for Multiple Unmanned Aerial Vehicles,10.1109/taes.2023.3297555,2023,IEEE Transactions on Aerospace and Electronic Systems,Li C.; Wang J.; Liu J.; Shan J.,"In this article, the cooperative navigation issue is investigated for a group of unmanned aerial vehicles (UAVs). A distributed estimation architecture fusing range, visual, and intermittent position measurements is proposed. Relative range and co-observed features are utilized to construct direct and indirect geometric constraints between UAVs, respectively. Compared with its independent counterpart, the proposed collaborative estimation scheme is more accurate and robust, while maintaining scalability and efficiency in practical deployment. To solve the intractable problem of evaluating the cross covariance between local estimators during estimation, the covariance intersection (CI) algorithm is introduced into the distributed fusion scheme, where each UAV only estimates its own pose and covariance. Observability analysis is provided to gain insights about the system's identification properties. Finally, the algorithm is applied to a practical patrolling scenario of multiple UAVs, and both numerical and software-in-the-loop (SITL) simulations are performed to illustrate the feasibility and effectiveness of the proposed scheme.  © 1965-2011 IEEE.",Article,scopus,ieee; wos,INCLUDE,high,INC-1|INC-2|INC-3|INC-5|INC-6,"Paper presents a VIO system fusing visual, range, and inertial measurements (INC-1) explicitly for UAVs (INC-2), addresses robustness through cooperative estimation in challenging environments (INC-6).",
P0406,True,Structure Priors Aided Visual-Inertial Navigation in Building Inspection Tasks with Auxiliary Line Features,10.1109/taes.2022.3142663,2022,IEEE Transactions on Aerospace and Electronic Systems,Lyu Y.; Yuan S.; Xie L.,"The article proposes a visual-inertial navigation method to support the autonomous operation of a quadrotor UAV during the building faade inspection tasks, where state-of-the-art vision-based localization methods may fail due to texture point feature insufficiency. Considering the appearance characteristics of the building faades, we additionally fuse line features and their corresponding structure prior information to the sliding-window-based estimator to improve localization reliability and accuracy. The contribution of the proposed method lies mainly in two aspects. First, we develop an informative feature selection mechanism according to the faade patterns and the inspection trajectory patterns to make a balance between localization accuracy and computation overheads. Second, we further utilize structure prior information, which is defined as line-to-line and point-to-line relationships, as another source of high-fidelity measurement to restrain the localization drifts. The proposed method is tested not only on public datasets, but also on an actual flight data package recorded in a building inspection task. Experimental results show that the proposed method can serve as a practical tool for navigating a robot in a building inspection task, with improved localization reliability and accuracy.  © 1965-2011 IEEE.",Article,scopus,ieee; wos,INCLUDE,high,INC-1|INC-2|INC-6,"Article clearly describes a visual-inertial navigation method (INC-1) for quadrotor UAV building inspection (INC-2), addressing texture point feature insufficiency which motivates robustness (INC-6).",
P0583,False,OdomBeyondVision: An Indoor Multi-modal Multi-platform Odometry Dataset Beyond the Visible Spectrum,10.1109/iros47612.2022.9981865,2022,2022 IEEE/RSJ International Conference on Intelligent Robots and Systems (IROS),P. Li; K. Cai; M. R. U. Saputra; Z. Dai; C. X. Lu,"This paper presents a multimodal indoor odometry dataset, OdomBeyondVision, featuring multiple sensors across the different spectrum and collected with different mobile platforms. Not only does OdomBeyondVision contain the traditional navigation sensors, sensors such as IMUs, mechanical LiDAR, RGBD camera, it also includes several emerging sensors such as the single-chip mmWave radar, LWIR thermal camera and solid-state LiDAR. With the above sensors on UAV, UGV and handheld platforms, we respectively recorded the multimodal odometry data and their movement trajectories in various indoor scenes and different illumination conditions. We release the exemplar radar, radar-inertial and thermal-inertial odometry implementations to demonstrate their results for future works to compare against and improve upon. The full dataset including toolkit and documentation is publicly available at: https://github.com/MAPS-Lab/OdomBeyondVision.",IEEE Conferences,ieee,,EXCLUDE,high,EXC-5,"This is a dataset paper that presents sensor data collection across multiple platforms but does not report algorithmic VIO contributions beyond exemplar implementations, satisfying EXC-5.",
P0290,False,Research on multi-sensor fusion navigation methods for aerial power operation drones,10.1049/icp.2025.2798,2025,IET Conference Proceedings,Li T.; Zhu Z.; Zhuo H.; Yang Z.; Jiang S.; Zhang C.,"To address the challenges posed by dense equipment configurations and intense electromagnetic interference in aerial power system operations, this study proposes a robust vision-centric multi-sensor fusion navigation system. The system is designed to enhance the operational efficiency and safety of unmanned aerial vehicles (UAVs) during critical tasks such as infrastructure inspection, obstacle clearance, repair, and maintenance. By leveraging continuous image sequences captured by high-resolution cameras, the system improves feature extraction and matching through the integration of optical flow tracking with traditional Oriented FAST and Rotated BRIEF (ORB) features. This ensures reliable localization in environments characterized by dynamic lighting conditions and dense obstructions. The framework incorporates an optimized visual-inertial odometry (VIO) module and a global navigation satellite system (GNSS), enabling seamless multi-sensor data fusion. Experimental validation on both public and custom datasets demonstrates that the enhanced VIO system achieves superior positional accuracy, while the fusion-based localization method significantly improves precision in complex operational scenarios, thereby advancing the autonomous navigation capabilities of UAVs in power system applications. © The Institution of Engineering & Technology 2025.",Conference paper,scopus,,INCLUDE,high,INC-1|INC-2|INC-6,Article presents an optimized VIO module that fuses visual and inertial data (INC-1) for UAVs in power system operations (INC-2).,
P0175,False,A UAV inertial location method based on pixel matching of 2D satellite maps; [二维卫星地图像素匹配的无人机视惯定位方法],10.13695/j.cnki.12-1222/o3.2024.11.003,2024,Zhongguo Guanxing Jishu Xuebao/Journal of Chinese Inertial Technology,Li L.; Lei Y.; Mei Y.; Lyu W.; Hao J.; Han Y.,"In order to improve the location accuracy of the unmanned aerial vehicle (UAV) visual inertial system, a visual inertial location method using Internet 2D satellite maps and UAV aerial images matching is proposed. Firstly, the aerial images and IMU are used to construct the visual inertial odometry (VIO) to estimate the UAV motion state and obtain the depth of feature points. Then extract feature points from the matched image pairs, perform pixel-level matching and solving based on the known satellite map scale and the depth of feature points estimated by VIO, and obtain the matching and location results. Finally, the VIO factor and the matching location factor are constructed, and the factor map is used to optimize the global position. The proposed method is validated by airborne experiments, and the experimental results show that the average location error is reduced by 50.14% compared with the VIO location method without map matching, and the average location error is reduced by 43.69% compared with the VIO and loopback location method without map matching. The location accuracy of the visual inertial system is effectively improved. © 2024 Editorial Department of Journal of Chinese Inertial Technology. All rights reserved.",Article,scopus,,EXCLUDE,high,INC-4,"A VIO system that fuses visual (aerial images) and inertial (IMU) data for UAV pose estimation (INC-1), explicitly targets UAVs (INC-2).",
P0584,True,Confidence Factor-Based Robust Localization Algorithm With Visual-Inertial-LiDAR Fusion in Underground Space,10.1109/tcsvt.2025.3530077,2025,IEEE Transactions on Circuits and Systems for Video Technology,F. Liu; Y. Cao; X. Cheng; J. Wu; W. Gu; L. Liu,"The existing Visual-inertial-LiDAR localization methods lack consideration of sensors degradation in challenging scene, such as underground space, where light condition is poor, text feature is scarce and geometric structure is degraded. To enhance the robustness of the multi-sensor fusion, this paper proposes a confidence factor based robust localization algorithm. It mainly consists of two parts. In front-end, a lightweight DCE-Net is used to improve the image quality under low illumination, and then an improved feature extraction method based on Line Segment Detector and Manhattan World (LSD-MW) is proposed to extract robust point-line features and construct Manhattan Frame (MF) structure constraint for subsequent optimization, making visual feature more reliable in underground space. In back-end, a novel confidence factor graph optimization strategy is proposed to enhance the robustness in the case of sensor degradation. Where adaptive confidence factors are designed to assess the reliability of LiDAR and camera features based on their feature matching degree. These confidence factors are leveraged to weight the sensors residual factors to construct an iterative function based on Graduated Nonconvexity (GNC), mitigating the influence of outliers on state estimation in degradation scene of underground space. Experiments conducted on public and real-world dataset collected by the UAV platform we built verify the proposed method has promising performance. Ablation studies also show the robustness of our method.",IEEE Journals,ieee,,INCLUDE,high,INC-1|INC-2|INC-6,Paper clearly presents a visual-inertial-LiDAR fusion algorithm (INC-1) validated on UAV platform.,
P0590,False,Distributed Formation Estimation Via Pairwise Distance Measurements,10.1109/lra.2021.3062347,2021,IEEE Robotics and Automation Letters,T. Ziegler; M. Karrer; P. Schmuck; M. Chli,"Continuously and reliably estimating the relative configuration of robotic swarms in real-time constitutes a core functionality when pursuing the autonomy of such a swarm. Relying on external positioning systems, such as GPS or motion tracking systems, can provide the required information, but significantly limits the generality of an approach. In this letter, we target formation estimation for autonomous flights of swarms of small UAVs, as they pose particularly challenging restrictions on onboard resources, while opening up a large variety of practical scenarios for a multi-robot setup. While state-of-the-art has been addressing efficient formation estimation, scalability remains limited to only very few agents that can be handled in real-time, with the workload of each agent depending on the total number of agents in the swarm. Aiming for scalable multi-robot systems, here we propose a distributed formation estimation approach, where the computational load of each agent is decoupled from the swarm size. This approach is implemented in a setup with minimal communication effort, requiring only ego-motion estimates from each agent and pairwise distance measurements between them, constraining their configuration globally. Evaluations on swarms of up to 49 UAVs demonstrate the power of our approach to handle large swarms, while keeping the computational load bounded for individual agents and requiring only little data exchange between two robots.",IEEE Journals,ieee,,EXCLUDE,high,EXC-7,"Distributed formation estimation for UAV swarms using ego-motion estimates as inputs, but does not contribute to VIO algorithms themselves.",
P0292,True,Bridge Geometric Shape Measurement Using LiDAR–Camera Fusion Mapping and Learning-Based Segmentation Method,10.3390/buildings15091458,2025,Buildings,Jiang S.; Yang Y.; Gu S.; Li J.; Hou Y.,"The rapid measurement of three-dimensional bridge geometric shapes is crucial for assessing construction quality and in-service structural conditions. Existing geometric shape measurement methods predominantly rely on traditional surveying instruments, which suffer from low efficiency and are limited to sparse point sampling. This study proposes a novel framework that utilizes an airborne LiDAR–camera fusion system for data acquisition, reconstructs high-precision 3D bridge models through real-time mapping, and automatically extracts structural geometric shapes using deep learning. The main contributions include the following: (1) A synchronized LiDAR–camera fusion system integrated with an unmanned aerial vehicle (UAV) and a microprocessor was developed, enabling the flexible and large-scale acquisition of bridge images and point clouds; (2) A multi-sensor fusion mapping method coupling visual-inertial odometry (VIO) and Li-DAR-inertial odometry (LIO) was implemented to construct 3D bridge point clouds in real time robustly; and (3) An instance segmentation network-based approach was proposed to detect key structural components in images, with detected geometric shapes projected from image coordinates to 3D space using LiDAR–camera calibration parameters, addressing challenges in automated large-scale point cloud analysis. The proposed method was validated through geometric shape measurements on a concrete arch bridge. The results demonstrate that compared to the oblique photogrammetry method, the proposed approach reduces errors by 77.13%, while its detection time accounts for 4.18% of that required by a stationary laser scanner and 0.29% of that needed for oblique photogrammetry. © 2025 by the authors.",Article,scopus,wos,INCLUDE,high,INC-1|INC-2,"A VIO system that fuses visual-inertial odometry with LiDAR-inertial odometry (INC-1), and the platform is clearly an unmanned aerial vehicle (UAV) (INC-2).",
P0176,True,Photometric Visual-Inertial Navigation with Uncertainty-Aware Ensembles,10.1109/tro.2021.3139964,2022,IEEE Transactions on Robotics,Jung J.H.; Choe Y.; Park C.G.,"In this article, we propose a visual-inertial navigation system that directly minimizes a photometric error without an explicit data-association. We focus on the photometric error parametrized by pose and structure parameters that is highly nonconvex due to the nonlinearity of image intensity. The key idea is to introduce an optimal intensity gradient that accounts for a projective uncertainty of a pixel. Ensembles sampled from the state uncertainty contribute to the proposed gradient and yield a correct update direction even in a bad initialization point. We present two sets of experiments to demonstrate the strengths of our framework. First, a thorough Monte Carlo simulation in a virtual trajectory is designed to reveal robustness to large initial uncertainty. Second, we show that the proposed framework can achieve superior estimation accuracy with efficient computation time over state-of-the-art visual-inertial fusion methods in a real-world UAV flight test, where most scenes are composed of a featureless floor.  © 2004-2012 IEEE.",Article,scopus,ieee; wos,INCLUDE,high,INC-1|INC-2,"Article clearly describes a visual-inertial navigation system fusing visual and IMU data (INC-1) with real-world UAV flight tests (INC-2), addressing robustness in challenging featureless environments.",
P0071,True,Resilient Navigation for UAVs: GNSS Attack Detection and Seamless Transition to Visual-Inertial Localization,10.1109/indicon68490.2025.11392970,2025,"Proceedings of 2025 IEEE 22nd India Council International Conference, INDICON 2025",Akkala S.R.; Allaka H.,"Modern aerial surveillance and autonomous drone operations rely heavily on Global Navigation Satellite System (GNSS) technology for precise navigation and mission execution. However, this dependency exposes critical systems to significant vulnerabilities from signal interference, including malicious spoofing and jamming attacks, which can compromise operational integrity. This paper presents a resilient navigation framework designed to ensure mission continuity in GNSS-compromised environments by integrating real-time attack detection with a seamless transition to alternative navigation methodologies. We first demonstrate these critical vulnerabilities by conducting controlled signal injection attacks on commercial navigation modules using portable software-defined radio (SDR) platforms. Addressing these risks, we propose and validate the core components of an autonomous framework that intelligently detects signal anomalies and seamlessly transitions the navigation state from GNSS-dependent to a map-aided visual-inertial or any other situational awareness-based localization mode. This system is designed to enable robust autonomous navigation in GNSS-denied or degraded environments, ensuring resilience for a wide range of mission scenarios. Experimental validation confirms the system's ability to detect malicious interference in real-time and execute a rapid, reliable handover to sensor-based localization, ensuring operational continuity and safety even under adverse GNSS signal condition. © 2025 IEEE.",Conference paper,scopus,ieee,INCLUDE,high,INC-1|INC-2|INC-6,"Abstract describes a VIO system that fuses visual and inertial data for UAV navigation (INC-1), explicitly targets drone platforms (INC-2), and addresses GNSS-denied environments which motivates robustness (INC-6).",
P0177,True,Enhancing UAV Autonomy and Path Optimization Through SBAS and Visual-Inertial Odometry; [Mejora de la autonomía de UAV y optimización de trayectorias mediante odometría visual–inercial integrada con SBAS],10.15446/ing.investig.119122,2026,Ingenieria e Investigacion,Arumugam V.; Alagumalai V.,"Unmanned Aerial Vehicles (UAVs) have become indispensable in fields such as disaster response, precision agriculture, environmental monitoring, and surveillance. Their ability to navigate complex and dynamic environments makes them essential for autonomous op-erations. However, ensuring accurate and reliable state estimation remains a significant challenge, particularly in GPS-denied environ-ments, where traditional navigation systems suffer from drift, localization errors, and trajectory inconsistencies. Addressing these limita-tions is crucial for improving UAV autonomy and operational efficiency. This study aims to enhance UAV autonomy and trajectory optimization by integrating a Satellite-Based Augmentation System (SBAS) with monocular visual-inertial odometry (VIO) within a factor graph optimization framework. The proposed methodology fuses visual and inertial sensor data, incorporating state constraints and prior knowledge to improve localization accuracy, reduce drift, and manage uncertainty. Experimental evaluations were conducted under different path optimization conditions to assess system performance. Results show that Path 1 achieved the highest optimization score of 0.481, Path 2 showed moderate optimization at 0.130, while Paths 3, 4, and 5 exhibited minimal improvements, with scores of −6.176, −0.041, and −0.113, respectively. These findings confirm the effectiveness of the proposed approach in optimizing UAV trajec-tories and enhancing real-time navigation accuracy. The study concludes that integrating SBAS with VIO significantly enhances UAV state estimation, offering a promising solution for autonomous aerial operations in both indoor and outdoor environments. This approach provides a robust and scalable framework for improving UAV navigation in critical applications, ensuring greater reliability under GPS-denied conditions. © 2026, Universidad Nacional de Colombia. All rights reserved.",Article,scopus,,INCLUDE,high,INC-1|INC-2|INC-6,"Paper clearly reports monocular visual-inertial odometry (VIO) system for UAVs (satisfies INC-1 and INC-2), explicitly addresses GPS-denied environments and challenging navigation conditions (satisfies INC-6).",
P0591,False,"A Distributed Pipeline for Scalable, Deconflicted Formation Flying",10.1109/lra.2020.3006823,2020,IEEE Robotics and Automation Letters,P. C. Lusk; X. Cai; S. Wadhwania; A. Paris; K. Fathian; J. P. How,"Reliance on external localization infrastructure and centralized coordination are main limiting factors for formation flying of vehicles in large numbers and in unprepared environments. While solutions using onboard localization address the dependency on external infrastructure, the associated coordination strategies typically lack collision avoidance and scalability. To address these shortcomings, we present a unified pipeline with onboard localization and a distributed, collision-free formation control strategy that scales to a large number of vehicles. Since distributed collision avoidance strategies are known to result in gridlock, we also present a distributed task assignment solution to deconflict vehicles. We experimentally validate our pipeline in simulation and hardware. The results show that our approach for solving the optimization problem associated with formation control gives solutions within seconds in cases where general purpose solvers fail due to high complexity. In addition, our lightweight assignment strategy leads to successful and quicker formation convergence in 96–100% of all trials, whereas indefinite gridlocks occur without it for 33–50% of trials. By enabling large-scale, deconflicted coordination, this pipeline should help pave the way for anytime, anywhere deployment of aerial swarms.",IEEE Journals,ieee,,EXCLUDE,high,EXC-7,Focuses exclusively on formation flying coordination and collision avoidance strategies.,
P0178,True,Fusion of Visual-Inertial Odometry With LiDAR Relative Localization for Cooperative Guidance of a Micro-Scale Aerial Vehicle,10.1109/access.2026.3666998,2026,IEEE Access,Pritzl V.; Vrba M.; Štěpán P.; Saska M.,"A novel relative localization approach for guidance of a micro-scale Unmanned Aerial Vehicle (UAV) by a well-equipped aerial robot fusing Visual-Inertial Odometry (VIO) with Light Detection and Ranging (LiDAR) is proposed in this paper. LiDAR-based localization is accurate and robust to challenging environmental conditions, but 3D LiDARs are relatively heavy and require large UAV platforms, in contrast to lightweight cameras. However, visual-based self-localization methods exhibit lower accuracy and can suffer from significant drift with respect to the global reference frame. To benefit from both sensory modalities, we focus on cooperative navigation in a heterogeneous team of a primary LiDAR-equipped UAV and a secondary micro-scale camera-equipped UAV. We propose a novel cooperative approach combining LiDAR relative localization data with VIO output on board the primary UAV to obtain an accurate pose of the secondary UAV. The pose estimate is used to precisely and reliably guide the secondary UAV along trajectories defined in the primary UAV reference frame. The experimental evaluation has shown the superior accuracy of our method to the raw VIO output, reaching the average 3D Absolute Trajectory Error (ATE) of 0.28 m, and demonstrated its capability to guide the secondary UAV along desired trajectories while mitigating VIO drift. Thus, such a heterogeneous system can explore large areas with LiDAR precision, as well as visit locations inaccessible to the large LiDAR-carrying UAV platforms, as was showcased in a real-world cooperative mapping scenario. © 2026 The Authors.",Article,scopus,ieee; wos,INCLUDE,high,INC-1|INC-2|INC-6,"Article clearly describes a VIO system fusing visual and inertial data (INC-1) for UAV platforms (INC-2), addressing VIO drift mitigation and cooperative navigation challenges (INC-6).",
P0293,True,Fast and Robust Semidirect Monocular Visual-Inertial Odometry for UAV,10.1109/jsen.2023.3309907,2023,IEEE Sensors Journal,Zeng Q.; Yu H.; Ji X.; Tao X.; Hu Y.,"State estimation is critical for achieving autonomous navigation of the unmanned aerial vehicle (UAV). We present a fast and robust monocular visual-inertial odometry (VIO) algorithm, which achieves real-time pose estimation for UAV. A semidirect method for tracking is used in the front end to address the problem of the slow running speed of traditional VIO on onboard computing platforms, which preserves the fast performance of direct methods and the robustness of feature-based methods. Edgelet features are added to the Shi-Tomasi feature extraction to enhance the robustness of VIO in low-texture environments. Furthermore, a quadtree-based feature extraction algorithm is employed to filter features, which effectively addresses the issue of feature accumulation. In the back end of the VIO system, a sliding-window-based nonlinear optimization method is used to fuse image and inertial information. We evaluate our approach on the public European robotics challenges micro aerial vehicle (EuRoC MAV) dataset and compare it with the state-of-the-art VIO algorithms. The experimental results demonstrate that our proposed VIO system is capable of operating in challenging scenarios with fast motion, image blur, and weak texture features. Moreover, our proposed VIO system achieves comparable accuracy to the state-of-the-art VIO algorithms while improving tracking speed by 54.28% compared to VINS-Mono.  © 2001-2012 IEEE.",Article,scopus,ieee; wos,INCLUDE,high,INC-1|INC-2|INC-3|INC-6,"Clear VIO system fusing visual and inertial data (INC-1) explicitly targeting UAVs (INC-2), addressing challenging conditions like low-texture environments and fast motion while optimizing for computational efficiency.",
P0592,False,"CNS Flight Stack for Reproducible, Customizable, and Fully Autonomous Applications",10.1109/lra.2022.3196117,2022,IEEE Robotics and Automation Letters,M. Scheiber; A. Fornasier; R. Jung; C. Böhm; R. Dhakate; C. Stewart; J. Steinbrener; S. Weiss; C. Brommer,"While low-level auto pilot stacks for aerial vehicles focus on robust control, sensing, and estimation, the continuous advancement of higher-level autonomy for aerial vehicles requires much more complex higher-level flight stacks in order to enable safe, fully autonomous long-duration missions. Rather than focusing on the low-level control, high-level flight stacks are required to monitor the system's integrity continuously, initiate contingency plans, execute mission plans and adapt them in non-nominal situations, allow for proper data logging, and provide standardized interfaces and integrity verification for external mission planners and localization modules. To that end, we present our freely available, high-level flight stack dubbed CNS Flight Stack that meets the above requirements and at the same time a) is platform-agnostic through a generalized (embedded) hardware abstraction layer, b) uses low compute complexity for online use on embedded hardware, and c) can be extended with other sensor modalities, integrity checks, and mission modules. These additional properties make it reproducible on a variety of different platforms for safe and fully autonomous applications. We tested the proposed flight stack in over 450 real-world flights and report the failure modes our framework detected and also mitigated to avoid crashes of the aerial system.",IEEE Journals,ieee,,EXCLUDE,high,EXC-7,"A high-level flight stack that uses VIO as a trusted input through 'standardized interfaces for external localization modules' but makes no algorithmic contribution to VIO itself, focusing instead on mission planning.",Flight stack framework paper - VIO is consumed as external input
P0407,True,Enhanced Altitude Estimation for Unmanned Aerial Vehicles in a GNSS-denied Environment,10.1109/icuas60882.2024.10556904,2024,"2024 International Conference on Unmanned Aircraft Systems, ICUAS 2024",Minervini A.; Primatesta S.; Guglieri G.,"GNSS-denied environments represent challenging environments for autonomous drones. Ensuring an accurate altitude estimate plays a crucial role in guaranteeing mission efficiency in such scenarios. The literature on autonomous drone localization in GNSS-denied environments relies on visual inertial odometry-based algorithms. However, the reliability of this technology cannot be guaranteed in poor features environments (homogeneous floor, white walls) or in high and low brightness conditions. Even applications adopting loop closure algorithms in combination with visual inertial odometry localization suffer from considerable position estimation drift in challenging environments. This paper aims to propose a methodology to address the altitude estimation problem for drones operating in GNSS-denied environments by combining a V-SLAM algorithm with altitude measurements from a range finder. To account for ground inconsistencies due to varying terrain or obstacles, we have developed an Adaptive Kalman Filter. The Mahalanobis distance evaluation accomplishes the task of detecting these inconsistencies, enabling the filter to adapt and update states properly even in the presence of inconsistent range finder measurements. Experimental results demonstrate the effectiveness of the proposed solution in mitigating the drift accumulated by a purely V-SLAM algorithm.  © 2024 IEEE.",Conference paper,scopus,,INCLUDE,high,INC-1|INC-2|INC-6,"A methodology that combines visual inertial odometry with range finder measurements for UAV altitude estimation (satisfying INC-1), explicitly targets unmanned aerial vehicles/drones in GNSS-denied environments.",
P0518,False,Integrated Control System Design for a Quaternion-Based Omnidirectional Quadrotor Drone,10.1109/icom61675.2024.10652273,2024,2024 9th International Conference on Mechatronics Engineering (ICOM),M. J. Hossain; D. Pebrianti; L. Bayuaji; R. Samad,"The study addresses the limitations of traditional quadrotors in achieving omnidirectional movement, which restricts their agility and adaptability in dynamic environments. This research introduces the Omnidirectional Stationary Flying Outstretched Drone, utilizing quaternions for orientation representation to avoid issues such as singularities and gimbal lock. The methodology involves developing a dynamic model that incorporates aerodynamic effects and implementing linear controllers, including PID and PI controllers, for precise altitude and attitude control. Simulation results show that the drone achieved a settling time of 5 seconds and an overshot of less than 5% in altitude control. Experimental validations confirm enhanced maneuverability and stability compared to conventional quadrotors. ???",IEEE Conferences,ieee,,EXCLUDE,high,EXC-7,"Control system design for quadrotor flight dynamics using quaternion-based controllers (PID/PI), with no mention of VIO, visual odometry, IMU fusion, or pose estimation components that would satisfy INC-1.",
P0294,True,A cliquey subgraph approach to sparsified UAV visual inertial odometry by surjective Bayes-tree-to-factor-graph mapping,10.1016/j.ast.2021.107250,2022,Aerospace Science and Technology,Zhang X.; Yuan W.; Zhan X.; Chi C.; Ren Q.; Gong W.; Lin B.,"A new method is proposed to improve trajectory estimation accuracy by visual inertial odometry (VIO) subject to information sparsification. Current practices assume that the result of sparsification, i.e. a subgraph of a factor graph, takes the form of a tree and impose mutually independencies upon its nodes. However, this oversimplification may undermine a close approximation to the complete information matrix and eventually results in excessive estimation errors. Therefore, we propose to use a cliquey subgraph with preserved mutual correlation between selected pairs of the nodes. Sparsification is further accelerated by the new discovery that connectivity between arbitrary nodes can be directly read from Bayes tree, by transforming its surjective mapping to the underlying factor graph to a bijective mapping through a downstream-upstream traversing operation. Results from public dataset EuRoC indicate that the proposed method, while maintaining low computational profile, achieves lower absolute trajectory error (ATE) than that of the existing ones in the easy- and hard-level sequences and performs equally well in medium-level sequences. This result renders the proposed method a potent candidate for power saving in visual navigation-purposed application specific integrated circuit (ASIC) chip designs. © 2021 Elsevier Masson SAS",Article,scopus,wos,INCLUDE,high,INC-1|INC-2|INC-3|INC-4|INC-5|INC-6,"A VIO method that fuses visual and inertial data (INC-1) for UAVs as indicated in the title (INC-2), focuses on computational efficiency for onboard deployment through sparsification (INC-6).",
P0072,True,A monocular inertial UAV SLAM algorithm leveraging feature clustering,10.1109/ihmsc62065.2024.00020,2024,"Proceedings - 2024 16th International Conference on Intelligent Human-Machine Systems and Cybernetics, IHMSC 2024",Xia Y.; Li H.; Pan G.; Xue W.; Fan Z.; Qi N.; Huo M.,"Generally, the power grid covers a vast area, making transportation inconvenient. Patrolling the lines requires a significant amount of manpower and time. Manual ground patrols are limited in terms of viewing angles, leading to high workloads and risks for inspectors, while the traditional inspection methods struggle to provide structured and standardized data. On the contrary, unmanned aerial vehicle (UAV) inspections are not constrained by geographical obstacles, operate at high speeds, and when integrated with SLAM algorithms, they can efficiently accomplish inspection tasks. This article aims to enhance UAV inspection in complex environments by optimizing SLAM. To address the scale information deficiency in the original single-sensor SLAM, Visual-Inertial Odometry (VIO) was employed in this study. However, in environments with weak textures and low lighting, like during rain and snow, VIO exhibits subpar mapping performance and consumes excessive computing power. To address this issue, the system introduces an enhanced bag-of-words loopback module that iteratively optimizes front-end feature recognition screening rules to conserve computing power. It also enhances the visual feature extraction and maintenance scheme and develops a robust VIO algorithm based on the clustered feature point set of each frame. Ultimately, the system effectively utilizes the EuRoc UAV sensing sequence as input to achieve a smaller absolute trajectory error compared to the OKVIS algorithm. The results of this study have important reference value for the inspection UAV to perceive the real physical environment and build a digital model in a complex environment. © 2024 IEEE.",Conference paper,scopus,ieee,INCLUDE,high,INC-1|INC-2|INC-3|INC-5|INC-6,"Paper presents a VIO algorithm fusing visual and inertial data (INC-1) for UAV SLAM applications (INC-2), addressing challenging conditions like weak textures and low lighting (INC-6).",
P0408,True,Computationally efficient visual-inertial sensor fusion for Global Positioning System-denied navigation on a small quadrotor,10.1177/1687814016640996,2016,Advances in Mechanical Engineering,Liu C.; Prior S.D.; Teacy W.T.L.; Warner M.,"Because of the complementary nature of visual and inertial sensors, the combination of both is able to provide fast and accurate 6 degree-of-freedom state estimation, which is the fundamental requirement for robotic (especially, unmanned aerial vehicle) navigation tasks in Global Positioning System-denied environments. This article presents a computationally efficient visual-inertial fusion algorithm, by separating orientation fusion from the position fusion process. The algorithm is designed to perform 6 degree-of-freedom state estimation, based on a gyroscope, an accelerometer and a monocular visual-based simultaneous localisation and mapping algorithm measurement. It also recovers the visual scale for the monocular visual-based simultaneous localisation and mapping. In particular, the fusion algorithm treats the orientation fusion and position fusion as two separate processes, where the orientation fusion is based on a very efficient gradient descent algorithm, whereas the position fusion is based on a 13-state linear Kalman filter. The elimination of the magnetometer sensor avoids the problem of magnetic distortion, which makes it a power-on-and-go system once the accelerometer is factory calibrated. The resulting algorithm shows a significant computational reduction over the conventional extended Kalman filter, with competitive accuracy. Moreover, the separation between orientation and position fusion processes enables the algorithm to be easily implemented onto two individual hardware elements and thus allows the two fusion processes to be executed concurrently. © SAGE Publications Ltd, unless otherwise noted. Manuscript content on this site is licensed under Creative Commons Licenses.",Article,scopus,wos,INCLUDE,high,INC-1|INC-2|INC-3|INC-4|INC-5|INC-6,"Article presents a VIO fusion algorithm combining visual and inertial sensors (INC-1) for quadrotor navigation in GPS-denied environments (INC-2, INC-6).",
P0490,False,AgileVision Academy: Indoor Drone Navigation and Obstacle Avoidance,10.1109/itme63426.2024.00219,2024,2024 14th International Conference on Information Technology in Medicine and Education (ITME),H. Jiang; L. Gu; J. Wang; X. Lan; Q. Liu; F. Wang,"Navigating cluttered indoor environments presents a significant challenge for aerial robots, requiring agility, speed, and a high level of reliability to avoid collisions. This project aims to address this challenge by developing advanced algorithms for lightweight drones, enabling them to reach target location and carrying out delivery efficiently and safely. Utilizing camera data to map and avoid obstacles, we create a system that not only maps and perceives the environment but also navigates its path to the destination. Included in the educational content, this project demonstrates the effectiveness of the technology through practical applications and real-world testing, helping the next generation of engineers accumulate technical experience and broaden their understanding of drone navigation algorithms and applications in system integration. It has a milestone impact on education and development of the drone field.",IEEE Conferences,ieee,,EXCLUDE,high,EXC-3,"Obstacle avoidance using only camera data with no mention of IMU or inertial sensors, failing to satisfy INC-1 for VIO fusion.",Educational project focus may also suggest limited algorithmic contribution
P0075,True,Comparison of Visual-Inertial Sensor Fusion Techniques for GNSS-Resilient Navigation,10.1109/dasc62030.2024.10748659,2024,AIAA/IEEE Digital Avionics Systems Conference - Proceedings,Turci L.; Vitiello F.; Causa F.; Opromolla R.; Fasano G.,"This paper analyzes and compares different visual-inertial (V-INS) sensor fusion strategies, conceived to enable GNSS-resilient navigation of Unmanned Aerial Vehicles (UAV). The strategies share the same data fusion architecture, based on a loosely coupled Extended Kalman Filter (EKF), but have variable characteristics concerning the image processing and pose estimation pipelines. Specifically, four different geolocation strategies are investigated to retrieve range information about the detected visual features in the observed scene, exploiting a flat Earth assumption, a local flat Earth assumption, a Digital Elevation Model (DEM) intersection and a triangulation method, respectively. The latter approach, in particular, does not require any geometrical assumption or any a priori knowledge on the observed scene. Furthermore, an original approach to provide the EKF with a consistent estimate of the covariance associated to the visual-based pose solution is proposed. The navigation performance is evaluated by means of numerical simulations reproducing a straight trajectory with hovering and a curved trajectory, both over an almost flat and a mountain scenario. In the best case of the flat scenario, the percentage error on the position estimate, computed with respect to the UAV traveled distance, is less than 0.15%, and the error on the attitude angles estimate is less than 0.08°, while the Root Mean Square (RMS) values of the same quantities are about 0.09% and 0.04°, respectively. In the mountain scenario the performance is degraded but the maximum errors are still kept approximately within 1% and 1o, respectively. © 2024 IEEE.",Conference paper,scopus,ieee; wos,INCLUDE,high,INC-1|INC-2|INC-6,"Paper clearly describes visual-inertial (V-INS) sensor fusion using Extended Kalman Filter (INC-1), explicitly targets UAV navigation (INC-2).",
P0587,False,Deep Reinforcement Learning Framework for UAV Indoor Navigation,10.1109/robot61475.2024.10796906,2024,2024 7th Iberian Robotics Conference (ROBOT),J. J. Martins; A. Amaral; A. Dias,"Unmanned Aerial Vehicle (UAV) applications, particularly for indoor tasks such as inventory management, infrastructure inspection, and emergency response, are becoming increasingly complex with dynamic environments and their different elements. During operation, the vehicle's response depends on various decisions regarding its surroundings and the task goal. Reinforcement Learning techniques can solve this decision problem by helping build more reactive, adaptive, and efficient navigation operations. This paper presents a framework to simulate the navigation of a UAV in an operational environment, training and testing it with reinforcement learning models for further deployment in the real drone. With the support of the 3D simulator Gazebo and the framework Robot Operating System (ROS), we developed a training environment conceivably simple and fast or more complex and dynamic, explicit as the real-world scenario. The multi-environment simulation runs in parallel with the Deep Reinforcement Learning (DRL) algorithm to provide feedback for the training. TD3, DDPG, PPO, and PPO+LSTM were trained to validate the framework training, testing, and deployment in an indoor scenario.",IEEE Conferences,ieee,,EXCLUDE,high,EXC-7,"Reinforcement learning for UAV navigation using simulation frameworks (Gazebo/ROS) without any mention of VIO, visual-inertial fusion, or sensor integration.",
P0409,True,Development of an Algorithm for Absolute Visual Navigation of an Unmanned Aerial Vehicle,10.3103/s1068799825030067,2025,Russian Aeronautics,Lazareva P.A.; Malikov A.I.; Degtyarev G.L.; Mannanov R.T.; Shilin D.,"Abstract: A hybrid method for visual-inertial navigation of unmanned aerial vehicles is presented. It combines absolute navigation using a pre-downloaded satellite georeferenced map, visual odometry based on optical flow analysis, and inertial measurement unit data. The method utilizes key image feature matching using the SIFT algorithm for both absolute positioning and sparse optical flow computation. Integration of estimates from both approaches using an extended Kalman filter ensures smooth trajectories, compensates for outliers typical of absolute navigation, and eliminates coordinate drift inherent in visual odometry. © Allerton Press, Inc. 2025.",Article,scopus,,INCLUDE,high,INC-1|INC-2|INC-5|INC-6,"Article presents a VIO system that fuses visual data (optical flow, SIFT features) with IMU data using extended Kalman filter (INC-1), explicitly targets UAVs (INC-2).",
P0076,True,Tightly-coupled Line Feature-aided Visual Inertial Localization within Lightweight 3D Prior Map for Intelligent Vehicles,10.1109/itsc57777.2023.10422196,2023,"IEEE Conference on Intelligent Transportation Systems, Proceedings, ITSC",Zheng X.; Wen W.; Hsu L.-T.,"Visual-inertial navigation system (VINS) is widely used for autonomous platforms but suffers from drifting over a long time. To remedy this situation, a lightweight 3D prior map-aided visual-inertial navigation system is presented in this paper, which tightly couples the visual-inertial data stream with a lightweight prior map involving 3D line information. To fill the gaps between 3D maps and 2D images, the mutual geometric feature of line segments is utilized to connect these two types of information in different dimensions. By detecting and matching line features in two data sources, the line pairs are utilized as constraints in the nonlinear optimization model and added to the existing factor graph framework in a tightly coupled form. Meanwhile, a fast line feature tracking strategy is employed to monitor and remove extreme outliers, which will further improve the reliability of this structural characteristic during the cross-modality localization. The effectiveness of the proposed method is evaluated by public indoor unmanned aerial vehicles (UAV) datasets, and outdoor unmanned ground vehicles (UGV) datasets generated by the CARLA simulator. © 2023 IEEE.",Conference paper,scopus,ieee; wos,INCLUDE,high,INC-1|INC-2,EXC-2 applies only to papers addressing ground/underwater/legged robots 'without aerial application'.,"UAV datasets used only for evaluation, not as primary target platform"
P0412,True,Robust visual-inertial localization with weak GPS priors for repetitive UAV flights,10.1109/icra.2017.7989745,2017,Proceedings - IEEE International Conference on Robotics and Automation,Surber J.; Teixeira L.; Chli M.,"Agile robots, such as small Unmanned Aerial Vehicles (UAVs) can have a great impact on the automation of tasks, such as industrial inspection and maintenance or crop monitoring and fertilization in agriculture. Their deploy-ability, however, relies on the UAV's ability to self-localize with precision and exhibit robustness to common sources of uncertainty in real missions. Here, we propose a new system using the UAV's onboard visual-inertial sensor suite to first build a Reference Map of the UAV's workspace during a piloted reconnaissance flight. In subsequent flights over this area, the proposed framework combines keyframe-based visual-inertial odometry with novel geometric image-based localization, to provide a real-time estimate of the UAV's pose with respect to the Reference Map paving the way towards completely automating repeated navigation in this workspace. The stability of the system is ensured by decoupling the local visual-inertial odometry from the global registration to the Reference Map, while GPS feeds are used as a weak prior for suggesting loop closures. The proposed framework is shown to outperform GPS localization significantly and diminishes drift effects via global image-based alignment for consistently robust performance. © 2017 IEEE.",Conference paper,scopus,ieee,INCLUDE,high,INC-1|INC-2|INC-3|INC-6,"Article clearly describes a VIO system combining visual-inertial odometry with image-based localization for UAV navigation (INC-1, INC-2), is a peer-reviewed conference paper (INC-3).",
P0298,True,Real-time motion state estimation of feature points based on optical flow field for robust monocular visual-inertial odometry in dynamic scenes,10.1016/j.eswa.2025.126813,2025,Expert Systems with Applications,Cao L.; Liu J.; Lei J.; Zhang W.; Chen Y.; Hyyppä J.,"Vision-based odometry and simultaneous localization and mapping (SLAM) technologies are widely utilized in various applications such as robotics, autonomous driving, augmented reality, and unmanned aerial vehicles (UAVs). In principle, vision-based odometry and SLAM solutions hold on the assume that the surrounding environment keeps static without moving objects. However, real-world environments typically involve moving objects such as pedestrians and vehicles, which will decrease the robustness and accuracy of localization and mapping. Existing studies mitigate the adverse effect of moving objects on localization and mapping by using semantic segmentation or object detection methods, but these methods are computationally expensive and prone to errors, such as misidentifying parked vehicles or undefined moving objects. To tackle these challenges, we propose a motion state estimation method that clusters feature points using optical flow field and quantifiably estimates their motion states, including stationary, lowly dynamic, and highly dynamic motion. In general, the proposed method can be applied to vision based either odometry or SLAM systems. In this study, we incorporate the proposed method with the widely used monocular visual-inertial odometry (VIO), in which the estimated motion states are used to weight feature points in bundle adjustment optimization, thus improving the localization in dynamic scenes. Experiments on public datasets and an embedded hardware platform demonstrate that our method improves positioning accuracy by 27.5%-93.9% in dynamic datasets, with greater improvements in higher-dynamic scenes with more moving objects, and our method can run in real time on low-cost hardware. © 2025 Elsevier Ltd",Article,scopus,,INCLUDE,high,INC-1|INC-2|INC-6,"Article reports a VIO system that fuses visual and inertial data (INC-1), explicitly mentions UAVs as target application (INC-2).",
P0181,True,A robust fault-tolerant control algorithm for GPS-denied mini quadrotors using PID-TinyMPC and visual-inertial odometry,10.1016/j.conengprac.2026.106779,2026,Control Engineering Practice,Çintaş E.; Özyer B.,"Fault-tolerant control (FTC) is crucial for ensuring the safety and reliability of autonomous quadrotors, especially in scenarios involving rotor failures. This paper presents a hybrid control architecture that combines a PID-based outer-loop controller with a TinyMPC-based inner-loop controller, integrated with visual-inertial odometry (VIO) for real-time state estimation. The proposed method enables a mini quadrotor to maintain stable flight and trajectory tracking even under rotor failure conditions, using only onboard sensors (IMU, barometer and monocular camera) without relying on external positioning systems such as GPS and VICON. The outer-loop PID controller handles position control at a lower frequency, while the inner-loop TinyMPC operates at a higher frequency to manage the fast-changing attitude dynamics. This design reduces computational overhead while maintaining spatial-temporal stability and precision. Experimental results demonstrate the effectiveness of the proposed method in real-world scenarios, where the quadrotor successfully maintains hovering under varying yaw rates and rotor speed reduction conditions. The proposed low-cost, computationally efficient solution addresses a significant gap in the literature by providing a robust FTC approach that is feasible for microcontrollers and resource-constrained platforms. The source code and some flight videos are publicly available at: https://github.com/emrecintas/fault_tolerant_control. © 2026 Elsevier Ltd",Article,scopus,,INCLUDE,high,INC-1|INC-2|INC-6,"Paper presents a VIO system that fuses visual (monocular camera) and inertial (IMU) data for quadrotor state estimation (INC-1), targets mini quadrotors as the aerial platform (INC-2).",
P0594,True,A Robust UAV System for Operations in a Constrained Environment,10.1109/lra.2020.2970980,2020,IEEE Robotics and Automation Letters,M. Petrlík; T. Báča; D. Heřt; M. Vrba; T. Krajník; M. Saska,"In this letter we present an autonomous system intended for aerial monitoring, inspection and assistance in Search and Rescue (SAR) operations within a constrained workspace. The proposed system is designed for deployment in demanding real-world environments with extremely narrow passages only slightly wider than the aerial platform, and with limited visibility due to the absence of illumination and the presence of dust. The focus is on precise localization in an unknown environment, high robustness, safety and fast deployment without any need to install an external infrastructure such as an external computer and localization system. These are the main requirements of the targeted SAR scenarios. The performance of the proposed system was successfully evaluated in the Tunnel Circuit of the DARPA Subterranean Challenge, where the UAV cooperated with ground robots to precisely localize artifacts in a coal mine tunnel system. The challenge was unique due to the intention of the organizers to emulate the unpredictable conditions of a real SAR operation, in which there is no prior knowledge of the obstacles that will be encountered.",IEEE Journals,ieee,,UNCERTAIN,medium,INC-1|INC-2,"Confirms aerial platform (INC-2) and mentions 'precise localization' in challenging conditions, but does not explicitly state VIO fusion or specify the sensor modalities used for localization (INC-1).",Localization method unclear - could be VIO but abstract doesn't specify sensor fusion approach
P0300,True,CDSFusion: Dense Semantic SLAM for Indoor Environment Using CPU Computing,10.3390/rs14040979,2022,Remote Sensing,Wang S.; Gou G.; Sui H.; Zhou Y.; Zhang H.; Li J.,"Unmanned Aerial Vehicles (UAVs) require the ability to robustly perceive surrounding scenes for autonomous navigation. The semantic reconstruction of the scene is a truly functional understanding of the environment. However, high-performance computing is generally not available on most UAVs, so a lightweight real-time semantic reconstruction method is necessary. Existing methods rely on GPU, and it is difficult to achieve real-time semantic reconstruction on CPU. To solve the problem, an indoor dense semantic Simultaneous Localization and Mapping (SLAM) method using CPU computing is proposed in this paper, named CDSFusion. The CDSFusion is the first system integrating RGBD-based Visual-Inertial Odometry (VIO), semantic segmentation and 3D reconstruction in real-time on a CPU. In our VIO method, the depth information is introduced to improve the accuracy of pose estimation, and FAST features are used for faster tracking. In our semantic reconstruction method, the PSPNet (Pyramid Scene Parsing Network) pre-trained model is optimized to provide the semantic information in real-time on the CPU, and the semantic point clouds are fused using Voxblox. The experimental results demonstrate that camera tracking is accelerated without loss of accuracy in our VIO, and a 3D semantic map is reconstructed in real-time, which is comparable to one generated by the GPU-dependent method. © 2022 by the authors. Licensee MDPI, Basel, Switzerland.",Article,scopus,,INCLUDE,high,INC-1|INC-2|INC-6,"Article presents a VIO system that fuses RGB-D visual and inertial data (INC-1) explicitly for UAVs (INC-2), with clear focus on computational efficiency for CPU-based onboard deployment (INC-6).",
P0568,False,Autonomous UAV Implementation for Facial Recognition and Tracking in GPS-Denied Environments,10.1109/access.2024.3447899,2024,IEEE Access,D. A. H. Ollachica; B. K. A. Asante; H. Imamura,"Surveillance with facial recognition holds immense potential as a technological tool for combating crime in Latin American countries. However, the limitations of fixed cameras in covering wide areas and tracking suspects as the evaded recognitions systems pose significant challenges. To address these limitations, we propose a facial recognition system designed to recognize faces of suspected individuals with criminal backgrounds and missing persons. Our solution combines facial recognition technology with a custom-built unmanned aerial vehicle (UAV) for the identification and tracking of targeted persons listed in a database for crimes. We utilize the inception v2 model to deploy a Siamese network on the Jetson TX2 platform for facial recognition. Additionally, we introduce a novel tracking algorithm to track suspected individuals in the event of evasion. During field test experiments, our system demonstrated strong performance in facial recognition across three different environments: stationary, indoor flight, and outdoor flight. The accuracy of our system was 94.45% for recognizing along with our tracking algorithms. An improvement of 1.5% in recognition and better tracking approach for surveillance. This indicates the versatility and effectiveness of our solution in various operational scenarios, enhancing its potential for crime prevention and law enforcement efforts in Latin American countries.",IEEE Journals,ieee,,EXCLUDE,high,EXC-7,"Facial recognition and tracking as the primary contribution, with UAV serving as a platform to deploy existing technologies.",UAV navigation/VIO likely present but treated as black-box input to facial recognition system.
P0414,True,A tightly-coupled dense monocular Visual-Inertial Odometry system with lightweight depth estimation network,10.1016/j.asoc.2025.112809,2025,Applied Soft Computing,Wang X.; Zhang Z.; Li L.,"In various fields such as unmanned aerial vehicles (UAVs) and autonomous driving, monocular dense Simultaneous Localization and Mapping (SLAM) and Visual Odometry (VO) allow devices of above mentioned fields to estimate their position and orientation in real-time while constructing dense maps, relying solely on a single camera sensor. However, existing solutions for dense SLAM/VO systems often come with high computational costs and lead to issues, such as scale drift and reduced localization accuracy, making them less practical than their sparse counterparts. We present MVS-VIO, a novel dense monocular visual inertial odometry system composed of two main components: real-time pose estimation and global Truncated Signed Distance Function (TSDF) reconstruction. The first component is LW-MVSNET, a lightweight multi-view depth estimation network that utilizes only three views and 68 depth hypotheses. The adaptive view aggregation (AVA) and adaptive depth hypotheses (ADH) modules can effectively reject inaccurate depth estimation results, preventing significant error accumulation during runtime by adopting an uncertainty mask. The second is a tightly-coupled optimization method leveraging a deep photometric error. To address the problem of underutilization of information due to a delayed generation of depth estimation, we incorporate a delayed marginalization strategy to optimize all the variables. LW-MVSNET is trained on the Replica dataset and performs good generalization on the TUM-RGBD and the EuRoC datasets, and the ablation study further validates the effectiveness of our modules. Notably, in all real-world sequences of the EuRoC dataset, our proposed MVS-VIO system outperforms comparable dense monocular systems. It operates stably in all eleven sequences at a rate of 10.08 frames per second (FPS), and achieves an average absolute trajectory error (ATE) of 0.066 meters, which represents state-of-the-art performance. This demonstrates that our method can reconstruct dense maps in real-time while maintaining a level of accuracy comparable to that of sparse systems. © 2025 Elsevier B.V.",Article,scopus,,INCLUDE,high,INC-1|INC-2|INC-6,"A visual-inertial odometry (VIO) system that fuses camera and IMU data (INC-1), explicitly mentions UAVs as a target application (INC-2), and addresses computational efficiency for real-time operation (INC-6).",
P0077,True,Research on Sensor Data Spatiotemporal Synchronization Technology for Onboard Visual Navigation Systems,10.1109/icpeca63937.2025.10928832,2025,"2025 IEEE 5th International Conference on Power, Electronics and Computer Applications, ICPECA 2025",Yuan Y.; Liu H.; Zhao C.,"Against the backdrop of the rapid development of unmanned aerial vehicle (UAV) technology, onboard visual navigation systems have become the core support technology for achieving precise positioning and efficient map construction of UAVs. This paper deeply explores the key technologies of sensor data spatiotemporal synchronization in onboard visual navigation systems, aiming to solve the synchronization issues in multi-sensor data fusion in variable environments, and enhance the navigation accuracy and reliability of UAVs. The research covers both spatial and temporal synchronization dimensions, with a focus on the technical implementation of Visual-Inertial Odometry (VIO). For spatial synchronization, a target-based method is proposed to construct an error equation for solving the extrinsic parameters between the camera and the Inertial Measurement Unit (IMU), achieving precise alignment of sensor coordinate systems through the identification and matching of visual target feature points. In terms of temporal synchronization, considering the data frequency differences between the camera and IMU, this paper designs a time alignment strategy that realizes efficient temporal alignment of data through data buffering and timestamp matching. Additionally, the initialization and local sliding window optimization process of the Visual-Inertial Odometry are detailed, achieving high-precision fusion of visual and inertial data through feature extraction, optical flow tracking, and motion structure recovery. Experimental results show that the methods proposed in this paper can technically provide strong support for the autonomous flight of UAVs, effectively improving the navigation performance of UAVs in complex environments, and enhancing the robustness of the system.  © 2025 IEEE.",Conference paper,scopus,ieee,INCLUDE,high,INC-1|INC-2|INC-3|INC-6,"Article explicitly describes VIO system fusing camera and IMU data (INC-1) for UAV navigation (INC-2), addresses robustness in complex environments (INC-6), and is a peer-reviewed IEEE conference paper (INC-3).",
P0595,False,AprilTag-Guided Autonomous Precision Landing System for UAV-Quadcopter Using HuskyLens AI Camera,10.1109/ice3is66769.2025.11281319,2025,2025 5th International Conference on Electronic and Electrical Engineering and Intelligent System (ICE3IS),R. O. Wiyagi; B. S. Tryatmojo; S. A. Basith; H. T. G. Handoko; M. R. A. Hasani; M. Y. Mustar,"The development of Unmanned Aerial Vehicle (UAV) technology has driven various innovations, especially in navigation systems and precision landings. The use of conventional GPS modules still has limitations, especially in accuracy and performance in GPS-denied areas. This study proposed an autonomous precision landing system on a UAVQuadcopter using the Huskylens AI Camera as a vision edge computing device to detect and track the AprilTag fiducial marker. The system was developed by integrating Huskylens with a Raspberry $\mathrm{Pi} 4 \mathrm{~B}+$ companion computer and implementing PID control based on visual data for landing maneuvers on the Quadcopter. The test results show that Huskylens can detect AprilTag stably with a maximum confidence rate of 1.0 at a distance of up to 250 cm in lighting conditions ranging from $\mathbf{1 5 - 3 1 5 5}$ LUX. At a detection distance below 50 cm, the camera can achieve the highest FPS above 25 FPS. With the implementation of the Huskylens AI camera on the Quadcopter, the tracking control system can keep the marker in the camera frame during the landing process. The fastest landing time was recorded at 19 seconds from an altitude of 180 cm, while in testing at an altitude of 200 cm, the smallest position error was obtained at 6 cm on the x-axis and 5 cm on the y -axis.",IEEE Conferences,ieee,,EXCLUDE,high,EXC-3,"A vision-only precision landing system using AprilTag detection with no mention of IMU or inertial sensor fusion, failing to meet INC-1 for VIO systems.",Uses only camera for visual tracking without inertial component
P0182,True,Monocular visual-inertial SLAM for fixed-wing UAVs using sliding window based nonlinear optimization,10.1007/978-3-319-50835-1_51,2016,Lecture Notes in Computer Science (including subseries Lecture Notes in Artificial Intelligence and Lecture Notes in Bioinformatics),Hinzmann T.; Schneider T.; Dymczyk M.; Schaffner A.; Lynen S.; Siegwart R.; Gilitschenski I.,"Precise real-time information about the position and orientation of robotic platforms as well as locally consistent point-clouds are essential for control, navigation, and obstacle avoidance. For years, GPS has been the central source of navigational information in airborne applications, yet as we aim for robotic operations close to the terrain and urban environments, alternatives to GPS need to be found. Fusing data from cameras and inertial measurement units in a nonlinear recursive estimator has shown to allow precise estimation of 6-Degreeof- Freedom (DoF) motion without relying on GPS signals. While related methods have shown to work in lab conditions since several years, only recently real-world robotic applications using visual-inertial state estimation found wider adoption. Due to the computational constraints, and the required robustness and reliability, it remains a challenge to employ a visual-inertial navigation system in the field. This paper presents our tightly integrated system involving hardware and software efforts to provide an accurate visual-inertial navigation system for low-altitude fixedwing unmanned aerial vehicles (UAVs) without relying on GPS or visual beacons. In particular, we present a sliding window based visual-inertial Simultaneous Localization and Mapping (SLAM) algorithm which provides real-time 6-DoF estimates for control. We demonstrate the performance on a small unmanned aerial vehicle and compare the estimated trajectory to a GPS based reference solution. © Springer International Publishing AG 2016.",Conference paper,scopus,,INCLUDE,high,INC-1|INC-2|INC-3|INC-5|INC-6,"Paper clearly describes a visual-inertial SLAM system (INC-1) specifically for fixed-wing UAVs (INC-2), addresses GNSS-denied environments and computational constraints for onboard deployment (INC-6).",
P0596,False,An Acoustic-Aided RTK UAV Positioning Method for Occluded Environments,10.1109/access.2026.3656895,2026,IEEE Access,B. Zhou; Y. Li; W. Shi; C. Yuan,"In complex structural environments such as high-voltage substations, GNSS signals are susceptible to blockage and multipath interference, leading to significant degradation of RTK positioning accuracy. This paper proposes a UAV positioning method that fuses RTK with acoustic ranging based on graph optimization and an Extended Kalman Filter (EKF). The RTK subsystem uses a Qianxun XMini receiver operating in network RTK mode. The acoustic subsystem consists of four ground-deployed acoustic base stations and a single microphone mounted on the UAV to enable time-of-arrival (TOA)-based ranging, providing redundant positioning when RTK performance degrades or fails. Field flight tests and error assessments were conducted in a typical 10 m by 40 m test site featuring both open and GNSS-blocked areas. The experimental results show that in unobstructed areas, the proposed fused positioning system achieves a mean positioning error of approximately 0.11 m, with 90% of the errors remaining below 0.15 m. When entering GNSS-blocked regions, where the positioning error of the standalone RTK solution increases significantly and frequently exceeds 1.0 m, the fused system maintains a mean error of about 0.21 m, with 95% of the positioning errors confined within 0.25 m. Compared with the RTK-only solution, this corresponds to an average error reduction of approximately 38.6%. These results demonstrate that the proposed multisensor fusion strategy effectively enhances both positioning accuracy and robustness under challenging conditions, providing reliable localization support for UAV-based intelligent inspection tasks in GNSS-degraded environments.",IEEE Journals,ieee,,EXCLUDE,high,EXC-3,"RTK-acoustic sensor fusion for UAV positioning but does not mention any visual or inertial components, failing to meet INC-1 which requires VIO systems that fuse visual and inertial data.",
P0598,False,A Review of Small UAV Navigation System Based on Multisource Sensor Fusion,10.1109/jsen.2023.3292427,2023,IEEE Sensors Journal,X. Ye; F. Song; Z. Zhang; Q. Zeng,"In recent years, unmanned aircraft systems (UASs) have played an increasingly significant role in the military and civil fields. The flight control system, as the “hub” of an unmanned aerial vehicle (UAV), is responsible for the key function of autonomous flight, while a reliable and stable navigation system provides important information such as position status for flight control and represents the “sensory” function of the UAV. A highly autonomous and credible UAV requires a navigation system that meets specific requirements for accuracy, integrity, and continuity, resulting in a multitude of sensors on-board the UAV that are heterogeneous, redundant, and multisource, creating a highly complex navigation system. In this article, we review multisensor fusion (MSF) technology for small UAVs over the last 20 years and provide an overview of three typical multisource fusion architectures based on filtering, factor graph optimization, and data-driven, focusing on inductive identification of key technologies for multisource information fusion state estimation systems, including calibration techniques to improve data quality, observability analysis to provide theoretical support, additional model constraint correction using aircraft, and resilient fusion management techniques across all sources. Finally, we propose future directions for UAS navigation systems to address the limitations of the existing systems.",IEEE Journals,ieee,wos,EXCLUDE,high,EXC-4,"This is explicitly a review article as stated in the title and abstract, which falls under EXC-4 as a secondary study.",
P0302,True,Loop Detection Method Based on Neural Radiance Field BoW Model for Visual Inertial Navigation of UAVs,10.3390/rs16163038,2024,Remote Sensing,Zhang X.; Cui Y.; Ren Y.; Duan G.; Zhang H.,"The loop closure detection (LCD) methods in Unmanned Aerial Vehicle (UAV) Visual Inertial Navigation System (VINS) are often affected by issues such as insufficient image texture information and limited observational perspectives, resulting in constrained UAV positioning accuracy and reduced capability to perform complex tasks. This study proposes a Bag-of-Words (BoW) LCD method based on Neural Radiance Field (NeRF), which estimates camera poses from existing images and achieves rapid scene reconstruction through NeRF. A method is designed to select virtual viewpoints and render images along the flight trajectory using a specific sampling approach to expand the limited observational angles, mitigating the impact of image blur and insufficient texture information at specific viewpoints while enlarging the loop closure candidate frames to improve the accuracy and success rate of LCD. Additionally, a BoW vector construction method that incorporates the importance of similar visual words and an adapted virtual image filtering and comprehensive scoring calculation method are designed to determine loop closures. Applied to VINS-Mono and ORB-SLAM3, and compared with the advanced BoW model LCDs of the two systems, results indicate that the NeRF-based BoW LCD method can detect more than 48% additional accurate loop closures, while the system’s navigation positioning error mean is reduced by over 46%, validating the effectiveness and superiority of the proposed method and demonstrating its significant importance for improving the navigation accuracy of VINS. © 2024 by the authors.",Article,scopus,wos,INCLUDE,high,INC-1|INC-2|INC-6,"Paper clearly addresses VIO fusion in UAV VINS (INC-1, INC-2) and targets challenging conditions with insufficient texture and limited perspectives (INC-6).",
P0185,True,Perception-Aware Receding Horizon Trajectory Planning for Multicopters With Visual-Inertial Odometry,10.1109/access.2022.3200342,2022,IEEE Access,Wu X.; Chen S.; Sreenath K.; Mueller M.W.,"Visual inertial odometry (VIO) is widely used for the state estimation of multicopters, but it may function poorly in environments with few visual features or in overly aggressive flights. In this work, we propose a perception-aware collision avoidance trajectory planner for multicopters, that may be used with any feature-based VIO algorithm. Our approach can fly the vehicle to a goal position at high speed, avoiding obstacles in an unknown stationary environment while achieving good VIO state estimation accuracy. The proposed planner samples a group of minimum jerk trajectories and finds collision-free trajectories among them, which are then evaluated based on their speed to the goal and perception quality. Both the motion blur of features and their locations are considered for the perception quality. Our novel consideration of the motion blur of features enables automatic adaptation of the trajectory's aggressiveness under environments with different light levels. The best trajectory from the evaluation is tracked by the vehicle and is updated in a receding horizon manner when new images are received from the camera. Only generic assumptions about the VIO are made, so that the planner may be used with various existing systems. The proposed method can run in real-time on a small embedded computer on board. We validated the effectiveness of our proposed approach through experiments in both indoor and outdoor environments. Compared to a perception-agnostic planner, the proposed planner kept more features in the camera's view and made the flight less aggressive, making the VIO more accurate. It also reduced VIO failures, which occurred for the perception-agnostic planner but not for the proposed planner. The ability of the proposed planner to fly through dense obstacles was also validated. The experiment video can be found at https://youtu.be/qO3LZIrpwtQ.  © 2013 IEEE.",Article,scopus,,INCLUDE,high,INC-1|INC-2|INC-3|INC-6,"Paper reports VIO-based trajectory planning for multicopters (satisfies INC-1 and INC-2), addresses perception quality and motion blur challenges (satisfies INC-6), published in peer-reviewed IEEE Access.",
P0183,False,A Decision-Making Framework for Autonomous Aerial Vehicles in Responding to GPS Loss,10.2514/6.2026-1992,2026,"AIAA Science and Technology Forum and Exposition, AIAA SciTech Forum 2026",Prell R.; Rubio R.; Joseph S.; Negash N.; Sun L.,"Unmanned Aerial Vehicles (UAVs) face critical challenges when operating in environments where Global Positioning System (GPS) signals are degraded or unavailable. Existing work on GPS-denied navigation has produced capable localization and control techniques, but these contributions are often siloed and rarely integrate energy constraints, decision logic, and regulatory considerations into a cohesive architecture, especially in Beyond-Visual-Line-Of-Sight (BVLOS) operations. This paper proposes a unified, modular framework that couples resilient multimodal localization, such as visual–inertial odometry and simultaneous localization and mapping, with an energy-aware trajectory planner and a contingency-aware decision layer that manages actions such as rerouting, hovering, reorienting, returning to home, or performing a safe landing. The proposed framework explicitly encodes navigation confidence, command-and-control integrity, and logging for post-flight audit, enabling traceable behavior suitable for certification and large-scale deployment. By moving GPS-denied response from ad-hoc failsafe logic to a standardized, closed-loop decision-making model, this work provides a blueprint that can inform future performance standards and accelerate trustworthy beyond-visual-line-of-sight and advanced air mobility operations in real-world industrial, public-safety, and urban contexts. © 2025, American Institute of Aeronautics and Astronautics Inc, AIAA. All rights reserved.",Conference paper,scopus,,EXCLUDE,high,EXC-7,High-level decision-making frameworks and system architecture that uses existing VIO techniques (visual-inertial odometry and SLAM) as trusted inputs without algorithmic contribution to the VIO component itself.,
P0304,True,Analysis on the performance of VIO according to Trajectory Planning of UAV,10.23919/iccas50221.2020.9268220,2020,"International Conference on Control, Automation and Systems",Lee E.M.; Myung H.,"Recently, Unmanned Aerial Vehicles (UAVs) have been widely researched to accomplish tasks such as structural inspection, drone racing, and exploration of an unknown environment. To make the most of UAV and correctly estimate its pose with inexpensive and light-weight sensors such as Inertial Measurement Unit (IMU) and cameras, Visual Inertial Odometry (VIO) has been intensively researched. There were a few analyses on the performance of VIO methods where only estimated pose error and utilization of the computing resources were considered. However, the performance of them according to trajectory planning was not treated. Trajectory planning can be one of the main reasons for the drift of localization from VIO since the sensors acquire the data at their sampling rates. In this paper, we analyze the performance of VIO on various trajectories that have different orders of polynomials for the desired position over time and hence different velocity, acceleration, and the first, second derivative of acceleration, using simulator which reflects the real dynamics of UAV. As a result, the higher the order of polynomial for trajectory, the better performance of VIO can be observed. © 2020 Institute of Control, Robotics, and Systems - ICROS.",Conference paper,scopus,ieee; wos,INCLUDE,high,INC-1|INC-2|INC-3|INC-5|INC-6,"Analyzes VIO performance using IMU and cameras (INC-1) for UAVs (INC-2), is a peer-reviewed conference paper from 2020 (INC-3, INC-5).",
P0079,False,Stereo Visual Inertial Odometry for Unmanned Aerial Vehicle Autonomous Flight,10.1007/978-981-32-9686-2_62,2020,Lecture Notes in Electrical Engineering,Liu Q.; Wang Z.; Wang H.,"Visual–inertial SLAM system is very popular in the near decade for the navigation of unmanned aerial vehicle (UAV) system, because it is effective in the environments without the Global Position System (GPS). Due to size and weight constraints, only inexpensive and small sensors can be used. Therefore, there are still challenges in the computational efficiency and robustness of MAV autonomous flight algorithm. We present S-VIO: an optimization-based stereo visual-inertial odometry. Our approach starts with inertial measurement units (IMU) pre-integration, in which IMU measurements is accumulated between several frames using measurement pre-integration. After the initial state estimation converges, a highly precision stereo vision-inertial odometry is obtained by fusing IMU measurements and feature observations. Our approach is validated on the EuRoC MAV datasets. Experimental results prove that our S-VIO has higher accuracy and robustness than the most advanced visual-inertial fusion methods in some challenging situations. © 2020, Springer Nature Singapore Pte Ltd.",Conference paper,scopus,,INCLUDE,high,INC-1|INC-2|INC-3|INC-6,"Paper clearly presents a VIO system (S-VIO) that fuses stereo vision and IMU data for UAV/MAV autonomous flight, addressing computational efficiency and robustness challenges in GPS-denied environments.",
P0599,False,Long-Range UAV Thermal Geo-Localization with Satellite Imagery,10.1109/iros55552.2023.10342068,2023,2023 IEEE/RSJ International Conference on Intelligent Robots and Systems (IROS),J. Xiao; D. Tortei; E. Roura; G. Loianno,"Onboard sensors, such as cameras and thermal sensors, have emerged as effective alternatives to Global Positioning System (GPS) for geo-Iocalization in Unmanned Aerial Vehicle (UAV) navigation. Since GPS can suffer from signal loss and spoofing problems, researchers have explored camera-based techniques such as Visual Geo-Iocalization (VG) using satellite RGB imagery. Additionally, thermal geo-Iocalization (TG) has become crucial for long-range UAV flights in low-illumination environments. This paper proposes a novel thermal geo-Iocalization framework using satellite RGB imagery, which includes multiple domain adaptation methods to address the limited availability of paired thermal and satellite images. The experimental results demonstrate the effectiveness of the proposed approach in achieving reliable thermal geo-Iocalization performance, even in thermal images with indistinct self-similar features. We evaluate our approach on real data collected onboard a UAV. We also release the code and Boson-nighttime, a dataset of paired satellite-thermal and unpaired satellite images for thermal geo-Iocalization with satellite imagery. To the best of our knowledge, this work is the first to propose a thermal geo-Iocalization method using satellite RGB imagery in long-range flights.",IEEE Conferences,ieee,,EXCLUDE,high,EXC-7,"Thermal geo-localization using satellite imagery for UAV navigation, which is a higher-level application.",
P0080,True,Visual-inertial positioning method based on priori feature map matching constraints; [基于先验特征地图匹配约束的视觉/惯性定位方法],10.13695/j.cnki.12-1222/o3.2022.01.007,2022,Zhongguo Guanxing Jishu Xuebao/Journal of Chinese Inertial Technology,Li L.; Wang Y.; Gui X.; Chen J.; Li Z.; Han Y.,"Monocular visual-inertial positioning system is widely used due to its low cost and high autonomy. However, visual-inertial odometry generates large cumulative errors after a long period of operation, which cannot provide accurate pose estimation, and there are feature point tracking failures in the system with complex light and road conditions, which cannot solve the current position with low stability. To address the above problems, a priori feature map matching method based on nonlinear optimization is proposed. The pose graph established by monocular visual-inertial SLAM is used to constrain the residual estimation of the system. By calculating the similarity between the current frame and the historical frames in the feature map, and using the bit-pose of the map for error constraint if the similarity between them is higher than a certain threshold, the cumulative error is eliminated and the stability of the system is improved. The map matching method is verified using data from an UAV flying at an altitude of about 6.4 km for 15 minutes. The experimental results show that the proposed map matching algorithm improves the navigation accuracy (RMSE) by 91% in the case where the time-consuming increase is less than 20% compared with the unused map matching algorithm, and can effectively reduce the cumulative errors of monocular vision-inertial system and improve the stability of the system. © 2022, Editorial Department of Journal of Chinese Inertial Technology. All right reserved.",Article,scopus,,INCLUDE,high,INC-1|INC-2|INC-3|INC-4|INC-5|INC-6,Paper describes a monocular visual-inertial positioning system that fuses camera and IMU data (INC-1) and is validated on UAV data with 15-minute flight at 6.4km altitude (INC-2).,
P0607,True,Cluster-ALIV: Aerial LiDAR-Inertia-Visual Dense Reconstruction for Cluster UAV,10.1109/lra.2025.3559839,2025,IEEE Robotics and Automation Letters,X. Li; J. Zhang; S. Bu; L. Chen; K. Li; Z. Xia; Y. Zhang; X. Jia,"Uncrewed Aerial Vehicles (UAVs) equipped with LiDAR, camera, and Inertial Measurement Unit sensors are increasingly utilized for real-time dense reconstruction in large-scale rescue operations and environmental monitoring, among others. However, achieving algorithmic robustness remains challenging due to the UAVs' high-speed flight and rapid pose changes. Additionally, energy constraints on individual UAVs can be mitigated through multi-UAV collaboration, improving operational efficiency. Nevertheless, when faced with unknown environments or the loss of Global Navigation Satellite System signal, most multi-UAV dense reconstruction systems can't work, making it hard to construct a global consistent map. In this letter, we propose Cluster-ALIV, a real-time dense reconstruction system for multiple UAVs that effectively supports aerial, large-scale scenarios with lost global positioning and weak co-visibility of LiDAR or vision. The system integrates LiDAR-Inertial-Visual odometry through multi-sensor fusion to generate accurate, gravity-aligned, colorized LiDAR point clouds and visual information with scale. Overall, in the Cluster-ALIV, each UAV executes a LiDAR-Inertial-Visual odometry, transmitting point cloud and visual data to a ground server, where multi-UAV joint optimization is performed through LiDAR post-processing, visual post-processing, and normal distributions transform refinement. Extensive experiments demonstrate that our system can efficiently construct large-scale dense map in real time with high accuracy and robustness.",IEEE Journals,ieee,,INCLUDE,high,INC-1|INC-2|INC-6,"A LiDAR-Inertial-Visual odometry system that fuses visual (camera) and inertial (IMU) data, satisfying INC-1. The target platform is explicitly UAVs/multi-UAV systems (INC-2).",
P0186,False,System Development and Integration of Unmanned Aerial Vehicle Navigation Techniques for Indoor Environments,10.1109/icit58233.2024.10540747,2024,Proceedings of the IEEE International Conference on Industrial Technology,Chang K.-L.; Lin H.-Y.,"In this paper we present the exploration of indoor positioning technologies for UAV s, and navigation techniques for path planning and obstacle avoidance. For the indoor positioning techniques, we employed Visual-Inertial Odometry (VIO), Ultra-Wideband (UWB), AprilTag fiducial markers, and Simultaneous Localization and Mapping (SLAM). These algorithms encompass global positioning, local positioning, and pre-mapping positioning, comparing the merits and drawbacks of various techniques and trajectories. In UAV navigation, we combined SLAM-based RTAB-Map indoor mapping and navigation path planning of the ROS for indoor environments. This system enables precise drone positioning indoors and utilizes global and local path planners to generate flight paths that avoid dynamic, static, unknown, and known obstacles, demonstrating high practicality and feasibility. The feasibility of our UAV path planning and obstacle avoidance navigation algorithms is tested in real and virtual environments. Code is available at https://github.com/kellen080INavigation and https://github.com/kellen080IIndoor-Positioning  © 2024 IEEE.",Conference paper,scopus,ieee,EXCLUDE,high,EXC-7,"System integration of existing positioning technologies (VIO, UWB, AprilTag, SLAM) and path planning rather than contributing algorithmic improvements to VIO itself.",System integration paper using existing VIO as component
P0187,True,An Indoor UAV Localization Framework with ESKF Tightly-Coupled Fusion and Multi-Epoch UWB Outlier Rejection,10.3390/s25247673,2025,Sensors,Zhao J.; Deng Z.; Hu E.; Su W.; Lou B.; Liu Y.,"Unmanned aerial vehicles (UAVs) are increasingly used indoors for inspection, security, and emergency tasks. Achieving accurate and robust localization under Global Navigation Satellite System (GNSS) unavailability and obstacle occlusions is therefore a critical challenge. Due to their inherent physical limitations, Inertial Measurement Unit (IMU)–based localization errors accumulate over time, Ultra-Wideband (UWB) measurements suffer from systematic biases in Non-Line-of-Sight (NLOS) environments and Visual–Inertial Odometry (VIO) depends heavily on environmental features, making it susceptible to long-term drift. We propose a tightly coupled fusion framework based on the Error-State Kalman Filter (ESKF). Using an IMU motion model for prediction, the method incorporates raw UWB ranges, VIO relative poses, and TFmini altitude in the update step. To suppress abnormal UWB measurements, a multi-epoch outlier rejection method constrained by VIO is developed, which can robustly eliminate NLOS range measurements and effectively mitigate the influence of outliers on observation updates. This framework improves both observation quality and fusion stability. We validate the proposed method on a real-world platform in an underground parking garage. Experimental results demonstrate that, in complex indoor environments, the proposed approach exhibits significant advantages over existing algorithms, achieving higher localization accuracy and robustness while effectively suppressing UWB NLOS errors as well as IMU and VIO drift. © 2025 by the authors.",Article,scopus,wos,INCLUDE,high,INC-1|INC-2|INC-6,"Article clearly reports VIO fusion with IMU and other sensors (INC-1) for UAV localization (INC-2), targeting GNSS-denied indoor environments with outlier rejection for robustness (INC-6).",
P0610,False,Computationally Light Spectrally Normalized Memory Neuron Network based Estimator for GPS-denied operation of Micro-UAV,10.1109/codit58514.2023.10284327,2023,"2023 9th International Conference on Control, Decision and Information Technologies (CoDIT)",N. Rao; S. Sundaram; V. Raghavendra,"This paper addresses the problem of position estimation in UAVs operating in a cluttered environment where GPS information is unavailable. A learning-based approach is proposed that takes in the rotor RPMs and past state as input and predicts the one-step-ahead position of the UAV using a novel spectral-normalized memory neural network (SN-MNN). The spectral normalization guarantees stable and reliable prediction performance. The predicted position is transformed to the global coordinate frame (GPS), which is then fused along with the odometry of other peripheral sensors like IMU, barometer, compass, etc., using the onboard extended Kalman filter (EKF) to estimate the states of the UAV. The experimental flight data collected from an RTK-GPS facility using a micro-UAV is used to train the SN-MNN. The PX4-ECL library is used to fuse the predicted data using the SN-MNN, and the estimated position is compared with actual ground truth data. The proposed algorithm doesn't require any additional onboard sensors and is computationally light. The performance of the proposed approach is compared with the current state-of-art GPS-denied algorithms, and it can be seen that the proposed algorithm has the least RMSE for position estimates.",IEEE Conferences,ieee,,EXCLUDE,high,EXC-7,"Uses an existing VIO system (PX4-ECL library) as a black-box component and focuses on learning-based position prediction from rotor RPMs, which is a higher-level application rather than an algorithmic VIO contribution.",Novel neural network approach but no VIO algorithm development - uses existing EKF fusion framework
P0306,True,LVIO-GSMAP: Robust LiDAR-Visual-Inertial UAV System With Gaussian Mapping,10.1109/ecie65947.2025.11087050,2025,"2025 5th International Conference on Electronics, Circuits and Information Engineering, ECIE 2025",Luo S.; Yang C.; Huang F.; Li S.; Xiang Y.; Tang J.,"This paper presents a robust SLAM framework that integrates LiDAR-Visual-Inertial Odometry (LVIO) with 3D Gaussian Splatting (3DGS) to address critical challenges in outdoor environments, including photometric degradation, weak textures, and motion blur. Traditional LiDAR-Visual-Inertial Odometry systems struggle under these conditions, while existing 3DGS-based SLAM methods are limited to indoor scenes due to their reliance on dense RGB-D inputs. Our approach introduces two key innovations: First, a state estimation pipeline that transitions entirely to LiDAR-Inertial Odometry (LIO) when photometric reliability drops, leveraging LIVO architecture to achieve millimeter-level accuracy and robustness. Second, an outdoor-capable 3DGS reconstruction system that utilizes geometrically consistent LiDAR point clouds from the LVIO frontend, overcoming the scalability limitations of neural implicit representations in large-scale environments. Our system achieves real-time performance at 25 Hz while maintaining high-fidelity mapping. This work bridges the gap between robust odometry and photorealistic reconstruction for outdoor SLAM, enabling reliable operation in complex, outdoors environments. © 2025 IEEE.",Conference paper,scopus,ieee,INCLUDE,high,INC-1|INC-2,"Abstract clearly describes LiDAR-Visual-Inertial Odometry (LVIO) system that fuses visual, inertial, and LiDAR data (INC-1).",
P0188,True,REVIO: Range- and Event-Based Visual-Inertial Odometry for Bio-Inspired Sensors,10.3390/biomimetics7040169,2022,Biomimetics,Wang Y.; Shao B.; Zhang C.; Zhao J.; Cai Z.,"Visual-inertial odometry is critical for Unmanned Aerial Vehicles (UAVs) and robotics. However, there are problems of motion drift and motion blur in sharp brightness changes and fast-motion scenes. It may cause the degradation of image quality, which leads to poor location. Event cameras are bio-inspired vision sensors that offer significant advantages in high-dynamic scenes. Leveraging this property, this paper presents a new range and event-based visual-inertial odometry (REVIO). Firstly, we propose an event-based visual-inertial odometry (EVIO) using sliding window nonlinear optimization. Secondly, REVIO is developed on the basis of EVIO, which fuses events and distances to obtain clear event images and improves the accuracy of position estimation by constructing additional range constraints. Finally, the EVIO and REVIO are tested in three experiments—dataset, handheld and flight—to evaluate the localization performance. The error of REVIO can be reduced by nearly 29% compared with EVIO in the handheld experiment and almost 28% compared with VINS-Mono in the flight experiment, which demonstrates the higher accuracy of REVIO in some fast-motion and high-dynamic scenes. © 2022 by the authors.",Article,scopus,,INCLUDE,high,INC-1|INC-2|INC-6,"Paper presents visual-inertial odometry system (REVIO/EVIO) fusing visual and inertial data (INC-1), explicitly targets UAVs and includes flight experiments (INC-2).",
P0417,True,Enhancing VIO Robustness Under Sudden Lighting Variation: A Learning-Based IMU Dead-Reckoning for UAV Localization,10.1109/lra.2024.3377950,2024,IEEE Robotics and Automation Letters,Yang D.; Liu H.; Jin X.; Chen J.; Wang C.; Ding X.; Xu K.,"Visual Inertial Odometry (VIO) is commonly used for real-time Unmanned Aerial Vehicle (UAV) localization. However, the performance of VIO significantly deteriorates when UAV encounters sudden lighting variation in the environment, which poses a significant risk during flight. To address this issue without introducing additional sensors, a learning-based dead-reckoning algorithm relying solely on inertial measurement, which shares the same source with VIO, is proposed. The core idea of our method tightly couples a model-based Left Invariant Extended Kalman Filter (LIEKF) with a statistical neural network, both driven by raw inertial measurement. We have validated our algorithm for comparable accuracy with commonly deployed VIO methods under favorable lighting conditions and outperforms other IMU dead-reckoning algorithms in open-source datasets and real-world scenarios. To further enhance localization robustness while UAV traverses environments with different lighting conditions, we introduce an approach that tightly integrates our algorithm with VIO, and validate its effectiveness in real-world scenarios. It is believed that our work presents a promising way for enhancing robustness in vision-based localization methods within the robotics society. © 2024 IEEE.",Article,scopus,ieee; wos,INCLUDE,high,INC-1|INC-2|INC-6,"Article clearly addresses VIO fusion for UAV localization (INC-1, INC-2) and specifically targets robustness under challenging lighting conditions (INC-6).",
P0612,False,A Vision-Based Autonomous UAV Inspection Framework for Unknown Tunnel Construction Sites With Dynamic Obstacles,10.1109/lra.2023.3290415,2023,IEEE Robotics and Automation Letters,Z. Xu; B. Chen; X. Zhan; Y. Xiu; C. Suzuki; K. Shimada,"Tunnel construction using the drill-and-blast method requires the 3D measurement of the excavation front to evaluate underbreak locations. Considering the inspection and measurement task's safety, cost, and efficiency, deploying lightweight autonomous robots, such as unmanned aerial vehicles (UAV), becomes more necessary and popular. Most of the previous works use a prior map for inspection viewpoint determination and do not consider dynamic obstacles. To maximally increase the level of autonomy, this letter proposes a vision-based UAV inspection framework for dynamic tunnel environments without using a prior map. Our approach utilizes a hierarchical planning scheme, decomposing the inspection problem into different levels. The high-level decision maker first determines the task for the robot and generates the target point. Then, the mid-level path planner finds the waypoint path and optimizes the collision-free static trajectory. Finally, the static trajectory will be fed into the low-level local planner to avoid dynamic obstacles and navigate to the target point. Besides, our framework contains a novel dynamic map module that can simultaneously track dynamic obstacles and represent static obstacles based on an RGB-D camera. After inspection, the Structure-from-Motion (SfM) pipeline is applied to generate the 3D shape of the target. To our best knowledge, this is the first time autonomous inspection has been realized in unknown and dynamic tunnel environments. Our flight experiments in a real tunnel prove that our method can autonomously inspect the tunnel excavation front surface.",IEEE Journals,ieee,,EXCLUDE,high,EXC-7,"Autonomous inspection and path planning for tunnel environments, using vision-based navigation as a trusted input rather than contributing to VIO algorithms.",Framework uses vision for navigation but no mention of IMU fusion or VIO algorithm development.
P0083,False,Quick Initialization Method of Monocular VIO on MAV,10.1007/978-981-97-3336-1_22,2024,Lecture Notes in Electrical Engineering,Kou K.; Qian F.; Liu D.; Wang L.; Zhou S.,"The visual inertial odometry can effectively realize the autonomous pose estimation of the MAV, and the key to the robust operation and recovery of the VIO is the initialization process. In order to quickly and accurately provide the necessary initial value for the nonlinear optimization of the visual inertial odometry, this paper proposes a method that makes full use of the on-board sensor of the MAV to initialize the visual inertial odometry. This method uses a two-stage processor. In the MAV flight control system, the IMU deviation and initial attitude estimation are carried out through complementary filtering, and the basic principles of multi-view geometry are comprehensively used in the mission control computer to achieve pure visual SLAM. On this basis, the least squares method is used to realize the alignment of the world coordinate system and the camera coordinate system, and the external rotation parameters of the camera and the IMU are estimated online. The altitude change rate of the on-board altitude sensor of the UAV is used to initialize the camera scale information, so as to provide a comprehensive initial value for the nonlinear solution of the back-end of the visual inertial odometry. Through experimental verification, this method can meet the requirements of the initialization accuracy of the visual inertial odometer, accurately calculate the external parameters of rotation, stably and continuously estimate the posture of the MAV, and then realize the posture control of the MAV. The initialization method proposed in this paper takes about 6.7% less time than the classic method. © The Author(s), under exclusive license to Springer Nature Singapore Pte Ltd. 2024.",Conference paper,scopus,,INCLUDE,high,INC-1|INC-2|INC-3|INC-4|INC-5|INC-6,"Article clearly describes a VIO system that fuses visual and IMU data (INC-1) for MAV/UAV platforms (INC-2), addresses initialization robustness challenges (INC-6), and is a 2024 conference paper (INC-3, INC-5).",
P0613,True,Optimal Navigation and Obstacle Avoidance for UAV in Urban Canyons,10.1109/metroaerospace64938.2025.11114464,2025,2025 IEEE 12th International Workshop on Metrology for AeroSpace (MetroAeroSpace),Y. Hu; A. Gardi,"In urban canyons, the autonomous positioning and obstacle avoidance capabilities of Uncrewed Aerial Vehicles (UAV) are challenged by dense obstructions, causing Non-Line-of-Sight (NLOS) conditions that severely degrade Global Navigation Satellite Systems (GNSS) signals. Current urban UAV operations still rely heavily on manual control and conventional GNSS-Inertial Measurement Unit (IMU) fusion, which lack autonomous obstacle avoidance capabilities and fail to provide precise positioning in GNSS-denied environments. To address these limitations, we propose a novel sensor fusion framework that integrates the Sage-Husa adaptive Kalman Filter (SHKF) with intermittent data from GNSS, IMU, and visual odometry supplied from a Visual-Inertial (VINS)-Fusion algorithm to achieve robust positioning and attitude determination. This enhanced sensor fusion architecture enables a 3DVFH*-based local planner to execute real-time obstacle avoidance and path planning toward the intended destinations. Preliminary verification activities conducted in a high-fidelity Gazebo simulation demonstrate the effective performance of the proposed method in terms of positioning and attitude determination accuracy, while also supporting the optimal reliability and efficiency of the considered obstacle avoidance functionality.",IEEE Conferences,ieee,wos,INCLUDE,high,INC-1|INC-2,"'we propose a novel sensor fusion framework that integrates the Sage-Husa adaptive Kalman Filter (SHKF) with intermittent data from GNSS, IMU, and visual odometry supplied from a Visual-Inertial'.",Uses existing VINS-Fusion as black-box input to SHKF sensor fusion framework
P0614,False,A Survey on Autonomous and Intelligent Swarms of Uncrewed Aerial Vehicles (UAVs),10.1109/tits.2025.3569500,2025,IEEE Transactions on Intelligent Transportation Systems,Z. Du; C. Luo; G. Min; J. Wu; C. Luo; J. Pu; S. Li,"UAV swarms have attracted much attention due to their high potential to execute complex missions more robustly and effectively. Essential technologies for swarms are the family of algorithms that allow the individual agents to undertake tasks intelligently, localize their relative positions, perceive surroundings, and plan and track collision-free and low-cost trajectories cooperatively so that the swarm’s overall objectives are efficiently achieved. There is still a lack of corresponding surveys that provide a systematic summary covering the control layer to task allocation and guide application-driven researchers in leveraging these capabilities for diverse UAV swarm applications. This survey debates the essential technologies of UAV swarms, including swarm trajectory planning, task assignment, control approaches, localization, perception, and communications. State-of-the-art algorithms and recent technical advancements have been investigated to expose the potential for developing highly autonomous and intelligent swarm systems. It further explores the use cases of UAV swarms in civil applications and critically analyzes existing technologies. The paper concludes by emphasizing the challenges for autonomous and intelligent UAV swarms and outlining potential future research directions. Overall, this paper provides a contemporary and comprehensive review of UAV swarm technologies and investigates their potential to transform civil application fields and support future technology advancement.",IEEE Journals,ieee,,EXCLUDE,high,EXC-4,"This is explicitly identified as a survey paper that provides a systematic summary and review of UAV swarm technologies, which falls under EXC-4 as a secondary study.",
P0084,True,A Comparative Analysis of Hybrid Sensor Fusion Schemes for Visual-Inertial Navigation,10.1109/tim.2025.3555758,2025,IEEE Transactions on Instrumentation and Measurement,Elmi Tabassum T.; Petrunin I.; Rana Z.A.,"Visualinertial odometry (VIO) has been extensively studied for navigation in GNSS-denied environments, but its performance can be heavily impacted by the complexity of the navigation environments such as weather conditions, illumination variation, flight dynamics, and environmental structure. Hybrid fusion approaches integrating neural networks (NNs), especially gated recurrent units (GRUs) with the Kalman filters (KFs), such as error-state KF (ESKF) have shown promising results mitigating system nonlinearities due to challenging environmental conditions data issues, there is a lack of systematic studies quantitively analyzing and comparing performance differences unhand. To address this gap and enable robust navigation in complex conditions, this study proposes and systematically analyses the performance of three hybrid fusion schemes for VIO-based navigation of autonomous aerial vehicles (AAVs). These three hybrid VIO schemes include visual odometry (VO) error compensation using NN, KF error compensation using NN, and prediction of Kalman gain using NN. The comparative analysis is performed using data generated in MATLAB incorporating the unreal engine involving diverse challenging environmental conditions: fog, rain, illumination level variability, and variability in the number of features available for extraction during the AAV flight in the urban environment. The results demonstrate the performance improvement achieved by hybrid VIO fusion schemes compared to ESKF-based traditional fusion methods in the presence of multiple visual failure modes. Comparative analysis reveals notable improvement achieved by method 1 with enhancements of 93% in sunny, 91% in foggy, and 90% in rainy conditions than the other two hybrid VIO architectures. © 1963-2012 IEEE.",Article,scopus,,INCLUDE,high,INC-1|INC-2|INC-6,"Abstract clearly describes VIO systems fusing visual and inertial data (INC-1) for autonomous aerial vehicles/AAVs (INC-2), addressing challenging environmental conditions like weather, illumination variation.",
P0418,True,In-Flight Initialization of Global Visual-Inertial Estimators using Geospatial Data,10.1109/iros58592.2024.10802622,2024,IEEE International Conference on Intelligent Robots and Systems,Li C.; He M.; Lyu X.; Meng Z.,"In this work, we propose a solution that leverages geospatial data to initialize the monocular visual-inertial navigation system. For Visual-Inertial Navigation Systems (VINS) operating on UAVs, the ability to perform initialization and relocalization in mid-air is essential. However, degenerate motion can cause VINS to lose scale, making traditional initialization algorithms less reliable. To address this issue, we fuse geographic information in the initialization process, and utilize a learning-based feature matching algorithm to associate the information with inertial states. The proposed approach demonstrates adaptability to the degenerate motions of UAVs and significantly surpasses the estimation accuracy of conventional VINS initialization algorithms. Compared to methods that assist initialization by using a laser-range-finder (LRF), the proposed method solely relies on low-cost satellite imagery and elevation information. We evaluate the proposed approach on a large-scale UAV dataset, and compare with existing methods. The results demonstrate the superior effectiveness of the proposed method. © 2024 IEEE.",Conference paper,scopus,ieee; wos,INCLUDE,high,INC-1|INC-2|INC-3|INC-4|INC-5|INC-6,"Article clearly describes a visual-inertial navigation system (VINS) for UAVs that fuses visual and inertial data (INC-1), explicitly targets UAV platforms (INC-2).",
P0085,False,Monitoring Jackfruit Growth Based on YOLOv8 with Unmanned Aerial Vehicles,10.1109/icus61736.2024.10839928,2024,"Proceedings of 2024 IEEE International Conference on Unmanned Systems, ICUS 2024",Han H.; Wang Z.; Wu D.,"Jackfruit trees are usually tall, making manual monitoring methods inefficient for jackfruit cultivation. In this paper, we propose utilizing an unmanned aerial vehicle (UAV) equipped with the YOLOv8 algorithm for jackfruit growth monitoring, alongside Visual-Inertial Navigation System Fusion (Vins-Fusion) for positioning and integrated front-end and back-end trajectory optimization techniques. We collect sample data by photographing jackfruit and searching for images on the internet. The data are annotated using LabelImg and then used to train the deep learning model. The trained model is deployed on the UAV, which is equipped with a Jetson module and a depth camera, to achieve aerial detection of jackfruit ripeness and determine if they are rotten, using the YOLOv8 algorithm. Finally, we discuss the experimental results, focusing on training loss, validation loss, precision, recall, and mean average precision (mAP), and flight recognition capability. The results demonstrate that the UAV can efficiently, autonomously, and accurately detect the ripeness of jackfruit and determine whether it is rotten. © 2024 IEEE.",Conference paper,scopus,ieee,EXCLUDE,high,EXC-7,"Uses VINS-Fusion as an unmodified black-box positioning system for a jackfruit monitoring application, with no algorithmic contribution to the VIO component itself (EXC-7).",VIO mentioned only as existing system for UAV positioning in agricultural monitoring task.
P0190,False,Multi-feature Fusion-based Pose Estimation Method for UAVs in Orchards; [基于多特征融合的果园无人机位姿估计方法],10.6041/j.issn.1000-1298.2026.04.001,2026,Nongye Jixie Xuebao/Transactions of the Chinese Society for Agricultural Machinery,Liu X.; Chu Z.; Zhao H.; Yu J.; Han W.,"Aiming to address the challenge where canopy occlusion and repetitive features compromise unmanned aerial vehicle (UAV) pose estimation systems in orchard environments, a multi-feature fusion-based pose estimation method for UAVs in orchards was designed by introducing visual-inertial odometry technology and incorporating geometric constraints from point and line features. Firstly, the EDLines algorithm replaced the traditional LSD for extracting line features, while optical flow enabled rapid tracking and matching of feature points and lines across consecutive frames, with feature poses obtained through 3D feature reconstruction. Secondly, a tightly coupled pose estimation model was constructed to fuse inertial and visual information, within a local sliding window framework, a jointly minimized global cost function was established, the accurate position and attitude information of the orchard UAV was obtained by solving the cost function through optimization methods. Finally, comparative experiments were conducted in fruit-bearing apple orchards and grape greenhouses, with absolute trajectory error and relative trajectory error serving as evaluation metrics to validate the method's effectiveness. Experimental results demonstrated that compared with traditional pose estimation methods utilizing LSD algorithm-extracted line features, the proposed method reduced the average absolute trajectory error by 10% and the average relative trajectory error by 27% . This approach effectively enhanced the accuracy and robustness of orchard drone navigation systems, providing reliable support for ensuring the safety of orchard drone operations. © 2026 Chinese Society of Agricultural Machinery. All rights reserved.",Article,scopus,,EXCLUDE,high,INC-4,"A VIO system that fuses visual and inertial data (INC-1) specifically for UAVs in orchard environments (INC-2), addressing challenging conditions like canopy occlusion and repetitive features (INC-6).",
P0086,True,Integrated Resonant Beam and VIO for UAV Position and Attitude Sensing in Air-Ground Vehicular Network,10.1109/tvt.2025.3628254,2025,IEEE Transactions on Vehicular Technology,Du S.; Xu M.; Fang W.; Xiong M.; Liu Q.; Yi P.; Hong Y.,"In air-ground vehicular networks, unmannedaerial vehicles (UAVs) often serve as airborne communication relays or sensing nodes, where accurate position and attitude estimation is critical for ensuring stable beam alignment, reliable link establishment, and precise mission execution. However, in GNSS-denied or infrastructure-free environments, conventional visual-inertial odometry (VIO) systems suffer from cumulative drift over time and distance. To address this challenge, we propose a blueresonant beam sensing (RBS)-aided pose estimation method that leverages spatially separated laser cavities to extract relative positions and attitudes between UAVs. Specifically, we estimate the angle of arrival (AoA) of beam spots through resonant beam (RB) mapping and perform time-of-flight (ToF) ranging to compute relative poses, where pitch and yaw are directly obtained from AoA, and roll is estimated via a nonlinear optimization decoupled from VIO attitudes. Furthermore, we integrate RBS and VIO using a factor graph optimization framework, where sensor fusion is adaptively weighted based on measurement uncertainty and error models. Simulation results demonstrate that our method significantly improves relative attitude estimation in yaw and pitch dimensions, and enhances overall swarm localization accuracy by 22% to 39% with different swarm scales compared to VIO-only methods. Additionally, it outperforms existing VIO-UWB-Visual fusion approaches, achieving an accuracy gain of nearly 10%. © 1967-2012 IEEE.",Article,scopus,,INCLUDE,high,INC-1|INC-2|INC-6,"Abstract clearly describes integration of VIO with additional resonant beam sensing for UAV position and attitude estimation (INC-1, INC-2).",
P0620,False,A Heterogeneous RISC-V Based SoC for Secure Nano-UAV Navigation,10.1109/tcsi.2024.3359044,2024,IEEE Transactions on Circuits and Systems I: Regular Papers,L. Valente; A. Nadalini; A. H. C. Veeran; M. Sinigaglia; B. Sá; N. Wistoff; Y. Tortorella; S. Benatti; R. Psiakis; A. Kulmala; B. Mohammad; S. Pinto; D. Palossi; L. Benini; D. Rossi,"The rapid advancement of energy-efficient parallel ultra-low-power (ULP)  $\mu $ controllers units (MCUs) is enabling the development of autonomous nano-sized unmanned aerial vehicles (nano-UAVs). These sub-10cm drones represent the next generation of unobtrusive robotic helpers and ubiquitous smart sensors. However, nano-UAVs face significant power and payload constraints while requiring advanced computing capabilities akin to standard drones, including real-time Machine Learning (ML) performance and the safe co-existence of general-purpose and real-time OSs. Although some advanced parallel ULP MCUs offer the necessary ML computing capabilities within the prescribed power limits, they rely on small main memories (< 1MB) and  $\mu $ controller-class CPUs with no virtualization or security features, and hence only support simple bare-metal runtimes. In this work, we present Shaheen, a 9mm $^{\textbf {2}}~200$ mW SoC implemented in 22nm FDX technology. Differently from state-of-the-art MCUs, Shaheen integrates a Linux-capable RV64 core, compliant with the v1.0 ratified Hypervisor extension and equipped with timing channel protection, along with a low-cost and low-power memory controller exposing up to 512MB of off-chip low-cost low-power HyperRAM directly to the CPU. At the same time, it integrates a fully programmable energy- and area-efficient multi-core cluster of RV32 cores optimized for general-purpose DSP as well as reduced- and mixed-precision ML. To the best of the authors’ knowledge, it is the first silicon prototype of a ULP SoC coupling the RV64 and RV32 cores in a heterogeneous host+accelerator architecture fully based on the RISC-V ISA. We demonstrate the capabilities of the proposed SoC on a wide range of benchmarks relevant to nano-UAV applications including general-purpose DSP as well as inference and online learning of quantized DNNs. The cluster can deliver up to 90GOp/s and up to 1.8TOp/s/W on 2-bit integer kernels and up to 7.9GFLOp/s and up to 150GFLOp/s/W on 16-bit FP kernels.",IEEE Journals,ieee,,EXCLUDE,high,EXC-7,Focuses exclusively on hardware design (SoC architecture) for nano-UAVs with no algorithmic VIO contribution.,
P0621,False,Cooperative Indoor Exploration Leveraging a Mixed-Size UAV Team with Heterogeneous Sensors,10.1109/case59546.2024.10711365,2024,2024 IEEE 20th International Conference on Automation Science and Engineering (CASE),M. Cihlářová; V. Pritzl; M. Saska,"Heterogeneous teams of Unmanned Aerial Vehicles (UAVs) can enhance the exploration capabilities of aerial robots by exploiting different strengths and abilities of varying UAVs. This paper presents a novel method for exploring unknown indoor spaces with a team of UAVs of different sizes and sensory equipment. We propose a frontier-based exploration with two task allocation strategies: a greedy strategy that assigns Points of Interest (POIs) based on Euclidean distance and UAV priority and an optimization strategy that solves a minimum-cost flow problem. The proposed method utilizes the SphereMap algorithm to assess the accessibility of the POIs and generate paths that account for obstacle distances, including collision avoidance maneuvers among UAVs. The proposed approach was validated through simulation testing and real-world experiments that evaluated the method’s performance on board the UAVs.The paper is supported by the multimedia materials available at https://mrs.felk.cvut.cz/case2024exploration.",IEEE Conferences,ieee,,EXCLUDE,high,EXC-7,"Exploration algorithms, task allocation strategies, and path planning for UAV teams, with VIO appearing only as an implicit localization input rather than as an algorithmic contribution.",Frontier-based exploration with no mention of VIO algorithm development
P0195,True,Active Heading Planning for Improving Visual-Inertial Odometry,10.1109/icuas60882.2024.10556967,2024,"2024 International Conference on Unmanned Aircraft Systems, ICUAS 2024",Lee J.; Lee K.,"Visual-inertial odometry (VIO) is a technique to estimate the motion of a vehicle platform by fusing camera and inertial sensor data. It operates effectively in GPS-denied environments such as indoors and is widely utilized in applications like autonomous navigation of unmanned aerial vehicles (UAVs) due to its real-time performance and high localization accuracy. However, since VIO relies on textures in the environment or features extracted from image frames, localization may easily fail if the number of feature points in the image is insufficient or the U AV faces a low-texture environment. To address these issues, we propose an active VIO algorithm by planning heading angles autonomously. This algorithm improves VIO accuracy and maintains robust localization even in an unknown environment by employing heading planning to acquire more feature points in the subsequent image frames. To achieve this, we first divide an image frame into several sections and count the number of feature points in each section. Next, we determine the desired heading angle based on the feature-occupied ratio of each section. The proposed approach is validated in various cases in a simulation environment that mimics an indoor warehouse.  © 2024 IEEE.",Conference paper,scopus,wos,INCLUDE,high,INC-1|INC-2|INC-6,"Article clearly presents a VIO algorithm that fuses camera and inertial sensor data (INC-1) for UAV applications (INC-2), addressing robustness in low-texture environments (INC-6).",
P0308,False,GNSS PPP-RTK tightly coupled with low-cost visual-inertial odometry aiming at urban canyons,10.1007/s00190-023-01749-7,2023,Journal of Geodesy,Wang F.; Geng J.,"High-precision positioning is essential for emerging mass-market applications such as autonomous driving, unmanned aerial vehicles and intelligent transportation in complex urban canyons. Without global navigation satellite system (GNSS) reference stations, the real-time kinematic precise point positioning (PPP-RTK) technique is widely used in these fields because of its fast and accurate absolute positioning capability. However, in complex urban canyons, the performance of PPP-RTK deteriorates dramatically due to the satellite signal obstruction and interference. In contrast, inertial navigation system (INS) and visual navigation can provide precise relative pose estimation, but they suffer from serious error accumulation. Therefore, there is a strong complementary advantage between GNSS and INS/Vision navigation and positioning. In this study, a tightly coupled PPP-RTK/INS/Vision integration model is developed, aiming at improving the performance of PPP-RTK in terms of precision and availability to achieve robust positioning in complex urban canyons. Vehicle-borne experiments with different typical urban scenarios were carried out. We found that the positioning precision, availability and the ambiguity fixing rate of PPP-RTK can be significantly improved by tightly coupling with INS and Vision. The positioning precision of tightly coupled micro-electro-mechanical system (MEMS)-based PPP-RTK/INS/Vision is 6 cm, 5 cm and 10 cm in the east, north and up components, respectively, with an ambiguity fixing rate of 83.6% in typical urban environments, which are comparable to the statistics of a tactical-based PPP-RTK/INS tight integration. Even in complex urban canyons, the positioning precision of tightly coupled MEMS-based PPP-RTK/INS/Vision solution can still reach 11 cm, 7 cm and 13 cm in the east, north and up components, respectively, exhibiting improvements of over 90% compared to GNSS-only PPP-RTK. These results indicate that PPP-RTK tightly coupled with low-cost MEMS-IMU and monocular vision can provide high-precision and high-reliability navigation and positioning solutions even in complex urban environments. © 2023, Springer-Verlag GmbH Germany, part of Springer Nature.",Article,scopus,,EXCLUDE,high,EXC-2,Vehicle-borne experiments in urban environments focusing on automotive applications like autonomous driving and intelligent transportation.,
P0191,True,Real-Time UAV 3D Image Point Clouds Mapping,10.5194/isprs-annals-x-1-w1-2023-1097-2023,2023,"ISPRS Annals of the Photogrammetry, Remote Sensing and Spatial Information Sciences",Sun S.; Chen C.; Wang Z.; Zhou J.; Li L.; Yang B.; Cong Y.; Wang H.,"This paper proposes a real-time 3D image point clouds mapping algorithm for UAVs that is capable of mapping effectively in weak GNSS environments. And a UAV mapping system is integrated with a RGB camera, an inertial measurement unit (IMU), a GNSS receiver, data transmission devices, and a DJI M300 flight platform. To achieve real-time and robust mapping, the system utilizes a visual-inertial odometry (VIO) that tightly couples GNSS, RGB image, and IMU, which provides stable state estimation information for mapping. Subsequently, a dense matching algorithm based on key frames is adopted to recover 3D mapping information with low-computational cost. Extensive experiments are conducted on our test site, demonstrating the system's ability to build maps stably, even under the effect of wind. The results compared with the trajectory reconstructed by Pix4D show that the system achieves competitive accuracy of pose estimation and is capable of real-time mapping. © Author(s) 2023. CC BY 4.0 License.",Conference paper,scopus,wos,INCLUDE,high,INC-1|INC-2|INC-3|INC-6,"Paper reports a VIO system that fuses RGB camera and IMU data (INC-1) for UAV platform (DJI M300, INC-2), addresses GNSS-denied environments (INC-6), and is published in peer-reviewed venue (INC-3).",
P0622,False,Optimal Deployment of Target Localization With Distance-Dependent Noise,10.1109/jiot.2025.3545461,2025,IEEE Internet of Things Journal,J. Tian; M. Yang; T. Chao,"The cooperative localization of radio-based distance measurement is one of the methods to effectively suppress the nonline of sight (NLOS) ranging errors and as a complement to visual/global navigation satellite system (GNSS) localization for uncrewed aerial vehicle (UAV) in GNSS challenging or denied environments due to its motility. Target localization can be regarded as a special case of cooperative localization. Meanwhile, the UAV can be considered as a ranging node when the ranging terminal is rigidly mounted on the UAV. To improve the target localization accuracy, the optimal deployment of anchor UAVs is one of the factors we consider when the noise characteristics are different. In this article, the range-dependent noise in a real flight environment is considered and modeled separately according to the difference in noise characteristics. Subsequently, based on this correlation model, the Fisher information matrix (FIM) and a cost function derived from the A-optimal criterion are provided. Finally, the optimal deployment conditions and the minimum-mean-square error (MMSE) can be derived by minimizing the cost function as the objective. Through simulation and localization experiments, the validity of the optimal deployment conditions and the corresponding MMSE are verified. Meanwhile, it is concluded that when the noise is range-dependent, it will not affect the optimal deployment result but will significantly change the value of MMSE.",IEEE Journals,ieee,,EXCLUDE,high,EXC-7,"Optimal deployment of UAVs for radio-based target localization, treating VIO/visual localization as a 'complement' without any algorithmic contribution to VIO fusion itself (INC-1 not satisfied).",
P0611,False,Distributed Vision-Only Cooperative Flight of Multiple Quadrotors in Unknown Cramped Environments,10.1109/tiv.2024.3467164,2025,IEEE Transactions on Intelligent Vehicles,Y. Wan; J. Tang; Z. Zhao; X. Chen,"Multi-quadrotor systems hold substantial promise for various applications, yet navigating autonomously in complex and unknown environments like forests and alleyways remains a formidable challenge. Contemporary multi-UAV systems predominantly rely on wireless communication for navigation in environments with known or no obstacles. Further extensive research is imperative to enhance the perception, cooperation, and control of multi-UAV systems. This paper delineates the development of a distributed vision-only multi-UAV system, wherein the agents exclusively depend on onboard sensing and computation for navigation and cooperative flight in unknown, constrained environments. The onboard sensors comprise a front-depth camera and an omnidirectional gray monocular camera. The end-to-end sensorimotor controller computes the control commands, effectuating a direct mapping from perception to action through a sophisticated neural network design. This design is trained in simulation via imitation learning, namely, by emulating an expert endowed with access to privileged information. Such a setup empowers agents to accomplish cooperative formation flight, obstacle avoidance, target tracking, and other maneuvers in constrained environments, independent of wireless communication. Our findings underscore that distributed vision-only policies can rival traditional and other learning-based autonomous flight methodologies in challenging environments.",IEEE Journals,ieee,,EXCLUDE,high,EXC-3,"'distributed vision-only multi-UAV system' and describes onboard sensors as 'front-depth camera and an omnidirectional gray monocular camera' with no mention of IMU or inertial sensors, failing INC-1.",
P0087,True,TSFNet: A Two-Stage Fusion Network for Visual–Inertial Odometry,10.3390/math13233842,2025,Mathematics,Wang S.; Liang Y.; Lin J.; Gan Y.; Zhong M.; Yin X.; Peng B.,"In autonomous operations of unmanned aerial vehicles (UAVs), accurate pose estimation is a core prerequisite for achieving autonomous navigation, obstacle avoidance, and task execution. To address the challenge of localization in GNSS-denied environments, Visual–Inertial Odometry (VIO) has emerged as a mainstream solution due to its outstanding performance. However, existing deep learning-based VIO methods exhibit limitations in their multi-modal fusion mechanisms. These methods typically employ simple concatenation or attention mechanisms for feature fusion. Furthermore, enhancements in accuracy are often accompanied by significant computational overhead. This makes it difficult for models to effectively handle complex, dynamic scenes while remaining lightweight. To this end, this paper proposes TSFNet (Two-stage Sequential Fusion Network), an efficient two-stage sequential fusion network. In the first stage, the network employs a lightweight visual backbone and a bidirectional recurrent network in parallel to extract spatial and motion features, respectively. A gated fusion unit is employed to achieve adaptive intra-frame feature fusion, dynamically balancing the contributions of different modalities. In the second stage, the fused features are organized into sequences and fed into a dedicated temporal network to explicitly model inter-frame motion dynamics. This decoupled fusion architecture significantly enhances the model’s representational capacity. Experimental results demonstrate that TSFNet achieves superior performance on both the EuRoC and Zurich Urban MAV datasets. Notably, on the Zurich Urban MAV dataset, it reduces the localization Root Mean Square Error (RMSE) by 62% compared to the baseline model, while simultaneously reducing the number of parameters and computational load by 76.65% and 24.30%, respectively. This research confirms that the decoupled two-stage fusion strategy is an effective approach for realizing high-precision, lightweight VIO systems. © 2025 by the authors.",Article,scopus,,INCLUDE,high,INC-1|INC-2|INC-6,"Article clearly reports a VIO system (TSFNet) that fuses visual and inertial data for pose estimation (INC-1), explicitly targets UAVs and is tested on UAV datasets like EuRoC and Zurich Urban MAV (INC-2).",
P0574,False,Distributed Cooperative Localization for Multiuav System in GNSS Constrained Environment,10.1109/upinlbs68186.2025.11468423,2025,"2025 International Ubiquitous Positioning, Indoor Navigation and Location-Based Services Conference, UPINLBS 2025",Dai H.; Jing G.; Yang D.; Li Y.; Ren Z.; Yan D.,"In GNSS-constrained environments, singleUAV localization based on visual-inertial odometry (VIO) or inertial navigation systems (INS) degrades rapidly due to error accumulation. We propose a distributed cooperative localization method for multi-UAV systems. Under a Fisher Information Matrix (FIM)-Extended Kalman Filter (EKF) fusion framework, pairwise constraints among UAVs are formed via networked relative measurements, and a sequential 'measurement scheduling and covariance update' strategy is used to suppress error diffusion. We cast measurement scheduling as a partially observable multi-agent reinforcement learning problem and develop a Multi-Agent Double-Dueling DQN (MAD3QN) policy under centralized training and decentralized execution. Simulation results show that, compared with the MADQNbased strategy, MAD3QN reduces localization uncertainty by 32.24 % on average. The approach provides an efficient, scalable solution for distributed cooperative localization in GNSS-constrained environments. © 2025 IEEE.",Conference paper,scopus,ieee,EXCLUDE,high,INC-1,'singleUAV localization based on visual-inertial odometry (VIO) or inertial navigation systems (INS) degrades rapidly due to error accumulation.'.,
P0197,True,UAV navigation in large-scale GPS-denied bridge environments using fiducial marker-corrected stereo visual-inertial localisation,10.1016/j.autcon.2023.105139,2023,Automation in Construction,Wang F.; Zou Y.; Zhang C.; Buzzatto J.; Liarokapis M.; del Rey Castillo E.; Lim J.B.P.,"The use of Unmanned Aerial Vehicles (UAVs) for bridge inspection has gained popularity recently; however, accurately localising the UAV in GPS-denied areas is still challenging, which hinders the development of fully autonomous UAV-assisted bridge inspection solutions. This paper proposes a fiducial marker-corrected stereo visual-inertial localisation (FMC-SVIL) method, running on a resource-constrained onboard computer, to estimate UAV's global pose underneath bridge girders. The proposed FMC-SVIL utilises an optimised stereo visual-inertial odometry for continuous relative pose estimation between consecutive camera frames and an improved AprilTag2-based measurement algorithm for accurate global referencing and periodic pose corrections. The method is validated through extensive experiments, and the results show that the FMC-SVIL achieved UAV localisation with a root mean square error of 0.416 m in sunny conditions and 0.340 m in cloudy conditions. FMC-SVIL outperforms the leading vision-based simultaneous localisation and mapping (SLAM) algorithms for flights over multiple bridge spans. © 2023 The Authors",Article,scopus,wos,INCLUDE,high,INC-1|INC-2|INC-6,"Paper presents fiducial marker-corrected stereo visual-inertial localisation (FMC-SVIL) that clearly fuses visual and inertial data (INC-1), targets UAV navigation for bridge inspection (INC-2).",
P0196,True,"AIVIO: Closed-Loop, Object-Relative Navigation of UAVs With AI-Aided Visual Inertial Odometry",10.1109/lra.2024.3479713,2024,IEEE Robotics and Automation Letters,Jantos T.; Scheiber M.; Brommer C.; Allak E.; Weiss S.; Steinbrener J.,"Object-relative mobile robot navigation is essential for a variety of tasks, e.g. autonomous critical infrastructure inspection, but requires the capability to extract semantic information about the objects of interest from raw sensory data. While deep learning-based (DL) methods excel at inferring semantic object information from images, such as class and relative 6◦ of freedom (6-DoF) pose, they are computationally demanding and thus often not suitable for payload constrained mobile robots. In this letter we present a real-time capable unmanned aerial vehicle (UAV) system for object-relative, closed-loop navigation with a minimal sensor configuration consisting of an inertial measurement unit (IMU) and RGB camera. Utilizing a DL-based object pose estimator, solely trained on synthetic data and optimized for companion board deployment, the object-relative pose measurements are fused with the IMU data to perform object-relative localization. We conduct multiple real-world experiments to validate the performance of our system for the challenging use case of power pole inspection. An example closed-loop flight is presented in the supplementary video. © 2024 The Authors.",Article,scopus,ieee; wos,INCLUDE,high,INC-1|INC-2|INC-6,"Paper clearly presents a VIO system fusing IMU and RGB camera data for UAV navigation (INC-1, INC-2), targeting real-time onboard deployment for object-relative navigation in challenging inspection scenarios (INC-6).",
P0624,True,Particle Filter-Based Localization Using Visual Feature Synchronization in GNSS-Denied Navigation,10.1109/icns65417.2025.10976891,2025,"2025 Integrated Communications, Navigation and Surveillance Conference (ICNS)",A. Şanlan; H. T. Bağcı; E. Koyuncu,"Autonomous navigation in Global Navigation Satellite System (GNSS)-denied environments remains a critical challenge, particularly for unmanned aerial vehicles (UAVs) operating in complex or contested areas. In this work, we propose a vision-aided localization framework that integrates a CycleGANbased domain adaptation technique with a Marginalized Particle Filter (MPF) for robust state estimation. The proposed approach addresses the domain discrepancy between UAV onboard camera images and reference satellite imagery, improving feature matching reliability. The MPF is employed to refine state estimates by leveraging visual feature correspondences while mitigating the limitations of inertial navigation system (INS) drift. The proposed method has been validated through real-world flight tests, during which the UAV trajectory estimation performance was analyzed under various visual domain conditions. These tests demonstrate the method's robustness, feature alignment, and computational feasibility for UAV applications.",IEEE Conferences,ieee,,INCLUDE,high,INC-1|INC-2|INC-6,"Abstract describes a vision-aided localization framework that integrates visual features with INS (satisfying INC-1), explicitly targets UAVs (satisfying INC-2).",
P0309,True,Distributed Variable-Baseline Stereo SLAM from two UAVs,10.1109/icra48506.2021.9560944,2021,Proceedings - IEEE International Conference on Robotics and Automation,Karrer M.; Chli M.,"Visual-Inertial Odometry (VIO) has been widely used and researched to control and aid the automation of navigation of robots especially in the absence of absolute position measurements, such as GPS. However, when the observable landmarks in the scene lie far away, as in high-altitude flights for example, the fidelity of the metric scale estimate in VIO greatly degrades. Aiming to tackle this issue, in this work, we utilize the virtual stereo setup formed by two Unmanned Aerial Vehicles (UAVs), equipped with one camera and one Inertial Measurement Unit (IMU) each, exploiting their view overlap and relative distance measurements between them using onboard Ultra-Wideband (UWB) modules to enable collaborative VIO. In particular, we propose a decentralized collaborative estimation scheme, where each agent holds its own local map, achieving a low pose estimation latency, while ensuring consistency of each agents' estimates via consensus-based optimization. Following a thorough evaluation in photorealistic simulations, we demonstrate the effectiveness of the approach at high-altitude flights of up to 160m, going significantly beyond the capabilities of state-of-the-art VIO methods. Finally, we show the advantage of actively adjusting the baseline on-the-fly over a fixed, target baseline, resulting in a significant reduction of the estimation error. © 2021 IEEE",Conference paper,scopus,,INCLUDE,high,INC-1|INC-2,"Article clearly describes VIO fusion with visual and inertial data (INC-1) for UAV navigation (INC-2), addressing GNSS-denied environments and scale estimation challenges in high-altitude flights.",
P0198,True,A New Visual & Inertial Based Satellite Quality Evaluation Method,10.1145/3573942.3573994,2022,ACM International Conference Proceeding Series,Qiao P.; Wu R.; Sun L.; Yang D.,"Visual and inertial navigation have obvious complementarity in navigation accuracy, and the combined navigation of the two has excellent anti-interference ability. In this paper, a visual-inertial-based satellite quality evaluation method is proposed. This method can judge whether the GPS (Global Positioning System) is interfered by comparing the visual-inertial navigation information with the GPS data information in the geographic coordinate system. This method enables the UAV to quickly switch the navigation mode under the condition of being disturbed, which ensures that the navigation function is accurate and free from interference, and provides a more solid foundation for the navigation of the UAV and other platforms. © 2022 ACM.",Conference paper,scopus,wos,INCLUDE,high,INC-1|INC-2,Source: title/abstract record (unpaginated). 'a visual-inertial-based satellite quality evaluation method is proposed. This method can judge whether the GPS ...'.,VIO used as black-box input for higher-level GPS monitoring application
P0627,True,Flexible Trinocular: Non-rigid Multi-Camera-IMU Dense Reconstruction for UAV Navigation and Mapping,10.1109/iros40897.2019.8967651,2019,2019 IEEE/RSJ International Conference on Intelligent Robots and Systems (IROS),T. Hinzmann; C. Cadena; J. Nieto; R. Siegwart,"In this paper, we propose a visual-inertial framework able to efficiently estimate the camera poses of a non-rigid trinocular baseline for long-range depth estimation on-board a fast moving aerial platform. The estimation of the time-varying baseline is based on relative inertial measurements, a photometric relative pose optimizer, and a probabilistic wing model fused in an efficient Extended Kalman Filter (EKF) formulation. The estimated depth measurements can be integrated into a geo-referenced global map to render a reconstruction of the environment useful for local replanning algorithms. Based on extensive real-world experiments we describe the challenges and solutions for obtaining the probabilistic wing model, reliable relative inertial measurements, and vision-based relative pose updates and demonstrate the computational efficiency and robustness of the overall system under challenging conditions.",IEEE Conferences,ieee,,INCLUDE,high,INC-1|INC-2|INC-6,"Paper clearly describes a visual-inertial framework (INC-1) for aerial platform/UAV navigation (INC-2), targeting challenging conditions and computational efficiency for onboard deployment (INC-6).",
P0310,False,"Tight fusion of a monocular camera, mems-imu, and single-frequency multi-gnss rtk for precise navigation in gnss-challenged environments",10.3390/rs11060610,2019,Remote Sensing,Li T.; Zhang H.; Gao Z.; Niu X.; El-Sheimy N.,"Precise position, velocity, and attitude is essential for self-driving cars and unmanned aerial vehicles (UAVs). The integration of global navigation satellite system (GNSS) real-time kinematics (RTK) and inertial measurement units (IMUs) is able to provide high-accuracy navigation solutions in open-sky conditions, but the accuracy will be degraded severely in GNSS-challenged environments, especially integrated with the low-cost microelectromechanical system (MEMS) IMUs. In order to navigate in GNSS-denied environments, the visual–inertial system has been widely adopted due to its complementary characteristics, but it suffers from error accumulation. In this contribution, we tightly integrate the raw measurements from the single-frequency multi-GNSS RTK, MEMS-IMU, and monocular camera through the extended Kalman filter (EKF) to enhance the navigation performance in terms of accuracy, continuity, and availability. The visual measurement model from the well-known multistate constraint Kalman filter (MSCKF) is combined with the double-differenced GNSS measurement model to update the integration filter. A field vehicular experiment was carried out in GNSS-challenged environments to evaluate the performance of the proposed algorithm. Results indicate that both multi-GNSS and vision contribute significantly to the centimeter-level positioning availability in GNSS-challenged environments. Meanwhile, the velocity and attitude accuracy can be greatly improved by using the tightly-coupled multi-GNSS RTK/INS/Vision integration, especially for the yaw angle. © 2019 by the authors.",Article,scopus,,EXCLUDE,high,EXC-2,"A vehicular experiment and focuses on self-driving cars as the primary application, with UAVs mentioned only briefly in passing without any aerial-specific evaluation or implementation.",
P0201,False,A Simulated Dataset to Evaluate the Visual-Inertial Odometry Algorithms,10.1007/978-981-96-3349-4_24,2025,Communications in Computer and Information Science,Zhu X.; Zhou J.; Liang J.; Zhou D.; Qiu Z.; Wang Y.; Wu S.; Wu Z.,"Visual-Inertial Odometry (VIO) algorithms play a crucial role in navigation and localization applications. However, they still face challenges in dynamic and adverse weather environments. Existing datasets often fail to capture the characteristics of such environments, making it difficult to evaluate the robustness of current VIO methods. To address this issue, we propose three contributions in this paper. Firstly, we present a novel dataset that records the flight of a simulated unmanned aerial vehicle (UAV) in challenging dynamic and foggy conditions. The dataset includes five different scenes, each with distinct characteristics, where we introduce moving objects and vary lighting and weather conditions. It comprises synchronized images, IMU data, as well as ground truth trajectories. Secondly, we compare state-of-the-art VIO algorithms on our dataset, demonstrating significant performance degradation in the aforementioned scenes. Lastly, we summarize the limitations of current VIO algorithms and provide insights into future research directions. © The Author(s), under exclusive license to Springer Nature Singapore Pte Ltd. 2025.",Conference paper,scopus,wos,EXCLUDE,high,EXC-5,"This is explicitly a dataset paper that proposes a novel dataset for UAV VIO evaluation but makes no algorithmic VIO contribution itself, satisfying EXC-5.",
P0629,False,FASTER: Fast and Safe Trajectory Planner for Navigation in Unknown Environments,10.1109/tro.2021.3100142,2022,IEEE Transactions on Robotics,J. Tordesillas; B. T. Lopez; M. Everett; J. P. How,"Planning high-speed trajectories for UAVs in unknown environments requires algorithmic techniques that enable fast reaction times to guarantee safety as more information about the environment becomes available. The standard approaches that ensure safety by enforcing a “stop” condition in the free-known space can severely limit the speed of the vehicle, especially in situations where much of the world is unknown. Moreover, the ad-hoc time and interval allocation scheme usually imposed on the trajectory also leads to conservative and slower trajectories. This work proposes FASTER (Fast and Safe Trajectory Planner) to ensure safety without sacrificing speed. FASTER obtains high-speed trajectories by enabling the local planner to optimize in both the free-known and unknown spaces. Safety is ensured by always having a safe back-up trajectory in the free-known space. The MIQP formulation proposed also allows the solver to choose the trajectory interval allocation. FASTER is tested extensively in simulation and in real hardware, showing flights in unknown cluttered environments with velocities up to 7.8 m/s, and experiments at the maximum speed of a skid-steer ground robot (2 m/s).",IEEE Journals,ieee,,EXCLUDE,high,EXC-7,"Trajectory planning for UAVs, which is a higher-level application.",
P0313,True,Development of an Algorithm for Absolute Visual-Inertial Navigation of Unmanned Aerial Vehicles,10.3103/s1068799825020217,2025,Russian Aeronautics,Lazareva P.A.; Malikov A.I.; Degtyarev G.L.; Mannanov R.T.,"Abstract: The paper considers approaches to navigation of unmanned aerial vehicles in the absence of satellite signals using computer vision algorithms. A comparative analysis of absolute navigation methods using the pre-loaded satellite maps is carried out. An algorithm is proposed for the season-invariant visual-inertial navigation based on the image feature matching using the SIFT algorithm with correction based on signals from an inertial measurement unit computationally optimized for the real time use. The results of the algorithm testing using the real unmanned aerial vehicle flight data are presented in comparison with the reference data from a satellite navigation system. © Allerton Press, Inc. 2025.",Article,scopus,,INCLUDE,high,INC-1|INC-2|INC-6,"A visual-inertial navigation algorithm that fuses computer vision and IMU data (INC-1) for unmanned aerial vehicles (INC-2), addressing GNSS-denied environments and real-time computational optimization (INC-6).",
P0422,True,Square-Root Inverse Filter-based GNSS-Visual-Inertial Navigation,10.1109/icra57147.2024.10611666,2024,Proceedings - IEEE International Conference on Robotics and Automation,Hu J.; Lang X.; Zhang F.; Mao Y.; Huang G.,"While Global Navigation Satellite System (GNSS) is often used to provide global positioning if available, its intermittency and/or inaccuracy calls for fusion with other sensors. In this paper, we develop a novel GNSS-Visual-Inertial Navigation System (GVINS) that fuses visual, inertial, and raw GNSS measurements within the square-root inverse sliding window filtering (SRI-SWF) framework in a tightly coupled fashion, which thus is termed SRI-GVINS. In particular, for the first time, we deeply fuse the GNSS pseudorange, Doppler shift, single-differenced pseudorange, and double-differenced carrier phase measurements, along with the visual-inertial measurements. Inherited from the SRI-SWF, the proposed SRI-GVINS gains significant numerical stability and computational efficiency over the start-of-the-art methods. Additionally, we propose to use a filter to sequentially initialize the reference frame transformation till converges, rather than collecting measurements for batch optimization. We also perform online calibration of GNSS-IMU extrinsic parameters to mitigate the possible extrinsic parameter degradation. The proposed SRI-GVINS is extensively evaluated on our own collected UAV datasets and the results demonstrate that the proposed method is able to suppress VIO drift in real-time and also show the effectiveness of online GNSS-IMU extrinsic calibration. The experimental validation on the public datasets further reveals that the proposed SRI-GVINS outperforms the state-of-the-art methods in terms of both accuracy and efficiency. © 2024 IEEE.",Conference paper,scopus,ieee; wos,INCLUDE,high,INC-1|INC-2|INC-3|INC-6,"Paper clearly describes a VIO system that fuses visual, inertial, and GNSS measurements (INC-1), is evaluated on UAV datasets (INC-2), targets GNSS-denied environments and computational efficiency (INC-6).",
P0202,True,PLI-VIO: Real-time Monocular Visual-inertial Odometry Using Point and Line Interrelated Features,10.1007/s12555-022-0210-9,2023,"International Journal of Control, Automation and Systems",Zhang J.; Yang J.; Shang Q.; Li M.,"As a popular technology, visual-inertial odometry (VIO) has been widely applied in many fields such as autonomous robots and unmanned aerial vehicle (UAV). However, the trade-off between localization accuracy and real-time performance still needs to be optimized. This paper presents a real-time tightly-coupled monocular VIO system using point and line interrelated features (PLI-VIO) under the sliding window optimization framework. In line feature extraction part of PLI-VIO, a line segment extraction and coalescence algorithm based on EDlines is proposed, which extracts line features in real-time without concession on feature quality. At the same time, in order to get efficient and robust line tracking effect, PLI-VIO presents a line-to-point tracking method that fully utilizes the interrelation between point and line. Specifically, line features are divided as a group of points and tracked by pyramidal implementation of Lucas Kanade feature tracker. The proposed line feature tracking method can effectively reduce time consumption on tracking process in a robust way. Extensive evaluations on Euroc and TUM-VI public datasets are performed to demonstrate the preferable performance of our proposed system, and the results show that PLI-VIO obtains better localization accuracy with less computation cost compared against other state-of-the-art VIO algorithms. © 2023, ICROS, KIEE and Springer.",Article,scopus,wos,INCLUDE,high,INC-1|INC-2|INC-3|INC-5|INC-6,"Paper presents a VIO system that fuses visual and inertial data (INC-1), explicitly mentions UAV applications (INC-2), is published in a peer-reviewed journal in 2023 (INC-3, INC-5).",
P0315,True,Direct feature correspondence in vision-aided inertial navigation for unmanned aerial vehicles,10.1109/icuas.2017.7991446,2017,"2017 International Conference on Unmanned Aircraft Systems, ICUAS 2017",Vallés F.P.; Magree D.P.; Johnson E.N.,"This paper proposes a novel method for corresponding visual measurements to map points in a visual-inertial navigation system. The algorithm is based on the minimization of the photometric error on sparse locations of the image region, and realizes a gain in robustness that comes from the elimination of the need of feature-extraction for correspondence. The system is compared to a standard approach based on feature extraction, within a visual-inertial EKF formulation. High-fidelity simulation results show the proposed method improves the horizontal RMS error by means of increasing the number of features corresponded by the algorithm. © 2017 IEEE.",Conference paper,scopus,,INCLUDE,high,INC-1|INC-2|INC-3|INC-5,"Paper presents a visual-inertial navigation system with novel feature correspondence method (INC-1), explicitly targets unmanned aerial vehicles (INC-2), published at IEEE conference in 2017 (INC-3, INC-5).",
P0630,False,A Comparison Between Framed-Based and Event-Based Cameras for Flapping-Wing Robot Perception,10.1109/iros55552.2023.10342500,2023,2023 IEEE/RSJ International Conference on Intelligent Robots and Systems (IROS),R. Tapia; J. P. Rodríguez-Gómez; J. A. Sanchez-Diaz; F. J. Gañán; I. G. Rodríguez; J. Luna-Santamaria; J. R. Martínez-De Dios; A. Ollero,"Perception systems for ornithopters face severe challenges. The harsh vibrations and abrupt movements caused during flapping are prone to produce motion blur and strong lighting condition changes. Their strict restrictions in weight, size, and energy consumption also limit the type and number of sensors to mount onboard. Lightweight traditional cameras have become a standard off-the-shelf solution in many flapping-wing designs. However, bioinspired event cameras are a promising solution for ornithopter perception due to their microsecond temporal resolution, high dynamic range, and low power consumption. This paper presents an experimental comparison between frame-based and an event-based camera. Both technologies are analyzed considering the particular flapping-wing robot specifications and also experimentally analyzing the performance of well-known vision algorithms with data recorded onboard a flapping-wing robot. Our results suggest event cameras as the most suitable sensors for ornithopters. Nevertheless, they also evidence the open challenges for event-based vision on board flapping-wing robots.",IEEE Conferences,ieee,,EXCLUDE,high,EXC-3,"A comparison of camera technologies for ornithopter perception but focuses only on vision algorithms without mentioning IMU, inertial data, or sensor fusion (EXC-3).",
P0631,False,Autonomous Aerial Robot for High-Speed Search and Intercept Applications,10.55417/fr.2022044,2022,Field Robotics,A. Rodriguez-Ramos; A. Alvarez-Fernandez; H. Bavle; J. Rodriguez-Vazquez; L. Lu; M. Fernandez-Cortizas; R. A. S. Fernandez; A. Rodelgo; C. Santos; M. Molina; L. Merino; F. Caballero; P. Campoy,"In recent years, high-speed navigation and environment interaction in the context of aerial robotics has become a field of interest for several academic and industrial research studies. In particular, Search and Intercept (SaI) applications for aerial robots pose a compelling research area due to their potential usability in several environments. Nevertheless, SaI tasks involve a challenging development regarding sensory weight, onboard computation resources, actuation design, and algorithms for perception and control, among others. In this work, a fully autonomous aerial robot for high-speed object grasping has been proposed. As an additional subtask, our system is able to autonomously pierce balloons located in poles close to the surface. Our first contribution is the design of the aerial robot at an actuation and sensory level consisting of a novel gripper design with additional sensors enabling the robot to grasp objects at high speeds. The second contribution is a complete software framework consisting of perception, state estimation, motion planning, motion control, and mission control in order to rapidly and robustly perform the autonomous grasping mission. Our approach has been validated in a challenging international competition and has shown outstanding results, being able to autonomously search, follow, and grasp a moving object at 6 m/s in an outdoor environment.",FRPS Journals,ieee,,EXCLUDE,medium,INC-1,'Our first contribution is the design of the aerial robot at an actuation and sensory level consisting of a novel gripper design with additional sensors enabling the robot to grasp objects at high speeds.'.,State estimation mentioned but specific sensor fusion approach unclear from abstract
P0316,True,Range–Visual–Inertial Odometry with Coarse-to-Fine Image Registration Fusion for UAV Localization,10.3390/drones7080540,2023,Drones,Hao Y.; He M.; Liu Y.; Liu J.; Meng Z.,"In Global Navigation Satellite System (GNSS)-denied environments, image registration has emerged as a prominent approach to utilize visual information for estimating the position of Unmanned Aerial Vehicles (UAVs). However, traditional image-registration-based localization methods encounter limitations, such as strong dependence on the prior initial position information. In this paper, we propose a systematic method for UAV geo-localization. In particular, an efficient range–visual–inertial odometry (RVIO) is proposed to provide local tracking, which utilizes measurements from a 1D Laser Range Finder (LRF) to suppress scale drift in the odometry. To overcome the differences in seasons, lighting conditions, and other factors between satellite and UAV images, we propose an image-registration-based geo-localization method in a coarse-to-fine manner that utilizes the powerful representation ability of Convolutional Neural Networks (CNNs). Furthermore, to ensure the accuracy of global optimization, we propose an adaptive weight assignment method based on the evaluation of the quality of image-registration-based localization. The proposed method is extensively evaluated in both synthetic and real-world environments. The results demonstrate that the proposed method achieves global drift-free estimation, enabling UAVs to accurately localize themselves in GNSS-denied environments. © 2023 by the authors.",Article,scopus,wos,INCLUDE,high,INC-1|INC-2|INC-6,"A range-visual-inertial odometry (RVIO) system that fuses visual, inertial, and range measurements for UAV localization (INC-1).",
P0632,True,Flying Co-Stereo: Enabling Long-Range Aerial Dense Mapping via Collaborative Stereo Vision of Dynamic-Baseline,10.1109/tro.2026.3658293,2026,IEEE Transactions on Robotics,Z. Wang; X. Zuo; W. Dong,"For unmanned aerial vehicle (UAV) swarms operating in large-scale unknown environments, lightweight long-range mapping is crucial for enhancing safe navigation. Traditional stereo cameras constrained by a short fixed baseline suffer from limited perception ranges. To overcome this limitation, we present flying collaborative stereo (flying co-stereo), a cross-agent collaborative stereo vision system that leverages the wide-baseline spatial configuration of two UAVs for long-range dense mapping. However, realizing this capability presents several challenges. First, the independent motion of each UAV leads to a dynamic and continuously changing stereo baseline, making accurate and robust estimation difficult. Second, efficiently establishing feature correspondences across independently moving viewpoints is constrained by the limited computational capacity of onboard edge devices. To tackle these challenges, we introduce the flying co-stereo system within a novel collaborative dynamic-baseline stereo mapping (CDBSM) framework. We first develop a dual-spectrum visual-inertial-ranging estimator to achieve robust and precise online estimation of the baseline between the two UAVs. In addition, we propose a hybrid feature association strategy that integrates cross-agent feature matching—based on a computationally intensive yet accurate deep neural network—with intra-agent, optical-flow-based lightweight feature tracking. Furthermore, benefiting from the wide baselines between the two UAVs, our system accurately recovers long-range covisible 3-D sparse points. We then employ a monocular depth network to predict up-to-scale dense depth maps, which are refined using accurate metric scales derived from the triangulated sparse points via exponential fitting. Extensive real-world experiments demonstrate that the proposed flying co-stereo system achieves robust and accurate dynamic baseline estimation in complex environments while maintaining efficient feature matching with resource-constrained computers under varying viewpoints. Ultimately, our system achieves dense 3-D mapping at distances of up to 70 m with a relative error between 2.3% and 9.7%. This corresponds to up to a 350% improvement in maximum perception range and up to a 450% increase in coverage area compared to conventional stereo vision systems with fixed compact baselines.",IEEE Journals,ieee,,INCLUDE,high,INC-1|INC-2,A visual-inertial-ranging estimator that fuses visual and inertial data (INC-1) for UAV swarms performing dense mapping and navigation (INC-2).,
P0203,False,Development of nano UAV platform for navigation in GPS-denied environment using snapdragon,10.1109/iecon.2018.8592913,2018,Proceedings: IECON 2018 - 44th Annual Conference of the IEEE Industrial Electronics Society,Zhou Y.; Qin G.; Lin F.,"In order to develop a nano UAV in a GPS-denied environment, a visual-inertial system (VINS) consisting of a monocular camera and a low-cost inertial measurement unit (IMU) should be integrated, as they make a minimum, ultra lightweight sensor suite that enables both autonomous flight and sufficient environment awareness. Although there are numerous potential applications, getting to understand the structure of the flight platform can be cumbersome and confusing. Packages and resources provided on the Qualcomm developer network (QCN) and their official GitHub group ATLFlight contain un-unified and disorderly chunks of information. In this paper, we present an organized documentation that presents in detail, the platform structure as a whole, from hardware to software architecture, including installation and API related applications. © 2018 IEEE.",Conference paper,scopus,ieee,EXCLUDE,high,EXC-7,"This is primarily documentation/tutorial work for implementing an existing VINS system on a Snapdragon platform, focusing on platform integration rather than algorithmic VIO contributions (EXC-7).",
P0605,False,Pathloss Analysis and Modelling for 5G Communication in U-SPACE,10.1109/ipccc59175.2023.10253853,2023,"2023 IEEE International Performance, Computing, and Communications Conference (IPCCC)",S. C. Nwabuona; R. Singh; M. Berger; S. Ruepp; L. Dittmann,"The numerous applications of Unmanned Aerial Vehicles (UAVs) have the prospects of stirring the global economic growth. Besides having a relatively small carbon footprint, the operating cost of UAVs is significantly less than that of manned aircrafts. Conventionally, civilian UAVs are flown such that the UAV controller is in Visual Line of Sight (VLOS) with the UAV. This mode of operation limits possible UAV applications to the visual acuity of the UAV operator. To explore all possible applications of UAVs, it is often required that they operate in large quantities and Beyond Visual Line of Sight (BVLOS). In this article, the radio channel parameters between a UAV and a live 5G NR (New Radio) cellular network, operating on 3.5 GHz frequency was measured and analyzed. This was done by field measurements with TSMA6B - an industrial-grade mobile frequency scanner, attached to a rotary-wing UAV. Using the network configurations obtained by the MNO (Mobile Network Operator), measurement campaigns were carried out at altitudes (22 - 35 meters) within the elevation angle of the transmitting antenna. Collected results were used to fit a path loss regression line for each altitude using the measured power of the reference signal and the instantaneous distance of the UAV from the base station. Findings from the analysis show that the path loss model is height dependent with altitude-specific cell edge requirements. In conclusion, the findings indicate that a 3.5GHz radio channel, deployed in a rural scenario, approximates a free space channel with an increase in altitude. This is because the channel conditions are similar to a line-of-sight scenario with increased altitude.",IEEE Conferences,ieee,,EXCLUDE,high,EXC-7,"Focuses exclusively on 5G communication channel analysis and path loss modeling between UAVs and cellular networks, with no mention of VIO, visual odometry, inertial navigation, or pose estimation.",
P0424,True,A Novel Relocating Recognition Algorithm in Overlapping Region for Multi-UAVs Cluster,10.1109/icus55513.2022.9986862,2022,"Proceedings of 2022 IEEE International Conference on Unmanned Systems, ICUS 2022",Li C.; Qi X.; Zhao J.; Liao X.; Lin Z.; Ma H.; Liang X.,"How improve the mapping efficiency and location accuracy of the multi-UAV cluster based on the distributed SLAM technology is a significant problem in overlapping regions. Therefore, this paper mainly proposes a novel relocation recognition algorithm for the multi-UAV cluster. First, the autonomous localization algorithm based on visual-inertial fusion is proposed. Then, the algorithm for vocabulary updating and relocating is designed. Finally, practical testing is implemented to verify and improve the efficiency of exploration ability and the accuracy of the autonomous navigation and positioning in the complex overlapping regions. © 2022 IEEE.",Conference paper,scopus,,INCLUDE,medium,INC-1|INC-2|INC-3|INC-5|INC-6,'autonomous localization algorithm based on visual-inertial fusion' (INC-1) and targets multi-UAV clusters (INC-2).,"Limited technical detail in abstract, but clear VIO fusion and aerial platform context."
P0096,False,Train of Autonomous Aerial Vehicles for Subterranean Exploration with SLAM Capabilities,10.2514/6.2025-2067,2025,"AIAA Science and Technology Forum and Exposition, AIAA SciTech Forum 2025",Blanchard N.; Parker A.; Mahalanobis A.; Shkarayev S.,"This work realizes a system of drones for the exploration of caves and lava tubes. The presented system consists of lightweight quadcopters that employ Visual-Inertial Odometry for real-time localization and Time of Flight occupancy grid mapping for real-time 3D mapping, yielding similar results to the online SLAM solution but without the need for a 360 degree 3D LiDAR scanner. A waypoint-based Leader-Follower algorithm and a custom MAVLink-based ground station are deployed to control the system and direct the swarm of UAVs in a train configuration. Software-in-the-Loop simulations and complete system flight tests in an artificial cave environment area conducted to evaluate system communication, navigation, and 3D mapping ability. Robust leader-follower configuration, 3D occupancy mapping at resolutions of 0.05 meter, and accurate localization in GPS-denied and low-light conditions are all demonstrated. © 2025, American Institute of Aeronautics and Astronautics Inc, AIAA. All rights reserved.",Conference paper,scopus,,INCLUDE,high,INC-1|INC-2|INC-6,"Article clearly describes VIO for quadcopter localization (INC-1), targets UAV platforms explicitly (INC-2), and operates in GPS-denied/low-light challenging conditions (INC-6).",
P0097,True,AMADEE-18: Vision-Based Unmanned Aerial Vehicle Navigation for Analog Mars Mission (AVI-NAV),10.1089/ast.2019.2036,2020,Astrobiology,Allak E.; Brommer C.; Dallenbach D.; Weiss S.,"As a part of the AMADEE-18 analog Mars mission, designed to study challenges associated with human-based exploration of the Red Planet, we focused our team efforts on testing means to localize an unmanned aerial vehicle (UAV) on Mars. Robot helicopters, such as the one selected for a technology demonstration as a part of NASA's Mars 2020 mission, are small and their performance is computationally limited. An essential aspect of navigation and path planning of an autonomous helicopter is accurate localization of the robot. In the absence of a global positioning system, a computationally efficient localization technology that can be applied on Mars is visual-inertial odometry (VIO). The AMADEE-18 mission provided an opportunity to test the feasibility of a state-of-the-art VIO algorithm and the camera in a Mars-like analog environment. The flight datasets included different terrain structures that challenged the functionality of VIO algorithms. The experiment has yielded valuable insights into the desired surface structure, texture, and mission times for surface relative navigation of UAV on Mars.  © 2020, Mary Ann Liebert, Inc., publishers.",Article,scopus,wos,INCLUDE,high,INC-1|INC-2|INC-6,Abstract clearly describes VIO (visual-inertial odometry) system testing for UAV navigation (satisfying INC-1 and INC-2).,
P0633,False,Robust Aerial Docking in Carrier-Centered Frame: A Relative State-Based Approach,10.1109/lra.2025.3643302,2026,IEEE Robotics and Automation Letters,X. Dong; Y. Cui; D. Li; B. Yang; J. Xiang; Z. Tu,"Aerial docking of micro uncrewed aerial vehicles (UAVs) onto aerial carrier platforms is significantly affected by various disturbances, particularly in the terminal docking phase. The downwash generated by the micro UAV and gust wind can induce considerable disturbances to the carrier, resulting in position drift that compromises docking success. Conventional disturbance-rejection control on the carrier UAV is often insufficient to effectively suppress various disturbance. To address this challenge, this letter proposes an efficient aerial docking framework entirely formulated in the body-fixed reference frame of the carrier UAV. By modeling the relative dynamics of micro UAVs in the non-inertial carrier-centered frame, we design a docking trajectory planning and tracking control method that relies on relative state measurements without prior knowledge of the carrier UAV's moving trajectory in the world frame. This formulation converts the docking position deviation induced by the drift or unknown motion of the carrier UAV into a docking trajectory tracking error, thereby avoiding frequent trajectory replanning. Real-world results demonstrate that compared with prior works, proposed method achieves accurate docking performance under the carrier's unpredictable motion or drift due to wind gusts.",IEEE Journals,ieee,,EXCLUDE,high,EXC-7,"Trajectory planning and control for aerial docking applications, where VIO appears only as a component for relative state measurements rather than being the primary algorithmic contribution.",Docking control application using VIO as input rather than advancing VIO methodology itself.
P0319,False,Multi-unmanned Aerial Vehicle Pose Estimation Based on Visual-inertial-range Sensor Fusion,10.5302/j.icros.2023.23.0135,2023,"Journal of Institute of Control, Robotics and Systems",Choi J.; Marsim K.C.; Jeong M.; Ryoo K.; Kim J.; Myung H.,"Multi-robot state estimation is crucial for real-time and accurate operation, especially in complex environments where a global navigation satellite system cannot be used. Many researchers employ multiple sensor modalities, including cameras, LiDAR, and ultra-wideband (UWB), to achieve real-time state estimation. However, each sensor has specific requirements that might limit its usage. While LiDAR sensors demand a high payload capacity, camera sensors must have matching image features between robots, and UWB sensors require known fixed anchor locations for accurate positioning. This study introduces a robust localization system with a minimal sensor setup that eliminates the need for the previously mentioned requirements. We used an anchor-free UWB setup to establish a global coordinate system, unifying all robots. Each robot performs visual-inertial odometry to estimate its ego-motion in its local coordinate system. By optimizing the local odometry from each robot using inter-robot range measurements, the positions of the robots can be robustly estimated without relying on an extensive sensor setup or infrastructure. Our method offers a simple yet effective solution for achieving accurate and real-time multi-robot state estimation in challenging environments without relying on traditional sensor requirements. © ICROS 2023.",Article,scopus,,EXCLUDE,high,INC-4,"VIO (visual-inertial odometry) for UAVs in GNSS-denied environments, satisfying INC-1, INC-2, and INC-6.",
P0204,False,Gateway Crossing Method for Unmanned Aerial Vehicles Based on Lightweight Corner-Assisted Localization and Visual-Inertial Navigation,10.1109/mlccim60412.2023.00032,2023,"Proceedings - 2023 2nd International Conference on Machine Learning, Cloud Computing, and Intelligent Mining, MLCCIM 2023",Liu X.; Peng Y.; Yu H.; Wang X.,"This paper proposes a lightweight gateway crossing method for micro-UAVs that integrates certain map prior information, based on a traditional visual-inertial odometer. A visual-inertial navigation system which fuses the gateway corner information is firstly introduced. This system includes a corner-assisted localization method, misrecognition detection mechanism and fusion method. The gateway crossing simulation and flight tests are carried out. The results show advantages in the accuracy, speed and lightweight of the proposed gateway crossing method for UAVs. The average trajectory error of the positioning system decreases by 20.1 % (simulation) and 34.3% (physical test) compared to those of VINS- Mono. The proposed method outperforms the gateway crossing method based on EGO-Planner in terms of memory and CPU utilization savings, with 29.0% (simulation) and 7.7% (physical test) memory usage reduction, and 21.9% (simulation) and 17.7% (physical test) CPU usage reduction.  © 2023 IEEE.",Conference paper,scopus,ieee,INCLUDE,high,INC-1|INC-2|INC-3|INC-6,"Paper presents a visual-inertial navigation system that fuses visual and IMU data (INC-1) for micro-UAVs (INC-2), published at IEEE conference (INC-3).",
P0425,True,A UAV-Based Aircraft Surface Defect Inspection System via External Constraints and Deep Learning,10.1109/tim.2022.3198713,2022,IEEE Transactions on Instrumentation and Measurement,Liu Y.; Dong J.; Li Y.; Gong X.; Wang J.,"In the field of aircraft maintenance, regular inspection of fuselage surface during the aircraft life cycle is a vital task to ensure the aircraft quality and flight safety. Currently, the inspection task is generally carried out manually in an indoor hangar, which is with low efficiency and reliability. In this article, a novel system based on the unmanned aerial vehicle (UAV) is presented to achieve automated aircraft surface inspection efficiently. The hardware is established with a lightweight and low-cost flight platform, on which a sensor containing an inertial measurement unit (IMU) and a camera is equipped for UAV localization. A high-resolution camera is equipped to collect images of fuselage for defect detection. Our inspection framework is mainly composed of two modules: the UAV localization module and the defect detection module. The localization module is designed to estimate the relative pose between the UAV and the aircraft, providing the foundation for image positioning on the aircraft surface. The existing visual-inertial odometry (VIO) approach is adopted to implement the pose estimation. To reduce the large drifts caused by the VIO approach, a novel method is proposed to deploy precalibrated ArUco markers around the aircraft, which serve as external constraints for the VIO objective to realize joint optimization of the camera pose. In addition, an adaptive weighting method is proposed, which takes into consideration the recognition effect of markers to balance the external constraints. The defect detection module aims to detect defects on the fuselage surface from images captured by the high-resolution camera, which is implemented based on deep learning. To address the issue of detection on a few training samples, the transfer learning strategy is exploited to first pretrain the model on a public defect dataset and then fine-tune it on our collected aircraft defect dataset. After detecting the defects, the defective region is reflected on the fuselage surface through the UAV pose on the corresponding frame provided by the localization module, realizing the accurate defect localization. Experiments on both the simulation environment and real data demonstrate the superiority of our proposed external localization module and the effectiveness of the crack detection module.  © 1963-2012 IEEE.",Article,scopus,ieee; wos,INCLUDE,high,INC-1|INC-2,'a sensor containing an inertial measurement unit (IMU) and a camera is equipped for UAV localization ... The existing visual-inertial odometry (VIO) approach is adopted to implement the pose estimation.'.,"Uses existing VIO + external constraints for localization, but core contribution is defect detection system"
P0634,False,A robotic system towards concrete structure spalling and crack database,10.1109/robio.2017.8324593,2017,2017 IEEE International Conference on Robotics and Biomimetics (ROBIO),L. Yang; B. Li; W. Li; Z. Liu; G. Yang; J. Xiao,"Concrete spalling and crack inspection is a labor intensive and routine task. However, it plays an important role in structure health monitoring (SHM) of civil infrastructures. Autonomous inspection with robots has been regarded as one of the best ways to reduce both error and cost. This paper presents an automated approach using Unmanned Aerial Vehicle(UAV) and towards a Concrete Structure Spalling and Crack database (CSSC), which is by far the first released database for deep learning inspection. We aim locate the spalling and crack regions to assist 3D registration and visualization. For deep inspection, we provide a complete procedure of data searching, labeling, training, and post processing. We further present a visual Simultaneously Localization and Mapping(SLAM) approach for localization and reconstruction. Comparative experiments and field tests are illustrated, results show that we can achieve an accuracy over 70% for field tests, and more than 93% accuracy with CSSC database.",IEEE Conferences,ieee,,EXCLUDE,high,EXC-7,"Concrete crack detection and database creation using UAVs, where visual SLAM appears as a supporting component for localization rather than the primary algorithmic contribution.",
P0099,True,Learning Pose Estimation for UAV Autonomous Navigation and Landing Using Visual-Inertial Sensor Data,10.23919/acc45564.2020.9147400,2020,Proceedings of the American Control Conference,Baldini F.; Anandkumar A.; Murray R.M.,"In this work, we propose a robust network-in-the-loop control system for autonomous navigation and landing of an Unmanned-Aerial-Vehicle (UAV). To estimate the UAV's absolute pose, we develop a deep neural network (DNN) architecture for visual-inertial odometry, which provides a robust alternative to traditional methods. We first evaluate the accuracy of the estimation by comparing the prediction of our model to traditional visual-inertial approaches on the publicly available EuRoC MAV dataset. The results indicate a clear improvement in the accuracy of the pose estimation up to 25% over the baseline. Finally, we integrate the data-driven estimator in the closed-loop flight control system of Airsim, a simulator available as a plugin for Unreal Engine, and we provide simulation results for autonomous navigation and landing. © 2020 AACC.",Conference paper,scopus,ieee; wos,INCLUDE,high,INC-1|INC-2|INC-3|INC-4|INC-5|INC-6,"Paper develops a deep neural network for visual-inertial odometry (INC-1) specifically for UAV autonomous navigation and landing (INC-2), addressing robustness challenges (INC-6).",
P0426,False,Design of UAV visual-inertial odometry in complex environment; [复杂环境下无人机视觉惯性里程计设计],10.13695/j.cnki.12-1222/o3.2025.02.005,2025,Zhongguo Guanxing Jishu Xuebao/Journal of Chinese Inertial Technology,Tang Q.; Wang L.; Shi J.; Li C.; Liu Y.; Ao Y.,"A visual-inertial odometry system integrating monocular event camera/monocular standard camera/inertial measurement unit (IMU) is designed to enhance the pose accuracy of unmanned aerial vehicles (UAVs) in complex environment with rapid motion and large illumination changes. Firstly, the angular velocities of IMU and the backend linear velocities of visual inertial odometry are utilized to compensate for rotation and translation of event frames, thereby generating high-quality event frames. Secondly, the BEBLID descriptor extraction algorithm is used to enhance the feature matching ability of event frames and standard frames. Frame-based feature tracking method is employed independently on event frames and standard frames, and the depth estimation is conducted using random sample consensus and triangulation. An optimization-based approach tightly couples the three sensors. Finally, experimental verification is carried out on the UZH-FPV dataset. The experimental results show that the proposed method reduces the average absolute positioning error of UAVs by 19.6% compared with PL-EVIO in scenes with large illumination changes. In scenes with high-speed motion, the reduction is 46.9% compared with Ultimate SLAM. © 2025 Editorial Department of Journal of Chinese Inertial Technology. All rights reserved.",Article,scopus,,EXCLUDE,high,INC-4,"A VIO system that fuses visual (monocular event camera/standard camera) and inertial (IMU) data for UAV pose estimation (INC-1, INC-2).",
P0320,False,"Adaptive sensor fusion of camera, GNSS and IMU for autonomous driving navigation",10.1109/cvci51460.2020.9338655,2020,"2020 4th CAA International Conference on Vehicular Control and Intelligence, CVCI 2020",Ren W.; Jiang K.; Chen X.; Wen T.; Yang D.,"The Visual-Inertial navigation system(VINS) has become a popular navigation approach in the field of unmanned aerial vehicles(UAV) or robotics. While its performance under autonomous driving scenario is not satisfactory due to the fact that autonomous driving scenario is more challenging and dynamic than the UAV scenario. Thus, the Visual-Inertial navigation system will collapse occasionally and thus undermine the navigation result. In this work, we propose a adaptive mechanism that could switch between three modes, only VINs, only GNSS and VINSGNSS fusion. When Visual-Inertial component breaks down, our algorithm could only rely on the GNSS signal until VINS recovers. Similarly, when GNSS signal is not very accurate, our system could only rely on the VINS-Mono. We demonstrate our algorithm under challenging scenarios such as night sight and high speed road and do both qualitative analysis and quantitative analysis.  © 2020 IEEE.",Conference paper,scopus,ieee,EXCLUDE,high,EXC-2,"Explicitly targets autonomous driving scenarios and ground vehicles, not UAVs.",
P0427,True,LSAF-LSTM-Based Self-Adaptive Multi-Sensor Fusion for Robust UAV State Estimation in Challenging Environments †,10.3390/machines13020130,2025,Machines,Irfan M.; Dalai S.; Trslic P.; Riordan J.; Dooly G.,"Unmanned aerial vehicle (UAV) state estimation is fundamental across applications like robot navigation, autonomous driving, virtual reality (VR), and augmented reality (AR). This research highlights the critical role of robust state estimation in ensuring safe and efficient autonomous UAV navigation, particularly in challenging environments. We propose a deep learning-based adaptive sensor fusion framework for UAV state estimation, integrating multi-sensor data from stereo cameras, an IMU, two 3D LiDAR’s, and GPS. The framework dynamically adjusts fusion weights in real time using a long short-term memory (LSTM) model, enhancing robustness under diverse conditions such as illumination changes, structureless environments, degraded GPS signals, or complete signal loss where traditional single-sensor SLAM methods often fail. Validated on an in-house integrated UAV platform and evaluated against high-precision RTK ground truth, the algorithm incorporates deep learning-predicted fusion weights into an optimization-based odometry pipeline. The system delivers robust, consistent, and accurate state estimation, outperforming state-of-the-art techniques. Experimental results demonstrate its adaptability and effectiveness across challenging scenarios, showcasing significant advancements in UAV autonomy and reliability through the synergistic integration of deep learning and sensor fusion. © 2025 by the authors.",Article,scopus,wos,INCLUDE,high,INC-1|INC-2|INC-6,"Paper presents multi-sensor fusion including stereo cameras and IMU for UAV state estimation (satisfies INC-1, INC-2), explicitly addresses challenging environments like GNSS-denied conditions and illumination changes.",
P0637,False,CoNi-MPC: Cooperative Non-inertial Frame Based Model Predictive Control,10.1109/lra.2023.3325776,2023,IEEE Robotics and Automation Letters,B. Zhang; X. Chen; Z. Li; G. Beltrame; C. Xu; F. Gao; Y. Cao,"This letter presents a novel solution for UAV control in cooperative multi-robot systems, which can be used in various scenarios such as leader-following, landing on a moving base, or specific relative motion with a target. Unlike classical methods that tackle UAV control in the world frame, we directly control the UAV in the target coordinate frame, without making motion assumptions about the target. In detail, we formulate a non-linear model predictive controller of a UAV, referred to as the agent, within a non-inertial frame (i.e., the target frame). The system requires the relative states (pose and velocity), the angular velocity and the accelerations of the target, which can be obtained by relative localization methods and ubiquitous MEMS IMU sensors, respectively. This framework eliminates dependencies that are vital in classical solutions, such as accurate state estimation for both the agent and target, prior knowledge of the target motion model, and continuous trajectory re-planning for some complex tasks. We have performed extensive simulations to investigate the control performance with varying motion characteristics of the target. Furthermore, we conducted real robot experiments, employing either simulated relative pose estimation from motion capture systems indoors or directly from our previous relative pose estimation devices outdoors, to validate the applicability and feasibility of the proposed approach.",IEEE Journals,ieee,,EXCLUDE,high,EXC-7,"Focuses exclusively on control system design (MPC) for UAVs using relative pose estimation as a trusted input, with no algorithmic contribution to VIO fusion itself.",
P0321,True,Onboard real-time dense reconstruction of large-scale environments for UAV,10.1109/iros.2017.8206189,2017,IEEE International Conference on Intelligent Robots and Systems,Vempati A.S.; Gilitschenski I.; Nieto J.; Beardsley P.; Siegwart R.,"In this paper, we propose a GPU parallelized SLAM system capable of using photometric and inertial data together with depth data from an active RGB-D sensor to build accurate dense 3D maps of indoor environments. We describe several extensions to existing dense SLAM techniques that allow us to operate in real-time onboard memory constrained robotic platforms. Our primary contribution is a memory management algorithm that scales to large scenes without being limited by GPU memory resources. Moreover, by integrating a visual-inertial odometry system, we robustly track the camera pose even on an agile platform such as a quadrotor UAV. Our robust camera tracking framework can deal with fast camera motions and varying environments by relying on depth, color and inertial motion cues. Global consistency is achieved via regular checking for loop closures in conjunction with a pose graph, as a basis for corrective deformation of the 3D map. Our efficient SLAM system is capable of producing highly dense meshes up to 5mm resolution at rates close to 60Hz fully onboard a UAV. Experimental validations both in simulation and on a real-world platform, show that our approach is fast, more robust and more memory efficient than state-of-the-art techniques, while obtaining better or comparable accuracy. © 2017 IEEE.",Conference paper,scopus,ieee,INCLUDE,high,INC-1|INC-2|INC-3|INC-5|INC-6,"Paper explicitly describes a visual-inertial odometry system that fuses photometric, inertial, and depth data (INC-1), targets quadrotor UAV platforms (INC-2).",
P0640,False,Tightly-Coupled EKF-Based Radar-Inertial Odometry,10.1109/iros47612.2022.9981396,2022,2022 IEEE/RSJ International Conference on Intelligent Robots and Systems (IROS),J. Michalczyk; R. Jung; S. Weiss,"Multicopter Unmanned Aerial Vehicles (UAV) are small and agile robots with the potential to become prominent in performing autonomous tasks in various Global Navigation Satellite System (GNSS)-denied environments. These environments can potentially be rendered even more challenging due to external factors impairing the robot's perception, such as low or too bright light, permeation with aerosols or smoke. A precondition of autonomous operation, though, is the ability of a robot to accurately localize itself in the surrounding environment. Millimeter-wave Frequency Modulated Continuous Wave (FMCW) radar sensors are resilient to the aforementioned factors while being lightweight, inexpensive and highly accurate. In this paper, we present a Radar-Inertial Odometry (RIO) method for estimating the full 6DoF pose and 3D velocity of a UAV. In an Extended Kalman Filter (EKF) framework, we fuse range measurements and velocity measurements of 3D points detected by an FMCW radar sensor together with Inertial Measurement Unit (IMU) readings. In real experiments we show that our approach enables accurate state estimation of a UAV and that it exhibits improvements over similar existing state-of-the-art method.",IEEE Conferences,ieee,,EXCLUDE,high,INC-1,"Radar-Inertial Odometry (RIO) using FMCW radar and IMU, but does not include visual sensors (camera) as required by INC-1 for VIO systems.",
P0429,True,Design and Implementation of Indoor Visual Autonomous Navigation System for Quadrotor UAV Based on Binocular Camera and IMU,10.1109/cei60616.2023.10527790,2023,"2023 3rd International Conference on Computer Science, Electronic Information Engineering and Intelligent Control Technology, CEI 2023",Tang J.; Guo T.; Liudan; Li J.; Sun J.; Huang W.; Wang Q.,"Addressing the challenge of unmanned aerial vehicles (UAVs) navigating indoors without satellite positioning, this study introduces a novel method combining binocular camera and inertial measurement unit (IMU) data. This approach overcomes the structural differences between visual and inertial information, integrating them effectively for enhanced indoor autonomous navigation. The research presents a gradient-free path planning framework, pivotal for enhancing the UAV's ability to execute efficient and stable flight in intricate indoor settings. The cornerstone of this system is an advanced path planning algorithm, adept at swiftly identifying optimal routes and adapting to environmental shifts. The system's efficacy was rigorously evaluated through simulations and real-world tests, confirming its precision in positioning and path planning without reliance on satellite data. The findings demonstrate the system's capacity for precise localization and effective route determination, utilizing an integration of visual and inertial inputs. This research significantly contributes to the autonomous flight capabilities of UAVs, offering a valuable reference for future UAV autonomous navigation systems. By delving into visual-inertial fusion navigation technology, the study paves the way for expanded indoor UAV applications.  © 2023 IEEE.",Conference paper,scopus,ieee,INCLUDE,high,INC-1|INC-2|INC-3|INC-4|INC-5|INC-6,"Paper clearly describes VIO fusion combining binocular camera and IMU data (INC-1) for quadrotor UAV indoor navigation (INC-2), addressing GNSS-denied environments which motivates robustness (INC-6).",
P0636,False,A Model-based Approach to the Development and Verification of Robotic Systems for Competitions,10.1109/lars/sbr/wre59448.2023.10333030,2023,"2023 Latin American Robotics Symposium (LARS), 2023 Brazilian Symposium on Robotics (SBR), and 2023 Workshop on Robotics in Education (WRE)",M. Santos; M. C. Filho; A. Sampaio,"This paper proposes the adoption of modern Software Engineering techniques in the context of the development of robotic systems. Particularly, we use a design language, RoboChart, and a tool set, RoboTool, which support modelling, verification (via model checking) and simulation of such systems, among other facilities. Our application domain is an Unmanned Aerial Vehicle (UAV) and its control system, targetting at competition challenges. This system needs to be capable to perform navigation tasks in indoor environments and achieve some goals like detecting and finding objects, landing spots and maintaining a stable flight. We emphasise the important role of a design model both concerning formal verification of classical and domain-specific properties and as a basis for a systematic strategy to develop trustworthy implementations",IEEE Conferences,ieee,,EXCLUDE,high,EXC-7,"Software engineering methodology, formal verification, and system modeling for UAV development, but does not present any VIO algorithm or fusion method.",Model-based development paper using UAVs as application domain
P0322,True,A new visual-inertial odometry scheme for unmanned systems in unified framework of zeroing neural networks,10.1016/j.neucom.2024.129017,2025,Neurocomputing,Chen D.; Jiang J.; Wang Z.; Li S.,"In recent years, multi-sensor fusion has gained significant attention from researchers and is used extensively in simultaneous localization and mapping (SLAM) applications, such as visual-inertial odometry (VIO). This technology primarily utilizes visual and odometry measurements for unmanned aerial vehicles (UAVs) to estimate their position, orientation, and environment. However, in most previous works, the input error data of sensors in the system were considered independent. To improve system precision and fully utilize sensor data, a new method called Multi-State Constraint Kalman Filter with NearSAC (MSCKF-NearSAC), based on the MSCKF, is proposed. This method eliminates outliers by limiting the range of selected points, which significantly improves the success rate of feature point matching in the front-end. Furthermore, the MSCKF-ZNN method is proposed for the back-end, and combines zeroing neural network (ZNN) (originated from the Hopfield-type neural network) and error state, resulting in an exponentially converging output trajectory error, thus improving the trajectory precision of the SLAM system. The proposed algorithms, MSCKF-NearSAC and MSCKF-ZNN, are used in the excellent work of the stereo multi-state constraint Kalman filter system (S-MSCKF). A plethora of comparison experiments, utilizing precise measurement and calibration techniques, are conducted on open-source datasets and real-world environments. Experimental results demonstrate that the introduced approach exhibits higher stability in contrast to other algorithms. © 2024 The Authors",Article,scopus,,INCLUDE,high,INC-1|INC-2|INC-3|INC-5|INC-6,"Paper presents a VIO system (MSCKF-NearSAC and MSCKF-ZNN) that explicitly fuses visual and inertial data for UAV navigation, addresses robustness through outlier elimination and improved trajectory precision.",
P0206,True,NaviLoc: Trajectory-Level Visual Localization for GNSS-Denied UAV Navigation,10.3390/drones10020097,2026,Drones,Shpagin P.; Panchenko T.,"Highlights: What are the main findings? NaviLoc enables training-free GNSS-denied aerial-to-satellite localization using trajectory-level fusion of image matching and motion sensing. On low-altitude (50–150 m) rural UAV flights, NaviLoc achieves a 19.5 m Mean Localization Error (16.0× better than prior state-of-the-art). What are the implications of the main finding? Trajectory-level optimization handles visually repetitive rural environments, enabling reliable GPS-free navigation. The lightweight algorithm enables real-time CPU-only deployment (9 FPS on Raspberry Pi 5), supporting embedded autonomy. Aerial-to-satellite visual localization enables GNSS-denied UAV navigation, but the appearance gap between low-altitude (50–150 m) UAV imagery and nadir satellite tiles makes per-frame Visual Place Recognition (VPR) unreliable. Under perceptual aliasing, high-similarity matches are often geographically inconsistent, so naïve anchoring fails. We introduce NaviLoc, a training-free three-stage trajectory-level estimator that treats VPR as a noisy measurement source and exploits Visual-Inertial Odometry (VIO) as a relative-motion prior. Stage 1 (Global Align) estimates a global SE(2) transform by maximizing an explicit trajectory-level similarity objective. Stage 2 (Refinement) performs sliding-window bounded weighted Procrustes updates. Stage 3 (Smoothing) computes a strictly convex MAP trajectory estimate that fuses VIO displacements with VPR anchors while clamping detected outliers. On a challenging low-altitude rural UAV benchmark, NaviLoc attains 19.5 m Mean Localization Error (MLE)—a 16.0× reduction compared to state-of-the-art localization method AnyLoc-VLAD, and 32.1× compared to raw VIO drift. End-to-end inference runs at 9 FPS on Raspberry Pi 5, enabling real-time embedded deployment. © 2026 by the authors.",Article,scopus,wos,INCLUDE,high,INC-1|INC-2|INC-6,"Article clearly describes a VIO system that fuses visual place recognition with visual-inertial odometry for UAV pose estimation (INC-1), explicitly targets UAV navigation in GNSS-denied environments (INC-2, INC-6).",
P0100,False,Detecting and Localizing Objects on an Unmanned Aerial System (UAS) Integrated with a Mobile Device,10.1109/icuas51884.2021.9476850,2021,"2021 International Conference on Unmanned Aircraft Systems, ICUAS 2021",Kim J.; Lin K.; Nogar S.M.; Larkin D.; Korpela C.M.,"There is a strong need for Unmanned Aerial Systems (UAS) that can navigate autonomously using visual information for GPS denied and other degraded environments. In this paper, a system architecture is proposed that utilizes visual-inertial odometry (VIO) and object recognition and localization for a quadrotor UAS. It also incorporates communication with an Android Team Awareness Kit (ATAK) device, allowing users to share situational awareness of the UAS in real-time. The system architecture is validated through experiments in which a human is detected and localized as the object of interest.  © 2021 IEEE.",Conference paper,scopus,,EXCLUDE,high,EXC-7,"Object detection and localization with ATAK integration, where VIO appears as a component for navigation but without algorithmic contribution to the VIO system itself.",System integration paper using existing VIO as input to higher-level application
P0646,False,Fast Swarming of UAVs in GNSS-Denied Feature-Poor Environments Without Explicit Communication,10.1109/lra.2024.3390596,2024,IEEE Robotics and Automation Letters,J. Horyna; V. Krátký; V. Pritzl; T. Báča; E. Ferrante; M. Saska,"A decentralized swarm approach for the fast cooperative flight of Unmanned Aerial Vehicles (UAVs) in feature-poor environments without any external localization and communication is introduced in this letter. A novel model of a UAV neighborhood is proposed to achieve robust onboard mutual perception and flocking state feedback control, which is designed to decrease the inter-agent oscillations common in standard reactive swarm models employed in fast collective motion. The novel swarming methodology is supplemented with an enhanced Multi-Robot State Estimation (MRSE) strategy to increase the reliability of the purely onboard localization, which may be unreliable in real environments. Although MRSE and the neighborhood model may rely on information exchange between agents, we introduce a communication-less version of the swarming framework based on estimating communicated states to decrease dependence on the often unreliable communication networks of large swarms. The proposed solution has been verified by a set of complex real-world experiments to demonstrate its overall capability in different conditions, including a UAV interception-motivated task with a group velocity reaching the physical limits of the individual hardware platforms.",IEEE Journals,ieee,,EXCLUDE,high,EXC-7,Swarm coordination and multi-robot state estimation for UAV formation flying.,Swarm coordination paper using existing localization as input
P0431,False,Enhanced State Estimation for Cruise Missiles Navigation: A BDS-Aided VIO Approach,10.1007/978-981-96-2224-5_42,2025,Lecture Notes in Electrical Engineering,Gao Z.; Li H.; Liu J.; Yang Q.; Wang J.; Shan J.,"In the context of contemporary warfare, achieving precise navigation for cruise missiles through challenging environments is paramount. We propose a novel vision inertial odometry (VIO) method enhanced by Beidou Navigation Satellite System (BDS) for precise cruise missile state estimation. We address current navigation challenges and underscore the importance of visual-inertial navigation systems (VINS) in complex environments. Our method improves pose state initialization in multi-sensor fusion, and implements asynchronous fusion update and BDS measurement calibration. Experimental validation using quadcopter unmanned aerial vehicle (UAV) and cruise missiles demonstrates the efficacy of our approach, showing superior performance in both simulated and real-world scenarios. In conclusion, this research offers a promising solution for cruise missile navigation. © The Author(s), under exclusive license to Springer Nature Singapore Pte Ltd. 2025.",Conference paper,scopus,wos,INCLUDE,high,INC-1|INC-2|INC-3|INC-6,"Paper presents a VIO method that fuses visual and inertial data (INC-1) for aerial platforms including cruise missiles and quadcopter UAVs (INC-2), addressing challenging navigation environments (INC-6).",
P0325,False,Performance Analysis of Mass-Market GNSS Receivers in UAV Applications,10.1109/navitec53682.2022.9847551,2022,"2022 10th Workshop on Satellite Navigation Technology, NAVITEC 2022",Diep J.; Gomez-Casco D.; Villamide X.O.; Swinden R.D.; Crosta P.,"Unmanned aerial vehicles have become a crucial technology in a wide variety of fields. The availability and integrity of exact positioning feedback information are of paramount importance for the safety of many UAV applications. Global navigation satellite system receivers provide reliable and accurate positioning solutions in outdoor environments. However, they suffer strong performance degradation in harsher scenarios such as forests, urban canyons, or indoor environments. This paper addresses the performance of GNSS receivers installed on a drone. They were tested in different scenarios such as under open sky or in adverse conditions of signal reception. The solutions offered by the receivers were compared to RTK reference trajectories. Moreover, the advantage of including a stereo tracking camera in the setup to obtain a more accurate reference trajectory in some scenarios was analyzed. The results give insights on the accuracy and the quality of the measurements of current GNSS technologies in aerial applications.  © 2022 IEEE.",Conference paper,scopus,ieee,EXCLUDE,high,EXC-7,"Focuses exclusively on GNSS receiver performance evaluation and comparison, with the stereo camera mentioned only for reference trajectory generation rather than sensor fusion for pose estimation.",
P0555,False,Performance Evaluation of AI-Enabled Autonomous Drone Navigation Systems Using Computer Vision,10.1109/icmlas67792.2026.11483799,2026,2026 International Conference on Machine Learning and Autonomous Systems (ICMLAS),S. Gali; S. A. Zabeen; J. Manasa; S. Yasmin; V. Manisha; V. Nagamani,"The current state of AI and computer vision has reached a long way in the area of drone navigation, being able to navigate at full in a dynamic environment and locations with low GPSs. This form of traditional navigation is limited within the fringes of environmental vagaries, dynamically moving obstructions, and real-time decision-making demands over and beyond the set logic of satellite-based navigation. In this paper, the AI-based navigation methodologies will be exposed to deep analysis, which relies upon an assessment by the computer vision of the perception, flight control, path planning, and obstacle avoidance. The analysis system is based on the key performance indicators: accuracy of object detection, flight stability, accuracy of navigation decisions, latency and safety reliability. ConvNets and vision transformers are the deep learning architectures that have been discovered in object detection in real-time, depth estimation, and scene understanding. Based on the experiment findings, accuracy of the mean object detection within the above 95percent range of precision and recall values has been obtained both indoors and outdoors. The combination of visual perception with inertial and depth sensing with fusion adaptive sensor technology has enhanced the localization of nearly 35 % drift when worse off than the approach that is based on vision alone. The system flight stability demonstrates the improvement of 30 percent in attitude control uniformity in case of dynamic movement of the drone. Although the autonomous decision-making and path planning modules are guided by a series of AI algorithms in relation to any moving obstacles or other environmental limitations, the navigation decision accuracy of 94.1 % is achieved, with an average inference latency of 38 milliseconds, and this system can perform under the real-time operation capability. Dynamic obstacle avoidance maintains safety even in cluttered and unpredictable conditions in an astonishing 94.3% of the engagements. Trajectory optimization in experimental proof features have reported that the time to complete a mission has been reduced by 22 percent by the achievement of a smoother and energetically deep path. All these findings meant that AI-incorporated vision enhanced significantly the quality of functioning in the area of exploration of an autonomous drone system in action. The study includes a vivid critique of the issues presented in the context of scaling, computing efficiency, and uncertainty management, whereby simultaneous recommendations on how to improve the situation were put forward in further work of establishing safe, and sound operation of unmanned aerial vehicles. These appraisals will play an important role in the future research which will see the utilization of Intelligent UAV Navigation Systems in complex and real world scenarios.",IEEE Conferences,ieee,,EXCLUDE,medium,EXC-7,This appears to be an application-level evaluation study focusing on AI-enabled navigation systems and computer vision.,The mention of visual-inertial fusion is brief and may indicate use of existing VIO as a component rather than algorithmic VIO development.
P0432,False,Pose ambiguity correction algorithm for UAV mobile platform landing; [无人机动平台着陆惯性/视觉位姿歧义校正算法],10.13695/j.cnki.12-1222/o3.2020.04.007,2020,Zhongguo Guanxing Jishu Xuebao/Journal of Chinese Inertial Technology,Shang K.; Zheng X.; Wang L.; Hu G.; Liu C.,"Aiming at the application scenario of UAV mobile platform landing and recycling, a visual/inertial navigation solution based on fiducial markers is proposed. The solution focus on solving problems such as the rapid positioning and recognition of markers under complex background conditions, so as to improve the recovery and navigation accuracy, robustness and practicability of UAV platform. First, multiple fiducial markers are designed to construct non-coplanar fiducial marker sequences, and the non-coplanar 3D-2D point pairs are used to break the coplanar constraint of the pose feature points. Then, infinitesimal plane-based pose estimation algorithm (IPPE) is used to estimate fiducial marker plane pose. Finally, the attitude constraint is introduced by fusing inertial information to solve the ambiguity problem of relative pose estimation during the UAV landing and recovery process. Multiple flight experiments show that the proposed navigation scheme can effectively filter out complex background interference, repair the rope occlusion, eliminate pose ambiguity and has good robustness. The operating distance is greater than 30 m, the recovery end reaches the positioning accuracy of centimeter-level, which meets the needs of unmanned aerial vehicle moving platform landing and recovery, and has good application prospects. © 2020, Editorial Department of Journal of Chinese Inertial Technology. All right reserved.",Article,scopus,,EXCLUDE,high,INC-4,"Article clearly describes visual/inertial navigation fusion using fiducial markers and IMU data for UAV pose estimation (INC-1), with explicit UAV mobile platform landing application (INC-2).",
P0326,True,Landmark-Based Scale Estimation and Correction of Visual Inertial Odometry for VTOL UAVs in a GPS-Denied Environment,10.3390/s22249654,2022,Sensors,Lee J.-C.; Chen C.-C.; Shen C.-T.; Lai Y.-C.,"With the rapid development of technology, unmanned aerial vehicles (UAVs) have become more popular and are applied in many areas. However, there are some environments where the Global Positioning System (GPS) is unavailable or has the problem of GPS signal outages, such as indoor and bridge inspections. Visual inertial odometry (VIO) is a popular research solution for non-GPS navigation. However, VIO has problems of scale errors and long-term drift. This study proposes a method to correct the position errors of VIO without the help of GPS information for vertical takeoff and landing (VTOL) UAVs. In the initial process, artificial landmarks are utilized to improve the positioning results of VIO by the known landmark information. The position of the UAV is estimated by VIO. Then, the accurate position is estimated by the extended Kalman filter (EKF) with the known landmark, which is used to obtain the scale correction using the least squares method. The Inertial Measurement Unit (IMU) data are used for integration in the time-update process. The EKF can be updated with two measurements. One is the visual odometry (VO) estimated directly by a landmark. The other is the VIO with scale correction. When the landmark is detected during takeoff phase, or the UAV is returning to the takeoff location during landing phase, the trajectory estimated by the landmark is used to update the scale correction. At the beginning of the experiments, preliminary verification was conducted on the ground. A self-developed UAV equipped with a visual–inertial sensor to collect data and a high-precision real time kinematic (RTK) to verify trajectory are applied to flight tests. The experimental results show that the method proposed in this research effectively solves the problems of scale and the long-term drift of VIO. © 2022 by the authors.",Article,scopus,wos,INCLUDE,high,INC-1|INC-2|INC-6,"Abstract clearly describes VIO fusion using visual and IMU data (INC-1) for VTOL UAVs in GPS-denied environments (INC-2, INC-6).",
P0662,True,"FAST-LIVO2: Fast, Direct LiDAR–Inertial–Visual Odometry",10.1109/tro.2024.3502198,2025,IEEE Transactions on Robotics,C. Zheng; W. Xu; Z. Zou; T. Hua; C. Yuan; D. He; B. Zhou; Z. Liu; J. Lin; F. Zhu; Y. Ren; R. Wang; F. Meng; F. Zhang,"This paper presents FAST-LIVO2, a fast and direct LiDAR-inertial-visual odometry framework designed for accurate and robust state estimation in SLAM tasks, enabling real-time robotic applications. FAST-LIVO2 integrates IMU, LiDAR, and image data through an efficient error-state iterated Kalman filter (ESIKF). To address the dimensional mismatch between LiDAR and image measurements, we adopt a sequential update strategy. Efficiency is further enhanced using direct methods for LiDAR and visual data fusion: the LiDAR module registers raw points without extracting features, while the visual module minimizes photometric errors without relying on feature extraction. Both LiDAR and visual measurements are fused into a unified voxel map. The LiDAR module constructs the geometric structure, while the visual module links image patches to LiDAR points, enabling precise image alignment. Plane priors from LiDAR points improve alignment accuracy and are refined dynamically during the process. Additionally, an on-demand raycast operation and real-time image exposure estimation enhance robustness. Extensive experiments on benchmark and custom datasets demonstrate that FAST-LIVO2 outperforms state-of-the-art systems in accuracy, robustness, and efficiency. Key modules are validated, and we showcase three applications: UAV navigation highlighting real-time capabilities, airborne mapping demonstrating high accuracy, and 3D model rendering (mesh-based and NeRF-based) showcasing suitability for dense mapping. Code and datasets are open-sourced on GitHub to benefit the robotics community.",IEEE Journals,ieee,,INCLUDE,high,INC-1|INC-2|INC-3|INC-4|INC-5|INC-6,"FAST-LIVO2, which clearly fuses visual (camera) and inertial (IMU) data satisfying INC-1, with explicit UAV navigation application mentioned satisfying INC-2.",
P0208,True,UAV Sensor Data Fusion for Localization Using Adaptive Multiscale Feature Matching Mechanisms Under GPS-Deprived Environment,10.3390/aerospace12121048,2025,Aerospace,Wang Y.-S.; Chang C.-H.,"The application of unmanned vehicles in civilian and military fields is increasingly widespread. Traditionally, unmanned vehicles primarily rely on Global Positioning Systems (GPSs) for positioning; however, GPS signals can be limited or completely lost in conditions such as building obstructions, indoor environments, or electronic interference. In addition, countries are actively developing GPS jamming and deception technologies for military applications, making precise positioning and navigation of unmanned vehicles in GPS-denied or constrained environments a critical issue that needs to be addressed. In this work, authors propose a method based on Visual–Inertial Odometry (VIO), integrating the extended Kalman filter (EKF), an Inertial Measurement Unit (IMU), optical flow, and feature matching to achieve drone localization in GPS-denied environments. The proposed method uses the heading angle and acceleration data obtained from the IMU as the state prediction for the EKF, and estimates relative displacement using optical flow. It further corrects the optical flow calculation errors through IMU rotation compensation, enhancing the robustness of visual odometry. Additionally, when re-selecting feature points for optical flow, it combines a KAZE feature matching technique for global position correction, reducing drift errors caused by long-duration flight. The authors also employ an adaptive noise adjustment strategy that dynamically adjusts the internal state and measurement noise matrices of the EKF based on the rate of change in heading angle and feature matching reliability, allowing the drone to maintain stable positioning in various flight conditions. According to the simulation results, the proposed method is able to effectively estimate the flight trajectory of drones without GPS. Compared to results that rely solely on optical flow or feature matching, it significantly reduces cumulative errors. This makes it suitable for urban environments, forest areas, and military applications where GPS signals are limited, providing a reliable solution for autonomous navigation and positioning of drones. © 2025 by the authors.",Article,scopus,wos,INCLUDE,high,INC-1|INC-2|INC-6,"Article clearly presents a VIO system fusing visual (optical flow, feature matching) and inertial (IMU) data (INC-1) for drone localization (INC-2) in GPS-denied environments with adaptive mechanisms for robustness.",
P0663,True,$D^{2}$SLAM: Decentralized and Distributed Collaborative Visual-Inertial SLAM System for Aerial Swarm,10.1109/tro.2024.3422003,2024,IEEE Transactions on Robotics,H. Xu; P. Liu; X. Chen; S. Shen,"Collaborative simultaneous localization and mapping (CSLAM) is essential for autonomous aerial swarms, laying the foundation for downstream algorithms, such as planning and control. To address existing CSLAM systems' limitations in relative localization accuracy, crucial for close-range UAV collaboration, this article introduces $D^{2}$SLAM—a novel decentralized and distributed CSLAM system. $D^{2}$SLAM innovatively manages near-field estimation for precise relative state estimation in proximity and far-field estimation for consistent global trajectories. Its adaptable front-end supports both stereo and omnidirectional cameras, catering to various operational needs and overcoming field-of-view challenges in aerial swarms. Experiments demonstrate $D^{2}$SLAM's effectiveness in accurate ego-motion estimation, relative localization, and global consistency. Enhanced by distributed optimization algorithms, $D^{2}$SLAM exhibits remarkable scalability and resilience to network delays, making it well suited for a wide range of real-world aerial swarm applications. We believe the adaptability and proven performance of $D^{2}$SLAM signify a notable advancement in autonomous aerial swarm technology.",IEEE Journals,ieee,,INCLUDE,high,INC-1|INC-2|INC-3|INC-4|INC-5|INC-6,"A visual-inertial SLAM system (INC-1) specifically designed for aerial swarms/UAVs (INC-2), published in a peer-reviewed IEEE journal (INC-3) in 2024 (INC-5), addressing challenging collaborative localization scenarios.",
P0327,True,Viewpoint-Tolerant Place Recognition Combining 2D and 3D Information for UAV Navigation,10.1109/icra.2018.8460786,2018,Proceedings - IEEE International Conference on Robotics and Automation,Maffra F.; Chen Z.; Chli M.,"The booming interest in Unmanned Aerial Vehicles (UAV s) is fed by their potentially great impact, however progress is hindered by their limited perception capabilities. While vision-based odometry was shown to run successfully onboard UAV s, loop-closure detection to correct for drift or to recover from tracking failures, has so far, proven particularly challenging for UAVs. At the heart of this is the problem of viewpoint-tolerant place recognition; in stark difference to ground robots, UAVs can revisit a scene from very different viewpoints. As a result, existing approaches struggle greatly as the task at hand violates underlying assumptions in assessing scene similarity. In this paper, we propose a place recognition framework, which exploits both efficient binary features and noisy estimates of the local 3D geometry, which are anyway computed for visual-inertial odometry onboard the UAV. Attaching both an appearance and a geometry signature to each 'location', the proposed approach demonstrates unprecedented recall for perfect precision as well as high quality loop-closing transformations on both flying and hand-held datasets exhibiting large viewpoint and appearance changes as well as perceptual aliasing. © 2018 IEEE.",Conference paper,scopus,ieee,INCLUDE,high,INC-1|INC-2|INC-3|INC-5|INC-6,"Paper addresses visual-inertial odometry for UAVs (satisfies INC-1, INC-2) and targets challenging conditions including large viewpoint changes and perceptual aliasing (INC-6).",
P0101,True,Adaptive Covariance Matrix for UAV-Based Visual–Inertial Navigation Systems Using Gaussian Formulas,10.3390/s25154745,2025,Sensors,Cong Y.; Su W.; Jiang N.; Zong W.; Li L.; Xu Y.; Xu T.; Wu P.,"In a variety of UAV applications, visual–inertial navigation systems (VINSs) play a crucial role in providing accurate positioning and navigation solutions. However, traditional VINS struggle to adapt flexibly to varying environmental conditions due to fixed covariance matrix settings. This limitation becomes especially acute during high-speed drone operations, where motion blur and fluctuating image clarity can significantly compromise navigation accuracy and system robustness. To address these issues, we propose an innovative adaptive covariance matrix estimation method for UAV-based VINS using Gaussian formulas. Our approach enhances the accuracy and robustness of the navigation system by dynamically adjusting the covariance matrix according to the quality of the images. Leveraging the advanced Laplacian operator, detailed assessments of image blur are performed, thereby achieving precise perception of image quality. Based on these assessments, a novel mechanism is introduced for dynamically adjusting the visual covariance matrix using a Gaussian model according to the clarity of images in the current environment. Extensive simulation experiments across the EuRoC and TUM VI datasets, as well as the field tests, have validated our method, demonstrating significant improvements in navigation accuracy of drones in scenarios with motion blur. Our algorithm has shown significantly higher accuracy compared to the famous VINS-Mono framework, outperforming it by 18.18% on average, as well as the optimization rate of RMS, which reaches 65.66% for the F1 dataset and 41.74% for F2 in the field tests outdoors. © 2025 by the authors.",Article,scopus,wos,INCLUDE,high,INC-1|INC-2|INC-6,Paper clearly describes an adaptive VIO system (INC-1) for UAV platforms (INC-2) that addresses motion blur and varying environmental conditions (INC-6).,
P0664,False,Drivocopter: A concept Hybrid Aerial/Ground vehicle for long-endurance mobility,10.1109/aero47225.2020.9172782,2020,2020 IEEE Aerospace Conference,A. Kalantari; T. Touma; L. Kim; R. Jitosho; K. Strickland; B. T. Lopez; A. -A. Agha-Mohammadi,"Aerial robots show promise for increased capabilities in exploring unstructured and challenging environments. However, they are limited by payload capacity, flight times, and susceptibility to damage in case of collision. On the other hand, ground robots are able to carry larger payloads and have a lower cost of transport, at the price of limited mobility over challenging terrain. This paper presents a hybrid aerial/ground vehicle that combines the capabilities of both types of vehicles to enable multi-modal mobility in diverse and challenging environments, a lower cost of transport compared to purely aerial vehicles, increased payload capacity, and a design that is more robust to collisions and physical interaction within potentially cluttered and narrow spaces. The design consists of a UAV with four independently actuated spherical wheels which, in addition to providing traction for ground mobility, protect the propellers in collision. In comparison to hybrid vehicles with passive wheels presented in other designs, actuated wheels mitigates perception degradation in dusty environments caused by downwash from thrusting close to the ground. In addition, the integration of an end-to-end autonomy stack is presented which enables the control, planning, and autonomous navigation of the hybrid vehicle in unknown environments. The controls framework employs a geometric tracking controller for aerial trajectories and a cascaded position and velocity controller for ground mobility. We leverage motion primitives to locally plan collision-free paths and a differential flatness mapping to generate kinodynamically feasible trajectories for both terrestrial and aerial modalities in a unified manner. Lastly, we utilize a grid based A* search and probabilistic 3D mapping based on octrees to plan geometric aerial/ground paths to a goal. With this framework, we hope to demonstrate the capabilities of this hybrid aerial/ground vehicle in challenging unknown environments and improved energy efficiency for hybrid mobility over purely flying.",IEEE Conferences,ieee,,EXCLUDE,high,EXC-7,"Hybrid vehicle design, control systems, and path planning rather than VIO algorithm development.",Paper addresses higher-level autonomy stack without VIO algorithmic contribution.
P0434,True,LM-VINS: A Lightweight Magnetic-Assisted Visual-Inertial Navigation System for Unmanned Aerial Vehicles,10.1109/cac67268.2025.11487778,2025,2025 China Automation Congress (CAC),S. Yue; J. Mao; X. He; Y. Lv; X. Du; X. Luo,"This paper presents LM-VINS, a lightweight magnetic-assisted visual-inertial navigation system tailored for unmanned aerial vehicles, built upon the MSCKF (Multi-State Constraint Kalman Filter) framework to address the problem of accumulated drift caused by the unobservable absolute heading in visual-inertial navigation systems. A magnetic-assisted initialization method is designed to calibrate magnetic data using ellipsoid fitting and align the VIO (Visual-Inertial Odometry) local frame with the global frame, solving the initial heading deviation problem. Then, a magnetic heading constraint factor is introduced into the MSCKF filtering framework to construct a heading residual model and suppress heading drift. Experimental results from tests on a lightweight UAV (Unmanned Aerial Vehicle) experimental platform in outdoor environments show that, compared to OpenVINS, the proposed system reduces positioning error by approximately 20% and attitude error by approximately 14%.",IEEE Conferences,ieee,,INCLUDE,high,INC-1|INC-2|INC-3|INC-4|INC-5|INC-6,"Paper clearly presents a VIO system (LM-VINS) that fuses visual and inertial data with additional magnetic assistance (INC-1), explicitly targets UAVs (INC-2), addresses GNSS-denied navigation with drift suppression.",
P0665,False,Unmanned Aerial Sensor Placement for Cluttered Environments,10.1109/lra.2020.3015459,2020,IEEE Robotics and Automation Letters,A. Farinha; R. Zufferey; P. Zheng; S. F. Armanini; M. Kovac,"Unmanned aerial vehicles (UAVs) have been shown to be useful for the installation of wireless sensor networks (WSNs). More notably, the accurate placement of sensor nodes using UAVs, opens opportunities for many industrial and scientific uses, in particular, in hazardous environments or inaccessible locations. This publication proposes and demonstrates a new aerial sensor placement method based on impulsive launching. Since direct physical interaction is not required, sensor deployment can be achieved in cluttered environments where the target location cannot be safely approached by the UAV, such as under the forest canopy. The proposed method is based on mechanical energy storage and an ultralight shape memory alloy (SMA) trigger. The developed aerial system weighs a total of 650 grams and can execute up to 17 deployments on a single battery charge. The system deploys sensors of 30 grams up to 4 meters from a target with an accuracy of $\pm$ 10 cm. The aerial deployment method is validated through more than 80 successful deployments in indoor and outdoor environments. The proposed approach can be integrated in field operations and complement other robotic or manual sensor placement procedures. This would bring benefits for demanding industrial applications, scientific field work, smart cities and hazardous environments [Video attachment: https://youtu.be/duPRXCyo6cY].",IEEE Journals,ieee,,EXCLUDE,high,EXC-7,"Sensor placement and deployment mechanisms for UAVs, with no mention of VIO, visual odometry, or inertial fusion for navigation or pose estimation.",
P0211,True,1D-LRF Aided Visual-Inertial Odometry for High-Altitude MAV Flight,10.1109/icra46639.2022.9811757,2022,2022 International Conference on Robotics and Automation (ICRA),J. Hu; J. Hu; Y. Shen; X. Lang; B. Zang; G. Huang; Y. Mao,"This paper addresses the problem of visual-inertial odometry (VIO) with a downward facing monocular camera when a micro aerial vehicle (MAV) flying at high altitude (over 100 meters). It is important to note that large scene depth causes visual motion constraints significantly less informative than that in near-sighted scenarios as considered in most existing VIO methods. To cope with this challenge, we develop an efficient MSCKF-based VIO algorithm aided by a single 1D laser range finder (LRF), termed LRF-VIO, which runs in real time on an embedded system. The key idea of the proposed LRF-VIO is to fully exploit the limited metric distance information provided by the 1D LRF to disambiguate the scale during visual feature tracking, thus improving the VIO performance at high altitude. Specifically, during the MSCKF visual measurement update, we deliberately constrain the depth of those SLAM features co-planar with the single LRF measuring point. Additionally, delayed initialization of features utilizes the LRF measurements whenever possible, and online extrinsic calibration between the LRF and monocular camera is performed to further improve estimation accuracy and robustness. The proposed LRF-VIO is extensively validated in both indoor and outdoor real-world experiments, outperforming the state-of-the-art methods.",IEEE Conferences,ieee,,INCLUDE,high,INC-1|INC-2|INC-3|INC-6,"Clearly describes a VIO algorithm that fuses visual (monocular camera) and inertial (IMU) data aided by 1D laser range finder (INC-1), explicitly targets MAV flight at high altitude (INC-2).",
P0329,True,Control-enabled observability in visual-inertial odometry,10.1109/icuas.2017.7991364,2017,"2017 International Conference on Unmanned Aircraft Systems, ICUAS 2017",Bai H.; Taylor C.N.,"Visual-inertial odometry (VIO) is a nonlinear estimation problem where control inputs, such as acceleration and angular velocity, play a significant role in the estimation performance. In this paper, we examine effects of controls on the VIO problem. We first analyze the effects of acceleration and angular velocity inputs on state observability of the VIO problem. Representing the vehicle dynamics and the measurement equation in the line of sight coordinates, we prove observability properties for several VIO scenarios, including constant acceleration with no rotation and biased acceleration measurements. We next consider how the acceleration magnitude impacts the estimation performance. Using a planar example and Monte-Carlo simulations, we demonstrate that the estimation accuracy improves as the acceleration magnitude increases. We also show an interesting fact that deceleration along the velocity direction yields better performance than acceleration with the same magnitude for the same amount of time. © 2017 IEEE.",Conference paper,scopus,,INCLUDE,high,INC-1|INC-2|INC-3|INC-5|INC-6,"Visual-inertial odometry (VIO) fusion (INC-1) and is published at ICUAS 2017, a major UAV conference, clearly indicating aerial platform focus (INC-2).",
P0436,False,Unmanned Aerial Vehicle (UAV)-Assisted Path Planning for Unmanned Ground Vehicles (UGVs) via Disciplined Convex-Concave Programming,10.1109/tvt.2022.3168574,2022,IEEE Transactions on Vehicular Technology,G. Niu; L. Wu; Y. Gao; M. -O. Pun,"Thelast decade has witnessed growing research interests in the path-planning problem for unmanned ground vehicles (UGVs) equipped with RGB-D cameras or LiDARs. However, apart from their extremely high cost, these sensors may be obscured by obstacles, which makes them impractical for many complex scenarios. Besides, most of the existing works for path planning have not considered energy efficiency for UGVs that are usually constrained by limited on-board batteries. Distinct from existing methods, this work presents a vision-based unmanned aerial vehicle (UAV)-assisted cooperative system for multiple UGVs. The proposed system harnesses the broad vision of UAV and operates in both general outdoor and global positioning system (GPS)-denied indoor environments. In sharp contrast to the conventional heuristic algorithms such as the rapidly exploring random tree (RRT) algorithm and the Dijkstra methods, the proposed energy-efficient path planning for UGVs is formulated as a non-convex optimization problem by considering the collision-aware obstacle-avoidance. More specifically, the proposed path-planning scheme contains two stages, namely the semantic segmentation that localizes UGVs and obstacles in the environment by exploiting the wide-angle camera mounted on the UAV, followed by the trajectory generation in which a disciplined convex and concave programming (DCCP) algorithm is devised for the non-convex energy-minimization problem. Extensive experiments validate the effectiveness of the UAV-UGV cooperative system and the proposed DCCP-based path-planning scheme.",IEEE Journals,ieee,,EXCLUDE,high,EXC-7,"Path planning for ground vehicles using UAV assistance, where vision systems appear as sensor inputs rather than VIO algorithmic contributions.",
P0666,False,Constrained-covisibility marginalization for efficient on-board stereo SLAM,10.1109/ecmr.2017.8098655,2017,2017 European Conference on Mobile Robots (ECMR),M. A. Nitsche; G. I. Castro; T. Pire; T. Fischer; P. De Cristóforis,"When targeting embedded applications such as on-board visual localization for small Unmanned Air Vehicles (UAV), available hardware generally becomes a limiting factor. For this reason, the usual strategy is to rely on pure motion integration and/or restricting the size of the map, i.e. performing visual odometry. Moreover, if monocular vision is employed, due to the additional computational cost of stereo vision, this requires dealing with the problem of unknown scale. In this work we discuss how the cost of the tracking task can be reduced without limiting the size of the global map. To do so, the notion of covisibility is strongly used which allows choosing a fixed and optimal set of points to be tracked. Moreover, this work delves into the concept of parallel tracking and mapping and presents some finer parallelization opportunities. Finally, we show how these strategies improve the computational times of a stereo visual SLAM framework called S-PTAM running on-board an embedded computer, close to camera frame-rates and with negligible precision loss.",IEEE Conferences,ieee,,EXCLUDE,high,EXC-3,"Stereo visual SLAM with no mention of IMU or inertial sensors, indicating this is visual-only odometry (EXC-3). While it targets UAV platforms (INC-2), it fails the fundamental requirement of VIO fusion (INC-1).",
P0331,False,VIODE: A Simulated Dataset to Address the Challenges of Visual-Inertial Odometry in Dynamic Environments,10.1109/lra.2021.3058073,2021,IEEE Robotics and Automation Letters,Minoda K.; Schilling F.; Wuest V.; Floreano D.; Yairi T.,"Dynamic environments such as urban areas are still challenging for popular visual-inertial odometry (VIO) algorithms. Existing datasets typically fail to capture the dynamic nature of these environments, therefore making it difficult to quantitatively evaluate the robustness of existing VIO methods. To address this issue, we propose three contributions: firstly, we provide the VIODE benchmark, a novel dataset recorded from a simulated UAV that navigates in challenging dynamic environments. The unique feature of the VIODE dataset is the systematic introduction of moving objects into the scenes. It includes three environments, each of which is available in four dynamic levels that progressively add moving objects. The dataset contains synchronized stereo images and IMU data, as well as ground-truth trajectories and instance segmentation masks. Secondly, we compare state-of-the-art VIO algorithms on the VIODE dataset and show that they display substantial performance degradation in highly dynamic scenes. Thirdly, we propose a simple extension for visual localization algorithms that relies on semantic information. Our results show that scene semantics are an effective way to mitigate the adverse effects of dynamic objects on VIO algorithms. Finally, we make the VIODE dataset publicly available at https://github.com/kminoda/VIODE.  © 2016 IEEE.",Article,scopus,ieee; wos,EXCLUDE,high,EXC-5,"This is explicitly a dataset paper (VIODE benchmark) with only a simple semantic extension as algorithmic contribution, which does not constitute a substantial VIO algorithm development satisfying INC-1.",
P0437,True,Error State Extended Kalman Filter Multi-Sensor Fusion for Unmanned Aerial Vehicle Localization in GPS and Magnetometer Denied Indoor Environments,10.1109/icuas54217.2022.9836124,2022,2022 International Conference on Unmanned Aircraft Systems (ICUAS),L. Marković; M. Kovač; R. Milijas; M. Car; S. Bogdan,"This paper addresses the issues of unmanned aerial vehicle (UAV) indoor navigation, specifically in areas where GPS and magnetometer sensor measurements are unavailable or unreliable. The proposed solution is to use an error state extended Kalman filter (ES -EKF) in the context of multi-sensor fusion. Its implementation is adapted to fuse measurements from multiple sensor sources and the state model is extended to account for sensor drift and possible calibration inaccuracies. Experimental validation is performed by fusing inertial measurement unit (IMU) data obtained from the PixHawk 2.1 flight controller with pose measurements from light detection and ranging (LiDAR) Cartographer SLAM, visual odometry provided by the Intel T265 camera and position measurements from the Pozyx ultra-wideband (UWB) indoor positioning system. The estimated odometry from ES-EKF is validated against ground truth data from the Optitrack motion capture system and its use in a position control loop to stabilize the UAV is demonstrated.",IEEE Conferences,ieee,,INCLUDE,high,INC-1|INC-2|INC-3|INC-6,"Paper clearly describes multi-sensor fusion including IMU and visual odometry (T265 camera) for UAV localization, satisfying INC-1.",
P0438,True,A Multi-Sensor Fusion Framework for Unmanned Aerial Vehicle (UAV) Navigation and Inspection in GPS-Denied and Degraded Environments,10.1109/apscon68325.2026.11497125,2026,2026 IEEE Applied Sensing Conference (APSCON),V. V. Sai Viswa Kiran; A. S. Reddy; H. V. Sri Sai; H. Allaka; R. P. Kumar,"Reliable autonomous navigation of Unmanned Aerial Vehicles (UAVs) in GPS-denied environments remains a significant challenge due to signal attenuation, spoofing, and jamming. Indoor environments such as warehouses and industrial facilities suffer from GPS degradation caused by structural occlusions, while outdoor scenarios including forests and flat terrains lack reliable localization cues. To address these challenges, this paper presents a multi-sensor fusion framework for robust UAV navigation in GPS-compromised environments.The proposed approach employs a dual-strategy navigation framework: (i) Visual Simultaneous Localization and Mapping (VSLAM) with 3D point cloud generation for structured indoor environments, and (ii) a VSLAM-based 2D digital twin representation for outdoor environments, integrating visual data with inertial and altitude measurements. Software-in-the-loop (SIL) simulations using ROS and RTAB-Map validate autonomous navigation with obstacle avoidance in warehouse scenarios, while Hardware-in-the-loop (HIL) experiments on an in-house developed UAV platform demonstrate accurate indoor mapping and localization.The results demonstrate that the proposed vision-centric framework enables reliable navigation without dependence on GPS, offering a scalable and resilient solution for UAV operations in GPS-denied environments, with applications in inventory management, surveillance, and search-and-rescue missions.",IEEE Conferences,ieee,,INCLUDE,high,INC-1|INC-2|INC-6,"Visual-inertial fusion ('integrating visual data with inertial and altitude measurements') for UAV navigation in GPS-denied environments, satisfying INC-1, INC-2, and INC-6.",
P0103,True,ST-VIO: Visual-Inertial Odometry Combined with Image Segmentation and Tracking,10.1109/tim.2020.2989877,2020,IEEE Transactions on Instrumentation and Measurement,Zhang C.; Chen L.; Yuan S.,"In this article, we develop a new monocular visual-inertial odometry system ST-VIO: visual-inertial odometry combined with image segmentation and tracking. We apply the direct method to track the keyframe of images. Meanwhile, we segment and track the keyframe with Siamese Network to achieve the medium-Term tracking. This method allows the system to estimate the pose by the overall feature matching of the image in the large-scale motion. In order to obtain higher precision positioning, we tightly couple the image alignment factor, the IMU factor, and the medium-Term tracking factor with iSAM2 solver using factor graph optimization. Our method can reduce the cumulative error of incremental positioning system because the medium-Term tracking makes the system realize the partial loop closure detection. In order to verify the stability and accuracy of the proposed method, we have tested the algorithm by the EuRoC data set and the UAV platform, respectively. The results have been also compared with those by the OKVIS and R-VIO algorithms. The experimental tests demonstrate that the proposed ST-VIO has the ability to obtain excellent results with high real-Time and robust performance. © 1963-2012 IEEE.",Article,scopus,ieee; wos,INCLUDE,high,INC-1|INC-2|INC-3|INC-4|INC-5|INC-6,"Article presents a VIO system that fuses visual and IMU data (INC-1), explicitly tests on UAV platform (INC-2), and targets robustness through medium-term tracking for large-scale motion and loop closure detection.",
P0667,False,Decentralized Multi-robot Velocity Estimation for UAVs Enhancing Onboard Camera-based Velocity Measurements,10.1109/iros47612.2022.9981894,2022,2022 IEEE/RSJ International Conference on Intelligent Robots and Systems (IROS),J. Horyna; V. Kratky; E. Ferrante; M. Saska,"Within the field of multi-robot systems, developing systems that rely only on onboard sensing without the use of external infrastructure (e.g. GNSS) has many potential applications. However, relying only on visual-based modalities for localization presents challenges in terms of accuracy and reliability. We introduce a decentralized multi-robot lateral velocity estimation method for Unmanned Aerial Vehicles (UAVs) to improve onboard measurements in case GNSS infrastructure is not available. This method relies on sharing the onboard measurements of neighbors, as well as the estimation of the relative motion of a focal UAV within the swarm, based on observation of coworking robots. The proposed velocity estimation method does not rely on centralized communication to achieve high reliability and scalability within the swarm system. The performance of the state estimation approach has been verified in simulations and real-world experiments. The results have shown that a swarm of UAVs using the proposed velocity estimator can stabilize individual robots when their primary onboard localization source is not reliable enough.",IEEE Conferences,ieee,,EXCLUDE,high,EXC-7,Improving 'onboard camera-based velocity measurements' through multi-robot cooperation without describing any visual-inertial fusion algorithm.,Velocity estimation enhancement rather than VIO algorithm development
P0645,True,Enforcing Vision-Based Localization using Perception Constrained N-MPC for Multi-Rotor Aerial Vehicles,10.1109/iros47612.2022.9981643,2022,2022 IEEE/RSJ International Conference on Intelligent Robots and Systems (IROS),M. Jacquet; A. Franchi,"This work introduces a Nonlinear Model Predictive Control (N-MPC) for camera-equipped Unmanned Aerial Vehicles (UAVs), which controls at the motor level the UAV motion to ensure the quality of vision-based state estimation while performing other tasks. The controller ensures visibility over a sufficient amount of features, while optimizing their coverage, based on an assessment of the estimation quality. The controller works for the very broad class of generic multirotor UAVs, including platforms with any number of propellers, which can be both collinear, as in the quadrotor, and fixedly-tilted. The low-level inputs are computed in real-time and realistically constrained, in terms of maximum motor torque. This allows the platform to exploit its full actuation capabilities to maintain the visibility over the set of points of interest. Our implementation is tested in Gazebo simulations and in mocap-free real experiments, and features a visual-inertial state estimation based on Kalman filter. The software is provided open-source.",IEEE Conferences,ieee,,INCLUDE,high,INC-1|INC-2|INC-3|INC-6,"A control system for camera-equipped UAVs that uses visual-inertial state estimation based on Kalman filter (INC-1), explicitly targets multi-rotor UAVs (INC-2).",
P0104,True,Comparison of Visual Inertial Odometry using FlightGoggles Simulator for UAV,10.23919/iccas47443.2019.8971738,2019,"International Conference on Control, Automation and Systems",Lee E.M.; Wee I.; Kim T.; Shim D.H.,"Recently, application of Unmanned Aerial Vehicle (UAV) attract much attention of not only academic but also industrial community. To control and make the most of UAV, state estimation is mandatory and it should work accurately on Real-time on computational-limited onboard PC. Especially, for the cases that GNSS-disabled environments or indoor situation, Visual Inertial Odometry using camera and IMU sensor has been actively studied. Generally, to research and develop the indoor navigation algorithm, high-performanced and super-expensive facilities like motion capture cameras are needed to measure the ground-truth. In this paper, we apply state-of-art Visual Inertial Odometry algorithms for state estimation of UAVs to FlightGoggles simulator which is photorealistic and which reflects UAV's real dynamics. Moreover, we compare the performance and resource utilization of those algorithms. © 2019 Institute of Control, Robotics and Systems - ICROS.",Conference paper,scopus,ieee; wos,INCLUDE,high,INC-1|INC-2|INC-3|INC-4|INC-5|INC-6,"Paper clearly addresses VIO fusion for UAVs (INC-1, INC-2) in GNSS-denied/indoor environments (INC-6), comparing state-of-art VIO algorithms using FlightGoggles simulator.",
P0442,False,Optimal Offloading of Computing-intensive Tasks for Edge-aided Maritime UAV Systems,10.1109/vtc2022-spring54318.2022.9860881,2022,2022 IEEE 95th Vehicular Technology Conference: (VTC2022-Spring),H. Li; S. Wu; D. Li; J. Jiao; N. Zhang; Q. Zhang,"This paper considers the autonomous detecting and tracking task of the unmanned aerial vehicle (UAV) in the maritime environment. In the maritime UAV tracking system, due to the large size of the image computing-task and the shortage of UAV batteries and computational capability, the UAV needs to offload the computing-intensive task to the edge computing server (ECS) to reduce energy consumption and task latency. However, the task latency is still too long for the UAV tracking algorithm due to the large image size. We research the impact of image resolution on the computing task size and detection accuracy, and formulate an edge-aided UAV system with dynamic image resolution. With the constraint on task latency, we jointly optimize the image resolution, offloading rate, transmission power and local central processing unit (CPU) frequency to minimize energy consumption. Although the proposed problem is non-convex, we transform it into a convex optimization problem through decoupling and problem decomposition, and obtain an optimal offloading strategy. The numerical results show the energy efficiency of the proposed strategy by comparing it with the local first offloading strategy and the edge first offloading strategy.",IEEE Conferences,ieee,,EXCLUDE,high,EXC-7,"Paper focuses on edge computing offloading optimization for UAV tracking systems, treating the tracking algorithm as a black-box application without any algorithmic contribution to VIO or pose estimation components.",
P0042,True,Efficient Visual-Inertial Navigation with Point-Plane Map,10.1109/icra48891.2023.10160393,2023,2023 IEEE International Conference on Robotics and Automation (ICRA),J. Hu; K. Ren; X. Xu; L. Zhou; X. Lang; Y. Mao; G. Huang,"Accurate and real-time global pose estimation relative to a global prior map is indispensable in many applications, such as logistics with micro aerial vehicles and Augmented Reality. Supposed that a pure sparse 3D point map can provide a structureless representation of the environment, then generating a point-plane prior map can further model the environment topology and offer global constraints for an accurate localization. To implement this, we propose a filter-based, large-scale visual-inertial odometry system, termed PPM-VIO, which utilizes a point-plane map to correct the cumulative drift. Our system, detecting coplanar information from sparse point clouds with semantic information, achieves accurate online plane matching via geometric constraints, semantic constraints, and descriptor constraints. To improve the localization performance, we effectively integrate and formulate the global planar measurements and points measurements in a filter-based estimator. The effectiveness of the proposed method is extensively validated on real-world datasets collected in different scenarios. Experimental results demonstrate that, rather than using the point map alone, leveraging the plane information in the prior map can yield better trajectory estimates and broaden the effective scope of the prior map in different scenes.",IEEE Conferences,ieee,,INCLUDE,high,INC-1|INC-2|INC-3|INC-5|INC-6,"Article describes PPM-VIO, a visual-inertial odometry system that fuses visual and inertial data (INC-1), explicitly mentions micro aerial vehicles as a target application (INC-2).",
P0669,False,VisTune: Auto-Tuner for UAVs Using Vision-Based Localization,10.1109/lra.2024.3455934,2024,IEEE Robotics and Automation Letters,M. A. Humais; M. Chehadeh; R. Azzam; I. Boiko; Y. Zweiri,"This letter presents VisTune, a method for automatic controller tuning specifically designed for UAVs using vision-based localization (VBL) for position control. In contrast to existing methods that involve manually flying the UAV to collect data for system identification and tuning, our approach leverages relay-based system identification and tuning, which autonomously generates stable oscillations without the need for a stabilizing controller. The entire process concludes within a few seconds. Prior work in vision-based position control of the UAVs often ignores the delay from the perception pipeline, which is quite significant and results in suboptimal tuning and poor control performance. Our approach accounts for perception delay and addresses practical issues, such as varying delays due to varying computation requirements and inevitable estimation errors, which pose challenges in applying relay-based identification and tuning. Typically, VBL system introduces over 100ms of delay, compared to less than 20ms delay when motion capture system is used. Moreover, we show that the perception delay identified by VisTune can be effectively used to temporally advance the feedforward acceleration signal to achieve better tracking performance. Finally, we demonstrate the robustness of the tuned controllers on a trajectory tracking task, reaching speeds of up to 2.1m/s with an RMS control error of only 0.054m. Under wind disturbance of 5m/s, we report an RMSE of 0.116m. A video of the experiments is available at https://youtu.be/hJoT8bn0K0o.",IEEE Journals,ieee,,EXCLUDE,high,EXC-7,"Automatic controller tuning for UAVs using vision-based localization as input, but does not contribute to VIO algorithms themselves.",
P0105,True,An Online Calibration 2-DoF Attitude and Height State Estimator,10.23919/ccc50068.2020.9188820,2020,"Chinese Control Conference, CCC",Yang Z.; Zong Q.; Chen H.; Tian B.,"The Visual-inertial based simultaneous localization and mapping (SLAM) method has been a hot topic in recent years. When Unmanned Aerial Vehicle (UAV) detects in the unknown environment, stable control and mapping is need. It is intolerable for the error of roll and pitch estimation of the attitude, and the altitude needs to maintain continuous and effective observations to prevent drift. In this paper, based on nonlinear optimization methods with a sliding window, we propose an visual-inertial odometry that solves more precise pitch and roll by IMU using EKF algorithm and integrates it into the tightly-coupled state estimation to keep 2-DoF attitude estimation precision, while simultaneous calculating the 6-DoF state by IMU pre-integration and vision. Meanwhile, the height radar is used to eliminate the cumulative drift of the drone height. A terrain estimator is set to prevent terrain abrupt changes. © 2020 Technical Committee on Control Theory, Chinese Association of Automation.",Conference paper,scopus,ieee,INCLUDE,high,INC-1|INC-2|INC-3|INC-5|INC-6,"Paper clearly describes a visual-inertial odometry system that fuses IMU and vision data (INC-1) for UAV applications (INC-2), addressing GNSS-denied environments and drift prevention for robust navigation (INC-6).",
P0668,False,Autonomous Visual Inspection of Industrial Plants Using Unmanned Aerial Vehicles,10.1109/icuas60882.2024.10556996,2024,2024 International Conference on Unmanned Aircraft Systems (ICUAS),V. Scognamiglio; R. Caccavale; P. Merone; A. d. Crescenzo; F. Ruggiero; V. Lippiello,"The development of autonomous systems has spurred numerous innovative inspection strategies. Some operations, such as monitoring the condition of industrial structures, typically entail significant deployment of human resources and pose risks to human safety. In this context, this paper presents a visual inspection framework that leverages unmanned aerial vehicles to explore designated facilities, identifying structural damages such as cracks or fissures for inspection. The proposed approach integrates autonomous navigation and high-level decision-making capabilities to effectively explore predefined points of interest within partially known environments and to select and inspect candidate spots for further analysis. The framework is validated through both simulated and real-world experiments conducted in GPS-denied environments, utilizing only onboard UAV capabilities.",IEEE Conferences,ieee,,EXCLUDE,high,EXC-7,"A high-level visual inspection framework for autonomous UAV navigation and damage detection, but does not mention any VIO algorithmic contribution or sensor fusion development.",Industrial inspection application without clear VIO algorithmic development
P0106,True,Indoor UAV navigation using event cameras and intermediate frame reconstruction,10.1016/j.cviu.2026.104650,2026,Computer Vision and Image Understanding,Tejero-Ruiz D.; Solís-Martín D.; Pérez-Grau F.J.; Borrego-Díaz J.,"Indoor UAV navigation faces significant challenges due to GPS signal absence and limitations of conventional visual-inertial systems under challenging lighting and motion conditions. This paper presents an event-based visual-inertial odometry system that addresses these limitations through intermediate frame reconstruction from event streams combined with established odometry algorithms. The approach leverages event cameras’ unique characteristics — microsecond temporal resolution, high dynamic range (120 dB), and motion blur immunity — to maintain stable navigation performance under conditions that cause conventional systems to fail. The system achieves real-time operation at 30 Hz frame reconstruction and 20 Hz pose estimation on embedded hardware, consuming 15 W power while adding only 50 g to the UAV platform. Experimental validation in controlled indoor environments demonstrates mean absolute pose errors of 26–42 cm across different operational conditions, comparable to conventional visual-inertial systems. Critically, the system maintains stable performance during rapid lighting transitions, showing only 59% performance degradation compared to baseline conditions, while conventional cameras typically experience complete tracking failure. The results establish event-based visual-inertial odometry as a viable alternative for indoor UAV navigation, particularly in applications requiring environmental robustness over marginal accuracy improvements under optimal conditions. Copyright © 2026. Published by Elsevier Inc.",Article,scopus,wos,INCLUDE,high,INC-1|INC-2|INC-6,Article presents an event-based visual-inertial odometry system (INC-1) explicitly for indoor UAV navigation (INC-2).,
P0441,False,Fusion of Artificial Intelligence and 5G in Defining Future UAV Technologies - A Review,10.1109/dicct56244.2023.10110231,2023,"2023 International Conference on Device Intelligence, Computing and Communication Technologies, (DICCT)",B. Dash; M. F. Ansari; S. Swayamsiddha,"In the modern world, drones or unmanned aerial vehicles (UAVs) are utilized for many different things and have lately attracted much scientific attention to the changing geo-political state. In addition to the military and businesses, scientists and researchers have used drones to study space and the ocean and find endangered species. Improved remote control and better communications are essential for any drone operation, which got a boost with innovation in 5G networks. A successful and fully operational modern 5G wireless network requires artificial intelligence (AI) procedures. Current 4G networks' reactive architecture with all-IP (Internet Protocol) internet access leads to inferior spectrum efficiency. Due to developments in AI and related subfields, such as machine learning and deep learning, fifth-generation (5G) wireless networks may now be proactive and predictive. The improved AI and sensor technology features are critical to achieving the 5G target and innovation with UAV techs. The study examines the possibilities of AI-based solutions in relation to UAV and 5G smart devices. The goal is to evaluate the various obstacles and unresolved problems facing UAV advancements and how the UAV revolution is changing the globe.",IEEE Conferences,ieee,,EXCLUDE,high,EXC-4,"This is explicitly identified as a review paper ('A Review' in title) that surveys AI and 5G applications for UAVs, making it a secondary study under EXC-4.",
P0670,False,"Unmanned Aerial-Ground Systems for Wildfire Detection, Global Localization and Suppression",10.1109/med64031.2025.11073311,2025,2025 33rd Mediterranean Conference on Control and Automation (MED),Q. Qin; E. Dilfanian; Y. Zhang; Y. Fu; H. Benzerrouk; H. Guiddir,"This paper presents a new and comprehensive autonomous framework for wildfire detection, global localization, and suppression leveraging Unmanned Aerial Vehicles (UAVs) and Unmanned Ground Vehicles (UGVs). This work significantly expands upon existing research focusing solely on UAV-based wildfire mitigation. By synergistically combining the capabilities of UAVs with those of UGVs, our system enhances situational awareness and operational effectiveness. Notably, this approach integrates cutting-edge localization technologies, including the Simultaneous Localization and Mapping (SLAM) system for accurate global mapping of fire spots to enable near-meter-level precision tracking of wildfires even when obscured from view by vegetation or debris. To further enhance accuracy, we employ a motion model and an Iterated Extended Kalman Filter (iEKF) incorporating both Global Navigation Satellite Systems (GNSS) data and semantic vision information. Extensive simulations in cluttered environments confirm the efficacy of our proposed framework in supporting timely and accurate wildfire detection and suppression.",IEEE Conferences,ieee,,EXCLUDE,high,EXC-7,"A wildfire detection and suppression system that uses SLAM and iEKF with GNSS/vision data, but does not indicate any algorithmic contribution to VIO components.",
P0335,True,Resilient Vision-Inertial Fusion Algorithm Based on the Depth of Feature Point,10.1109/jsen.2024.3487243,2025,IEEE Sensors Journal,Li L.; Xu T.; Nie W.; Jiang N.; Wang J.; Su W.,"Visual simultaneous localization and mapping (VSLAM) as an efficient positioning and navigation solution has been widely used in fields such as unmanned aerial vehicles, robots, and autonomous driving. A key problem of VSLAM is how to model the representation of noise in visual observations. In current mainstream technology, the sensor noise level of the visual-inertial fusion framework is typically fixed as empirical values. However, it is difficult for fixed noise to reflect anomalies in visual observations because of changing light conditions, motion blur, and other conditions in dynamic environments, which results in the visual divergence problem. To address this problem, we propose a resilient visual inertial odometry (VIO) algorithm with an adaptive adjustment of fusion weights to suppress visual observation anomalies. First, we derive the qualitative characterization of the depth and depth error of visual feature points. Based on this, we design a method for quantifying the credibility of visual feature points. Then we dynamically adjust the weight of visual observations that participate in fusion estimation according to the credibility of the feature points. Using the European Robotics Challenge (EuRoC) dataset, we demonstrated that the results of the proposed method effectively inhibited the influence of abnormal visual observations, restrained the divergence of motion trajectories, and improved the precision of the VIO system.  © 2001-2012 IEEE.",Article,scopus,,INCLUDE,high,INC-1|INC-2|INC-6,"A VIO algorithm that fuses visual and inertial data (INC-1), explicitly mentions UAV applications (INC-2), and addresses robustness in challenging conditions like changing lighting and motion blur (INC-6).",
P0440,True,SupSLAM: A Robust Visual Inertial SLAM System Using SuperPoint for Unmanned Aerial Vehicles,10.1109/nics54270.2021.9701527,2021,2021 8th NAFOSTED Conference on Information and Computer Science (NICS),C. H. Quach; M. D. Phung; H. V. Le; S. Perry,"Simultaneous localization and mapping (SLAM) is essential for unmanned aerial vehicle (UAV) applications since it allows the UAV to estimate not only its position and orientation but also the map of its working environment. We propose in this study a new SLAM system for UAVs named SupSLAM that works with a stereo camera and an inertial measurement unit (IMU). The system includes a front-end that provides an initial estimate of the UAV position and working environment and a back-end that compensates for the drift caused by the initial estimation. To improve the accuracy and robustness of the system, we use a new feature extraction method named SuperPoint, which includes a pretrained deep neural network to detect key points for estimation. This method is not only accurate in feature extraction but also efficient in computation so that it is relevant to implement on UAVs. We have conducted a number of experiments and comparisons to evaluate the performance of the proposed system. The results show that the system is feasible for UAV SLAM with the performance comparable to state-of-art methods in most datasets and better in some challenging conditions.",IEEE Conferences,ieee,,INCLUDE,high,INC-1|INC-2,Article clearly reports a VIO SLAM system (SupSLAM) that fuses stereo camera and IMU data (INC-1) explicitly for UAV applications (INC-2).,
P0444,False,PaintCopter: An Autonomous UAV for Spray Painting on Three-Dimensional Surfaces,10.1109/lra.2018.2846278,2018,IEEE Robotics and Automation Letters,A. S. Vempati; M. Kamel; N. Stilinovic; Q. Zhang; D. Reusser; I. Sa; J. Nieto; R. Siegwart; P. Beardsley,"This letter describes a system for autonomous spray painting using an unmanned aerial vehicle (UAV), suitable for industrial applications. The work is motivated by the potential for such a system to achieve accurate and fast painting results. The PaintCopter is a quadrotor that has been custom fitted with an arm plus a spray gun on a pan-tilt mechanism. To enable long deployment times for industrial painting tasks, power and paint are delivered by lines from an external unit. The ability to paint planar surfaces, such as walls in single color, is a basic requirement for a spray painting system. But this work addresses more sophisticated operation that subsumes the basic task, including painting on three-dimensional (3D) structure, and painting of a desired texture appearance. System operation consists of (a) an offline component to capture a 3D model of the target surface, (b) an offline component to design the painted surface appearance and generate the associated robotic painting commands, and (c) a live system that carries out the spray painting. Experimental results demonstrate autonomous spray painting by the UAV, doing area fill and versatile line painting on a 3D surface.",IEEE Journals,ieee,,EXCLUDE,high,EXC-7,"Autonomous spray painting application using UAVs, where VIO appears only as a trusted input for higher-level painting tasks rather than contributing algorithmic improvements to VIO itself.",Application paper - VIO used as black-box for painting control
P0336,True,Robust thermal-inertial localization for aerial robots: A case for direct methods,10.1109/icuas.2019.8798279,2019,"2019 International Conference on Unmanned Aircraft Systems, ICUAS 2019",Khattak S.; Mascarich F.; Dang T.; Papachristos C.; Alexis K.,"GPS-denied localization of aerial robots in sensing-degraded environments and especially in dark, textureless and dustor smoked-filled settings is rendered particularly hard. An alternative is to utilize Long Wave Infrared thermal vision which is unaffected by darkness and can penetrate most obscurants. However, utilization of thermal vision is mostly considered in combination with traditional visual-inertial odometry frameworks which are made for grayscale visible-light camera images and fail to utilize the full (e.g. 14-bit) radiometric information of a thermal camera system. Using rescaled thermal images makes the data compatible with existing vision-based odometry solutions yet comes at a cost of information loss which in turn can lead to unreliable tracking of image correspondences and thus to odometry estimation failure. An alternative is to use direct methods exploiting the full radiometric information provided by a thermal camera. This paper presents a comparative study between state-of-the-art visual-inertial odometry frameworks applied on rescaled thermal camera data against full radiometric information-based methods using a modified filter-based estimator and a recently proposed keyframe-based direct technique specifically designed for thermal-inertial localization. In a data-driven manner we demonstrate that direct full radiometric information-based thermal-inertial localization should be the prime selection especially in hard environments with weak thermal gradients. The presented results include comparison both inside a motion captured-controlled environment, and in an underground mine. © 2019 IEEE.",Conference paper,scopus,,INCLUDE,high,INC-1|INC-2|INC-3|INC-6,Paper presents thermal-inertial localization methods that fuse thermal camera and inertial data (INC-1) explicitly for aerial robots (INC-2) in GPS-denied and sensing-degraded environments (INC-6).,
P0671,False,Swarming Without an Anchor (SWA): Robot Swarms Adapt Better to Localization Dropouts Than a Single Robot,10.1109/lra.2025.3562786,2025,IEEE Robotics and Automation Letters,J. Horyna; R. Jung; S. Weiss; E. Ferrante; M. Saska,"In this letter, we present the Swarming Without an Anchor (SWA) approach to state estimation in swarms of UncrewedAerial Vehicles (UAVs) experiencing ego-localization dropout, where individual agents are laterally stabilized using relative information only. We propose to fuse decentralized state estimation with robust mutual perception and onboard sensor data to maintain accurate state awareness despite intermittent localization failures. Thus, the relative information used to estimate the lateral state of UAVs enables the identification of the unambiguous state of UAVs with respect to the local constellation. The resulting behavior reaches velocity consensus, as this task can be referred to as the double integrator synchronization problem. All disturbances and performance degradations except a uniform translation drift of the swarm as a whole is attenuated which is enabling new opportunities in using tight cooperation for increasing reliability and resilience of multi-UAV systems. Simulations and real-world experiments validate the effectiveness of our approach, demonstrating its capability to sustain cohesive swarm behavior in challenging conditions of unreliable or unavailable primary localization.",IEEE Journals,ieee,,EXCLUDE,high,EXC-7,"Swarm coordination and state estimation using relative information between UAVs, but does not mention visual-inertial sensor fusion (INC-1).",Swarm coordination paper that may use VIO as black-box input rather than contributing to VIO methodology.
P0672,False,Remote Autonomy for Multiple Small Lowcost UAVs in GNSS-denied Search and Rescue Operations,10.1109/ssrr68451.2025.11391295,2025,2025 IEEE International Symposium on Safety Security Rescue Robotics (SSRR),D. Schleich; J. Quenzel; S. Behnke,"In recent years, consumer-grade UAVs have been widely adopted by first responders. In general, they are operated manually, which requires trained pilots, especially in unknown GNSS-denied environments and in the vicinity of structures. Autonomous flight can facilitate the application of UAVs and reduce operator strain. However, autonomous systems usually require special programming interfaces, custom sensor setups, and strong onboard computers, which limits a broader deployment.We present a system for autonomous flight using lightweight consumer-grade DJI drones. They are controlled by an Android app for state estimation and obstacle avoidance directly running on the UAV’s remote control. Our ground control station enables a single operator to configure and supervise multiple heterogeneous UAVs at once. Furthermore, it combines the observations of all UAVs into a joint 3D environment model for improved situational awareness.",IEEE Conferences,ieee,,EXCLUDE,high,EXC-7,"A system using consumer-grade DJI drones with state estimation running on a remote control Android app, but makes no mention of developing or modifying VIO algorithms.",System-level integration paper without VIO algorithmic contribution
P0337,True,Fusion of Optical Flow and Dead Reckoning Algorithms for UAV Navigation Without GPS,10.12716/1001.19.04.02,2025,TransNav,Walczak J.; Szykuła B.; Targowski P.; Pałys T.,"The article presents an innovative navigation system for unmanned aerial vehicles (UAVs) operating in environments with limited or unavailable GPS signal. The developed solution integrates dead reckoning navigation methods with advanced computer vision algorithms utilizing optical flow analysis, enabling precise drone positioning. The research includes implementation of data fusion algorithms from inertial measurement units (IMU) and analysis of image sequences from a downward-facing camera. Experimental results from tests conducted in both simulated environments and on real flight platforms are presented. The study demonstrates that the application of optical flow techniques significantly improves dead reckoning navigation accuracy in GPS-denied conditions, reducing the accumulating position error. The proposed system offers a promising solution for UAV operations in challenging navigation conditions, such as urban areas, indoor environments, or regions with electromagnetic interference. © 2025, Faculty of Navigation, Gdynia Maritime University. All rights reserved.",Article,scopus,,INCLUDE,high,INC-1|INC-2|INC-6,"Paper clearly describes fusion of visual data (optical flow from camera) and inertial data (IMU) for UAV navigation (INC-1), explicitly targets UAV platforms (INC-2).",
P0451,False,Vision-Based Autonomous Landing for Unmanned Aerial and Ground Vehicles Cooperative Systems,10.1109/lra.2021.3101882,2022,IEEE Robotics and Automation Letters,G. Niu; Q. Yang; Y. Gao; M. -O. Pun,"In this work, we consider a cooperative system in which UAVs perform long-distance missions with assistance of unmanned ground vehicles (UGVs) for battery charging. We propose an autonomous landing scheme for the UAV to land on a mobile UGV with high precision by leveraging multiple-scale Quick Response (QR)-codes for different altitudes. These QR-codes support the acquisition of the relative distance and direction between the UGV and UAV. As a result, the UGV is not required to report its accurate state to the UAV. In contrast to the conventional landing algorithms based on the global positioning system (GPS), the proposed vision-based autonomous landing algorithm is available for both outdoor and GPS-denied scenarios. To cope with the challenge on the moving platform landing, a quadratic programming (QP) problem is formulated to design the velocity controller by combining a control barrier function (CBF) and a control Lyapunov function (CLF). Finally, both extensive computer simulation and a prototype of the proposed system are shown to confirm the feasibility of the proposed system and landing scheme.",IEEE Journals,ieee,,EXCLUDE,high,EXC-7,Autonomous landing control using vision-based relative positioning between UAV and UGV.,
P0673,False,"Assisted Physical Interaction: Autonomous Aerial Robots with Neural Network Detection, Navigation, and Safety Layers",10.1109/icuas60882.2024.10557050,2024,2024 International Conference on Unmanned Aircraft Systems (ICUAS),A. Berra; V. N. Sankaranarayanan; A. S. Seisa; J. Mellet; U. G. W. K. N. Gamage; S. G. Satpute; F. Ruggiero; V. Lippiello; S. Tolu; M. Fumagalli; G. Nikolakopoulos; M. Á. T. Soto; G. Heredia,"The paper introduces a novel framework for safe and autonomous aerial physical interaction in industrial settings. It comprises two main components: a neural network-based target detection system enhanced with edge computing for reduced onboard computational load, and a control barrier function (CBF)-based controller for safe and precise maneuvering. The target detection system is trained on a dataset under challenging visual conditions and evaluated for accuracy across various unseen data with changing lighting conditions. Depth features are utilized for target pose estimation, with the entire detection framework offloaded into low-latency edge computing. The CBF-based controller enables the UAV to converge safely to the target for precise contact. Simulated evaluations of both the controller and target detection are presented, alongside an analysis of real-world detection performance.",IEEE Conferences,ieee,,EXCLUDE,high,EXC-7,"Target detection and control for aerial physical interaction, where pose estimation appears to be derived from depth features rather than VIO fusion of visual and inertial data.","Detection-based pose estimation, not VIO"
