reference_id,authors_year,year,venue,doi,country_institution,class_id,relevance_score,qa_total,vio_architecture,fusion_method,visual_frontend,features_representation,imu_preintegration,adaptive_online,uav_platform,benchmark_dataset,evaluation_metrics,challenging_conditions,key_contribution,limitations_stated,relevant_rqs,reviewer_notes,aux_sensors,aux_measurement_models,aux_fusion_weight,aux_evidence,height_channel,height_channel_weighting,frontend_type,point_features,frontend_evidence,per_keypoint_quality_scoring,quality_scoring_evidence,limitation_codes,limitation_evidence,coding_notes
P0018,Cioffi et al. (2020),2020,IEEE International Conference on Intelligent Robots and Systems,10.1109/iros45743.2020.9341697,"University of Zürich and ETH Zürich, Switzerland",C1,2,4.0,Tightly coupled / Optimisation-based,Sliding window,Monocular,Not stated,Yes,No / Not stated,Hexarotor,EuRoC dataset; Outdoor dataset from [4],ATE; Relative translation error; Relative rotation error; Position error,GNSS-denied,"This is the first work where global positional measurements are tightly fused in an optimization-based visual-inertial odometry algorithm, leveraging the IMU preintegration method to define the global positional factors.",-,RQ2,,GNSS/GPS/RTK/SBAS,absolute 3-D position,fixed,"Sec. III-B, Eq. 6/10: global position measurement noise np ~ N(0, sigma_p^2 I); GPS at 5 Hz in outdoor flights",no,n/a,semi-direct,yes,"""As a vision front-end, we used the one of SVO [20]. The vision front-end deals with feature detection and tracking""",no,n/a,none stated,n/a,"Residual weight W_g (Eq. 10) combines the fixed GPS variance sigma_p^2 with the IMU preintegration covariance (varies with IMU noise, not with GPS quality), so coded fixed. On EuRoC the motion-capture ground truth corrupted with 20 cm Gaussian noise substitutes for GPS. GPS 3-D fix contains altitude but there is no dedicated height channel. Leica total station used only for ground truth."
P0021,Moeini et al. (2023),2023,International Journal of Dynamics and Control,10.1007/s40435-023-01357-5,"University of Alberta, Canada",C6,2,4.5,Tightly coupled / Optimisation-based,Sliding window,Monocular,KLT,Yes,No,Quadrotor,BlackBird Dataset,ATE,GNSS-denied,The main contribution of our work is a tightly-coupled VIAO which incorporates rotor drag and can estimate constant force disturbances. To achieve this we introduce a residual term based on a disturbance observer.,Future work consists of validating the proposed method in flight tests which include external forces such as wind gusts.,RQ5,,other (rotor thrust / actuator data from ESC motor speeds),other (multirotor dynamics with rotor drag: thrust-driven position/velocity propagation plus disturbance-observer residual),fixed,"Sec. 4/5: measured thrust T_b = T_b + eta_T Gaussian white noise; std 0.01 N/kg (z), 0.005 N/kg (x,y)",no,n/a,optical-flow-tracked corners,yes,"""new features are detected and existing features are tracked by a feature tracking algorithm (Kanade-Lucas-Tomasi (KLT) sparse optical flow in [9])""",no,n/a,none stated,n/a,"Built on VIMO/VINS-Mono; evaluated only on the Blackbird dataset (rendered images, left camera, thrust from commanded rotor speeds). Stated drawbacks concern the dataset (no real external forces; commanded vs actual rotor speeds), not the estimator; future work is flight tests with wind gusts. Monocular scale is discussed in the introduction as motivation only."
P0023,Zhu et al. (2020),2020,IFAC-PapersOnLine,10.1016/j.ifacol.2020.12.2412,"Technische Universität Dresden, Germany",C4,2,4.5,Tightly coupled / Optimisation-based,Bundle adjustment / Sliding window,Stereo,Shi-Tomasi Corner / KLT,Yes,No,UAV (type unspecified),EuRoC MAV,Relative Pose Error; Absolute Trajectory Error; CPU usage,GNSS-denied,We propose a stereo visual-inertial fusion system based on the framework of VINS-Mono: We redesign its image processing system front-end which supports stereo camera while taking advantage of inertial measurements. We introduce a stereo visual residual term into the local bundle adjustment problem.,"In the future, the system will be integrated into the UAV control loop. Hardware acceleration for image processing could be investigated as well. Furthermore, line features are to be included to enhance the robustness in challenging scenarios.",RQ4,,none,n/a,n/a,Eq. 18: marginalization prior + IMU residual + stereo visual residual only; EuRoC stereo + IMU,no,n/a,optical-flow-tracked corners,yes,Sec. 2.1: 'features in left images are detected using the Shi-Tomasi Corner detector ... KLT algorithm is then applied to refine the position of each feature',no,n/a,L1,"at this high update rate, we observed occasionally a relative large lag in system back-end due to the high CPU load, which, on the other hand, degrades the system stability",Feature detection rate limited to 10 Hz to bound CPU load on an Intel NUC. Future work mentions adding line features 'to enhance the robustness in challenging scenarios' (unspecified; not coded as L2). Outlier rejection: epipolar-distance threshold and fundamental-matrix RANSAC; Cauchy loss in BA. IMU rotation used to predict feature positions before KLT.
P0027,Hong et al. (2018),2018,Sensors (Switzerland),10.3390/s18124287,"Hanyang University, Korea",C2,1,4.5,Tightly coupled / Optimisation-based,Gauss–Newton algorithm / IMU pre-integration,Monocular,KLT,Yes,Yes - Adaptive bootstrapping using variance-based metrics for scale and gravity estimation,UAV (type unspecified),EuRoC,RMSE,GNSS-denied; Dynamic illumination changes; Fast motions,We propose a novel visual-inertial odometry algorithm using non-linear optimization of tightly-coupled visual and pre-integrated IMU observations with a local scale variable. A robust online initialization algorithm for the metric scale and gravity directions is introduced.,"The problem of state estimation of UAVs is a challenging research topic due to its dynamic motion and interaction with the unknown environment. Therefore, we are interested in further extending the algorithm with additional sensors for stable operation in the real world.",RQ3,,none,n/a,n/a,Abstract: fusion of visual information and pre-integrated inertial measurements in a joint optimization framework; EuRoC left camera + IMU only (Sect. 6),no,n/a,optical-flow-tracked corners,yes,Sect. 3: We use the Kanade-Lucas-Tomasi (KLT) feature tracker [20] to find the feature point correspondences,no,"n/a (Huber norm on reprojection error, Eq. 2; per-feature information matrix not described as adaptive)",none stated,n/a,"Conclusion future work: extending the algorithm with additional sensors for stable operation in the real world, and dense map reconstruction; no explicit limitation matching L1-L5. Local scale parameter and bootstrapping address monocular scale but are presented as contributions, not limitations. Leica/Vicon ground truth. Runs on an i7 laptop without GPU."
P0037,Asil et al. (2025),2025,International Journal of Computational Intelligence Systems,10.1007/s44196-025-00942-0,Not stated,C2,4,4.5,Loosely coupled / Filter-based,EKF / UKF,Stereo,ALIKED / LightGlue,Not stated,"Yes - dynamically assesses sensor reliability using metrics like image entropy, intensity variation, motion blur, and inference quality",UAV (type unspecified),EuRoC MAV,ATE; RMSE; processing time,GNSS-denied; Low-light; High-speed motion,"An innovative hybrid VIO method using a Quaternion-focused Error-State EKF/UKF architecture that dynamically assesses sensor reliability. The system improves position accuracy by 49% and rotation accuracy by 57% over ESKF-based methods, with 48% lower computational cost than a full SUKF implementation.",-,RQ3,,none,n/a,n/a,"Sect. 3.4: three update modules only: ZUPT, gravity alignment, visual position-velocity update; stereo camera + IMU (EuRoC)",no,n/a,descriptor point features,yes,Sect. 3.6: extracts features from stereo image pairs using ALIKED; matching with LightGlue; SGBM depth; PnP + local BA,frame-level,"Algorithm 1: reliability score from Shannon entropy, Laplacian blur, pose-optimization chi2 error, culled keyframes adapts R_VIS per frame",L2,"The approach for motion blur analysis, based on the variance of the Laplacian operator, was less effective than anticipated (Sect. 5)","Future work lists LiDAR, GPS and 5G as candidate sensors; none fused here. Future work also targets computational efficiency for real-time use but names no embedded hardware (L1 not coded). ZUPT and gravity-alignment updates are IMU-derived pseudo-measurements. Adaptive covariance applies to the visual channel only. descriptor_distance_sigma is monitored but not used to weight individual points."
P0067,Li et al. (2015),2015,"ICCAS 2015 - 2015 15th International Conference on Control, Automation and Systems, Proceedings",10.1109/iccas.2015.7364912,"The University of New South Wales, Australia",C2,4,3.0,Tightly coupled,EKF,Monocular,Optical flow,No,No,Quadrotor,Vicon system,Height estimation error; Horizontal velocity estimation error,GNSS-denied; Illumination variation; Large motion,A simple yet robust visual inertial fusion algorithm is proposed for state estimation and control of a low-cost quadrotor. The designed optic flow algorithm is able to deal with large motion and illumination change.,"Textureless environments indoors and severe weather conditions outdoors pose a challenge to our approach when using low-fidelity sensors. For higher accuracy in the state estimation, a larger excitation is required.",RQ3,,none,n/a,n/a,"Sec. 6: ""Of particular interest to this work is its IMU and the downward-looking camera""; per-axis EKFs fuse OF-derived unscaled velocity with accelerometer only",no,n/a,optical-flow-tracked corners; direct / photometric,not stated,"""A binary template matching algorithm is combined with a gradient based algorithm to compute optic flow""; ""binary image based TM for a few templates of size 24 x 24 pixels"" initializing pyramidal LK on the binarized image",frame-level,"Eq. 6: ""a confidence measure is introduced to detect false estimation ... If conf exceeds a pre-determined threshold (100), the estimation is rejected""",L2; L3,"""textureless environments indoors and severe weather conditions outdoors pose a challenge to our approach when using low-fidelity sensors"" | ""The height estimation of the VIF method drifts slowly over time""","AR.Drone 2.0 carries a sonar altimeter, air-pressure altimeter and magnetic compass, but only the IMU and downward camera are used (sonar is used only by the proprietary on-board software that is compared against). Height is estimated from OF + accelerometer under a ground-plane assumption, not from a height sensor. No corner detector is described (LK on binarized images at unspecified points), so point_features coded not stated. Vicon for ground truth only. Off-board processing."
P0089,Unknown et al. (2018),2018,AUTONOMOUS ROBOTS,10.1007/s10514-017-9690-5,"Institut de Robòtica i Informàtica Industrial, CSIC-UPC, Spain",C4,5,4.5,Loosely coupled / Filter-based,"EKF, ESKF",Optical flow,Optical flow,No,No,Quadrotor,Not stated,RMSE; Orientation error metric; ANEES,GNSS-denied,"We propose a simple, low-cost and high rate method for state estimation enabling autonomous flight of micro aerial vehicles, which presents a low computational burden. The proposed state estimator fuses observations from an inertial measurement unit, an optical flow smart camera and a time-of-flight range sensor.","The x and y positions and the yaw angle are not observable, and their output is the result of an incremental estimation subject to drift.",RQ4,,laser altimeter or 1-D rangefinder (downward),range to ground (terrain-relative height),fixed,"Sec. 2.2.3: ""hr(xt, nr) = wpr(3)/wRr(3,3) + nr"" with ""nr ~ N{0, Nr}""; chi-square gating on the innovation",yes,fixed,consumed pose stream; direct / photometric,no,"""The smart camera computes the mean flow in a 64 x 64 pixels patch centered at the principal point""; PX4-Flow uses ""sum of absolute differences (SAD) block matching to compute the optical flow""",no,n/a,L2; L3,"""scene lighting must be adequate and the ground is required to have good visual texture"" | ""the x and y positions and yaw angle are not observable (i.e., the method is an odometer) and their output is ... subject to drift""","Range sensor is an infrared time-of-flight 1-D ranger (TeraRanger One), downward-facing, flat-ground assumption. The PX4-Flow's built-in ultrasonic ranger and gyro are explicitly discarded. The estimator has no image front-end; it consumes raw 2-D flow (not a pose) from the smart camera. L2 statement is from the sensor-model section (2.2.2), not the conclusion. Qualisys mocap for ground truth only."
P0099,Baldini et al. (2020),2020,Proceedings of the American Control Conference,10.23919/acc45564.2020.9147400,"California Institute of Technology, USA",C3,1,5.0,Learning-augmented,LSTM,Monocular,CNN-based feature extractor,Not stated,No / Not stated,UAV (type unspecified),EuRoC MAV; Airsim,RMSE; translation error; rotation error,GNSS-denied; Low-light; Dynamic objects,"We propose a robust end-to-end data-driven control system for UAV autonomous navigation and landing. Our method significantly outperforms the state-of-the-art for VIO methods, improving the accuracy of the estimation up to 25% against the baseline.","Supervised DNNs need lots of training data that samples all expected operating conditions in order to perform well. If the training data are not enough to cover all the expected situations, the network would no longer be able to perform an accurate localization.","RQ3, RQ2",,none,n/a,n/a,Sec. III: 'inputs to the network are synchronized measurements from the vision and inertial sensors' (ResNet18 image features + LSTM IMU features),no,n/a,learned end-to-end,no,"Sec. III.a: 'CNN-based feature extractor: To encode image features, we use the same structure of the ResNet18'",frame-level,Sec. V.B: 'we trained the network to use only IMU data as a new corrupted imaged shows up',L5,Sec. VI.a: 'A big challenge for supervised navigation algorithms is learning to estimate the position of the vehicle in dynamic environments',Frame-level code is tentative: corrupted-image handling is described in one sentence and the referenced Algorithm is missing from the text. Main stated limitation is need for training data covering all operating conditions (generalisation; not a listed code) and pose inconsistency between consecutive estimates. Vicon/AirSim ground truth only.
P0103,Zhang et al. (2020),2020,IEEE Transactions on Instrumentation and Measurement,10.1109/tim.2020.2989877,"Xi’an University of Science and Technology, China",C6,1,4.5,Tightly coupled / Optimisation-based,iSAM2 solver / Factor graph,Monocular,Direct/Photometric,Yes,No / Not stated,UAV (type unspecified),EuRoC,RMSE,GNSS-denied; High-speed motion,"We tightly couple image feature observations, IMU pre-integration measurements, and medium-term tracking errors to make the VIO system capable of local loop detection, thereby ensuring high-precision position estimation in the case of long-distance motion.",The main limitation of the current technology is the lack of long-range matching of image features on image sequences.,RQ5,,none,n/a,n/a,"Eq. 1: cost contains only image alignment factor, IMU factor and medium-term tracking factor",no,n/a,direct / photometric,no,"""we use the direct method to estimate the motion of the camera [17] ... directly use the gray information of the image pixels"" (Sec. IV-A)",no,n/a,none stated,n/a,"RTK GPS used only as ground truth in the outdoor flight. Front-end is DSO-style (photometric alignment with affine brightness a,b); '200 features were uniformly extracted from each image' refers to sparse pixel selection without descriptors, so point_features coded no. Medium-term tracking uses SiamMask segmentation masks and matched mask-contour point pairs (Eq. 15-16). Fisheye camera, Jetson TX2 onboard. No limitations stated in conclusion."
P0105,Yang et al. (2020),2020,"Chinese Control Conference, CCC",10.23919/ccc50068.2020.9188820,"Tianjin University, China",C2,6,3.0,Tightly coupled / Optimisation-based,EKF / Sliding window / Bundle adjustment,Stereo,Harris / FAST / ORB / SIFT / SURF / KLT / Optical flow,Yes,Yes - The system uses online optimization to correct roll and pitch angles using EKF and integrates height radar to prevent drift.,UAV (type unspecified),-,-,GNSS-denied,"We propose a drone state estimation algorithm based on nonlinear optimization in the VINS framework, correcting attitude residual and height cumulative drift using IMU and height radar.",-,RQ3,,radar altimeter,range to ground (terrain-relative height),hard switch,"""When |lerr| > lthre, the terrain may be considered to have a mutation. At this time, the height radar optimization is not used, but the terrain lter is estimated""",yes,hard switch,optical-flow-tracked corners,yes,"""the KLT sparse optical flow algorithm is used to track the corner points ... The extracted feature points are selected by Harris corner points""",no,n/a,none stated,n/a,"The height radar is described as a single-point ranging module (100 Hz) fixed under the IMU; its residual is added as a factor in the VINS-Fusion sliding-window optimization with a terrain estimator; the residual covariance is not stated (hard switch on terrain change, flat-ground assumption). An accelerometer-based EKF roll/pitch residual is also added, with accelerometer updates disabled when |a| deviates from g (IMU-internal, not an aux sensor). RANSAC fundamental-matrix outlier rejection. OptiTrack for ground truth only. Conclusion states no limitations."
P0108,Fanin et al. (2019),2019,"2019 International Workshop on Research, Education and Development on Unmanned Aerial Systems, RED-UAS 2019",10.1109/reduas47371.2019.8999672,"Cranfield University, UK",C7,3,3.0,Loosely coupled / Filter-based,EKF,Monocular,Optical flow,No,No,UAV (type unspecified),Willow Garage model,RMSE,GNSS-denied,The principal novelty is the use of dense Optical Flow measurements to estimate the velocity of the UAV. This novel approach of utilising a velocity measurement in the correction step of a Kalman Filter allows for discretization errors to be corrected at all levels of the kinodynamics.,"The next step for this work would be to implement this VINS in an on-board computer for a UAV, such as an ODroid UX4. This step would also involve implementing the sparse optical flow following the system design presented in other works.",RQ4,,none,n/a,n/a,"""the only two sensors needed are an IMU and a digital camera""; EKF fed ""orientation, position and velocity measurement taken from the ground truth with artificially added noise""",no,n/a,dense,no,"""The optical flow algorithm utilised is the Farneback method""; ""the use of dense Optical Flow measurements to estimate the velocity of the UAV""",no,n/a,L2,"""The smooth walls of the Willow Garage model failed to create useable Optical Flow patterns""","Simulation only (Gazebo, six simulated cameras). In the VINS filter test the orientation, position and velocity measurements were simulated from ground truth with noise rather than computed from optical flow; the dense-flow velocity estimator was validated separately (Monte Carlo and a webcam test). The sparse-OF feature-based VINS was not implemented."
P0124,Lee et al. (2020),2020,Sensors (Switzerland),10.3390/s20082209,"Georgia Institute of Technology, USA",C7,3,4.0,Tightly coupled / Filter-based,EKF,Stereo,Not stated,No,Yes - Estimation of unknown time delays using state augmentation,Micro aerial vehicle,EuRoC MAV datasets,RMS; absolute trajectory error,GNSS-denied; Fast motion,"This paper proposes a novel approach, 'latency compensated filtering', which includes parameter estimation into feature initialization and state estimation to compensate for unknown time delays in VIO systems.",-,RQ4,,none,n/a,n/a,"""IMU data and images from the stereo camera are also subscribed under the ROS"" (EuRoC); no other sensor is fused",no,n/a,not stated,yes,"""measurement yj is the j-th feature 2D location on the image plane""; ""only tracked features are used for the update"" (detector/tracker not named)",no,n/a,L1; L3,"""the latency compensated filter might increase the computational effort of the entire system"" | ""position error gets locked in and ... will tend to grow with the length of the trajectory""","Paper notes that an altimeter or GPS could be fused during the delay period (Sec. 3.2.2) but gives no measurement model; not coded. EKF-SLAM with features in the state, stereo initialization by least squares; the feature extraction/tracking algorithm is not described. Database pruning removes the feature with the least observations or frequent outliers (capacity management, not coded as per-keypoint quality scoring); chi-squared gating. L1 is stated generally, not for embedded hardware. Dataset (EuRoC) evaluation only."
P0176,J.H et al. (2022),2022,IEEE Transactions on Robotics,10.1109/tro.2021.3139964,"Seoul National University, South Korea",C2,4,5.0,Tightly coupled / Filter-based,Iterated extended Kalman filter (EKF),Stereo,Direct/Photometric,No,No,UAV (type unspecified),VIODE; AirSim,RMSE; NEES; ATE; computation time,GNSS-denied; Low-textured environments,"A framework of photometric VIO based on iterated extended Kalman filter (EKF) is introduced, where the state space is modeled on matrix Lie groups. The key idea is to introduce an optimal intensity gradient that accounts for a projective uncertainty of a pixel.","In future work, EnVIO can include illumination parameters for robustness to illumination change environments. The estimator can be reformulated as an information filter to decrease computation time.",RQ3,,none,n/a,n/a,"Sec. IV-A: ""Given three-axis angular rates, specific force measurements, and image intensities ... our objective is to estimate the current pose""",no,n/a,direct / photometric,no,"""directly minimizes a photometric error without an explicit data-association"" (Abstract); Sec. IV-E selects the locally strongest-gradient pixel per cell of a 25x15 grid",no,n/a,L1; L2; L3,"""The computation time would be further decreased by efficiently calculating the matrix inversion for the Kalman gain"" | ""EnVIO can include illumination parameters for robustness to illumination change environments"" | ""a visual-inertial mapping module to bound error drift and build a globally consistent map""","Stereo MYNTEYE camera + IMU only; visual markers and Qualisys mocap serve ground truth only. Sparse high-gradient pixels (DSO-style) are selected, not corners/keypoints; correspondence is implicit in the photometric minimization. Per-feature NCC threshold for marginalizing lost features and an SSD-ratio check at stereo initialization are gating checks rather than quality weighting (coded no; borderline). L1 refers to laptop CPU time, not embedded hardware; L2 refers to illumination change."
P0178,Pritzl et al. (2026),2026,IEEE Access,10.1109/access.2026.3666998,"Czech Technical University in Prague, Czech Republic",C1,3,4.5,Loosely coupled,Sliding window; Kalman Filter,Monocular,Not stated,Not stated,No,Micro aerial vehicle,KITTI; DARPA Subterranean Challenge,3D Absolute Trajectory Error (ATE); 2D Absolute Trajectory Error (ATE); RMSE,GNSS-denied; Low-light,"The key contribution of our work is to fuse the complementary strengths of LiDAR (accuracy, robustness to environmental conditions) and cameras (low weight, size, cost, and power demand) in a single heterogeneous UAV team. Such a setup provides accurate localization between the UAVs and enables precise guidance of the secondary UAV with drifting VIO.",-,RQ2,,LiDAR 3D,"other (3-D position of the secondary UAV detected in the primary UAV's LiDAR-SLAM frame, aligned with VIO poses)",fixed,"Sec. II-B2: 'measurement covariance matrices depend on the detection variance sigma_d^2, relative heading variance ..., VIO relative vector variance' (constants tuned in simulation); NLS uses soft-L1 loss (Eq. 5)",no,n/a,consumed pose stream,no,Sec. III-B1: 'the secondary UAV utilizes the VINS-Mono algorithm [55] with disabled loop closure detection'; OpenVINS and RealSense T265 also used as VIO sources,no,n/a,L3;L2,"In both cases, the VIO output exhibited significant drift, mainly in the direction of the z-axis | the amount of drift can change with texture in the scene, illumination, propeller-induced vibrations picked up by the IMU","Fusion is loosely coupled on the primary UAV (sliding-window NLS alignment + LKF with recalculating history buffer), not inside the VIO. Gating elements: NLS result used only if converged with cost below threshold; relative-transform updates stop when the Fisher-information eigenvalue falls below a threshold; detections associated by Mahalanobis distance (covariances themselves fixed). RTK used for ground truth only; magnetometer mentioned only as a possible future yaw fallback. Stated operational limit: cannot recover from total VIO failure."
P0182,Hinzmann et al. (2016),2016,Lecture Notes in Computer Science (including subseries Lecture Notes in Artificial Intelligence and Lecture Notes in Bioinformatics),10.1007/978-3-319-50835-1_51,"ETH Zurich, Switzerland",C6,1,3.5,Tightly coupled / Optimisation-based,Sliding window / Factor graph,Monocular,Lucas-Kanade tracker / Optical flow,Yes,No,Fixed-wing,Aurora SKATE datasets,RMSE,GNSS-denied,This paper presents a tightly integrated system involving hardware and software efforts to provide an accurate visual-inertial navigation system for low-altitude fixed-wing UAVs without relying on GPS or visual beacons. It introduces a sliding window based visual-inertial SLAM algorithm which provides real-time 6-DoF estimates for control.,"Future work will comprise further drift reduction by means of vanishing point detection, horizon tracking and loop closure. The accuracy of the reference trajectory needs to be enhanced, e.g. by using DGPS, to allow for a more expressive quantitative evaluation.",RQ5,,none,n/a,n/a,Sect. 4: fuses inertial measurements and visual cues into a sliding window estimator; GPS (uBlox LEA-6H) used only as reference trajectory; velocity priors added in stationary phases (Algorithm 1),no,n/a,optical-flow-tracked corners,yes,Sect. 2.5: Feature tracks are generated using a Lucas-Kanade tracker with gyroscope-based feature prediction ... feature bucketing ... two-point translation-only RANSAC outlier rejection,yes,"Sect. 2.5: We define the quality of a landmark observation by the number of observations, the minimum and maximum distance and by the angle between the incident rays; only well constrained features are used as landmarks",L3; L4,"Future work ... will comprise further drift reduction by means of vanishing point detection, horizon tracking and loop closure (Sect. 4) | flat terrain with few three-dimensional structure which makes the underlying scale estimation challenging (Sect. 3.3)","Per-keypoint coding is ambiguous: the score is a geometric well-constrainedness heuristic (observation count, distance bounds, incident-ray angle) used to select landmarks, not an appearance/response-based quality score. Corner detector not named. L4 quote is from the Results section. Authors also note the GPS reference needs DGPS for better evaluation. Fixed-wing UAV with Intel Atom onboard; runtime profiled on an i7 laptop."
P0196,Jantos et al. (2024),2024,IEEE Robotics and Automation Letters,10.1109/lra.2024.3479713,"University of Klagenfurt, Austria",C6,2,4.5,Tightly coupled / Optimisation-based / Learning-augmented,EKF,Monocular,Direct/Photometric,Not stated,No,Quadrotor,IsaacSim,RMSE; Maximum position error,GNSS-denied,"We present a real-time capable UAV system for object-relative, closed-loop navigation using a minimal sensor configuration of an IMU and RGB camera. The system utilizes a DL-based object pose estimator trained on synthetic data for object-relative localization.",Relies on the objects of interest being in the field of view of the navigation camera and thus requiring a safety system.,RQ5,,none,absolute 3-D position,hard switch,"Sec. III.E: UAV flies to start 'using a global position sensor, for example a GNSS sensor ... the global position sensor is switched off and the landmark sensor ... is switched on'",no,n/a,learned end-to-end,no,"Sec. III.C: PoET (Scaled-YOLOv4 backbone + transformer) 'detects all objects of interest and predicts the relative 6-DoF pose between the camera and the objects', fused as pose measurements in an EKF (MaRS)",no,n/a,none stated,n/a,"Not a classical VIO: camera images yield DL object-relative 6-DoF poses (fixed measurement noise 10 cm/5 deg offline, 20 cm/10 deg closed loop) fused with IMU; chi-square test per landmark is standard outlier rejection. Global position sensor in experiments is a MoCap system (GNSS named as example), coded as GNSS-class with hard switch. Stated limitations (object must stay in field of view; DL training data-intensive; future robustness at higher speed; error when pole viewed from side) match no listed code. [aux: GNSS / RTK / SBAS augmentation not counted as fused: GNSS is never fused with the visual-inertial estimate: the global position sensor ('for example a GNSS sensor') is 'switched off and the landmark sensor for obj]"
P0202,Zhang et al. (2023),2023,"International Journal of Control, Automation and Systems",10.1007/s12555-022-0210-9,"Beijing University of Technology, China",C2,3,4.0,Tightly coupled / Optimisation-based,Sliding window / Bundle adjustment,Monocular,Shi-Tomasi / KLT / EDlines,Yes,No,UAV (type unspecified),Euroc; TUM-VI,RMSE; ATE; processing time,GNSS-denied; Low-light; Texture-less scenes; Fast motion,"A real-time tightly-coupled monocular VIO system using point and line interrelated features under the sliding window optimization framework. The system uses an improved EDlines based line segment extraction and coalescence algorithm, and a line-to-point tracking method to enhance localization accuracy and reduce computation cost.",-,RQ3,,none,n/a,n/a,"Sec. 3/5: cost has prior, IMU, point and line residuals only (Eq. 19)",no,n/a,point-line,yes,"""Corner features are detected by Shi-Tomasi [44] and tracked by KLT [45]. For line features, an improved EDlines line segment extraction""",no,n/a,none stated,n/a,"Outlier handling is RANSAC (fundamental matrix), Cauchy robust kernel, and line-level rejection by length threshold (Algorithm 1) - geometric filters, not per-keypoint quality scores. Lines tracked by splitting into points tracked with pyramidal LK. Evaluated on EuRoC and TUM-VI only; future work mentions Manhattan constraints and real-robot tests."
P0216,M.F et al. (2022),2022,Measurement: Journal of the International Measurement Confederation,10.1016/j.measurement.2022.111030,"Karamanoglu Mehmetbey University, Turkey",C3,2,4.5,Tightly coupled / Learning-augmented,Gaussian Process Regression (GPR),Monocular / Optical flow,Optical flow / Direct/Photometric,No,No,UAV (type unspecified),EuRoC; Gazebo,RMSE,GNSS-denied; Indoor environments; Dynamic lighting,"End-to-end architecture is designed, which performs pose estimation based on OF-Inertial-Visual features. UAV pose estimation is performed with a new strategy called Visual-Inertial Image-Odometry (VIIONet). Conversion of IMU data to the image, enabled popular CNN models to be used in inertial-based pose estimations.",-,"RQ3, RQ2",,none,n/a,n/a,Sec. 7: 'it contains only one monocular camera and one IMU sensor'; magnetometer/barometer mentioned only as future work,no,n/a,learned end-to-end,no,Sec. 5.2: raw frames and OF magnitude images stacked as a 3-channel input to 'fine-tuned Inception-v3'; features fused by Gaussian process regression,no,n/a,L1,Sec. 7: 'a delay of 100 ms limits a real-time application for a system with a high-frequency camera and IMU',"L1 refers to inference latency on a desktop GTX 1650 GPU, not embedded hardware; authors also note resizing 6x10 IMU images to 299x299 causes 'unnecessary computational costs'. Optical-flow computation method for OF images not specified. GPR models output uncertainty, not keypoint quality."
P0217,Dai et al. (2020),2020,IEEE Access,10.1109/access.2020.3000555,"Shenyang Institute of Automation, Chinese Academy of Sciences, China",C1,2,4.0,Tightly coupled / Optimisation-based,Factor graph / Sliding window,Monocular,ORB,Yes,Yes - Fault detection and re-initialization when odometry faults are detected,UAV (type unspecified),Not stated,RMSE,GNSS-denied; Weak GPS signals; Scale drift; In-air re-initialization,A scale insensitive multi-sensor fusion framework based on graph optimization that achieves locally accurate and globally drift-free state estimations. It includes a scale insensitive initialization for VO input and a fault detection module to enhance robustness.,-,RQ2,,GNSS/GPS/RTK/SBAS; barometer; magnetometer,absolute 3-D position; absolute altitude (pressure); heading (attitude factor from IMU+magnetometer complementary filter with a yaw-bias state),adaptive: receiver-reported covariance (satellite count) + hard switch on covariance threshold and its derivative (good/bad status); not stated; not stated,'The covariance is related to the number of satellites... The GPS factor is only fused when it is in a good status' (Sec. IV-B.2); barometer factor Eq. (15); attitude factor Eq. (16),yes,not stated,consumed pose stream,no,'VIO fuses IMU and camera measurements using the existing algorithm VINS-Mono'; 'VO is chosen as the output of ORB-SLAM' (Sec. III),no,n/a,none stated,n/a,"Chi-square fault detection restarts VO/VIO (hard switch on the odometry channel). LiDAR, sonar and optical-flow sensors are mentioned only as potential inputs. Barometer and attitude factor covariances are not given. Loop-closure trajectory used as accuracy reference."
P0228,Henawy et al. (2021),2021,IEEE Transactions on Industrial Electronics,10.1109/tie.2020.3000097,"Institute for Infocomm Research, A-STAR, Singapore",C4,2,4.5,Tightly coupled / Optimisation-based,Factor graph,Monocular,Not stated,Yes,No,Quadrotor,EuRoc dataset,RMSE,High-speed motion; Dynamic objects,"The paper introduces a novel IMU motion integration model using a switched linear system, providing a closed-form solution for the IMU kinematics, covariance matrix, and Jacobian matrix. This approach improves accuracy and efficiency for online estimation of VIO, particularly in high-speed and dynamic motion scenarios.",-,RQ4,,none,n/a,n/a,"'We consider an agent which is equipped with an IMU and a monocular camera' (Sec. III); OptiTrack used as ground truth (and controller feedback), not in the VIO",no,n/a,not stated,yes,"'a front-end is supposed to provide image measurements of the 3-D landmarks'; the IMU factor is swapped into VINS-Mono 'while we kept all other factors the same' (Sec. III, VI)",no,n/a,none stated,n/a,"Front-end is VINS-Mono's, unchanged and not described; point_features=yes rests on 'image measurements of the 3-D landmarks' / structureless vision factors. A +0.02 ms IMU-factor execution time is reported but not framed as a limitation."
P0245,Sayre-Mccord et al. (2018),2018,Proceedings - IEEE International Conference on Robotics and Automation,10.1109/icra.2018.8460692,"Massachusetts Institute of Technology (MIT), USA",C6,2,3.0,Tightly coupled / Optimisation-based,EKF / Factor graph,Monocular,Shi-Tomasi corners / Lucas-Kanade feature tracking,Yes,No,Micro aerial vehicle,Not stated,Estimation error per distance traveled,GNSS-denied; Flying through a window,"We present a powerful UAV system capable of high-speed agile navigation in GPS-denied environments using control closed on visual-inertial state estimation. We develop a unique virtual-reality UAV development environment, FlightGoggles, that allows us to simulate camera images photorealistically while the UAV is in flight.",-,RQ5,,none,n/a,n/a,'The VIO state estimate was continuously in the control loop without assistance from motion capture' (Sec. V); motion capture used only for ground truth and virtual image rendering,no,n/a,optical-flow-tracked corners,yes,'The feature detector... extracts Shi-Tomasi corners... we use the Lucas-Kanade feature tracking method' (Sec. IV-A),no,Only 2-pt RANSAC geometric verification; no per-feature weighting,L1; L2,"'the additional computational load on the on-board computer of image acquisition slowing down the optimization rate' | 'lower quality features in the world, motion blur of the live camera'","Also: 'Because of the computation limitations on-board the UAV, the MAP estimation back-end runs with a keyframe rate of only 3-10 Hz'. MPU-9250 IMU on the carrier board is listed in hardware; external Xsens MTi-3 is the IMU used. Absence of loop closure (take-off error not recovered) not coded as L3."
P0285,Feng et al. (2019),2019,Sensors (Switzerland),10.3390/s19102273,"Information Engineering University, China",C2,2,4.5,Tightly coupled / Optimisation-based,Nonlinear optimization / Levenberg–Marquardt method,Monocular,Direct/Photometric,Yes,Yes - Online spatial-temporal calibration without prior information,UAV (type unspecified),EuRoC dataset,Orientation error; Translation error; Temporal offset error; RMSE,GNSS-denied; Low-light; Little-texture environments,The paper proposes a novel initialization and online calibration for spatial-temporal parameters in monocular direct visual-inertial odometry without any prior information. It automatically identifies observability and convergence of the spatial-temporal parameters.,Our approach can be extended for rolling shutter calibration. We plan to extend our approach on rolling shutter cameras next.,RQ3,,none,n/a,n/a,Eq. 16: objective min {E_photo + E_imu + E_prior}; EuRoC left camera + IMU only,no,n/a,direct / photometric,no,"Sec. 2.4: 'photometric error of a point p ... w_p is the gradient-dependent weight of p ... Huber norm', same model as DSO [13]",yes,"p.4 Eq. (4): 'w_p is the gradient-dependent weight of p' in the photometric error of each point (per-pixel weight in the optimisation, not a descriptor score).",none stated,n/a (conclusion mentions only extension to rolling-shutter calibration),"VO initialization extracts Shi-Tomasi features tracked by KLT (Sec. 3.1) before switching to direct sparse tracking; main estimator is direct with points hosted in keyframes. Per-pixel gradient-dependent weight w_p inherited from DSO is a pixel weight inside the photometric error, not a keypoint quality score (coded no). Spatial-temporal parameters are gated by variance thresholds before being estimated."
P0286,P.-Y et al. (2023),2023,IEEE Access,10.1109/access.2023.3279292,"National Taiwan University, Taiwan",C1,4,4.5,Tightly coupled / Learning-augmented,DNN,Monocular,Optical flow,No,Yes - learnable parameter to decide the weight of VI and UWB estimation,Micro aerial vehicle,EuRoC,RMSE,GNSS-denied,"Our method is the first deep learning method combining Vision, IMU, UWB measurements for localization. We collected the first dataset for Vision, IMU, and UWB localization. We improved the localization accuracy of VI branch and VIU-Net with loss function.",-,RQ2,,UWB ranging,range to anchor,fixed,Sec. III.B-C: UWB branch takes 'distances from the target to the anchors' (4 anchors) and regresses global translation; Eq. 3 fuses with VI via 'learnable parameter' alpha,no,n/a,learned end-to-end,no,Sec. III.A: 'we calculate the optical flow of two consecutive image frames by FlowNetSimple ... convert the optical flow to a 256-dimensional visual feature by a fully connected layer',no,n/a,none stated,n/a,"Fusion weight alpha is learned during training and constant at inference, hence 'fixed'. UWB branch outputs full 3-D position (including z) but is not a dedicated height channel; UWB on EuRoC is simulated from ground truth with Gaussian noise. SelectFusion soft fusion re-weights visual/inertial features per frame (could be viewed as frame-level modality weighting; coded no). Results note poor rotation prediction on the rotation-heavy real dataset for all methods, but no limitation is stated in the Conclusion."
P0309,Karrer et al. (2021),2021,Proceedings - IEEE International Conference on Robotics and Automation,10.1109/icra48506.2021.9560944,"ETH Zurich, Switzerland",C1,3,4.0,Tightly coupled / Optimisation-based / Collaborative,EKF / Sliding window,Monocular,BRISK,No,"Yes - actively adjusting the baseline on-the-fly over a fixed, target baseline",UAV (type unspecified),Not stated,Relative odometry error; Translation error,GNSS-denied; High-altitude flights,"A novel, real-time sensor fusion framework combining monocular-inertial data from two UAVs, and relative distance measurements between them, enabling reliable pose estimation even at high altitudes. Demonstration of the advantage of actively controlling the baseline of the two-UAV stereo setup by means of a simple, high-level formation controller.",-,RQ2,,UWB ranging,range to anchor (inter-agent relative distance between the two UAVs),fixed,"Eq. 19-20: 'set of relative distance measurements with standard deviation sigma_d between the two agents', residual e_d = ||p_A - p_B|| - d_meas under Cauchy loss",no,n/a,descriptor point features,yes,Sec. III-B/C: '2D feature locations and their corresponding BRISK features [15]'; 'match the 2D keypoint descriptors in a small radius around the projection ... followed by a 3D-2D-RANSAC',no,n/a,none stated,n/a (conclusion states future work on large-scale 3D scene reconstruction only),"Quality-scoring coding is ambiguous: EKF measurement noise is inflated per map point by projected MP covariance and an octave-dependent sigma_obs (Eq. 12); this is geometric uncertainty propagation, not a visual quality score, so coded no. UWB range is between agents, no static anchor. Evaluation only in photorealistic simulation with UWB simulated as 0.1 m Gaussian noise. Active baseline controller uses median depth from a rendered depth image (simulation only)."
P0315,F.P et al. (2017),2017,"2017 International Conference on Unmanned Aircraft Systems, ICUAS 2017",10.1109/icuas.2017.7991446,"Delft University of Technology, the Netherlands",C7,3,2.5,Tightly coupled / Filter-based,EKF,Monocular,Direct/Photometric,Not stated,No / Not stated,Helicopter UAV,Georgia Tech UAV Simulation Tool (GUST),Horizontal RMS error; Horizontal final error; Average number of features; Feature correspondence computation time,GNSS-denied,"The proposed Direct Feature Correspondence (DFC) algorithm uses the minimization of the photometric error to directly determine corresponded feature measurements, eliminating the need for feature extraction during tracking.",-,RQ4,,none,n/a,n/a,"Sec. 2.1: ""IMU data is used to propagate the state, and a variety of other sensors may also be used to update the state, such as sonar or magnetometer"" (no model given)",no,n/a,semi-direct,yes,"""minimization of the photometric error on small patches around the predicted location of database points""; ""feature-extraction is only required when a new feature is initialized in the database, but not for tracking""",no,n/a,L1,"""this gain in robustness implies an increase in the time required to perform the correspondence step""","Sonar and magnetometer appear in the EKF block diagram (Update of Other Sensors) and in the GTMax hardware list (with RTK-GPS), but no measurement model is given, so not coded as fused. Map points are split by covariance (max eigenvalue of Sj vs. lambda_lim) into DFC vs. Mahalanobis correspondence and failed alignments are Mahalanobis-gated; these are covariance gates, not per-keypoint quality scores. Feature extractor not named. Results are GUST simulation; L1 cost measured on a desktop i7."
P0321,A.S et al. (2017),2017,IEEE International Conference on Intelligent Robots and Systems,10.1109/iros.2017.8206189,"ETH Zurich, Switzerland",C6,2,4.5,Tightly coupled / Optimisation-based,EKF / Bundle adjustment,Depth/ToF/RGB-D,Direct/Photometric,Yes,No,Quadrotor,ICL-NUIM RGB-D dataset; RotorS gazebo simulation platform,RMS error; processing time,GNSS-denied; Fast camera motions; Large-scale environments,"Our primary contribution is a memory management algorithm that scales to large scenes without being limited by GPU memory resources. Moreover, by integrating a visual-inertial odometry system, we robustly track the camera pose even on an agile platform such as a quadrotor UAV.",-,RQ5,,ToF or depth camera,relative pose or point cloud (point-to-plane ICP of live depth against raycast TSDF model),not stated,"Sec. IV-A: 'Camera Tracking module performs camera pose estimation using photometric, visual-inertial odometry estimates and depth data'; ICP initialized from the EKF Odometry Update (Eq. 1-2), Mahalanobis outlier rejection",no,n/a,direct / photometric; dense,yes,Sec. IV-B: 'ROVIO ... multi-level feature patches in the image are tracked for performing filter updates'; dense ICP and photometric error (Eq. 2-3) against the raycast model,no,n/a,L1;L3,"For the Onboard setup, running the original system as is doesn't achieve desired run-time efficiency | over longer sequences the system will drift in the pose","RGB-D (Kinect on hand-held rig, RealSense R200 on the UAV) is fused sequentially: EKF odometry update, then ICP/photometric refinement; no covariance weighting between odometry and depth is stated. Onboard+ mode skips ICP every few frames (speed, not a sensor trigger). Voxel reliability score R(v) (Eq. 4) applies to map voxels, not keypoints. ROVIO reported as sensitive to IMU parameters (tuned with BOBYQA). L3 quote is from the method motivation (Sec. IV-E), not a limitations section."
P0336,Khattak et al. (2019),2019,"2019 International Conference on Unmanned Aircraft Systems, ICUAS 2019",10.1109/icuas.2019.8798279,"University of Nevada, Reno, USA",C5,3,4.0,Tightly coupled / Filter-based / Optimisation-based,EKF; Sliding window,Thermal/Infrared,FAST corner; Direct/Photometric,Not stated,No / Not stated,Quadrotor,VICON system,Translation error; RMSE,GNSS-denied; Low-light; Dust; Smoke; Weak thermal gradients,"This paper demonstrates that direct radiometric data from thermal images can be used for reliable odometry for aerial robots, negating the need for contrast compensation or new image feature types. It presents a comparative study showing that direct full radiometric information-based thermal-inertial localization is preferable in environments with weak thermal gradients.",-,RQ2,,none,n/a,n/a,Sec. V-A: FLIR Tau 2 thermal camera + VectorNav VN-100 IMU; ROVIO/ROTIO EKF and OKVIS/KTIO sliding-window estimators use only image + IMU terms (Eq. 3),no,n/a,descriptor point features; direct / photometric,yes,Sec. IV-A/B: 'Features are detected using the FAST feature detector ... matched in subsequent frames by minimizing the photometric error of multilevel image patches'; KTIO selects points by local gradient; OKVIS baseline uses BRISK,no,n/a,L3;L2,localization error accumulates over time in its estimates as it is a filter-based approach and prone to drift during image data interruption periods due to FFC | ROVIO ... loses tracking of current features and is unable to detect new features due to the saturation of the rescaled images,"Comparative study of four estimators on thermal imagery; the authors' recommended methods (ROTIO, KTIO) are direct/photometric, while OKVIS (BRISK descriptors) is a baseline that lost tracking on rescaled thermal images. The L2 quote is a failure case of the rescaled-image baseline (ROVIO), not of ROTIO/KTIO. Autopilot IMU is also received but only for the control loop."
P0337,Walczak et al. (2025),2025,TransNav,10.12716/1001.19.04.02,"Military University of Technology, Poland",C2,2,4.0,Loosely coupled,Dead reckoning,Monocular,Optical flow,No,No,Hexarotor,Not stated,Mean error (MAE); RMSE; Maximum error,GNSS-denied; Urban areas; Indoor environments; Electromagnetic interference,"The article presents an innovative navigation system for UAVs operating in environments with limited or unavailable GPS signal by integrating dead reckoning navigation methods with optical flow analysis, enabling precise drone positioning.","The observed limitations include positional drift over time, sensitivity to heterogeneous terrain structure, and distortion caused by objects such as trees or buildings.",RQ3,,barometer; magnetometer,absolute altitude (pressure); heading,not stated; not stated,Sec. 3.1-3.2: flight altitude h scales optical flow to metres (Eq. 2-3); 'heading angle ... obtained from onboard IMU and magnetometer sensors' (Eq. 5); Sec. 4 sensor list: 'barometric altitude readings',yes,scale or depth aid (altitude scales the optical flow; no estimator weight),dense,no,Sec. 3.1: 'Farnebäck algorithm ... estimates dense optical flow ... displacement vector for each pixel'; average flow magnitude (Eq. 1),no,n/a,L3;L2;L4,"The observed limitations - particularly positional drift over time, sensitivity to heterogeneous terrain structure | At 120 meters, ground texture becomes significantly less distinct in the camera image, which negatively affects the quality of optical flow | errors resulting from inaccurate estimation of the UAV's height above ground can be mitigated using additional sensors such as laser rangefinders","Altitude source is ambiguous: Sec. 5.3 says altitude was 'obtained from the magnetometer' (likely a misstatement) while Sec. 4 lists barometric altitude and says IMU samples 'include altitude and orientation data'; altitude is used deterministically to scale flow (no covariance). Estimator is simple dead-reckoning integration (Eq. 4-7), no Kalman filter; IMU accelerations are not integrated. GPS used for reference only. L4 refers to metric-scale error of monocular flow when height above ground is wrong (tree canopies)."
P0339,Irfan et al. (2025),2025,IEEE Transactions on Intelligent Vehicles,10.1109/tiv.2024.3469551,"University of Limerick, Ireland",C1,3,5.0,Tightly coupled / Filter-based,Kalman filter,Stereo,Not stated,Yes,No,UAV (type unspecified),KAIST Urban,RMSE; APE,GNSS-denied; Dynamic objects; Illumination changes,"The key contribution of this proposed paper lies in addressing the challenges associated with UAV/UGV state estimation. It introduces a consistent and tightly-integrated multi sensor fusion, designed to efficiently fuse commonly used sensors by addressing challenges like processing complexity, sensor synchronization issues, and intra-sensor calibration.",-,RQ2,,LiDAR 3D; GNSS/GPS/RTK,relative pose or point cloud (point-to-plane direct alignment to local map); absolute 3-D position,fixed; hard switch,Sec. V: 'We only fuse the GPS position when it is in good health ... minimum threshold of 11 satellite signals'; Eq. 24-27 LiDAR planar residual with zero-mean Gaussian n_L (no adaptation stated),no,n/a,not stated,yes,"Sec. III-D: 'a 3D feature is identified in a random camera image ... uv measurement' with MSCKF update; detector/tracker not described (VINS/OpenVINS-based, Sec. III)",no,n/a,L3,the accuracy of IMU-based odometry can degrade over time due to the accumulation of errors,"Ambiguous: (a) GPS 3-D fix includes altitude but there is no dedicated height channel, coded height_channel=no; (b) L3 quote is a generic future-work statement motivating radar, not a reported failure of LGVINS. 9-DOF IMU implies a magnetometer but no heading measurement model is given (not coded). Two Livox M360 LiDARs (front and downward). Generic 6-DoF global-pose measurement model (Eq. 32) also given. Onboard Nvidia NX used for data collection; evaluation on a laptop i7. Dynamic objects in KAIST noted as failure cause for baselines, not LGVINS."
P0341,Bednar et al. (2022),2022,"2022 International Conference on Unmanned Aircraft Systems, ICUAS 2022",10.1109/icuas54217.2022.9836067,"Czech Technical University in Prague, Czech Republic",C7,2,4.5,Loosely coupled / Filter-based / Optimisation-based,S-MSCKF; SVO; VINS-Fusion,Stereo,Direct/Photometric,Yes,No,Hexarotor,Custom only: real UAV flights with RTK ground truth and a simulated UAV model. No public benchmark is evaluated.,ATE; RPE; RMSE,GNSS-denied; Challenging illumination; Direct sunlight; Vibrations,Integration of VIO approaches into the UAV control system to enable applications without GNSS access in real-world conditions. Trajectory shaping technique that modifies the dynamics of an input trajectory to reduce motion blur and aggressive tilting motion during which a large part of image features is lost.,"VINS-Fusion could not be safely tested in the feedback loop, because it was unstable.",RQ4,,barometer; laser altimeter or 1-D rangefinder (downward); GNSS/GPS/RTK/SBAS,absolute altitude (pressure); range to ground; absolute 3-D position,not stated; not stated; not stated,"'Pixhawk contains a barometer that is fused with accelerations from the IMU and range measurements from the downward-facing laser rangefinder to estimate the altitude'; 'The VIO output is integrated as another sensor entering the State estimation module among GNSS, RTK, IMU, barometer, and laser rangefinder' (Sec. III-B, IV-C)",yes,not stated,consumed pose stream; semi-direct,yes,"'The semi-direct SVO method'; 'VINS-Fusion... uses IMU preintegration and feature point observations'; Figs. 8 and 10 show detected features (Sec. II, V-D)",no,n/a,L1; L2,'at 90 Hz the error starts to rise again as the algorithm approaches the limit of the available CPU resources' | 'In the real-world the algorithms struggled with sunlight and propeller-induced vibrations',"Comparison study of three off-the-shelf VIO methods (S-MSCKF, SVO, VINS-Fusion), each fusing only stereo camera + IMU; the auxiliary sensors belong to the MRS Kalman-filter bank that consumes the VIO pose. RTK is ground truth only; GNSS is used to take off and initialise VIO in simulation. SVO scale errors reported ('position error was huge due to inaccurate estimation of the metric scale') but setup is stereo, so not coded L4. Filter covariances not given."
P0345,Omari et al. (2015),2015,Proceedings - IEEE International Conference on Robotics and Automation,10.1109/icra.2015.7139554,"ETH Zürich, Switzerland",C6,2,3.5,Tightly coupled / Filter-based / Optimisation-based,EKF,Stereo,Direct/Photometric,Not stated,No / Not stated,Multi-rotor / Hexacopter,Vicon System,Position error; Orientation error; Velocity error; Processing time,GNSS-denied; Highly dynamic motion; Vibrations,The main contribution of this paper is the design of a real-time probabilistic dense visual-inertial state estimation and mapping framework. The framework leverages full photometric information from a stereo-vision system in a probabilistic framework and runs in real-time on a single low-power Intel CPU core.,-,RQ5,,none,n/a,n/a,Sec. III: 'relative pose measurements of the key-frame based dense visual odometry (VO) are fused with inertial measurements in an Extended Kalman Filter'; stereo VI-Sensor only,no,n/a,dense,no,Abstract/Sec. II-B: 'we use the complete dense image intensity information'; 'minimizing the intensity error over the full image' (Eq. 4),no,n/a,none stated,n/a,"Per-pixel error variance sigma_e (Eq. 8, from disparity noise) drives robust Tukey weights in the dense tracker: pixel-level robust weighting, not keypoint scoring. Slight yaw drift (<0.1 rad after 70 s) reported as an observation. Only regions with strong image gradients effectively contribute (Sec. IV-A). Disparity from OpenCV block matcher on keyframes only."
P0361,Bloesch et al. (2015),2015,IEEE International Conference on Intelligent Robots and Systems,10.1109/iros.2015.7353389,"ETH Zurich, Switzerland",C2,4,4.5,Tightly coupled / Filter-based,EKF,Monocular,Direct/Photometric,No,Yes - online calibration of IMU-camera extrinsics and biases,UAV (type unspecified),Not stated,Relative position error,GNSS-denied; High-speed motion,"We propose a visual-inertial odometry framework using direct intensity errors as visual measurements within the EKF update. By choosing a fully robocentric representation of the filter state together with a numerically minimal bearing/distance representation of features, we avoid major consistency problems while exhibiting accurate tracking performance and high robustness.",The framework exhibits a certain offset which can be mainly attributed to the online calibration of the filter. Divergence can occur when the velocity estimate diverges due to missing motion or too many outliers.,RQ3,,none,n/a,n/a,"Sec. II-A: ""The inertial measurements are used to propagate the state of the filter, while the visual information is taken into account during the filter update steps""",no,n/a,direct / photometric,yes,"""Multilevel patch features are directly tracked within the EKF, whereby the intensity errors are used as innovation terms""; ""detection of new features is based on a standard fast corner detector""",yes,"Sec. III-C: ""we compute quality scores in order to decide whether a feature should be kept or not ... a local ... and a global ... quality score and remove the features below a certain threshold""",L3,"""the yaw angle is unobservable and drifts slowly with time""","VI-Sensor is stereo but only one camera stream is used; mocap for ground truth only. FAST corners are detected and ranked by an adapted multi-level Shi-Tomasi score, then tracked as direct multilevel intensity patches (coded direct with point_features yes). Quality scoring is threshold-based selection for landmark management (adaptive threshold controls feature count); no per-point covariance weighting; borderline yes. Mahalanobis outlier rejection also used. Authors also report a divergence mode under missing motion or too many outliers (outside vocabulary)."
P0363,P.-C et al. (2026),2026,IEEE Access,10.1109/access.2025.3650454,"National Chung Hsing University, Taiwan",C6,2,4.5,Loosely coupled / Optimisation-based,Kalman Filter,Monocular,Optical flow,Yes,Yes - The Dynamic Divided Method (DDM) adaptively segments the optical-flow field according to water-surface dynamics and local texture stability.,UAV (type unspecified),Kangqiao; Green River; Wu River,Trajectory similarity; Fréchet distance; Euclidean distance,GNSS-denied; Low-texture; Dynamic conditions,"The paper presents a robust real-time visual–inertial navigation framework that integrates neural network–based optical flow estimation (NeuFlow v2), the Dynamic Divided Method (DDM), and IMU data through a Kalman Filter. The DDM adaptively segments the optical-flow field according to water-surface dynamics and local texture stability, improving robustness in low-texture and dynamic conditions.","The algorithm's limited ability to continuously adapt to dynamic river curvature in real time, as vector correction is only applied during hovering phases.",RQ5,,barometer,"other (barometric altitude D/Z used as scale factor to convert averaged optical flow to metric displacement, Eqs. 9-12; not a filter measurement)","not stated (variance of barometric altitude sigma_Z^2 is propagated into the VO measurement covariance R_eff, Eq. 24; whether sigma_Z^2 changes online is not stated)","Eq. 24: R_eff = R_vo + sigma_Z^2 J_Z J_Z^T, where sigma_Z^2 is the variance of the barometric altitude estimate",yes,"scale or depth aid (barometric altitude sets the visual scale; its variance is propagated into the visual covariance, Eq. 24)",dense,no,Sect. III: NeuFlow v2 decoder produces dense optical flow predictions; flow vectors are averaged over valid regions to a single representative flow vector (Eq. 8),frame-level,Eq. 5: indicator I(t) suppresses updates when the change in Flow_river exceeds a threshold; Sect. IV.C: Kalman gain reduced when residuals exceed innovation threshold,L5,"revealing potential limitations in handling highly curved or dynamically changing flow fields, which could be addressed in future work (Sect. IV.C)","Ambiguous. Filter state is 2-D planar (px, py, vx, vy); barometer enters only as a scale input to the VO measurement model, so height_channel=yes is a judgment call. GPS used only as reference benchmark. Yaw angle theta used to rotate displacements to world frame; its source (IMU/compass) not stated. Optical flow is a learned CNN (NeuFlow v2) but output is dense per-pixel flow, coded as dense. L5 quote concerns moving water-surface flow fields and curved missions (loose fit). Low-FPS drift observation (Fig. 3) and Jetson Orin Nano resolution trade-off appear in Methodology, not coded as L1."
P0377,Mascaro et al. (2018),2018,Proceedings - IEEE International Conference on Robotics and Automation,10.1109/icra.2018.8460193,"ETH Zurich, Switzerland",C1,3,4.5,Loosely coupled / Optimisation-based,Sliding window,Monocular,Not stated,Not stated,No,Hexarotor,Gazebo simulator; Blender; Leica Nova TM50,Mean translation error; Standard deviation of translation error; Mean computation time; Standard deviation of computation time,GNSS-denied,"A novel, efficient and accurate localization system based on the fusion of generic VI odometry 6 DoF pose and global 3 DoF position inputs. A novel graph construction strategy designed to achieve reliable global orientation estimates when only 3 DoF global position measurements are available.",Future directions will focus on detecting significant drift in the VI odometry pose estimates and account for this during optimization.,RQ2,,GNSS/GPS/RTK/SBAS,absolute 3-D position (3 DoF GPS position at 5 Hz),fixed (information matrices are inverse measurement covariances; Pseudo-Huber robust cost applied to all constraints),Sect. III.C: the information matrices Omega_ij are the inverses of the measurement covariance matrices ... we apply the Pseudo-Huber cost function to all constraints,no,n/a,consumed pose stream,no,Abstract: combines generic 6 DoF visual-inertial odometry poses and 3 DoF globally referenced positions; Sect. IV.A: OKVIS or ROVIO poses passed through MSF,no,n/a,L3,errors arising with GOMSF ... mainly obtained in regions where the drift of the VI odometry increases substantially within a short interval of time (Sect. IV.C); Future directions will focus on detecting significant drift in the VI odometry,"LOOSE FIT for L3: GPS is available in all experiments, so the stated limitation is VIO drift between GPS updates rather than GNSS-denied drift. The UAV onboard IMU is also fused by MSF (IMU, not an aux sensor). GPS z is part of the 3 DoF position but there is no dedicated height channel. Leica Nova TM50 ground truth. Runs onboard an AscTec Neo; simulated GPS noise 0.5 m XY / 0.75 m Z."
P0383,Chen et al. (2020),2020,Sensors (Switzerland),10.3390/s20051263,"The Hong Kong Polytechnic University, Hong Kong",C5,4,5.0,Loosely coupled / Optimisation-based,Error-state Kalman Filter,Depth/ToF/RGB-D,Salient point selection / Canny features,Yes,No / Not stated,UAV (type unspecified),Custom only: hand-held test and UAV flights with motion-capture ground truth. No public benchmark is evaluated.,ATE; RPE; RMSE,GNSS-denied; Low-light,"Improved the conventional ICP workflow with salient point selection criteria and a statistics-based robust weighting factor. Developed an error state Kalman filter based framework to fuse global sensors, composed of a ToF camera and an IMU, achieving locally accurate localization and high computational efficiency.","The limitation of this study is the range of the ToF camera. The depth detection range of the current ToF camera is 4 m, which is short and will limit the vehicle speed and operation time for the mission.",RQ2,,ToF or depth camera,depth per pixel,not stated,"""The ToF camera outputs a depth image ... and a near infrared (NIR) intensity image simultaneously""; ICP pose fused in ESKF with ""Qicp is the covariance of ICP"" (not specified)",no,n/a,dense,no,"""The iterative closest point (ICP) methodology is adopted, incorporating salient point-selection criteria and a robustness-weighting function""",yes,"Eqs. 19-20: ""we modify the error matrix ... with the robust weighting factor"" w(i) = (nu+1)/(nu + ((||Pi - T Pi'|| - u)/sigma)^2) per point pair",L3,"""in an unknown environment without any reference map, the ATE will be accumulated as the drift is not compensated""","The pmd Flexx ToF camera is the sole visual sensor (no conventional camera); coded as aux ToF because it supplies per-pixel depth in addition to the NIR intensity image. Front-end is ICP registration of a salient-point-subsampled point cloud (about 5% of points via intensity/depth gradient, depth-extreme and Canny criteria); no keypoint correspondences, so dense is the nearest category. The per-point weight is a residual-based t-distribution robust weight inside ICP (IRLS-like), not an appearance-based keypoint score (borderline yes). Loosely coupled ESKF. Authors' main stated limitation is the 4 m ToF range (outside vocabulary). Vicon and RealSense T265 for ground truth/benchmark only."
P0393,Yan et al. (2019),2019,ICARM 2018 - 2018 3rd International Conference on Advanced Robotics and Mechatronics,10.1109/icarm.2018.8610740,"National University of Singapore, Singapore",C5,4,3.0,Tightly coupled / Filter-based,EKF,Thermal/Infrared,KLT,Not stated,No / Not stated,UAV (type unspecified),Not stated,Localization error,GNSS-denied; Low-light,"The paper proposes an infrared visual inertial odometry algorithm using a single laser scanner and a thermal camera to estimate scaled relative pose in a monocular VO framework, with a homography decomposition using multi-plane constraints.",-,RQ2,,laser altimeter or 1-D rangefinder (downward),range to ground (terrain-relative height),hard switch,"""uses a laser scanner to measure relative distance to determine the scale factor""; Algorithm 1 tries keyframe height, current laser Lc, previous height, keeping the result with ""dP < tau""",yes,hard switch,optical-flow-tracked corners,yes,"""KLT ... extracts corners by determining the minimum eigenvalue ... and then uses the iterative Lucas-Kanade method with pyramids""; sub-region goodFeaturesToTrack with pruning KLT",frame-level,"""image entropy which characterizes the texture of an image is computed to see if there is a need to change the keyframe""",none stated,n/a,"Laser range (d = cos(roll) cos(pitch) h_laser, tilt-compensated with IMU) enters through the homography scale recovery of the monocular VO, not as a direct EKF height update; the VO pose is then fused with the IMU in a Weiss-style self-calibrating EKF (covariances not stated). The laser is not gimballed while the thermal camera is stabilized. GPS used only for comparison. Pruning-KLT thresholds on the ac term and minimum eigenvalue are detection-time response gates. Conclusion states no limitations."
P0408,Liu et al. (2016),2016,Advances in Mechanical Engineering,10.1177/1687814016640996,"University of Southampton, UK",C1,3,3.0,Loosely coupled / Optimisation-based,Kalman filter; Gradient descent algorithm,Monocular,Not stated,No,Yes - Gyroscope bias online estimation using DC component of angular error feedback,Quadrotor,VICON,Position error; Orientation error,GNSS-denied,"This article presents a computationally efficient visual–inertial fusion algorithm by separating orientation fusion from the position fusion process. The algorithm shows a significant computational reduction over the conventional extended Kalman filter, with competitive accuracy.","The position error is believed to be mainly introduced by the small error in visual scale estimation, which could be the result of small timing error from manual synchronisation or slow converging rate close to the true value.",RQ2,,none,n/a,n/a,"""based on a gyroscope, an accelerometer and a monocular visual-based SLAM algorithm measurement""; ""only the MPU6050 was used in the algorithm""",no,n/a,consumed pose stream,no,"""rotation qVS, as well as the unscaled position pVS is provided by an mSLAM algorithm, which is treated as a black box"" (SVO)",no,n/a,L4,"""the position error is believed to be mainly introduced by the small error in visual scale estimation""","FreeIMU board includes an HMC5883 magnetometer and MS5611 pressure sensor, but only the MPU6050 gyro/accelerometer is used (magnetometer deliberately eliminated). The mSLAM is SVO (semi-direct) but treated as a black box; vision measurement noise is fixed (svs = 0.005). Vicon for ground truth only. Handheld tests only, no flight."
P0412,Surber et al. (2017),2017,Proceedings - IEEE International Conference on Robotics and Automation,10.1109/icra.2017.7989745,"ETH Zurich, Switzerland",C6,3,5.0,Tightly coupled / Optimisation-based,Kalman filter,Monocular,BRISK,Yes,No,Hexarotor,Not stated,Absolute translation error,GNSS-denied,"A novel, geometrically motivated image-based localization scheme against a geo-referenced map, which, together with a keyframe-based VI-odometry, forms an accurate localization system. A novel, computationally efficient filtering-based alignment to the Reference Map, which is decoupled from the local tracking and mapping.",The appearance of the garden changed too much over two weeks to let the system localize itself successfully within the garden.,RQ5,,satellite-map or reference-map matching; GNSS/GPS/RTK/SBAS,"absolute 3-D position (4-DoF image-to-map registration: x, y, z, yaw); other (GPS used only as a position prior for landmark selection and 10-sigma gating, no residual term)",not stated (Kalman-filter update on each successful localization; measurement covariance not given); hard switch (GPS prior used only while map-relative uncertainty exceeds GPS uncertainty),"Sec. II-B.2/3: 'we use the GPS measurement as a prior for the landmark selection'; 'Whenever a new image is successfully localized within the map, it corrects the belief in an update step.'",no,n/a,descriptor point features,yes,"'Tracking BRISK keypoints across images, the keyframe-based OKVIS system jointly minimizes the reprojection and IMU error terms' (Sec. II-B.1)",no,Offline map pruning only: 'all points with a quality measure below a certain threshold are removed' (Sec. II-A); no per-point weighting in the online estimator,L1; L2,"'Due to overload of the onboard computational power (CPU), the VI-odometry drops frames from time to time' | 'The appearance of the garden changed in the meantime too much to let the system localize itself successfully'","GPS acts as a weak prior/gate, not as a measurement residual; the Reference Map is geo-referenced offline with GPS. L2 reflects appearance change over two weeks (lighting/season), not classic low-texture/blur. Leica total station is ground truth only. Stereo VI-Sensor carried but only the left camera is used."
P0440,Quach et al. (2021),2021,2021 8th NAFOSTED Conference on Information and Computer Science (NICS),10.1109/nics54270.2021.9701527,"National Center For Technological Progress, Vietnam",C3,3,4.5,Tightly coupled / Filter-based / Optimisation-based,MSCKF,Stereo,SuperPoint,Yes,No,Quadrotor,EuRoC; AirSim,ATE; RTE,GNSS-denied; High-speed motion,We propose a new SLAM system named SupSLAM that leverages SuperPoint for feature extraction and uses MSCKF for pose estimation. The system is shown to be feasible for UAV SLAM with performance comparable to state-of-art methods.,"In future work, we aim to leverage SuperPoint to define more efficient data association methods to further improve the accuracy and robustness of the current system.","RQ3, RQ2",,none,n/a,n/a,Sec. II.A: 'The system uses a stereo camera as the input ... accompanied by an IMU'; OpenVINS MSCKF back-end,no,n/a,optical-flow-tracked corners,yes,"Sec. II.C: SuperPoint keypoints selected by NMS, then 'KLT feature tracker and RANSAC ... to track the feature points'; 'we only consider feature points' (descriptors not used)",no,n/a,none stated,n/a,"Learned (SuperPoint) detector without descriptors, tracked by KLT; could alternatively be coded 'sparse point features with descriptors (SuperPoint)'. NMS on SuperPoint response is standard detector post-processing and not counted as quality scoring. Results show worse ATE than OpenVINS on some synthetic sequences but the Conclusion states no limitations."
P0535,Yusefi et al. (2021),2021,IEEE Access,10.1109/access.2021.3049896,"Konya Technical University, Turkey",C7,3,5.0,Tightly coupled / Learning-augmented,LSTM / EKF / UKF / Mahony / Madgwick,Monocular,Optical flow,Yes,No,UAV (type unspecified),EuRoC MAV dataset; Gazebo,RMSE; processing time,GNSS-denied; Low-light; High-speed motion,"We propose a multimodal RNN architecture that allows the DL-based global localization to be generalized to unseen and new environments via the visual and temporal feature extraction trained on CNN and LSTM. By integrating traditional IMU measurement filtering methods instead of LSTM with the CNNs, we demonstrate a more time-efficient deep pose estimation framework.",The proposed method may lead to overfitting and lack generalization capability due to the need for ground truth labels and training data for all scenarios of challenges.,RQ4,,none,n/a,n/a,Sec. III: inputs are 'monocular RGB images ... and IMU measurements'; IMU processed by LSTM or Mahony/Madgwick/EKF/UKF attitude filters,no,n/a,learned end-to-end,no,Sec. III.A: 'A convNet is implemented to extract visual features from the monocular RGB image ... based on the architecture of ResNet-50',no,n/a,L2; L5,Sec. V: other sensors 'may let the DL based localization systems to have more accurate and robust estimations particularly in harsh weather or low-light situations' | 'data need to be trained for all scenarios of challenges (e.g. different weather and environment dynamicity)',Global pose regression (absolute pose in a known scene) rather than odometry. Primary stated limitation is overfitting / lack of generalisation and need for ground-truth labels (not a listed code); L2/L5 are inferred from future-work statements. Filter-based variants estimate attitude only from IMU (no magnetometer stated).
P0538,Karrer et al. (2018),2018,2018 IEEE International Conference on Robotics and Automation (ICRA),10.1109/icra.2018.8461213,"ETH Zurich, Switzerland",C6,1,5.0,Tightly coupled / Collaborative,Bundle adjustment / Factor graph,Monocular,Direct/Photometric,Yes,No,UAV (type unspecified),EuRoC,ATE; RMSE,GNSS-denied; Low-light,"This work presents a back-end to monocular-inertial odometry from one or multiple agents, contributing towards achieving globally consistent SLAM, while resolving the scale ambiguity. The system considers the state of the bias estimate in both a local optimization and during the keyframe culling and is real-time capable in the single agent case.","The reported fluctuations emphasize the need for a tight integration between front-end and back-end in order to allow appropriate reactions to difficult conditions, such as low-textured scenes or bad illumination. Future work will aim at addressing this integration into the proposed system.",RQ5,,none,n/a,n/a,"Sec. III-B: back-end consumes OKVIS KF-messages (pose, IMU readings since last KF, keypoints, descriptors); only reprojection, IMU pre-integration and prior factors (Sec. III-D)",no,n/a,consumed pose stream; descriptor point features,yes,"'Each KF-message encloses the current KF's pose, the IMU readings since the last KF, the locations of the current KF's keypoints in the image, and their corresponding descriptors'",no,n/a (Cauchy loss on reprojection terms and P3P RANSAC only),L2,"the reported fluctuations emphasize the need for a tight integration between front-end and back-end in order to allow appropriate reactions to difficult conditions, such as low-textured scenes or bad illumination",Front-end is off-the-shelf OKVIS (BRISK keypoints); the proposed back-end re-matches descriptors and runs local/global BA. Runtime grows with KF count and two-UAV case is only ~1.5x real-time on an i7 laptop (not coded as L1: not embedded hardware). Evaluated on EuRoC only.
P0545,Choi et al. (2018),2018,2018 IEEE International Conference on Robotics and Automation (ICRA),10.1109/icra.2018.8462920,"University of Waterloo, Canada",C7,1,4.5,Tightly coupled / Optimisation-based,Nonlinear optimization,Stereo,Not stated,Not stated,Yes - Simultaneous estimation of gimbal joint angles and VIO localization state,Quadrotor,Not stated,Reprojection error; RMSE,GNSS-denied,We develop an encoderless DCC calibration approach which eliminates the requirement of joint angle measurements from the actuated mechanism. Our approach estimates the DCC calibration parameters in conjunction with the joint angles of the actuated mechanism for each configuration of the collected measurement set.,"Future work will include testing on a wider range of actuated mechanisms, degeneracy analysis of both the encoderless calibration and online gimbal joint angle estimation, as well as incorporating the calibration into an active Visual SLAM framework.",RQ4,,none,n/a,n/a,'Ground truth of the trajectory is collected using the DJI N3 Autopilot GPS' (Sec. V-B); OKVIS state contains only camera + IMU quantities plus gimbal joint angles,no,n/a,descriptor point features,yes,"'OKVIS is an indirect, nonlinear optimization-based algorithm... minimizing reprojection error'; 'OKVIS includes a 3D-2D RANSAC step' (Sec. IV-C, V-B)",no,n/a,L4,"'small camera baseline results in inaccurate feature depth initialization and a high average feature distance, which in turn causes poor scale observability'","L4 coded for stated poor scale observability although the setup is a stereo/dynamic camera cluster with ~10 cm baseline (plus a monocular trial); also attributed to lack of IMU excitation. AprilGrid fiducial and gimbal IMU are used only for offline calibration/initialisation, not in VIO. All configurations 'expectedly experience trajectory drift' vs GPS (not coded L3). 3D-2D RANSAC disabled for the dynamic camera."
P0026,Zhang X.; Yuan W.; Zheng L.; Zhan X.; Ren Q.; Lin B. (2021),2021,Aerospace Science and Technology,10.1016/j.ast.2021.107065,"China — Shanghai Jiao Tong University; Innovation Academy for Microsatellites, Chinese Academy of Sciences",C1,2,4.5,"Optimization/smoother-based stereo VIO backend (fixed-lag smoother, factor graph) extending iSAM2/GTSAM","Tightly coupled nonlinear optimization (incremental smoothing, marginalization + information sparsification)","Shi-Tomasi feature detection + Lucas-Kanade tracking (OpenCV), aligned with Kimera-VIO frontend",Point features modeled via smart (structureless) factors,On-manifold IMU preintegration (Forster et al.) preserved intact as IMU prior,"Tunable sparsification rate enabling variable-rate, power-aware adaptive marginalization of in-between nodes (online incremental)","None (targeted at exploratory UAVs; evaluated on EuRoC UAV dataset only, no onboard flight)",EuRoC MAV dataset,RMS ATE (m); per-iteration timing (ms): optimization + sparsification,"Power/compute-constrained backend; high-dynamic sequences (V1_03, V2_03); large-scale machine hall","Information sparsification for real-time incremental local-BA VIO by splitting dense information into IMU and visual parts (preserving IMU covariances) and sparsifying only the visual prior via Bayes-tree manipulation + nonlinear factor recovery, with controllable sparsification rate for power saving",Accuracy can decrease vs full formulation (esp. easy/low-dynamic sequences); inferior to IS-VIO in large-scale machine-hall sequences; loop-closure complexity O(n^3),"RQ2, RQ3, RQ4","Strong VIO backend/estimator-efficiency contribution; UAV is target/data only (no GNSS-denied focus, no aux sensors). Prior tagged C4 but it is an estimator advance -> C1.",none,n/a,n/a,"Eq. 4: residuals for marginalization prior, pre-integrated IMU factor and smart (visual) factor only",no,n/a,optical-flow-tracked corners,yes,"""OpenCV implementation of Shi-Tomasi detector is used for feature detection. OpenCV implementation of Lucas-Kanade tracking is used for feature tracking""",no,n/a,none stated,n/a,"Stereo VIO backend (GTSAM/iSAM2 with smart factors), Kimera-VIO-aligned. GNSS mentioned only hypothetically as a sleep-mode indicator to tune the sparsification rate; not fused. Authors note that marginalization and sparsification 'generally leads to less accuracy' (accuracy/efficiency trade-off, not an L1-L5 code). Backend runs on a virtual machine, not embedded hardware."
P0039,Zhang B.; Shao X.; Wang Y.; Sun G.; Yao W. (2024),2024,Drones (MDPI),10.3390/drones8090487,China — Harbin Institute of Technology,C5,5,4.5,"Tightly coupled LiDAR-Visual-Inertial Odometry (LVIO), factor-graph optimization with IMU as system core","Factor-graph optimization fusing IMU preintegration, visual reprojection, and LiDAR registration factors; LiDAR pose back-propagated to constrain visual pose",Visual feature tracking with LiDAR-aided depth association; reprojection-error cross-validation in sliding window to reject depth outliers,Visual point features with LiDAR depth; LiDAR edge/plane points and geometric primitive (irregular-plane) for point-to-surface registration,IMU preintegration; bias correction frequency boosted via LiDAR/visual data integration,Structure monitor adaptively switches LiDAR registration modes (structured vs unstructured); IMU vertical short-term prediction substituted in unstructured scenes,"UAV (low-altitude); private UAV-collected datasets (campus, grove, beach, desert) + public UAV dataset",NTU-VIRAL (public UAV) + self-collected UAV datasets,Absolute trajectory/localization error (m) vs ground truth; per-module runtime (ms),"GNSS-denied, unstructured environments (corridors/deserts/beaches), low vertical LiDAR returns, strong visual interference, long trajectories (~kilometer)","Resilient LiDAR-Visual-Inertial fusion with a structure monitor for hybrid point-cloud registration, point-to-surface model with novel pose solving for irregular surfaces, IMU-based vertical estimation, and reprojection-error depth outlier rejection; outperforms SOTA by >=12.6-15.7%",Future work to add satellite navigation + place recognition for long-term localization (implies current limits in global drift / long-term consistency),"RQ1, RQ2, RQ3, RQ4","Core LVIO advance for GNSS-denied UAV with adaptive mode switching; multimodal (LiDAR) fusion -> C5. r4=0 (optimization, not filter-based).",LiDAR 3D,relative pose or point cloud (LiDAR pose factor and position-consistency constraint; LiDAR also supplies depth per pixel for visual features),hard switch,"""a structure monitor is introduced to switch operation modes in hybrid point cloud registration""; Omega_ij ""calculated based on the sensor measurement noise"" (Eq. 7)",yes,hard switch (structure monitor C_n > C_th = 5: LiDAR z used in structured scenes; in unstructured scenes LiDAR estimates only 3 horizontal DoF and vertical state comes from IMU prediction),not stated,yes,"Fig. 2 visual-inertial module: ""Feature Tracking"", ""Feature Triangulation""; Sec. 5.4: ""extraction and matching of visual features"" (method not named)",no,n/a (borderline: per-feature depth-association confidence tau_i = exp(-beta * e_rp) (Eq. 9) used only to reject depth outliers by threshold),L2; L3,"""strong lighting variations interfere with the visual module's localization accuracy, thus increasing the translation error"" | ""due to the grove sequence covering a distance of 983.5 m, the cumulative error is relatively large""","Limitation quotes come from the results discussion (Sec. 5.2/5.3); conclusion only gives future work (satellite navigation and place recognition for long-term localization). Visual and LiDAR pose covariances Omega from sensor noise (fixed); the hard switch concerns which LiDAR constraints are used, not the channel weight. LiDAR feature weights w(P) = exp(-||P-c||^2/sigma^2) apply to LiDAR points, not image keypoints. D-GPS mobile station / GNSS-INS on the platform used only for ground truth. Visual front-end algorithm never named (marginalization cites ORB-SLAM3 [29])."
P0087,Wang S.; Liang Y.; Lin J.; Gan Y.; Zhong M.; Yin X.; Peng B. (2025),2025,Mathematics (MDPI),10.3390/math13233842,China — Liaoning Technical University; Guangxi Univ. of Science & Technology; Tsinghua University; others,C2,4,5.0,End-to-end deep learning VIO: two-stage decoupled network (intra-frame adaptive fusion + inter-frame temporal modeling),Learned multi-modal fusion via Gated Fusion Unit (adaptive intra-frame weighting) then unidirectional GRU temporal modeling,MobileNetV3-Small CNN visual encoder (learned features; no hand-crafted frontend),Learned deep visual feature vectors + learned inertial motion features (no explicit landmarks),Not stated (no classical preintegration; Bi-GRU + temporal attention inertial encoder over IMU window),Adaptive gated fusion dynamically balancing visual vs inertial contribution per frame; adaptively weighted hybrid loss with learnable task-uncertainty weights (training-time adaptive),None onboard; targeted at UAV/MAV; evaluated on MAV datasets,EuRoC MAV; Zurich Urban MAV,RMSE of ATE (m); RPE (m); params (M); GFLOPs,"GNSS/GPS-denied, motion blur, weak texture, illumination changes, dynamic objects, urban canyon (Zurich)","TSFNet: lightweight two-stage decoupled deep VIO separating adaptive intra-frame gated multi-modal fusion from inter-frame temporal modeling, with adaptively weighted hybrid loss; 62% RMSE reduction with 76.65% fewer params vs baseline",Pure odometry — cannot eliminate accumulated drift; bounded by visual encoder under extreme illumination/texture loss; GFU infers state mainly from IMU so limited perception of external visual-quality degradation,"RQ1, RQ2, RQ3, RQ4",Learning-augmented adaptive fusion is the core contribution -> C2 (CORE) rather than prior C3. No filter (r4=0); no aux sensor (r6=0); r3 credited for lightweight/edge-targeted design though no live onboard test.,none,n/a,n/a,Sec. 3: 'processes a single-frame image and its corresponding IMU data window in parallel'; no other sensor input,no,n/a,learned end-to-end,no,Sec. 3.1.1: 'adopts MobileNetV3-Small as the visual backbone network'; end-to-end regression of pose,frame-level,Sec. 3.1.3 GFU: 'adaptively and dynamically balance the importance of visual and inertial features based on the characteristics of the current input data',L2;L3,"in scenarios with extreme illumination or a severe lack of texture, performance may degrade even with the GFU's dynamic regulation | as a pure odometry system, TSFNet is inherently unable to eliminate drift that accumulates over time","Zurich Urban MAV dataset contains GPS but GPS is not used by the network. Gate weight g is a per-frame modality weighting (frame-level), not per-keypoint. Third stated limitation: GFU infers motion state from IMU only, limited perception of visual degradation."
P0101,Cong Y.; Su W.; Jiang N.; Zong W.; Li L.; Xu Y.; Xu T.; Wu P. (2025),2025,Sensors (MDPI),10.3390/s25154745,China — Shandong University; China Research Institute of Radio Wave Propagation; Xi'an Research Institute of Surveying and Mapping,C2,4,4.5,Optimization-based monocular VINS built on VINS-Mono (sliding-window nonlinear optimization + global pose graph optimization),Tightly coupled sliding-window bundle adjustment with dynamically adjusted visual measurement covariance,Shi-Tomasi good-features-to-track + optical-flow tracking (VINS-Mono frontend); Laplacian-operator image blur/quality assessment,Point features,IMU preintegration (inherited from VINS-Mono),Adaptive visual covariance matrix dynamically tuned online via Gaussian model from real-time Laplacian-based image blur/clarity assessment,Drone/UAV (outdoor field tests F1/F2); also EuRoC/TUM VI datasets,"EuRoC; TUM VI; self-collected outdoor field tests (F1, F2)",RMSE / RMS (m); percentage optimization rate vs VINS-Mono,"GNSS-denied UAV ops, high-speed flight motion blur, fluctuating image clarity, indoor-outdoor transitions, lighting changes","Adaptive covariance matrix estimation for UAV VINS using Gaussian formulas driven by Laplacian image-quality (blur) assessment, replacing fixed covariance; outperforms VINS-Mono by avg 18.18% (up to 52.56%), 65.66%/41.74% RMS optimization in outdoor field tests",Addresses only motion-blur-driven image degradation; future work to integrate LiDAR/radar and additional sensors for other quality degradations,"RQ2, RQ3, RQ4",Textbook CORE adaptive-covariance (C2) paper for GNSS-denied UAV VINS. Built on optimization (VINS-Mono) so r4=0; cam+IMU only so r6=0.,none,n/a,n/a,"Eq. 12: prior, IMU pre-integration and visual reprojection residuals only",no,n/a,optical-flow-tracked corners,yes,"""The system utilizes the Shi-Tomasi corner detection method [43] ... we employ the Kanade-Lucas-Tomasi (KLT) tracker""",frame-level,"""Sigma_i = f(x_i)^2 I_2 where x_i denotes the image quality metric of the i-th observation frame"" (Laplacian variance blur score, Eq. 6/14)",L2,"""future works should concentrate on integrating visual, inertial, and additional sensor data (e.g., LiDAR or radar) to counteract image quality degradation besides motion blur""","RTK GNSS (CYXT N201) used only as ground truth in the handheld field tests (ZED 2i). Authors also state the Laplacian operator is noise-sensitive and cannot capture all image-quality factors (texture, illumination), causing inaccurate covariance adjustment on some sequences. Motion blur on EuRoC/TUM-VI was synthetically added. Loop-closure residuals also weighted by the same frame-level factor."
P0106,Tejero-Ruiz D.; Solís-Martín D.; Pérez-Grau F.J.; Borrego-Díaz J. (2026),2026,Computer Vision and Image Understanding,10.1016/j.cviu.2026.104650,Spain — University of Seville; Advanced Center for Aerospace Technologies (CATEC),C5,5,5.0,Event-based visual-inertial odometry: deep frame reconstruction front-end + filter-based VIO back-end (OpenVINS / MSCKF),MSCKF sliding-window filter fusing reconstructed frames with IMU (OpenVINS),FireNet recurrent-CNN intermediate-frame reconstruction from event streams (domain fine-tuned on ESIM synthetic data) + hot-pixel noise filtering; OpenVINS feature tracking on reconstructed frames,Point features tracked across reconstructed frames; triangulated 3D landmarks (MSCKF),MSCKF-style IMU propagation (motion prediction + scale observability); IMU from autopilot,Not stated (fixed 33 ms reconstruction window; future work suggests dynamic reconstruction-parameter adaptation),"DJI F550 hexarotor, Pixhawk Orange Cube (ArduPilot), NVIDIA Jetson Xavier NX, IniVation DVXplorer event camera","Self-collected indoor flights in CATEC multi-UAS lab with VICON motion-capture ground truth (baseline, flight, dynamic-lighting scenarios); frame-camera control (Intel RealSense D450)","Absolute Pose Error (APE, m) and Relative Pose Error (RPE, m/mm) vs VICON; latency/power/weight","GNSS-denied indoor, rapid lighting transitions (lights on/off), motion blur, flight vibrations; embedded power budget (<15 W)",Complete real-time embedded event-based VIO for indoor UAV navigation via intermediate-frame reconstruction (FireNet) bridging event sensing with established VIO; 26-42 cm APE comparable to conventional VIO but maintains operation under lighting transitions that cause frame-camera tracking collapse,Cannot remove accumulated drift (no loop closure); degrades in texture-poor/repetitive scenes; initialization complexity; vibration sensitivity; reconstruction artifacts; single facility + simple rectangular trajectories,"RQ2, RQ3, RQ4, RQ5","Event-camera modality VIO -> C5. Front-end (reconstruction + noise mitigation + CPU/GPU integration) is the methodological contribution, so T1 passes despite using OpenVINS/MSCKF off-the-shelf. r4=1 (MSCKF), r6=1 (event camera aux modality), r2=0 (no online adaptivity).",none,n/a,n/a,Sect. 1.5/2.2: monocular event camera (DVXplorer) + IMU from the Pixhawk autopilot; OpenVINS MSCKF back-end,no,n/a,point features (tracker not stated); event-based,yes,Sect. 2.4-2.5: FireNet reconstructs 30 Hz frames from event windows; OpenVINS MSCKF estimates 3D landmark positions through triangulation of tracked visual features across multiple frames,no,n/a (hot-pixel filtering is sensor-level: events from identified hot pixels are filtered before network inference),L1; L2; L3; L4,"Frame reconstruction represents the most computationally intensive component, requiring GPU acceleration ... may limit applicability to smaller fixed-wing UAVs (Sect. 4.3) | performance degrades in texture-poor environments, and event cameras may actually perform worse than conventional cameras in static, low-texture scenarios (Sect. 4.4) | integrating loop closure capabilities to address long-term drift accumulation (Sect. 5) | largest absolute errors occur during initial trajectory segments, likely due to scale factor convergence inherent in monocular visual odometry (Sect. 3.2)","VICON motion capture is ground truth only; Intel RealSense D450 RGB used only for the control experiment. Whether OpenVINS tracks with KLT or descriptors is not stated in the paper. Authors also cite vibration sensitivity, reconstruction artifacts and single-facility evaluation as limitations (outside code list). Future work mentions depth sensors for scale, UWB and conventional cameras for initialization (not fused)."
P0115,Xu H.; Zhao G.; Bo Y. (2026),2026,Drones (MDPI),10.3390/drones10030175,China — Nanjing University of Science and Technology,C2,4,5.0,Collaborative multi-robot SLAM/VIO: per-agent modified ORB-SLAM3 (monocular-inertial VIO) feeding a factor-graph collaborative backend,Factor-graph optimization tightly fusing onboard VIO with pairwise inter-platform UWB ranges (two-stage robust scheme),ORB feature frontend (ORB-SLAM3); IMU/visual residuals follow ORB-SLAM3,ORB point features / map points,IMU preintegration per ORB-SLAM3,"Two-stage robust scheme: covariance-based (Mahalanobis-gate) UWB outlier rejection bounded by per-agent VIO state covariance, then online adaptive Fisher-information estimation of UWB factor confidence under time-varying NLOS/SNR","Three UAVs + two UGVs, each on NVIDIA AGX (Jetson AGX); RTK-GPS ground truth",Self-collected real-world multi-agent dataset over multi-level rooftops and forest-open areas (~1.6 km^2),Position RMSE and Maximum Position Error (MPE) vs RTK ground truth,"GNSS-denied large-scale outdoor, kilometer-scale VIO drift, dynamic NLOS/multipath UWB ranging, non-overlapping diverging trajectories, infrastructure-free (no anchors)","Anchor-free UAV-UGV collaborative localization fusing only inter-robot UWB ranges with VIO in a factor graph, using covariance-aware outlier rejection plus adaptive Fisher-information weighting for time-varying UWB uncertainty; 24.6% RMSE and 31.2% max-error reduction over outlier-only variant",Not explicitly enumerated; relies on inter-agent ranging quality and on early-stage VIO accuracy (future extension to more platforms / larger scale implied),"RQ2, RQ3, RQ4",Core adaptive robust weighting/outlier suppression fusion -> C2 (CORE) per explicit adaptive contribution; modality UWB (r6=1). VIO consumed onboard but fusion/estimator + adaptive weighting is the algorithmic contribution (T1 pass). r4=0 (factor-graph optimization backend).,UWB ranging,range to anchor (inter-agent UAV-UAV/UAV-UGV/UGV-UGV range; anchor-free),"adaptive: measurement-state residual (KL-tilted Fisher information lambda_i J_i^T J_i, Eq. 31) plus Mahalanobis gate gamma < 0.71 from VIO state covariance (hard rejection)","""we adaptively estimate the Fisher information of UWB factors from measurement-state residuals, enabling online self-tuning of measurement confidence""",no,n/a,descriptor point features,yes,"""Each agent runs a modified version of ORB-SLAM3 ... with visual-inertial odometry""; ""the pyramid level and scale of the FAST feature points extracted""",no,"n/a (ORB-SLAM3 default: visual information matrix ""associated with the pyramid level and scale of the FAST feature points"" - inherited scale weighting, not a quality score)",none stated,n/a,Authors' stated limitations (Sec. 4.4): outlier rejection relies on VIO uncertainty estimation and 'may be less effective under extreme interference or when VIO errors are inherently large'; assumes reliable inter-platform communication; platform generality - none maps cleanly to L1-L5. RTK-corrected GPS + MTI300 IMU used only for ground truth. Ablation Method 2 uses fixed UWB information = 1. Additional per-keyframe outlier steps: Anderson-Darling normality test and MAD-based z-score on residual groups. Global optimization runs on a server hosted on the UGV.
P0122,Chen X.; Li S.; Lu R.; Zhu X. (2025),2025,Drones (MDPI),10.3390/drones9110801,"China — Defense Innovation Institute, Chinese Academy of Military Science, Beijing",C7,4,5.0,Tightly coupled GNSS-Visual-Inertial navigation system (GPLVINS) — nonlinear sliding-window optimization extending GVINS/VINS-Mono,"Tightly coupled nonlinear optimization fusing camera, IMU, and GNSS with point and line reprojection residuals",LSD line-segment detector refined with non-maximum suppression + length-threshold filtering; point-feature tracking (VINS-Mono style),Point features + line features (line reprojection residual = midpoint-to-reprojected-line distance),IMU preintegration (inherited from GVINS/VINS-Mono),"Not stated (NMS/threshold line refinement is fixed, not online-adaptive)","Self-developed UAV (camera 20 Hz, GNSS receiver 10 Hz); data at Fok Ying Tung Sports Center, subway station, etc.","Open-source datasets (incl. GVINS dataset, EuRoC) + self-collected UAV datasets (indoor, outdoor, indoor-outdoor transition)",RMSE (latitude/longitude/altitude vs RTK ground truth); average runtime; paired t-tests,"GNSS-denied/constrained, weak-texture/feature-degradation, drastic lighting changes, indoor-outdoor transitions, GNSS signal loss",GPLVINS: integrates line features (NMS-refined LSD and line reprojection factor) into the tightly coupled GNSS-visual-inertial optimization framework (GVINS extension) to improve UAV 6-DoF pose accuracy/robustness in texture-sparse and GNSS-degraded scenes,Even improved LSD struggles in extremely sparse-texture/drastic-illumination/highly-dynamic scenes (line-constraint errors/absence -> drift); needs >=0.3 m/s min velocity at init for Doppler yaw constraint; LSD extraction can be further optimized,"RQ2, RQ3, RQ4","Front-end/feature-method contribution (point+line, NMS-LSD, line reprojection factor) is primary -> C7; also GNSS-VIO fusion (r6=1, GNSS aux modality). r2=0 (no online adaptivity); r4=0 (optimization-based).",GNSS/GPS/RTK/SBAS,"other (raw code pseudorange and Doppler residuals, tightly coupled GVINS-style; receiver clock bias/drift in state)",not stated,"Eq. 4/15/18: ""sigma^{sj}_{rk,pr} is the standard deviation of the code pseudorange observation noise for the j-th satellite at the k-th epoch""",no,n/a,point-line,yes,"""Point features are detected with ShiTomasi [9] and tracked using KLT [15] ... LSD algorithm is improved by applying non-maximum suppression ... LBD ... KNN""",no,n/a,L2; L5,"""In environments with extremely sparse texture, drastic illumination variations ... even the improved LSD algorithm struggles to extract a sufficient number of valid line features"" | ""or highly dynamic scenarios ... may even induce localization drift due to insufficient features""","Per-satellite/epoch noise std is used, but the driving signal (elevation angle, SNR) is not stated in this paper; details deferred to GVINS [2], hence 'not stated' rather than 'fixed'. GNSS preprocessing discards satellites failing ephemeris/elevation/tracking checks (hard gating). LiDAR mounted on the UAV 'was not used'. RTK used as ground truth. Initialization needs >= 0.3 m/s for Doppler yaw alignment (stated limitation, no code). Altitude accuracy gains discussed but no dedicated height channel; GNSS supplies 3-D position."
P0131,Gallo E.; Barrientos A. (2023),2023,Aerospace (MDPI),10.3390/aerospace10030220,"Universidad Politecnica de Madrid - CSIC, Spain",C2,5,4.5,Semi-direct visual navigation system (SVO-based) supplemented with inertial priors; non-linear optimization in SO(3)/SE(3),PI (Proportional-Integral)-inspired inertial prior injected into VO pose-estimation non-linear optimization; INS is EKF-based; attitude/altitude inertial outputs act as targets/thresholds,Semi-direct (SVO) terrain feature detection/tracking with optical flow; robust M-estimator (Tukey),Sparse terrain feature points / 3D ECEF landmarks with reprojection error,INS/inertial filter (EKF) providing bounded attitude/altitude; not classical preintegration,PI control-loop-inspired online adjustment constraining visual estimates to inertial attitude/altitude within thresholds,Autonomous fixed-wing UAV (high-fidelity simulation),"Custom stochastic high-fidelity Monte Carlo simulation of two GNSS-denied scenarios; multiple terrain types (desert, farm, forest, prairie, mix)","Horizontal position drift (% of distance), attitude/altitude error; repeatability across Monte Carlo runs","GNSS-denied long-term flight, varied terrain texture, long duration",IA-VNS that supplements semi-direct VO optimization with PI-inspired bounded inertial (attitude/altitude) priors to drastically reduce horizontal position drift in GNSS-denied fixed-wing flight,Evaluated in simulation only; gains depend on terrain type; relies on bounded INS attitude/altitude,"RQ2, RQ3, RQ4",Strong adaptive (C2) GNSS-denied VIO/VNS contribution; simulation-only (no onboard real-time demo) so r3=0. Open-source C++.,barometer (via INS pressure-altitude estimate); other (INS pitch/bank attitude priors),absolute altitude (pressure); other (attitude target/prior added to the SVO pose-optimization cost),"hard switch + adaptive: |visual - inertial| altitude, pitch, bank, rate-of-climb deviation (activated only above thresholds, e.g. dh_LOW = 25 m, dtheta_LOW = 0.2 deg; target adjustment scales linearly with deviation; weight f_q equalizes attitude and reprojection errors); same for both entries","""inertial attitude and altitude outputs act as targets to ensure that the visual estimations do not deviate past certain thresholds from their inertial counterparts""",yes,"hard switch + adaptive: |visual - inertial| altitude/pitch/ROC deviation thresholds (Sec. 5.3, Table 2)",semi-direct,yes,"""This article employs SVO (Semi-Direct Visual Odometry) [4,5]""; Appendix C: feature detection, sparse image alignment, feature alignment, pose optimization",no,n/a,L3; L4,"""The horizontal position estimation ... shows major gains when compared to either the standalone VNS or the INS, although drift is still present"" | ""The IA-VNS has no means to compensate the initial scale errors, which remain approximately equal (percentage wise) for the full duration""","Fixed-wing UAV with down-looking monocular camera; Monte-Carlo simulation only with idealized noise-free images (authors state real imagery would drift more). The INS itself fuses accelerometers, gyroscopes, magnetometers, Pitot tube, air vanes, thermometer, barometer and GNSS before loss; only INS pitch, bank and altitude are injected into the visual pose optimization as PI-inspired priors (yaw deliberately not used, so magnetometer not counted as fused). Coupling is at the pose-optimization level (attitude/altitude targets), not a measurement residual with covariance. Tukey M-estimator per-feature weights and depth-filter convergence gating are standard SVO, not quality scoring. Section 9 also notes a small non-eliminable attitude drift."
P0167,Lin H.-Y.; Zhan J.-R. (2023),2023,Measurement (Elsevier),10.1016/j.measurement.2022.112256,"National Taipei University of Technology / National Chung Cheng University, Taiwan",C5,5,5.0,"VINS-Mono local estimator + UWB short-term constraint, fused via VINS-Fusion-style nonlinear optimization (loose coupling, two-stage)",Optimization-based (Ceres) pose-graph fusion of local VIO and global UWB; online VIO-UWB frame alignment; UWB short-term variation constraint,VINS-Mono front-end: Shi-Tomasi corners + KLT optical flow tracking,"Sparse corner features, inverse-depth landmarks in sliding window",IMU pre-integration (VINS-Mono),UWB short-term-variation constraint triggers VIO confidence reduction/re-initialization on drift; online coordinate alignment,Quadrotor UAV with monocular camera + IMU + UWB tag (indoor flights),EuRoC MAV dataset + self-collected real-world indoor (weak-feature) scenes with AprilTag/UWB anchors,"Trajectory translation/rotation relative error; positioning drift, z-axis error","GPS-denied indoor, weak/low-texture features, vibration, NLOS","Two-stage UWB-incorporated VIO: UWB short-term constraint limits VIO drift/re-init, optimization-based loose fusion gives smooth drift-free global localization",May fail under UWB NLOS; relocation does not enforce VIO coordinate consistency; future back-end optimization needed,"RQ2, RQ3, RQ4","UWB auxiliary fusion (C5) with adaptive re-init; optimization-based (not EKF) so r4=0. INCLUDE, targeted relevance.",UWB ranging,absolute 3-D position (TDOA fix from four fixed anchors),fixed,"""The UWB covariance matrix is given by Q_UWB = diag(1, 1, tau) ... tau represents the disturbance in the z-axis and is set as 10""",yes,fixed (UWB z-axis variance inflated x10; variant with UWB z-axis marginalized),optical-flow-tracked corners,yes,"""we first use a feature detector ... to extract the corner points, followed by the KLT optical flow algorithm for tracking [38]""",no,n/a,none stated,n/a,"Loosely coupled VINS-Fusion-style pose graph. Hard-switch elements act on the VIO side, not the UWB weight: VIO re-initialised when VIO_diff > UWB_diff + threshold (Algorithm 1) and VIO confidence reduced during initialization/large drift (Algorithm 2). Authors' stated limitation: relocation 'may fail when there are non-line-of-sight errors' (not an L1-L5 code); conclusion restates cumulative drift as motivation. AprilTags used only for ground truth; EuRoC UWB input simulated from noisy ground truth (10 cm xy, 50 cm z)."
P0172,Zhang L.; Zhou X.; Li D.; Yang Z. (2024),2024,ACM Transactions on Sensor Networks,10.1145/3665645,"Hefei University of Technology / Tsinghua University, China",C5,5,5.0,HCCNet: hybrid coupled (tightly + loosely coupled) cooperative fusion of VIO local estimator with UWB global constraints,Tightly coupled nonlinear optimization + loosely coupled particle filtering; D-RANSAC sliding-window outlier rejection on UWB,VIO feature keypoints + optical flow (standard VIO),Sparse visual keypoints; UWB range/position measurements,IMU integrated within VIO module (standard),Dynamic RANSAC (D-RANSAC) combining sliding window + RANSAC to adaptively reject UWB outliers online,UAV (target); data collected with UAV-mounted sensors but real-world experiments guided as a mobile robot,"EuRoC MAV dataset (with simulated UWB) + self-collected indoor (classroom/office/hall) with RealSense D435i + DWM1000 UWB, AprilTag ground truth","RMSE ATE; mean error, std, max; ~9 cm accuracy","GPS-denied indoor, UWB outliers/NLOS, accumulated VIO drift",D-RANSAC adaptive UWB outlier filtering + hybrid tightly/loosely coupled VIO-UWB fusion (HCCNet) for robust drift-free indoor global localization,RANSAC limits on complex trajectories; system targets single UAV; multi-UAV cooperative localization left as future work,"RQ2, RQ3, RQ4",UWB-VIO auxiliary fusion (C5) with adaptive D-RANSAC outlier rejection; real-world validation on mobile robot but EuRoC MAV + UAV application keeps T2=Y.,UWB ranging,"absolute 3-D position (UWB fix from anchors, residual E_U = ||T_GC p_C - p_G||^2_PU)",adaptive: D-RANSAC inlier-count confidence per UWB fix (Eq. 1); covariance P_U per UWB position (mapping not made explicit),"""assigning a confidence value based on the number of times it has been evaluated as an interior point ... this confidence value is used in subsequent stages""",no,n/a,optical-flow-tracked corners,yes,"Sec. 3: ""the feature information in the image is extracted""; Eq. 7 follows VINS-Mono (inverse depth, Huber); intro: ""identifying feature keypoints [24] and tracking optical flow [33]""",no,n/a,none stated,n/a,"Front-end not described explicitly; coded as corner + optical flow from the VINS-Mono residual structure (flag as inferred). How the D-RANSAC confidence enters P_U is not written out. Hybrid: tightly coupled UWB position residual in sliding window, then loosely coupled particle filter with weights 1/d. UWB z noise (50 cm) simulated on EuRoC but no explicit height treatment. Stated limitations: requires multiple anchors, single UAV; future work includes 'enhancing algorithm efficiency' for real-time (not coded as L1: no embedded hardware claim). AprilTag ground truth; backend on Celeron server."
P0187,Zhao J.; Deng Z.; Hu E.; Su W.; Lou B.; Liu Y. (2025),2025,Sensors (MDPI),10.3390/s25247673,"Beijing University of Posts and Telecommunications / Dezhou University, China",C5,5,5.0,"ESKF tightly-coupled multi-sensor fusion: IMU motion-model prediction + update from raw UWB ranges, VIO relative poses, and TFmini altitude",Error-State Kalman Filter (ESKF) tightly-coupled fusion; sliding-window UWB model referenced to short-term VIO poses,"VIO from open-source VINS-Fusion (stereo RealSense), consumed for relative pose",VIO relative-pose constraints; raw UWB ranges; TFmini altitude,IMU motion model used for ESKF state prediction (preintegration-style propagation),Multi-epoch RANSAC-based UWB outlier rejection constrained by short-term VIO poses (online NLOS rejection),"Custom UAV platform: IMU, UWB tag, RealSense D435i stereo camera, MID360 3D LiDAR, TFmini",Self-collected real-world underground parking garage flights (square & circular trajectories),"RMSE, Mean, Std, Min, Max, Median position error; CDF/quantile error","GNSS-denied indoor, UWB NLOS/multipath outliers, IMU and VIO drift, occlusions",ESKF tightly-coupled IMU/UWB/VIO/TFmini fusion with multi-epoch VIO-constrained UWB outlier rejection for high-accuracy robust indoor UAV localization,Validated in a single environment type (parking garage); relies on pre-deployed UWB anchors,"RQ2, RQ3, RQ4",Strong filter-based (ESKF) auxiliary-fusion contribution with adaptive outlier rejection; VINS-Fusion VIO consumed but core contribution is fusion estimator + outlier rejection (T1 pass). C5 multi-modal fusion.,UWB ranging; laser altimeter or 1-D rangefinder (downward),range to anchor; range to ground (terrain-relative height),"fixed (Gaussian sigma_uwb; RANSAC multi-epoch outlier rejection discards NLOS ranges before the update); not stated (sigma_tf said to depend on surface reflectance, range and attitude, but no online rule is given)","Eq. 20: n_i ~ N(0, sigma_uwb^2) ... we do not adopt such non-Gaussian noise models; Eq. 33: n_tf ~ N(0, sigma_tf^2), where sigma_tf depends on surface reflectance, range, and attitude",yes,not stated,consumed pose stream,no,Sect. 2.2.3: The VIO output used in this work comes from the open-source project VINS-Fusion; only the VIO-provided position measurement is used as a direct constraint,no,n/a,none stated,n/a,"3D LiDAR (Livox MID360 running Fast-LIO2) is listed among integrated sensors (Sect. 2, hardware list) but serves only as ground truth (LIO-GT), not fused. RealSense D435i stereo camera feeds VINS-Fusion at 15 Hz; tracker not described. R_p,vio not specified. Gaussian UWB noise acknowledged as a simplification (Sect. 2.2.3), outside code list. Offline processing on Intel NUC; Conclusion states no limitations."
P0188,Wang Y.; Shao B.; Zhang C.; Zhao J.; Cai Z. (2022),2022,Biomimetics (MDPI),10.3390/biomimetics7040169,"Beihang University, China",C5,4,4.5,"REVIO: event-based VIO (EVIO) with sliding-window nonlinear optimization, extended by fusing range (distance) constraints","Tightly-coupled sliding-window nonlinear optimization (marginalization/Schur complement) fusing event features, IMU, and range-plane constraints",Event-stream motion compensation -> synthesized event images; corner detection + multi-layer optical flow tracking; RANSAC outlier rejection,Event-image corner features with inverse-depth; range-derived plane/depth constraint,IMU preintegration within sliding window; high-rate IMU state propagation,Not stated (no explicit adaptive covariance/online calibration; fixed coplanar assumption),UAV/drone (ground-facing carrier) plus handheld rig; event camera + range sensor + IMU,Public event-camera dataset + self-collected handheld + UAV flight experiments,"Position estimation error / drift; % error reduction vs EVIO and VINS-Mono (handheld ~29%, flight ~28%)","High-dynamic-range, sharp brightness changes, fast motion, motion blur; GNSS-denied",REVIO fusing bio-inspired event camera + range sensor + IMU via sliding-window optimization with range-plane constraints to improve accuracy in fast-motion/HDR scenes,Relies on coplanar constraint (range point and horizontal-surface features); illumination/noise effects not modeled; single-plane assumption,"RQ2, RQ3, RQ4","Alternative-modality (event + range) VIO architecture (C5); optimization-based so r4=0; no explicit online adaptivity so r2=0. INCLUDE, targeted.",laser altimeter or 1-D rangefinder (downward),range to ground (terrain-relative height; distance to ground plane along the downward camera optical axis),hard switch (per-feature coplanarity test |e2| <= |e1| selects plane constraint vs. visual reprojection constraint); range covariance not stated,"""If |e2| <= |e1| ... the plane constraint is added to the back-end optimization. Otherwise, the visual reprojection constraints of the feature points are constructed""",yes,hard switch (coplanarity gating per feature); covariance not stated,optical-flow-tracked corners; event-based,yes,"""corner point extraction and optical flow tracking are performed on the event image ... The actual corner detection is performed with Harris corners""",no,n/a,L2,"""the effect of illumination and noise on the algorithm is not considered, which is also worth studying in the next step""","Range sensor is emulated by the depth of the D435i depth-image centroid in handheld and flight tests (no dedicated rangefinder hardware). Range also fixes scene depth for event motion compensation (front-end). Assumes a ground plane (downward-facing UAV); authors state the coplanar constraint 'is inadequate' (plane-assumption limitation, no code). Forward-backward optical-flow check and RANSAC are standard outlier rejection. Results note low event-stream SNR when stationary or moving along the optical axis. Scale unobservability under constant acceleration is motivation (intro/Sec. 3.3), not a stated limitation."
P0197,Wang F.; Zou Y.; Zhang C.; Buzzatto J.; Liarokapis M.; del Rey Castillo E.; Lim J.B.P. (2023),2023,Automation in Construction (Elsevier),10.1016/j.autcon.2023.105139,"University of Auckland / University of Waikato, New Zealand",C7,5,5.0,"FMC-SVIL: lightweight optimised stereo VIO (SVIO) for relative pose + improved AprilTag2 measurement (ATM) for global correction, fused (SVIO-ATM)",Tightly-coupled sliding-window nonlinear optimization (IMU preintegration + feature observations); SVIO-ATM fusion with confidence-based weighting and periodic global pose correction,"Grid-based uniform feature distribution, FAST corners + KLT optical flow on separate left/right stereo streams (overcomes stereo baseline range limit), keyframing, RANSAC outlier rejection","Sparse corner features, triangulated true-scale landmarks; AprilTag bundle (2x2) fiducial markers",IMU preintegration between visual frames,Fusion weighting adaptable based on confidence levels of SVIO vs ATM measurements; periodic marker-based correction,"UAV with stereo camera + IMU, onboard NVIDIA Jetson Xavier NX",Real bridge field flights over multiple spans (sunny and cloudy); compared with VINS-Fusion and ORB-SLAM3,"RMSE of Absolute Pose Error (0.416 m sunny, 0.340 m cloudy), max APE, CPU/memory/runtime (Hz)","GPS-denied under bridge girders, large-scale multi-span flight, varying illumination (sunny/cloudy), SVIO long-term drift",Optimised stereo VIO (refined feature-matching) combined with improved AprilTag2 bundle measurement and confidence-weighted fusion for accurate drift-corrected global UAV localization under bridges,Requires pre-installed AprilTag bundles; depth limited by stereo baseline; SVIO still drifts between marker corrections,"RQ2, RQ3, RQ4",Override prior EXCLUDE: full text shows a genuine optimised SVIO front-end contribution (T1=Y) and quantitative RMSE results (T3=Y) on real UAV bridge flights. C7 front-end/feature method with fiducial-marker global correction.,fiducial markers,absolute 3-D position (6-DoF global pose from AprilTag 2x2 bundles observed by stereo camera),fixed,"""we applied weights of 0.1 and 0.9 to SVIO and ATM, respectively"" (Eq. 23); marker measurements gated by left/right consistency delta = 0.1 m",no,n/a,optical-flow-tracked corners,yes,"""a corner feature detector [58] is adopted ... Kanade-Lucas-Tomasi (KLT) [59] optical flow algorithm is employed to match features""",no,n/a,L2; L3,"""For specific scenarios where the bridge environment lacks distinctive features or there is a substantial distance between bridge piers"" | ""the accumulated positional error may exceed tolerances required by autonomous navigation""","Both limitation quotes are halves of one sentence in Sec. 6. Loosely coupled weighted pose graph (VINS-Fusion global-fusion style); authors state the fixed weights 'should be adaptable based on the confidence levels' and list adaptive weighting, RTK-GPS and barometer integration as future work. NEO-M9N GPS module on the platform is not used; Trimble total station provides ground truth. Runs on Jetson Xavier NX; computational cost presented as an achievement, so L1 not coded. Marker-pose measurement error and marker damage also stated as limitations. Stereo KLT on left and right streams separately (baseline not used for depth during flight)."
P0208,Wang Y.-S.; Chang C.-H. (2025),2025,Aerospace (MDPI),10.3390/aerospace12121048,Taiwan; National Chung-Shan Institute of Science and Technology,C2,5,5.0,"Filter-based (EKF) monocular VIO fusing IMU + Lucas-Kanade optical flow, with global KAZE feature-matching map correction (AEKFVIO)","Extended Kalman Filter; IMU acceleration/angular velocity as state prediction, optical-flow displacement as measurement; dynamic weighted fusion of EKF estimate and feature-matching correction",Sparse Lucas-Kanade optical flow tracking with KAZE+Harris feature detection; RANSAC outlier filtering; IMU rotation compensation of optical flow,KAZE features (nonlinear scale space) for global matching; Harris/optical-flow feature points for relative motion,"Not stated (IMU used directly as EKF state-transition control input, no preintegration)",Adaptive EKF: Q/R noise covariance dynamically adjusted from heading-angle rate-of-change and feature-tracking (inlier) quality; dynamic confidence-based weighting between EKF and feature-matching correction,"Lightweight monocular UAV (nadir/downward camera, ~120 m altitude); real aerial images and flight logs used for simulation; hardware spec in appendix",Self-collected real UAV aerial images + flight logs; Google Maps satellite tiles as reference map (3 validation scenarios),"RMSE, Maximum Error, Standard Deviation (meters) of position vs GPS ground truth",GPS-denied/jammed/spoofed; long-duration drift; urban/forest/military; circling around target with low parallax (scenario 3),"Low-cost, low-complexity adaptive EKF-VIO integrating IMU+optical flow with KAZE global feature-matching correction and dynamic confidence-weighted fusion for drift suppression in GPS-denied UAV navigation",Weighting/adaptation relies on empirical hand-designed confidence rules; map updated manually in batches; feature matching assumes near-nadir view; unbounded error growth when map matching unavailable,"RQ2, RQ3, RQ4","Core adaptive-VIO C2 match. Evaluation is simulation-from-real-flight-logs (MATLAB) rather than fully onboard real-time, and baselines limited to internal variants/optical flow; no public benchmark or ATE. Real-time onboard implementation claimed/targeted.",barometer; satellite-map or reference-map matching,absolute altitude (pressure); absolute 3-D position (2-D lat/lon from KAZE matching of the aerial frame to offline satellite-map tiles),"not stated; adaptive: feature-match confidence c_FM (inlier ratio, mean reprojection error, transform plausibility) versus EKF covariance c_EKF (Eqs. 33-39), triggered when tracking quality drops or drift exceeds a threshold",Eq. 14: measurement vector comprising the horizontal displacement from optic flow and the height (from a barometer); Sect. 2.2: global feature-matching module is triggered when feature-tracking quality drops or accumulated drift exceeds a threshold; Eq. 33: X_fused = w_EKF X_EKF + w_FM X_FM,yes,not stated,descriptor point features; optical-flow-tracked corners,yes,"Sect. 2.2.1: KAZE + Harris feature detection, Lucas-Kanade tracking, RANSAC filtering; Sect. 2.2.3: KAZE descriptors + BFMatcher (L2) for offline-map matching",frame-level,"Eq. 21: R adjusted using yaw rate and the number of inlier feature points N_inlier; Eq. 37: c_FM from N_inlier/N_match, mean reprojection error and transform score",L3,"for those situations where periodic map matching and correction cannot be performed, investigating the extent to which positioning errors accumulate over time will be a topic for future research (Sect. 5)","MATLAB simulation replaying real aerial images and flight logs; GPS provides ground truth and the last GPS fix initializes position. R in Eq. 21 is 2x2 (optical flow only) although z is 3-D; barometer noise not specified, hence height weighting not stated. Q adapted by yaw rate (Eq. 20). Authors state weights rely on empirical rules (future work). Map matching assumes near-nadir view and is disabled in Scenario 3 (-30 deg pitch); optical flow degrades with no parallax when circling (Results)."
P0294,Zhang X.; Yuan W.; Zhan X.; Chi C.; Ren Q.; Gong W.; Lin B. (2022),2022,Aerospace Science and Technology (Elsevier),10.1016/j.ast.2021.107250,"China; Shanghai Jiao Tong University; China State Shipbuilding Corporation; Innovation Academy for Microsatellites, Chinese Academy of Sciences",C1,1,4.5,"Optimization/smoother (factor-graph, iSAM2/Bayes-tree) VIO backend with information sparsification; built on GTSAM",Tightly-coupled factor-graph MAP estimation with pre-integrated IMU factors and visual (smart) factors; two-step marginalization + sparsification of the information matrix,Not the focus; standard visual front-end with landmark/pose factors (smart factors); backend sparsification is the contribution,Visual landmarks as smart factors involving poses; factor-graph nodes (poses/landmarks),Yes - pre-integrated IMU factor (following standard preintegration),No online/adaptive adaptation; proposes a fixed cliquey-subgraph approximation topology (hyperparameterized; existing tree methods are special cases),UAV navigation (targeted application; power-aware/ASIC VIO for UAV incl. planetary missions); validated on EuRoC MAV dataset,EuRoC MAV dataset (9 sequences: easy/medium/hard),"RMS Absolute Trajectory Error (ATE, meters); running time per trajectory",Computationally constrained / low-power embedded platforms; hard-level EuRoC sequences (aggressive motion),"Cliquey-subgraph information sparsification preserving mutual node correlations (vs tree assumption) for VIO factor graphs, plus surjective Bayes-tree-to-factor-graph mapping made bijective via upstream-downstream traversal for fast connectivity queries; generalizes prior closed-form methods, lowering ATE at low computational cost","Iterative sparsification topologies out of scope; cliquey subgraph reduces to tree as degenerate case; focus is backend, scope limited to closed-form sparsification; broader transferability noted but not tested beyond EuRoC","RQ2, RQ4, RQ5","Genuine VIO estimator/backend advance (C1). Aerial relevance via EuRoC MAV dataset and explicit UAV/ASIC motivation. Not adaptive/online and not GNSS-denied-specific, hence low relevance score despite high QA. Strong methodological rigor.",none,n/a,n/a,Sec. 2: 'robotic pose estimation given camera and 6-D inertial measurement unit (IMU) measurements'; EuRoC only,no,n/a,optical-flow-tracked corners,yes,Sec. 6.2: 'OpenCV implementation of Shi-Tomasi detector and Lucas-Kanade tracking are used for feature detection and tracking',no,n/a,L2,Table 3 footnote: 'The pipeline fails to cover the entire trajectory due to severe motion blur' (V2_03),Back-end sparsification paper (Kimera-VIO/GTSAM pipeline); no aux sensors. Limitation is a reported failure case in a table footnote rather than a Discussion statement; Conclusion states no limitations.
P0298,"Cao L., Liu J., Lei J., Zhang W., Chen Y., Hyyppa J. (2025)",2025,Expert Systems with Applications,10.1016/j.eswa.2025.126813,"Wuhan University, China; Finnish Geospatial Research Institute, Finland",C2,4,5.0,"Monocular optimization-based VIO (built on VINS-Mono, sliding-window bundle adjustment)",Tightly-coupled optimization (nonlinear BA with IMU pre-integration),Optical-flow tracking with feature-point clustering based on optical flow field; KLT-style tracking,Point features clustered by optical-flow field into motion-state groups (stationary/low/high dynamic),"Yes (IMU pre-integration used for dynamic-flow and epipolar residual computation, as in VINS-Mono)",Yes - online quantitative motion-state estimation of feature points; adaptive weighting of features in BA based on dynamic/static state,VIODE simulated quadcopter dataset; EuRoC micro-aerial-vehicle dataset; self-built embedded positioning device (ROC-RK3588S CPU),"VIODE, EuRoC, self-collected dynamic-scene dataset",RMSE of ATE; per-frame processing time (3-4 ms); success/improvement percentages,"Dynamic scenes (moving pedestrians/vehicles), high-dynamic environments, low-cost embedded hardware, GNSS-degraded",Lightweight optical-flow-field-based feature-point motion-state estimation that quantitatively weights features in robust weighted BA to improve VIO accuracy in dynamic scenes without semantic networks; real-time on embedded CPU,Insufficient sensitivity to low-dynamic scenes limits accuracy gains there; plans to refine clustering and integrate with newer SOTA VIO,"RQ2, RQ3, RQ4",Adaptive feature-quality/robust-weighting contribution to VIO (C2 core). Aerial validation via VIODE quadcopter and EuRoC MAV plus embedded real-time. No auxiliary sensor beyond cam+IMU; not EKF (optimization-based).,none,n/a,n/a,Sec. 4.3: ublox F9P GPS 'for collecting ground truth data' only; estimator uses camera + IMU (VINS-Mono),no,n/a,optical-flow-tracked corners,yes,Sec. 3.2: 'feature points in the current frame through feature matching or optical flow tracking'; integrated with VINS-Mono (KLT),motion-state,"Eq. 17: per-feature weight w=0 (highly dynamic), exp-function of fused dynamic-flow/epipolar residual (lowly dynamic), 1 (static) used in BA",L5,"Conclusion: 'our method currently lacks sufficient sensitivity to low-dynamic scenes, which limits its ability to improve localization accuracy'","Borderline for per_keypoint_quality_scoring = yes: a continuous per-point weight derived from motion residuals is used in BA, but the score is a motion-state quantity, so coded motion-state. GPS module in hardware list is ground truth only, not fused."
P0300,"Wang S., Gou G., Sui H., Zhou Y., Zhang H., Li J. (2022)",2022,Remote Sensing,10.3390/rs14040979,"Wuhan University, China",C6,3,4.5,"RGBD-based tightly-coupled optimization VIO (built on VINS-Mono), sliding-window back-end with loop closure (DBoW2)",Tightly-coupled optimization; depth information from RGBD camera introduced into VINS-Mono,FAST feature detection + optical-flow tracking (replacing Shi-Tomasi for faster tracking),FAST corner point features; BRIEF descriptors for loop closure,Yes (IMU front-end pre-integrates raw IMU between consecutive frames),Not stated (no adaptive/online covariance or calibration; static engineering choices),Targeted at UAVs (lightweight CPU navigation); tested on NVIDIA TX2; validation datasets are handheld + wheeled robot (no actual flight),"VINS-RGBD public datasets (handheld, wheeled robot; Intel RealSense D435i, OptiTrack ground truth)",Translation RMSE; VIO front-end per-frame time; success rate over 10 runs,Indoor environments; CPU-only (no GPU); fast camera motion; weak texture,CDSFusion: first system integrating RGBD-VIO + semantic segmentation + dense 3D reconstruction in real time on CPU; depth-augmented FAST-feature VINS-Mono VIO module for faster tracking without accuracy loss,VIO sensitive to fast camera motion; map accuracy not addressed (only completeness); not yet run onboard a UAV,"RQ2, RQ4","VIO modified (depth-augmented VINS-Mono + FAST features) so T1 passes; framed explicitly as UAV navigation application so T2 passes, though all validation is handheld/wheeled and aerial onboard is future work. System-integration paper (C6). r6=1 for RGBD depth (auxiliary modality beyond plain cam+IMU).",ToF or depth camera,depth per pixel,not stated,Sec. 3.2: 'depth information was led into the initialization procedure ... to initialize the VIO with a precise scale using PnP'; 'leads into the depth information to obtain more precise results',no,n/a,optical-flow-tracked corners,yes,Sec. 3.2: 'detects FAST corners and tracks them between consecutive frames using the KLT sparse optical flow algorithm',no,n/a,L2,"Conclusions: 'Our VIO module is sensitive to fast camera motion, and we are interested in improving the robustness and accuracy of the VIO in fast camera motion'","RGB-D depth (RealSense D435i) used for scale in initialization and 'more precise results' in the VINS-Mono-based back-end; no explicit depth measurement model or covariance given. L2 mapping is an interpretation: authors state sensitivity to fast camera motion, not explicitly motion blur. BRIEF descriptors used only for DBoW2 loop closure."
P0302,"Zhang X., Cui Y., Ren Y., Duan G., Zhang H. (2024)",2024,Remote Sensing,10.3390/rs16163038,China (Remote Sensing / MDPI; institution not explicitly extracted),C7,3,4.0,Loop-closure-detection module integrated into VINS-Mono and ORB-SLAM3 (optimization-based VINS),Tightly-coupled optimization VINS (host systems); LCD adds pose-graph corrections,Feature extraction from keyframes; Colmap pose estimation; Instant-NGP NeRF virtual-view rendering for candidate expansion,Bag-of-Words vectors with TF-IDF and synonym-similarity weighting; point features,Yes (inherited from host VINS-Mono / ORB-SLAM3),Yes - dynamically adjusted weights for candidate frames; adapted virtual-image filtering and comprehensive scoring,EuRoC micro-UAV dataset; targeted at small UAVs,EuRoC,Loop-closure detection rate/success; APE (max/min/mean/RMSE) via EVO tool; runtime,"Insufficient image texture, limited viewpoints, image blur, illumination/exposure variation, high aircraft speed","NeRF-based BoW loop-closure detection that renders virtual viewpoints along the flight trajectory to expand loop candidates, detecting >48% more accurate loops and reducing navigation positioning error by >46% when applied to VINS-Mono and ORB-SLAM3",NeRF rendering cost (~600 ms) and onboard small-UAV compute constraints; reliance on Colmap/Instant-NGP pre-processing,"RQ2, RQ3, RQ4",Front-end/loop-closure method (C7) improving VINS back-end accuracy; algorithmic contribution to VINS pipeline. Aerial via EuRoC and explicit small-UAV target. Adaptive dynamic weighting -> r2=1. Real-time questionable (600ms NeRF) but runtime reported and pipeline targeted onboard -> r3=1.,none,n/a,n/a,Sec. 4.1: EuRoC stereo images + IMU only; contribution is a loop-closure-detection module for VINS-Mono/ORB-SLAM3,no,n/a,descriptor point features,yes,Sec. 3.1: 'FAST keypoints are detected ... Binary assignment and encoding are performed ... to yield BRIEF descriptors',no,n/a,L1; L2; L5,"Conclusions: 'operating the VINS system and Instant-NGP also places demands on the system's operational memory' | 'image quality of the model training is directly impacted by the shaking of the drone, leading to a loss in efficacy' | 'in environments with dynamic objects, the computational complexity of this method will increase, which may lead to a decrease in the success rate'","Paper modifies only the BoW loop-closure module; the VIO front-end is inherited unchanged from VINS-Mono (Shi-Tomasi+KLT) or ORB-SLAM3 (ORB). Word-level TF-IDF/similarity weighting is applied to visual words for loop scoring, not to keypoints in the estimator. NeRF training is offline on a GPU server. L2 mapping (drone shaking degrading image quality) is an interpretation."
P0316,"Hao Y., He M., Liu Y., Liu J., Meng Z. (2023)",2023,Drones,10.3390/drones7080540,"Meituan UAV Lab, Beijing, China (and affiliated institutions)",C5,4,5.0,Optimization-based sliding-window keyframe Range-Visual-Inertial Odometry (RVIO) with global pose-graph optimization layer,Tightly-coupled nonlinear optimization (IMU pre-integration + visual reprojection + 1D LRF range residuals); global pose-graph fusion of RVIO + image-registration global measurements,Feature tracking in sliding window; CNN-based (NetVLAD-style + SuperPoint/SuperGlue cited) coarse-to-fine image registration to satellite imagery,Point features (sliding-window landmarks); range-associated feature depths via LRF projection,Yes (IMU pre-integration between successive frames in sliding window),Yes - adaptive weight assignment for global position measurements based on online quality evaluation of image-registration localization,UAV (synthetic AirSim flights + real-world UAV flights with GNSS receiver as ground truth),Synthesized (AirSim) and real-world UAV datasets,RMSE of ATE (synthetic and real-world tables); drift analysis; trajectory comparison,GNSS-denied; constant-velocity (unobservable scale); season/lighting differences between satellite and UAV imagery; no prior initial position,"Optimization-based RVIO using 1D LRF to suppress scale drift, combined with coarse-to-fine CNN image-registration geo-localization and an adaptive quality-weighted global pose-graph optimization, achieving global drift-free UAV localization in GNSS-denied environments",Effective for flight distances of tens to hundreds of meters; image-registration may degrade at higher/lower altitudes; depends on satellite-map availability/quality,"RQ2, RQ3, RQ4","Range-VIO + auxiliary modality fusion (LRF range, satellite image registration) -> C5; r6=1 (LRF rangefinder). Strong adaptive weighting component (r2=1) and GNSS-denied focus (r1=1). r3=0: no explicit onboard/embedded real-time deployment claim. Optimization-based, not EKF -> r4=0.",laser altimeter or 1-D rangefinder (downward); satellite-map or reference-map matching,range to ground (terrain-relative height); absolute 3-D position,"not stated; adaptive: image-registration quality Q (number of matched points, camera tilt angle, discrepancy to previous estimate, prior)","Eq. 5-7: height residual e_H = d_F - z and landmark-depth residual e_D with covariances W_H, W_D (values not given); Sec. 3.2.4: 'residual weights of the global factor W_G ... represented in terms of the quality Q'",yes,not stated,optical-flow-tracked corners,yes,Sec. 3.1.1: 'features are detected and tracked between consecutive frames using an optical flow algorithm' (VINS-Mono/VINS-Fusion based),no,n/a,L2,"Conclusions: 'the limitation of our method lies in its inability to achieve localization in low-texture environments, such as deserts and oceans'","LRF also constrains depth of landmarks inside its footprint (Eq. 5) with a standard-deviation planarity test; covariances W_H/W_D are Mahalanobis weights without stated values or adaptivity. Satellite registration (NetVLAD + SuperPoint/SuperGlue) feeds a global pose-graph, not the VIO front-end. GNSS used only as ground truth. Authors also state altitude-range applicability limits (not a listed code)."
P0326,"Lee J.-C., Chen C.-C., Shen C.-T., Lai Y.-C. (2022)",2022,Sensors,10.3390/s22249654,Taiwan (institution not explicitly extracted),C2,4,4.5,Filter-based (IEKF) VIO core (ROVIO) augmented by an outer EKF for landmark-based scale correction and drift reduction,Extended Kalman Filter fusing ROVIO output and landmark-based visual odometry; least-squares scale-correction estimation; IMU integration in time-update,ROVIO patch-feature tracking (photometric IEKF); ArUco/artificial landmark detection,ROVIO multilevel patch features; known artificial landmark (fiducial) for absolute reference,"IMU used in EKF time-update/integration (ROVIO is IEKF-based, not pre-integration; preintegration not the mechanism)",Yes - online scale-correction estimation via least squares updated when landmark detected at takeoff/landing,Self-developed VTOL UAV with visual-inertial sensor; ground tests + real flight tests,Self-collected ground and flight-test data (RTK/motion-capture ground truth); ADVIO/TUM cited for VIO comparison,RMSE of position; final estimated location vs ground truth; per-case error tables,GPS-denied; VIO scale ambiguity and long-term drift; low-cost devices; takeoff/landing phases,"Landmark-assisted EKF method that estimates and corrects VIO (ROVIO) scale via least squares using a known artificial landmark, reducing long-term drift for VTOL UAVs in GPS-denied environments without external GPS",Cannot fully eliminate long-term drift or momentary external forces; requires full 3-axis motion to estimate scale; needs more experiment designs and external-force/pose modeling,"RQ2, RQ3, RQ4","Online scale calibration/correction of VIO -> C2 core; EKF-based fusion -> r4=1; GPS-denied -> r1=1; real flight + RMSE -> T3 and r3=1. Landmark is a visual fiducial, not an auxiliary non-visual sensor, so r6=0; front-end emphasis is on scale correction not feature method so r5=0.",fiducial markers,"absolute 3-D position (PnP camera pose relative to an ArUco marker placed at the known take-off location, defined as world origin)",hard switch,"Sect. 2.3: When the landmark is detected, the VO algorithm is triggered and outputs the data to update the EKF. When the scale correction is determined and the landmark is not detected, the corrected ROVIO outputs are used",no,n/a,consumed pose stream; direct / photometric,no,Sect. 2.3-2.4: ROVIO uses the photometric error in the innovation term of the IEKF; the proposed EKF fuses positions from ROVIO with scale correction and VO estimated by landmark,no,n/a,L3; L4,it cannot ideally reduce the long-term drift problem and the momentary external force (Sect. 5) | the VI-sensor needs to be moved fully on three axes to successfully estimate the scale correction (Sect. 5),"RTK GPS is ground truth only; the ROVIO-with-GPS variant is a comparison baseline, not the proposed method. ROVIO tracks multilevel patch features at corner points (bearing vectors, distance parameters) so point_features=no follows the direct/consumed rule but is arguable. Marker detection via OpenCV contour detection + PnP. Measurement noise R for landmark and scaled-ROVIO updates not specified. Per-axis scale lambda estimated by least squares only during take-off/landing."
P0414,"Wang X., Zhang Z., Li L., 2025",2025,Applied Soft Computing,10.1016/j.asoc.2025.112809,"Jilin University, Changchun, China",C1,3,5.0,MVS-VIO: tightly-coupled dense monocular VIO; real-time pose estimation + global TSDF reconstruction; deep-photometric-error bundle adjustment with delayed marginalization,Tightly-coupled optimization (BA) fusing IMU preintegration with deep photometric/depth constraints; delayed marginalization to keep dense depth usable in back-end,"Direct/dense photometric (deep) front-end; LW-MVSNET lightweight multi-view depth network (3 views, 68 depth hypotheses)",Dense depth maps / TSDF volume; uncertainty mask to reject inaccurate depth (not sparse points),IMU preintegration used (Forster et al. on-manifold preintegration referenced); tightly-coupled with visual BA,Adaptive View Aggregation (AVA) and Adaptive Depth Hypotheses (ADH) modules with uncertainty mask reject inaccurate depth estimates at runtime,Targeted at UAVs/autonomous driving/AR; evaluated on datasets (no physical UAV flight),"EuRoC (11 sequences, aerial MAV), TUM-RGBD, Replica (training)","Absolute Trajectory Error (ATE, avg 0.066 m), depth estimation accuracy, runtime/FPS (10.08 FPS), ablations","Monocular scale drift, scale inconsistency, difficult EuRoC sequences (e.g., MH_05), real-time dense reconstruction","Lightweight MVS depth network (AVA/ADH) tightly coupled into dense monocular VIO via deep photometric BA + delayed marginalization, achieving SOTA dense-monocular ATE in real time",Only a VIO (no global BA / loop closure); not effective in large-scale/long-duration scenarios; dense map memory burden grows with map size,"RQ2, RQ3, RQ4","Genuine dense-VIO estimator advance with adaptive depth modules; EuRoC = aerial. Prior C6 too low - this is C1 (general VIO estimator advance) with adaptive elements. GPU (RTX2080) eval, not onboard, but real-time -> r3=1.",none,n/a,n/a,"Sec. 4: 'The MVS-VIO system takes monocular images and IMU data as input'; dense depth comes from LW-MVSNET (learned), not a sensor",no,n/a,direct / photometric,no,Sec. 3.2.2: 'we choose to base our approach on DSO'; back-end minimises sparse photometric error plus a 'deep photometric error',no,n/a,L1; L3,"Conclusion: 'the system has not been optimized for the generation of dense maps, which can lead to significant computational burdens on memory as the map size increases' | 'lacking global BA and loop-closing modules ... it does not function effectively in large-scale scenarios over extended periods'","Per-pixel depth uncertainty mask (valid range [0.05,0.6]) rejects learned depth estimates before TSDF fusion and back-end depth rendering, and a residual-based dynamic weight W(E) (Eq. 11) down-weights large deep-photometric residuals; these act on direct-method pixels/depths, not keypoints, so coded no (ambiguous). Runs on desktop CPU+RTX 2080 GPU; L1 refers to memory growth, not embedded hardware."
P0422,"Hu J., Lang X., Zhang F., Mao Y., Huang G., 2024",2024,IEEE ICRA 2024,10.1109/ICRA57147.2024.10611666,"Meituan UAV, Beijing, China; University of Delaware, USA",C5,6,4.5,SRI-GVINS: tightly-coupled GNSS-Visual-Inertial navigation in a square-root inverse sliding-window filter (SRI-SWF) framework,"Filter-based (square-root inverse SWF) tightly-coupled fusion of camera, IMU and raw GNSS (pseudorange, Doppler, single-differenced pseudorange, double-differenced carrier phase); filter-based reference-frame initialization; online GNSS-IMU extrinsic calibration","VINS-style visual front-end (feature tracking; inverse-depth parameterization, RANSAC) - inherited VIO front-end",SLAM features in state vector with inverse-depth parameterization; IMU pose clones in sliding window,IMU integration/preintegration used; IMU integration used to update state with delayed/asynchronous GNSS,Online GNSS-IMU extrinsic calibration; sequential/adaptive filter-based initialization of reference-frame transform,"UAV (own real-world UAV platform: two downward cameras 20Hz, IMU 250Hz, Unicore UM982 GNSS 5Hz; RTK-INS ground truth)","Own collected outdoor UAV datasets (10 seqs, 4-12 m/s) + public datasets",RMSE of translation and body velocity; position error plots; CPU usage and run time,"GNSS intermittency/inaccuracy, VIO drift, numerical stability (single precision), extrinsic parameter degradation","First deep fusion of raw GNSS pseudorange/Doppler/single-differenced/double-differenced carrier phase with visual-inertial data in a square-root inverse SWF, with filter-based init and online GNSS-IMU extrinsic calibration; suppresses VIO drift in real time, outperforming GVINS/InGVIO","Future work: LAMBDA for double-differenced ambiguity, observability analysis for degenerate motions, improved initialization","RQ2, RQ3, RQ4",GNSS-VIO aux-modality fusion (C5) but with strong filter-based estimator + adaptive online calibration; relevance maxed (6). Prior T2 uncertainty resolved - clearly validated on UAV datasets.,GNSS/GPS/RTK/SBAS,"absolute 3-D position (raw pseudorange, Doppler shift, single-differenced pseudorange and double-differenced carrier phase, tightly coupled with receiver clock states)","not stated (Sigma = Sigma_m + J Sigma_g J^T, Eq. 29: raw GNSS covariance plus IMU-integration noise; no reliability-driven adaptation described; RANSAC used only in clock-bias initialization)","Abstract/Sect. III: we deeply fuse the GNSS pseudorange, Doppler shift, single-differenced pseudorange, and double-differenced carrier phase measurements, along with the visual-inertial measurements",no,n/a,point features (tracker not stated),yes,"Sect. II: p_fj denotes the state of point feature f_j, represented by the inverse-depth parameterization; SLAM feature reobservations and MSCKF feature measurements; two downward-looking cameras at 20 Hz",no,n/a,none stated,n/a,"Future work (Doppler-aided frame initialization, LAMBDA ambiguity resolution, observability analysis of degenerate motions) maps to none of L1-L5. GNSS provides altitude within the 3-D position but there is no dedicated height sensor, so height_channel=no. Ground truth from RTK-INS. Real-time on Qualcomm RB5. Feature detector/tracker of the SRI-SWF front-end not described."
P0427,"Irfan M., Dalai S., Trslic P., Riordan J., Dooly G., 2025",2025,Machines (MDPI),10.3390/machines13020130,"University of Limerick, Ireland; University of the West of Scotland, UK",C2,6,4.5,"LSAF: hierarchical multi-sensor fusion combining SLAM/odometry with an MSCKF (multi-state constraint Kalman filter) state estimator, augmented by LSTM-predicted adaptive fusion weights","Filter-based MSCKF with LSTM-derived self-adaptive sensor-fusion weights integrated into an optimization-based odometry pipeline; fuses stereo camera, IMU, 2x 3D LiDAR, GPS-RTK","Stereo-camera visual front-end (DJI front stereo); LiDAR point-cloud measurement models; reprojection (u,v) feature model","Visual features (camera-frame 3D points -> pixel reprojection), LiDAR 3D point clouds; state vector with position, velocity, orientation quaternion, IMU biases",IMU state propagation (accelerometer/gyro biases) within MSCKF; IMU motion model,"Core contribution: LSTM dynamically predicts/updates sensor fusion weights and noise covariance in real time based on sensor reliability/conditions (self-adaptive fusion, LSAF)","In-house integrated commercial UAV (DJI-based) with stereo camera, 2x Livox MID-360 LiDAR, IMU, GPS-RTK; also handheld/car-mounted eval datasets","In-house UL datasets (outdoor car parking, outdoor handheld, car bridge); RTK ground truth; urban/forested/GPS-denied scenes","RMSE / APE (max, mean, RMSE in metres), position (x,y,z) and orientation (roll,pitch,yaw) error plots; lowest RMSE e.g. 0.328/0.385 m","Illumination changes, structureless/feature-deprived environments, degraded GPS / complete GPS loss (GPS-denied), high-speed maneuvers","LSTM-based self-adaptive fusion (LSAF) that integrates learned adaptive weights into an MSCKF for robust UAV state estimation, outperforming VINS-Fusion and FAST-LIO2 in GPS-enabled and GPS-denied conditions","High computational cost / training-data needs of deep models; future work to extend to broader GPS-denied datasets (urban canyons, indoor), more modalities, real-time efficiency","RQ2, RQ3, RQ4",Core adaptive (C2) learning-augmented covariance/weight adaptation with filter fusion; aux sensors LiDAR+GPS (r6). Eval also on non-aerial sequences but UAV is the platform/target -> T2 Y.,LiDAR 3D; GNSS/GPS/RTK/SBAS,relative pose or point cloud (Eq. 10 point-cloud measurement); absolute 3-D position (Eq. 9),"adaptive: LSTM-predicted per-sensor reliability weights w_t,i from GPS signal strength, visual feature density, LiDAR point-cloud density and IMU noise (R_t = sum w_t,i R_i); adaptive: same LSTM weights","Sect. 3.4: The LSTM model takes ... GPS signal strength, visual feature density, LiDAR point cloud density, and IMU noise levels ... to generate adaptive fusion weights; Algorithm 2 step 2",no,n/a,not stated,yes,Eq. 11: Stereo Camera provide 2D projections of 3D feature points; Sect. 3.7: The proposed algorithm is based on the enhancement of VINS SLAM [4],frame-level,"Sect. 4.5: the LSTM down-weights stereo camera data when visual feature density is low, prioritizing LiDAR and IMU measurements instead",L1,"optimization of computational efficiency to enable deployment on smaller, resource-constrained UAV platforms ... reduce the computational overhead of the LSTM (Sect. 6)","GPS-RTK is both a fused input and the ground truth (Sect. 4.2-4.3), which makes the evaluation ambiguous. Two Livox Mid360 LiDARs (forward and downward). Fusion architecture described at a high level (LSTM weights -> weighted SLAM pose -> MSCKF correction); the visual feature detector/tracker is not described. Evaluated on an i7 laptop with hardware acceleration, not embedded. Table 1 self-reports 'Requires model training and tuning'."
P0481,"Polizzi V., Hewitt R., Hidalgo-Carrio J., Delaune J., Scaramuzza D., 2022",2022,IEEE Robotics and Automation Letters (RA-L),10.1109/LRA.2022.3194675,"University of Zurich (RPG), Switzerland; NASA JPL / Caltech, USA",C5,6,4.0,Decentralized collaborative thermal-inertial odometry built on JPL xVIO library; EKF/MSCKF estimator extended with a collaborative multi-agent MSCKF formulation,Filter-based EKF/MSCKF (xVIO) with covariance-intersection (CI) fusion across agents to neglect cross-correlation; SLAM-SLAM and collaborative MSCKF-MSCKF updates; VLAD-based request/response communication,"Thermal-image front-end with online photometric calibration; FAST corners + ORB descriptors, Lucas-Kanade tracking; VLAD for place recognition","FAST/ORB feature tracks; opportunistic, SLAM (inverse-depth in state), and MSCKF tracks; VLAD descriptors for keyframe database",IMU integration in xVIO EKF state propagation (IEKF/MSCKF),Online photometric calibration of thermal images (spatial+temporal) to improve feature tracking; covariance-intersection adaptively bounds fused covariance,Team of flying robots / drones (rotorcraft); Mars-helicopter-style aerial application; UAV0/UAV1 in Mars Yard and simulated drones,"Real-world Mars Yard thermal dataset (UAV0,UAV1) + 2 synthetic datasets (modified VI-Sensor Simulator: Castle Around / Inveraray Castle); open-sourced",Absolute Trajectory Error (ATE [m]); up to 46.12% trajectory improvement vs individual agent; up to 89% communication reduction; update time 53 ms (~20Hz),"Darkness/low-light (thermal), GPS-denied/no infrastructure (Mars/extreme environments), limited bandwidth/memory/compute, multi-agent cross-correlation","Data-efficient fully-decentralized collaborative thermal-inertial odometry: online photometric thermal calibration front-end + covariance-intersection collaborative MSCKF back-end + low-bandwidth VLAD communication, improving trajectory accuracy while drastically cutting communication",CI neglects cross-correlation (conservative); reliance on place-recognition matches; evaluated with two agents / limited datasets,"RQ2, RQ3, RQ4, RQ5","Thermal aux-modality + collaborative filter fusion (C5) but high relevance: GPS-denied, adaptive calibration, real-time onboard-grade, EKF/MSCKF, thermal front-end. QA5=0.5 (UAV-VIO vs prior articulated but framed around collaborative/space, less direct VIO benchmarking).","other (inter-agent shared feature tracks, states and covariances received from other UAVs over a communication link; no additional onboard sensor)",other (collaborative MSCKF and SLAM-SLAM common-landmark constraints between agents),"adaptive: covariance-intersection weights omega_l from convex minimization of the fused covariance eigenvalues (Eqs. 19-22), with chi-square 95% gating",Sect. III.F: The CI algorithm consists of a convex minimization problem that finds the best weights omega_l to scale the covariances of each agent,no,n/a,descriptor point features; optical-flow-tracked corners,yes,Sect. III: extracts FAST corners and uses the pyramidal Lucas-Kanade tracker to build tracks; an ORB descriptor is associated to each track for inter-agent matching,no,"n/a (Harris cornerness response used only to evaluate photometric calibration, Fig. 4; sigma_V assumed uniform over the image)",none stated,n/a,"Thermal LWIR (FLIR Boson) monocular camera + IMU per agent with online photometric calibration. xVIO is a range-visual-inertial library but no range sensor is used here. The aux channel is multi-agent communication, not a physical sensor; parent may prefer aux_sensors=none. Conclusion lists no limitations; Sect. IV notes a margin of improvement via multi-threading and that centralized COVINS is more accurate (has loop closure)."
P0624,"Sanlan A., Bagci H.T., Koyuncu E., 2025",2025,"2025 Integrated Communications, Navigation and Surveillance Conference (ICNS)",10.1109/ICNS65417.2025.10976891,"Istanbul Technical University, Aerospace Research Center, Turkiye",C7,5,4.0,Vision-aided / visual terrain-referenced navigation: closed-loop error-state EKF VIO (INS + visual odometry) combined with a Marginalized Particle Filter (MPF) for image-matching navigation against satellite imagery,"Closed-loop ESKF (15-state) fuses VO measurement updates with INS; open-loop Marginalized Particle Filter fuses image-matching likelihoods (Rao-Blackwellized: linear substructure via KF, nonlinear via particles)",SIFT feature detection + LightGlue/FLANN matching for VO; CycleGAN domain adaptation transforms satellite reference imagery to onboard-camera modality for cross-domain feature matching; CNN-based similarity,SIFT features / feature scans per particle; image similarity/likelihood between extracted features and transformed satellite imagery,"INS dead-reckoning via IMU integration (15-state model, accel/gyro biases); error-state formulation","CycleGAN-based domain adaptation (learning-augmented) to bridge UAV-camera vs satellite-image domain gap, improving matching reliability",UAV with roll-pitch-stabilized 3-axis gimbal camera (30 fps); drone-grade platform; real-world flight tests,Real-world UAV flight test data + satellite reference imagery (no public dataset; 2 use-cases including winter-season views),"Position error (1-sigma ~50 m) and velocity error plots; comparison with vs without domain adaptation (qualitative/coarse, no ATE/RMSE table)","GNSS-denied/contested areas, INS drift, cross-domain (UAV vs satellite) appearance gap, seasonal/illumination/viewpoint variation, featureless terrain","Vision-aided GNSS-denied UAV localization combining CycleGAN domain adaptation with a Marginalized Particle Filter to match onboard imagery to satellite reference, refining EKF-VIO/INS estimates; domain adaptation shown to improve matching reliability and trajectory stability","Coarse accuracy (50 m scale); instability/velocity error when domain mismatch large (e.g., summer model on winter view); limited dataset; future work to expand dataset and fusion","RQ2, RQ3, RQ4, RQ5","Scene-/feature-matching front-end with learning-augmented (CycleGAN) domain adaptation + MPF over EKF-VIO. Borderline C2 (learning-augmented adaptive) vs C7 (scene-matching front-end); dominant contribution is cross-domain matching -> C7. Quantitative but coarse, hence reduced QA2-4.",satellite-map or reference-map matching; barometer,absolute 3-D position (horizontal position and yaw from particle likelihood of ORB match counts against CycleGAN-adapted satellite imagery); absolute altitude (pressure),adaptive: particle likelihood from the normalized number of good ORB matches via a logistic mapping (Eq. 10); not stated,"Sect. IV: custom likelihood function ... maps the number of good matched keypoints to a likelihood value in the range [0, 1]; barometric altitude data is incorporated to stabilize the vertical channel of the INS",yes,not stated,descriptor point features,yes,Sect. II: We track features in consecutive frames using the SIFT feature detector and the LightGlue/FLANN-based feature matching method; ORB + ANN + RANSAC for map matching (Sect. IV),frame-level,Sect. IV: The number of good matches serves as the core similarity metric (per particle image pair),L2,"non-snowy satellite images are mismatched with UAV images containing snow coverage, which obscures unique features (Sect. VI.B)",L2 coding is ambiguous: the stated failure is seasonal appearance mismatch (snow) rather than low texture/low light/blur. GPS used for ground truth only. Barometer role stated in one sentence without a measurement model. Two estimators: closed-loop ESKF VIO (SIFT+LightGlue) and an open-loop marginalized particle filter for image-matching navigation. Reported velocity-estimation instability with domain-adapted images and commercial IMU noise (Sect. VI.B) is outside the code list. Offline evaluation.
P0378,"Xie, J., He, X., Mao, J., Zhang, L., Hu, X. (2022). C2VIR-SL",2022,"Drones (MDPI), open-access journal article, vol. 6, no. 11, art. 312",10.3390/drones6110312,China.,C6,2,4.5,Two-level. Per agent: tightly coupled monocular VIO.,Optimisation-based hybrid: (i) sliding-window nonlinear optimisation with Huber-robustified visual residuals and marginalisation prior.,"Monocular. EuRoC: forward-looking camera (left image, p. 8).",Sparse point features. Odometry front-end is VINS-Mono's 'Feature Extraction' block'.,Yes. VINS-Mono preintegration.,Partial - robust Huber kernels rho(.) on the map-matching and UWB-ranging residuals (Eq. 4) and on VINS-Mono visual residuals (Eq. 2).,Testing Zone: two DJI Matrice 600 Pro (hexacopter) drones flying simultaneously.,"(1) EuRoC MAV dataset [25], Machine Hall sequences MH01-MH05, run as two-agent pairs.",Position RMSE [m] after Umeyama (Sim(3)-style) alignment of the estimated trajectory to ground truth.,"GNSS-denied / infrastructure-free multi-UAV collaboration (no motion capture, GNSS or UWB anchors).",C2VIR-SLAM: a centralised collaborative SLAM in which each UAV runs VINS-Mono and carries an onboard UWB transceiver so that agent-to-agent two-way ranges.,Authors' own limitations'.,"RQ2 (optimisation-based, collaborative multi-UAV architecture with per-agent tightly coupled VIO and server-level pose graph + GBA), RQ3 (sensor-level: onboard UWB ranging augmentation; system-level: collaborative map merging and complementary UWB/vision constraints; algorithmic: Huber robust kernels and RANSAC gating), RQ4 (EuRoC MH + custom outdoor multi-UAV dataset; RMSE / ATE, percentage of path length), RQ5 (stated gaps: communication bandwidth, server compute, centralised scalability, UWB EMI dropout).",Thematic class: C1 multi-sensor fusion (UWB + VIO) or C6 integrated system (collaborative SLAM). The single-agent VIO is stock VINS-Mono.,UWB ranging augmentation,range to anchor,UWB ranging augmentation: fixed,"p.8 In our system, the UWB devices are mounted onboard with the agent. Therefore, the obtained ranging is the distance between the two corresponding agents.",no,,optical-flow-tracked corners,yes,"p.5 We adopt VINS-Mono [11] to estimate the motion of each agent and reconstruct the 3D structure of the observed visual features. The odometry front-end is VINS-Mono's, i.e. Shi-Tomasi corners tracked by KLT optical flow'.",no,"Visual residuals use VINS-Mono's uniform covariance with Huber kernel; place-recognition matches are gated by RANSAC inlier count, not by per-feature response, uniqueness or match confidence weights.",none stated,,
P0403,"Liu, X., Xue, W., Xu, X., Zhao, M., Qin, B. (2024). Research",2024,"Drones (MDPI), open-access journal article, vol. 8, no. 6, art. 257",10.3390/drones8060257,China.,C6,5,3.5,Loosely coupled. A vision module outputs the UAV 3-D position in the runway frame from three detected runway lines (Sec. 5.1).,"Error-state (indirect) Kalman filter, state [delta-theta, delta-v, delta-p, gyro bias, accel bias] (15 x 15), continuous F and G matrices.","Monocular, single forward-looking camera at mounting angle gamma.","Deep-learned semantic structures, not point features: (1) YOLOX+ runway ROI detector.",No. Classical strapdown INS mechanisation.,Partial,"Small fixed-wing UAV, custom built: 1.8 m wingspan, maximum flight height 120 m.","Custom only, no public VIO benchmark.","Detector: AP@0.75, F1, recall (%), precision, FLOPs (G), parameters (M) (Table 1); P-R curves (Fig. 7).",GPS-denied / GPS-independent landing.,"An end-to-end vision-guided landing navigation pipeline for a small fixed-wing UAV: an embedded-optimised YOLOX+ runway ROI detector (GhostNet, Focal/EIoU losses, Mish, GSConv, ECA), an anchor-classification runway-line network (RLDNet).","Scattered in results, no dedicated section: (a) when the UAV is far from the runway the small runway image yields large pixel errors, hence large fluctuating x-errors and outliers (pp. 18-19).","RQ2 (filter-based, loosely coupled vision/INS integration), RQ3 (algorithmic: adaptive fading KF covariance adaptation, claimed; system-level: learned runway detection for robustness), RQ4 (custom simulation + flight datasets, MAE/RMSE, Hz on Jetson Xavier NX), RQ5 (stated gaps: vertical accuracy, need for extra sensors, un-flown fusion).",Scope caution: this is landmark-based absolute visual positioning relative to a known runway fused with INS in a loosely coupled error-state KF.,,,,"p.22 The flight control used in this paper is self-developed flight control, an onboard IMU, barometer, magnetometer, and other common sensors.",no,,learned end-to-end,no,p.4 The YOLOX runway ROI selection network is used to perform rough positioning of the runway lines ... The detected bounding boxes are then input into the runway line detection network (RLDNet) for line detection. ...,no,"YOLOX+ outputs a detection probability and RLDNet a per-grid softmax, but neither drives a per-feature weight in the estimator; the KF uses a single fixed Rk (or an unspecified global fading factor).",L2,"L2: The reason could be the curved edges of the left and right runway lines and possible image distortion due to the rolling shutter effect of the camera,",
P0406,"Lyu, Y., Yuan, S., Xie, L. (2022). Structure Priors Aided Vi",2022,"IEEE Transactions on Aerospace and Electronic Systems, vol. 58, no. 4, pp. 3037-3048, IEEE (DOI 10.1109/TAES.2022.3142663)",10.1109/taes.2022.3142663,Singapore - Nanyang Technological University.,C6,3,4.0,"Tightly coupled: IMU preintegration, point, line and structure-prior residuals jointly minimised in one sliding-window optimisation.",Sliding-window optimisation / factor graph - GTSAM iSAM2 solver (p.7); Huber robust kernel on visual and prior residuals,Monocular.,Point features.,Yes - on-manifold IMU preintegration following Forster et al. [31] (p.3),Yes - (a) motion-oriented rejection of degenerate lines.,"Quadrotor UAV, commercial model not named (inspection flight).","EuRoC MAV: V1_01 easy, V1_02 medium, V1_03 difficult, V2_01 easy, V2_02 medium, V2_03 difficult.","Translational RMSE [m] and rotational RMSE [deg] after trajectory alignment (EuRoC, Table I).","Low-texture / point-feature-insufficient building facades; GPS-denied urban inspection (occlusion, multipath).","A point-line VINS for facade inspection that (1) adaptively selects a limited number of informative line features using motion-degeneracy rejection and a D-optimal FIM information gain with a submodular stochastic-greedy solver, balancing accuracy and computation, and.","Integrating line features adds computation burden and the proposed variants are slower than VINS-Mono, though still real-time (p.10).","RQ2 (optimisation-based point-line VIO architecture), RQ3 (algorithmic-level adaptation: informative feature selection, structure priors, robust kernels), RQ4 (EuRoC / NTU VIRAL / real flight, RMSE and timing), RQ5 (computational cost and applicability limits)",The values of Tables I-III and Fig. 6 were read from the PDF.,,,,"No sensor beyond camera and IMU is fused. p.3 eq. (4) lists prior, IMU, point, line and structure-prior residuals only; p.8 hand-measured window widths / floor heights are prior constraints, not sensor measurements.",no,,point-line,yes,"p.2: ""we additionally fuse line features ... to the sliding-window-based estimator""; p.7: ""Fig. 4(a) collects all the point features, and 45-PL based on the LSD method.""",yes,"p.5: ""I_j = (J^{r_j}_X)^T Sigma_j^{-1} J^{r_j}_X is the FIM of a specific line feature j"" and eq. (13) log-det information gain used by Algorithm 1 to select which lines enter the estimator.",L1,"L1: p.10: ""One drawback of integrating PL is that it may bring an extra computation burden."" and p.10: ""With regard to the computation overheads, the VINS",
P0338,"Ghanizadegan, K. and Hashim, H. A. (2025). DeepUKF-VIN: Adap",2025,"Expert Systems With Applications (Elsevier), vol. 271, art. 126656; doi 10.1016/j.eswa.2025.126656 (full text read is arXiv:2502.00575v2 author version)",10.1016/j.eswa.2025.126656,"Canada; Department of Mechanical and Aerospace Engineering, Carleton University, Ottawa",C2,3,3.5,"Tightly coupled: triangulated stereo landmark coordinates in the body frame form the filter measurement vector z_k = h(x_k, l_w) + noise.",Hybrid: quaternion-based UKF.,"Stereo (EuRoC Aptina MT9V034 global-shutter stereo pair, 20 Hz).","Point features detected with the KLT algorithm, stereo-matched and triangulated to 3D landmarks (Fig. 5, pp. 10-11).",No.,Yes - deep-learning scaling of the IMU process/bias noise covariances.,MAV from the EuRoC dataset.,"EuRoC MAV dataset: V1_02_medium (training, validation and test) and V2_02_medium (held-out test); Vicon-room sequences",Weighted MSE loss of orientation/position/velocity errors (eq. 58; Table II).,"GPS-denied navigation (indoor EuRoC Vicon room); intermittent vision at low sample rate (20 Hz images, 200 Hz IMU).",A Deep Learning-based Adaptation Mechanism (IMU-Net GRU + Vision-Net CNN) that outputs per-step scaling factors for all 13 process and measurement noise standard deviations of a quaternion-based UKF for stereo visual-inertial navigation.,None stated,"RQ2 (filter-based, learning-augmented architecture), RQ3 (adaptive noise-covariance tuning as a robustness strategy), RQ4 (EuRoC benchmark, MSE metrics)",Claim of consistent superiority across all components is contradicted by Table III (V2_02 orientation MSE worse than plain UKF-VIN).,,,,"p.12 DeepUKF-VIN integrates data from a 6-axis Inertial Measurement Unit (IMU) and stereo cameras No sensor beyond camera + IMU is fused; UWB, LiDAR and SONAR appear only in related work and future work.",no,,optical-flow-tracked corners,yes,p.11 The measurement function is implemented by detecting 2D feature points in each available vision dataset using the KLT algorithm. ...,no,"Vision measurement covariance is a single scalar c_eta_l,k * I (eq. 28, p. 5) scaled by one Vision-Net output gamma_13 (eq. 48, p. 7); all landmarks share the same weight.",none stated,,
P0118,"Elamin, A., El-Rabbany, A., Jacob, S. (2025). Event-Based Vi",2025,"Sensors (journal), MDPI",10.3390/s25010061,Canada.,C5,3,3.0,Tightly coupled: feature tracks from standard frames and event-accumulated frames are fused with IMU error terms in one joint nonlinear.,"Keyframe-based nonlinear optimisation (OKVIS [48] back-end, Google Ceres solver).",,"Point features: FAST corners (threshold 10) with a bucketing grid on standard frames, tracked with Lucas-Kanade.",Yes; state prediction uses the IMU kinematics and bias model of Forster et al.,Partial,Quadrotor built on a DJI F330 frame with DAVIS346 event camera (forward-facing).,"Custom only, none public (p.14 ""The data presented in this study are not publicly available"").",Per-axis.,GNSS-denied indoor navigation (explicitly targeted and evaluated).,An event+frame+IMU visual-inertial odometry pipeline (built on iniVation dv-mono-vio-sample with an OKVIS-style back-end) in which FAST features detected on standard frames are LK-tracked through IMU-motion-compensated event-accumulated intermediate frames between standard frames.,None stated,"RQ2 (optimisation-based OKVIS-style architecture with event+frame front-end), RQ3 (partial: event-rate-dependent accumulation, RANSAC outlier rejection, multi-modal front-end for robustness), RQ4 (custom indoor simulated and real datasets, mean/RMSE/max, loop-closure error, latency), RQ5 (no limitations stated; gap in ground-truth rigour and dynamic-scene validation)","Real-world experiments are very short (32 m ground, 9 m UAV) and the ground truth is only a 'predefined trajectory with precise coordinates'.",,,,"No sensor beyond the DAVIS346 camera(s) and its IMU is fused; p.11 lists only the DAVIS346, Pixhawk 4 and Jetson Xavier, and eq. 4 (p.5) contains only reprojection and IMU error terms.; Not applicable; no auxiliary sensor fused.",no,,optical-flow-tracked corners,yes,"p.5: ""The FAST corner detector [31] was used for feature detection along with a bucketing grid ...",no,"Features are FAST corners with a fixed threshold of 10 and bucketing grid (p.5); outliers are removed by 2-point RANSAC; no per-feature response, uniqueness or confidence weighting is described.",none stated,,
P0031,"Tabassum, T. E., Petrunin, I., Rana, Z. A. (2024). Position ",2024,"ION GNSS+ 2024 (37th International Technical Meeting of the Satellite Division of The Institute of Navigation), The Institute of Navigation (conference paper; author accepted manuscript from Cranfield CERES repository, CC BY 4.0)",10.33012/2024.19790,United Kingdom.,C2,3,4.0,Loosely coupled. A feature-based monocular VO [2] produces a position (and attitude) estimate.,Hybrid: error-state Kalman filter.,Monocular camera.,"Point features: 'feature-based VO algorithm [2]' (Fu et al. 2020) chosen 'for its simplicity and reliability' (pp. 3, 5).",No.,Yes - two GRU error compensators.,Simulated UAV in MATLAB UAV Toolbox / Unreal Engine 'US city' scene flown via.,"(1) Custom simulated dataset, MATLAB Navigation/UAV Toolbox + Unreal Engine 'US city' scene: 12 training trajectories with fog.","Position RMSE [m] per axis (N, E, D/V), 3D and horizontal.",GNSS-denied urban (UAM) flight; illumination variation and shadows.,"First combination of two GRU-based error compensators (pre-fusion VO position error and post-fusion ESKF position error) with an ESKF in a monocular VIO, evaluated for position uncertainty reduction under combined simulated fault conditions and out-of-distribution scenarios.","The framework can compensate introduced errors but cannot repair or predict lost features, a limitation when critical features are completely missing (p. 14).","RQ2 (hybrid filter + learning-augmented architecture), RQ3 (algorithmic-level adaptation: learned error compensation for visual degradation and model error), RQ4 (custom Unreal-Engine simulation plus EuRoC MH05; RMSE and 95th-percentile metrics), RQ5 (stated limitations: lost features, vertical drift, unseen faults).",Thematic class: C2 adaptive/robust estimation (learning-augmented). Principal validation is simulation-only (MATLAB/Unreal Engine).,,,,"p.14 This study demonstrated a proposed multi-ML hybrid VIO fusion framework using sensor data from IMU and camera Camera + IMU only. No GNSS, LiDAR, UWB, magnetometer, barometer, altimeter, map matching or fiducials fused.",no,,not stated,no,"p.5 Featured-based VO is preferred for the research due to its simplicity and reliability, contrasting with data-driven VO which requires more computational resources and extensive training data. The paper only says 'feature-based VO algorithm [2]'.",no,"Error compensation acts on the VO position output and the ESKF position, not on individual features; no descriptor response, uniqueness or match-confidence weighting.",L2;L3,"L2: Importantly, while the framework can compensate for introduced errors, it may not repair or predict lost features, which remains a limitation in scena; L3: To further enhance performance, incorporating another sensor may help reducing vertical drift.",
P0256,"Omotuyi, O., Kumar, M. (2021). UAV Visual-Inertial Dynamics ",2021,"IFAC-PapersOnLine, vol. 54, issue 20 (IFAC conference proceedings volume; the paper header does not name the meeting, volume 54-20 corresponds to the 2021 Modeling, Estimation and Control Conference), Elsevier, open access CC BY-NC-ND",10.1016/j.ifacol.2021.11.272,"USA; Mechanical Engineering, University of Cincinnati, Ohio",C1,1,4.0,Loosely coupled.,UKF.,"Monocular (forward-facing simulated camera, 640x360, 30 Hz, fed to monocular VINS-Mono; p. 5).",Not described in the paper beyond the VIO name and settings: 'The maximum number of tracked features by VINS-Mono was set at 150 and no'.,No in the proposed UKF.,No,Quadrotor; simulated 3DR Iris in the PX4-SITL / Gazebo simulator (p. 5).,"Custom Gazebo PX4-SITL simulation, three self-generated trajectories: Trajectory 1 'Square-Pattern', Trajectory 2 'Figure-8'.",Translational RMSE [m] and rotational RMSE [deg] per trajectory for VINS-Mono and VI-D with percent decrease.,None explicitly targeted or evaluated. GPS-denied / indoor localisation is the motivation.,"A modular, VIO-agnostic UKF (USQUE) state estimator whose prediction step is the full quadrotor translational and rotational dynamics driven by known thrust and torque inputs (with random-walk external force and torque states), updated with the pose/velocity/angular-velocity output of VINS-Mono.",None stated explicitly. Future work only: real-life experimental validation (all results are simulation) and estimation of external forces and torques (p. 5).,"RQ2 (filter-based, loosely coupled UKF architecture; dynamics-aided VIO), RQ4 (Gazebo/PX4-SITL simulation, RMSE metrics). Marginal RQ3 (system-level strategy: model-based prior from vehicle dynamics; no adaptive mechanism) and RQ5 (simulation-only gap).","Not an adaptive VIO: Q and R are constant and hand-tuned, there is no feature-quality gating, fault detection, covariance adaptation.",,,,"p.3 The inputs, U to the systems are the known control thrust and torque inputs generated from the four rotor speeds using (1) and (5).",no,,consumed pose stream,no,"p.3 Hence, we obtained the measurements for the filter update step from VINS-Mono because it is open-source and it has real-time capability. VINS-Mono outputs the position, velocity, orientation amd the unbiased angular velocity of the vehicle.",no,No per-feature weighting; the filter never sees features.,none stated,,
P0284,"Ghanizadegan, K. and Hashim, H. A. (2025). Quaternion-based ",2025,"IEEE Transactions on Instrumentation and Measurement (journal), IEEE",10.1109/tim.2024.3509582,Canada.,C1,2,3.5,"Tightly coupled: 3D feature-point coordinates in the body frame enter the UKF update directly through the measurement model fb,i = Rq(qk)^T.",UKF - quaternion-based navigation UKF (QNUKF) on S3 x R3 x R3 with custom quaternion/rotation-vector addition and subtraction operators.,"Stereo (monochrome global-shutter Aptina MT9V034 pair of the EuRoC MAV at 20 Hz, p.9).",Point features: Kanade-Lucas-Tomasi (KLT) / Shi-Tomasi 'good features to track' [41] matched between left and right views.,No - the state is propagated at every IMU sample.,No,Hex-rotor MAV (AscTec Firefly) - the EuRoC dataset platform.,"EuRoC MAV dataset [40]: V1_02_medium (main validation, Figs. 4-5).","Norms of orientation error ||re,k|| (rotation-vector error).",GPS-denied navigation (primary framing); indoor flight (EuRoC static indoor room).,"A geometric quaternion-based UKF for 6-DoF visual-inertial navigation: sigma points, means and covariances are formed on S3 x R3 x R3 using custom (+)/(-) operators between quaternions and rotation vectors, a quaternion eigenvector weighted average, and (ma-1)-dimensional covariances.","None stated. The conclusion only notes as future work that adaptive noise covariance tuning will be investigated ""to mitigate this issue"".","RQ2 (filter-based architecture: quaternion UKF), RQ4 (EuRoC benchmark, RMSE/SSRMSE metrics, MAV platform); RQ3 only marginally (no adaptive/robust mechanism; robustness claimed via UKF nonlinearity handling)",Non-adaptive baseline-type paper: all noise covariances are fixed and hand-tuned (cf estimated offline from another sequence).,,,,"No sensor beyond stereo camera + 6-axis IMU is fused: p.5-6 define the input vector u_k = [omega_m, a_m] and the only measurement z_k = f_b (feature points); p.9: ""IMU, stereo images, and ground truth data were collected""",no,,optical-flow-tracked corners,yes,"p.10: ""For each set of stereo images obtained, feature points are identified using the Kanade-Lucas-Tomasi (KLT) algorithm [41]"" ([41] = Shi & Tomasi, Good features to track); ""Using triangulation [42], the 2D matched points are projected to the 3D space""",no,"p.9: ""we set the measurement noise covariance to: Cf = cf^2 I_mf"" - identical isotropic noise for every feature point",none stated,,
P0322,"Chen, D., Jiang, J., Wang, Z., Li, S. (2025). A new visual-i",2025,"Neurocomputing (Elsevier), journal",10.1016/j.neucom.2024.129017,China.,C2,3,4.0,"Tightly coupled (stereo MSCKF, S-MSCKF base; camera poses in the filter state, feature-grouped null-space update, p.3)",EKF / MSCKF (error-state) with a zeroing-neural-network.,"Stereo (S-MSCKF; MYNT EYE S1040 stereo camera, p.9)",Sparse point features tracked by optical flow (p.4: 'the optical flow method was only used for feature tracking for the left image').,No - IMU propagated between frames by continuous-time error-state model discretised with phi_k and.,Partial - ZNN zeroing dynamics e_dot = -gamma e - lambda int e.,Not stated for own experiments.,"EuRoC MAV: V1_01, V1_02, V1_03, V2_01, V2_02, V2_03, MH_03, MH_04, MH_05.","ATE as RMSE of SE(3)-aligned translation (Eq. 57-58, p.7-8: 0.221 m vs 0.426 m S-MSCKF vs 0.398 m VINS-Mono on MH_05).",None explicitly targeted. EuRoC 'rotation and significant luminance changes' mentioned as dataset difficulty (p.7).,"(1) MSCKF-NearSAC: a radius-constrained two-point RANSAC that selects the second sample point within a circle around the first, raising stereo/temporal feature-matching success rate over two-point and five-point RANSAC.",Authors state: the method relies on a linearised state transition and accuracy degrades when update frequency is low or nonlinearity is pronounced.,"RQ2 (filter-based architecture with neurodynamic error-state augmentation), RQ3 (algorithmic-level robustness: outlier rejection, error zeroing), RQ4 (EuRoC benchmark, ATE/RMSE, timing), RQ5 (drift, linearisation and Gaussian-noise limitations)","The 'neural network' is a ZNN neurodynamic ODE with hand-set gains, not a trained model; the 'simulation' of Section 4 is EuRoC dataset replay, not a simulator.",,,,No sensor beyond stereo camera + IMU enters the estimate; p.2 state vector Eq. 1 contains only IMU and camera states. The ground car's wheel 'odometer information' (p.10) is collected by the STM32 but never fused.,no,,optical-flow-tracked corners,yes,"p.4: 'Although a stereo camera was used, the optical flow method was only used for feature tracking for the left image, so the next two-point RANSAC were used for both the left and right images.'",no,"NearSAC produces a binary inlier flag m per match by an error threshold (Algorithm 1, p.4); no per-feature weighting by descriptor response, uniqueness or match confidence.",none stated,,
P0340,"Delama, G., Shamsfakhr, F., Weiss, S., Fontanelli, D., Forna",2023,"2023 IEEE/RSJ International Conference on Intelligent Robots and Systems (IROS), IEEE (conference paper)",10.1109/iros55552.2023.10342012,Austria.,C5,5,4.0,Tightly coupled. UWB range measurements from each anchor are applied as EKF updates on the full state.,EKF / MSCKF: OpenVINS [1] MSCKF-VIO core.,Monocular.,Not stated. The paper only says UVIO is 'built upon the well-known OpenVINS [1]' (p. 1).,No. EKF/MSCKF IMU propagation between updates.,"Yes - Online calibration / online parameter estimation: UWB anchor positions, per-anchor distance-dependent (beta) and constant.",UAV.,Custom only.,Anchor initialisation position error per anchor and average [m] (Table I; box plots of ||p_A - p_A_hat|| in Fig. 6).,GNSS-denied indoor operation (primary target); VIO drift in position and heading.,"UVIO: an OpenVINS-based MSCKF/EKF that tightly fuses bias-compensated UWB ranges from multiple anchors via a delayed-update scheme, together with a fully automated in-flight anchor self-initialisation pipeline.",Real initialisation errors exceed simulation because the range model assumes constant biases while interference and reflections change them (p. 7).,"RQ2 (filter-based/MSCKF tightly-coupled architecture), RQ3 (sensor-level strategy: UWB ranging to bound drift; system-level: autonomous anchor self-initialisation, online bias estimation, resilience to camera dropout), RQ4 (custom indoor mocap evaluation; ATE RMSE), RQ5 (stated gaps: UWB outlier rejection, bias-model non-ideality).",Thematic class: C5 auxiliary modality (UWB) or C3 initialisation/observability.,UWB ranging augmentation,range to anchor,UWB ranging augmentation: fixed,"p.3 For each anchor A, a range measurement zA = h(x) + n, is described by the following model h(x) := beta d + gamma = beta ||G_p_U - G_p_A|| + gamma Range-to-anchor measurement model (UWB).",no,,not stated,no,"p.1 In this paper, we introduce UVIO, a multi-sensor framework built upon the well-known OpenVINS [1] The paper never describes feature detection, tracking or matching.",no,"No per-feature quality, response or match-confidence weighting is described; visual processing is inherited from OpenVINS without comment.",none stated,,
P0346,"Song, J., Sanchez-Cuevas, P. J., Richard, A., Rajan, R. T., ",2024,"2024 IEEE International Conference on Robotics and Automation (ICRA), IEEE (DOI 10.1109/icra57147.2024.10611466; arXiv:2309.12005v2)",10.1109/icra57147.2024.10611466,Luxembourg.,C2,3,4.5,Tightly coupled.,EKF - sliding-window MSCKF (built on Open-VINS [14]); GPS update via interpolated measurement equation as in Lee et al. [2],Not stated.,Not stated (inherited from Open-VINS; the paper does not describe feature extraction or tracking),No - EKF propagation of the IMU state between images.,Yes - online calibration of the rotational (yaw psi) extrinsic between the GPS (ENU) frame and the gravity-aligned VIO frame as a filter state.,No own flight platform. EuRoC MAV data.,EuRoC MAV: all 11 sequences.,ATE position (m) on EuRoC (Table I); ATE position (m) and orientation (deg) on KAIST (Table II).,GPS-degraded urban driving.,"Nonlinear (Lie-derivative) observability proof that the GPS-to-VIO rotational extrinsic (yaw) is observable, contradicting the linear-analysis conclusion of Lee et al. [2].",Rotational extrinsic becomes unobservable under zero horizontal velocity (p. 4-5); translational extrinsic EpV is unobservable (p. 4); GPS antenna lever arm IpG assumed known (p. 3).,"RQ2 (filter-based tightly-coupled GNSS-VIO architecture), RQ3 (online extrinsic/temporal calibration as an adaptive mechanism), RQ4 (EuRoC and KAIST benchmarks, ATE), RQ5 (observability-driven design)",GPS-aided VIO paper whose UAV relevance is via EuRoC only; half of the evaluation is a driving dataset.,GNSS / RTK / SBAS augmentation,absolute 3-D position,GNSS / RTK / SBAS augmentation: fixed,p.3 Each GPS observation can be formulated as z = EpG + ngps = EpV + EVR VpG + ngps ... where ngps is a white Gaussian noise. GPS position fused as an EKF measurement of the IMU position through the ENU-to-VIO transform.,no,,not stated,no,"p.3 Whenever a new image is received, x is augmented with the pose clone of the current xI and the visual constraints between multiple pose clones are utilized to update the state. For more details of this part, we refer interested readers to Open-VINS [14].",no,No per-feature weighting or quality scoring is described.,none stated,,
P0349,"Aslan, M. F., Durdu, A., Yusefi, A., Yilmaz, A. (2022). HVIO",2022,"Neural Networks (Elsevier), vol. 155, journal article",10.1016/j.neunet.2022.09.001,Turkey.,C1,1,4.0,Learning-based fusion; neither loosely nor tightly coupled in the estimator sense.,Learning-based (hybrid CNN + BiLSTM end-to-end regression). No filter or optimisation back-end.,Monocular grayscale image stream: two consecutive frames stacked as a 2-channel 120x188 input.,"Deep features learned end-to-end: CNN (Conv-1..6 with ReLU + batch norm, 64-1024 filters, Table 6) on raw frame pairs.",No. Raw accelerometer and gyroscope samples.,"No. All three networks are trained offline on 85% of each dataset and then applied unchanged at test time (Fig. 3 pseudo-code, p. 6).",Simulated DJI Tello quadrotor.,"(1) EuRoC MAV dataset, Vicon Room sequences V1-01, V1-02, V1-03, V2-01, V2-02, V2-03 (easy/medium/difficult), IMU 200 Hz.","Position RMSE per axis (x, y, z) and per-sequence average of the three axes [m].",GPS-denied indoor positioning.,"HVIOnet: a three-network end-to-end architecture (BiLSTM inertial net, CNN visual net, BiLSTM fusion net) that regresses UAS 3D position from raw consecutive frames and raw IMU without calibration, feature extraction, matching or keyframes.",Supervised learning structure: the method cannot be used without ground-truth training data (future: unsupervised learning).,"RQ2 (learning-based / end-to-end VIO architecture), RQ4 (EuRoC V1/V2 plus Gazebo simulation; RMSE and inference time), RQ5 (stated limitations: supervised data dependence, hyperparameter sensitivity). RQ3 only marginally: no explicit robustness mechanism beyond the learned representation.",Thematic class: C2 adaptive/robust estimation only if learning-based fusion is treated as such; otherwise C1 multi-sensor fusion (learned camera+IMU fusion).,,,,"p.11 a DL-based sensor fusion approach that integrates camera and IMU data is introduced to estimate the position of a UAS. Camera + IMU only. Ground truth (Vicon/Leica, Gazebo) is used for training targets, not fused at inference.",no,,learned end-to-end,no,"p.4 In contrast to using handcrafted features and explicit feature descriptors, our approach uses raw sensory data for direct estimation. CNN on raw frame pairs, trained end-to-end; no detector, descriptor, tracker or photometric alignment.",no,No keypoints exist; visual and inertial branches contribute a fixed 100 features each (p. 8).,none stated,,
P0417,"Yang, D., Liu, H., Jin, X., Chen, J., Wang, C., Ding, X., Xu",2024,"IEEE Robotics and Automation Letters (RA-L), vol. 9, no. 5, IEEE (journal letter)",10.1109/lra.2024.3377950,China.,C2,3,5.0,Two levels.,Hybrid: Left-Invariant Extended Kalman Filter on SE2(3) [Barrau & Bonnabel] with IMU biases absorbed into process noise (no bias states).,Monocular grayscale fisheye images.,Not applicable to the proposed method (IMU-only; consumes a VIO pose stream).,No. Discrete LIEKF propagation with zero-order hold on IMU.,Yes - mode switching: Robust-VIO's Lighting_assessment Module computes the mean grayscale intensity I_t over M=4 frames and the Output Module hands'.,Custom-made hexacopter (designed in [6]) carrying an Intel RealSense T265.,"(1) EuRoC MAV dataset [14], all 11 sequences: MH_01_easy to MH_05_difficult, V1_01_easy to V1_03_difficult.",Average translation error [m] per sequence.,"Sudden lighting variation, bright-to-dark transitions (primary target, evaluated with all lights switched off).","LIDR: a learned inertial dead-reckoning for UAVs that tightly couples a Left-Invariant EKF (SE2(3), no bias states) with a ResNet-18 network predicting position and its covariance from body-frame IMU windows plus the previous position.",Authors state.,"RQ2 (filter-based LIEKF hybridised with a neural measurement model; system-level switch architecture), RQ3 (system-level adaptation: lighting-triggered mode switching; algorithmic: learned heteroscedastic covariance, invariant filtering for stability), RQ4 (EuRoC + custom hexacopter; average translation error; Xavier NX runtime), RQ5 (generalisation gap of learned inertial models; dark-scene VIO failure).",This is primarily a learned inertial odometry paper.,,,,"p.1 To address this issue without introducing additional sensors, a learning-based dead-reckoning algorithm relying solely on inertial measurement, which shares the same source with VIO, is proposed. Empty: only camera (via the T265 VIO) and IMU are used.",no,,consumed pose stream,no,"p.5 When I_t exceeds the threshold, we consider the lighting environment to be favorable and output the position estimated by VIO.",no,No keypoints are processed; the only image quality signal is a whole-frame mean intensity over M=4 frames.,none stated,,
P0418,"Li, C., He, M., Lyu, X., Meng, Z. (2024). In-Flight Initiali",2024,"2024 IEEE/RSJ International Conference on Intelligent Robots and Systems (IROS), IEEE (conference paper)",10.1109/iros58592.2024.10802622,China.,C3,4,4.5,Tightly coupled.,"Hybrid: coarse-to-fine initialiser (PnP on 3D-2D geospatial correspondences for pose, closed-form linear least squares.",Monocular downward-facing camera rigidly attached to the IMU frame (p. 5); 960 x 540 images (p. 6).,Two point-feature streams: (1) learned SuperPoint [19] keypoints/descriptors matched by SuperGlue [20] between onboard image and satellite.,Yes.,Partial - geospatial fusion is gated by a RANSAC inlier-count test after SuperGlue matching.,UAV type and commercial model not stated.,Custom (no public VIO benchmark).,"Initial-position RMSE [m] (5.85 urban, 2.79 rural; Fig. 3) and per-axis E/N/U position error norm vs start time.",GPS-denied global (ENU-frame) navigation.,Hierarchical coarse-to-fine geospatial data association.,"Authors state: feature matching in mountainous and river regions remains challenging (future work, p. 8); satellite-tile retrieval deteriorates in texture-poor areas (p. 5).","RQ2 (filter-based MSCKF with optimisation-based initialiser; learning-augmented front-end), RQ3 (sensor/system-level strategy: satellite-map + DEM georeferencing for scale and global observability under degenerate motion), RQ4 (custom real + AirSim datasets; RMSE, ATE, timing), RQ5 (gaps: texture-poor terrain, DEM accuracy, GPU cost of learned matching). Thematic class C3 (initialisation, scale and observability) primary; C1 secondary.","The paper's core is an initialiser, not an adaptive estimator: the only run-time adaptation is the RANSAC-gated acceptance of geospatial associations.'.",Satellite-map / reference-map matching (absolute position),absolute position,Satellite-map / reference-map matching (absolute position): fixed,p.3 Then each feature's position Epgj in the ENU frame can be calculated via the following mapping function ... where mu represents the resolution of the satellite image in meter per pixel ... and h(.) refers to the elevation looked up from the masked DEM map.'.,no,,descriptor point features,yes,"p.2 we extract Superpoints [19] from both the onboard and corresponding satellite images, and use Superglue [20] to achieve feature matching between the cross-domain images, establishing associations between local features and latitude, longitude.",no,SuperGlue match confidences and RANSAC inlier status gate acceptance but do not drive per-feature weights; landmark noise n_gj is a single fixed Gaussian (Eq. 20).,L1;L2,"L1: For the Geo-init algorithm, due to the additional time required for geospatial feature matching, we reduce the number of keyframes to achieve similar.",
P0662,"Zheng, C., Xu, W., Zou, Z., Hua, T., Yuan, C., He, D., Zhou,",2025,"IEEE Transactions on Robotics (T-RO), vol. 41, 2025, IEEE (journal article; published online 19 November 2024)",10.1109/tro.2024.3502198,"Hong Kong SAR, China.",C1,5,4.5,Tightly coupled LiDAR-inertial-visual odometry. IMU propagates the 19-dimensional error state.,"Error-state iterated Kalman filter (ESIKF) on manifold with sequential update: state x = [R, p, v, b_g, b_a, g, tau] in SO(3) x R^16.",Monocular.,"Sparse direct / photometric. No visual features are extracted, triangulated or matched.",No.,"Yes - online inverse exposure time estimation as a filter state (tau, random-walk model, Eq. 2) to compensate illumination change.",Quadrotor / multirotor UAV (model not named) with Livox Avia LiDAR + built-in BMI088 IMU.,"Public: NTU-VIRAL (eee_01-03, nya_01-03, sbs_01-03, 9 sequences, aerial).",Absolute translational error RMSE [m] per sequence on 25 public sequences.,"LiDAR degeneration (single wall, narrow tunnels, close-proximity blind zones).","A fast, direct, tightly coupled LiDAR-inertial-visual odometry that fuses raw LiDAR points and raw image patches in a sequentially updated ESIKF on a single unified voxel map, reusing LiDAR points as visual map points with LiDAR plane priors for affine warping.","Authors state: (1) as an odometry, the system may drift over long distances; loop closure and sliding-window optimisation are left to future work (p. 19).","RQ2 (filter-based ESIKF LIVO architecture), RQ3 (sensor-level: LiDAR augmentation and unified map; algorithmic: online exposure estimation, patch quality scoring, outlier rejection, per-point LiDAR noise model), RQ4 (NTU-VIRAL, Hilti, MARS-LVIG benchmarks; ATE RMSE, processing time; desktop, ARM and NUC platforms), RQ5 (long-term drift, visual degradation gaps).",This is a LiDAR-inertial-visual system in which the camera is a secondary update on a LiDAR-built map.,LiDAR augmentation,relative pose or point cloud,LiDAR augmentation: adaptive.,"p.2 Specifically, in the LiDAR update, the system registers raw points to the map to construct and update its geometric structure, and in the visual update, the system reuses LiDAR map points as the visual map points directly without extracting.",no,,direct / photometric,no,"p.10 The underlying principle is that, when transforming the map point Gpi to the current image Ik with the ground-truth state (i.e., pose) xk.",yes,"p.8 Among all the patches attached to a visual map point, the one with the highest score is updated as the reference patch.",L2;L3,"L2: This discrepancy can be attributed to the rich structural features but poor lighting conditions of these sequences, resulting in dim and blurred image; L3: As an odometry, FAST-LIVO2 may have drifts over long distances.",
P0663,"Xu, H., Liu, P., Chen, X., Shen, S. (2024). D2SLAM: Decentra",2024,"IEEE Transactions on Robotics (T-RO), vol. 40, IEEE (journal article; received 16 Jan 2024, published 2 Jul 2024)",10.1109/tro.2024.3422003,Hong Kong (China).,C6,2,5.0,Tightly coupled.,Sliding-window factor-graph optimisation.,Stereo.,Hybrid sparse point front end: SuperPoint [49] learned keypoints and descriptors.,Yes (implied).,Yes - mode switching (collaborative D2VINS degrades to single-robot VIO when no SuperPoint features are detected.,"Custom-modified 3.5-inch cinewhoop FPV quadrotor, ~623 g take-off weight.",Public: TUM VI benchmark [73].,ATE_pos (m) and ATE_rot (deg) after multi-state alignment [42].,GNSS-denied indoor multi-UAV flight with limited/unstable communication and limited FoV overlap.,"First tightly coupled, decentralised and distributed collaborative VIO (D2VINS) using consensus ADMM on SE(3) with disjoint landmark partitioning and a multirobot landmark selection algorithm, paired with an ARock-based asynchronous distributed pose graph optimiser with rotation initialisation.",Authors state: (1) swarm-size scalability is currently constrained by communication and front-end computing capability despite the distributed back end.,"RQ2 (optimisation-based, collaborative/distributed, neural-augmented front end), RQ3 (system-level robustness: mode switching/fallback to single-robot VIO, outlier rejection, asynchronous optimisation), RQ4 (TUM VI plus custom omni datasets, ATE/RE, Xavier NX quadrotor swarm), RQ5 (limitations: compute/communication-bound scalability, VIO drift)",Thematic class: C6 integrated system / application (collaborative SLAM system).,,,,"p.18 Unlike our previous work, D2SLAM adopts a more traditional visual SLAM approach without incorporating relative measurements, such as UWB or mutual visual detection. Only cameras and IMU are fused (Fig. 2, Eq. 2).",no,,descriptor point features,yes,"p.6 Initially, we extract Nmaxsp (50-150) SuperPoint [49] sparse features and their descriptors ... These landmarks are tracked interframe using a kNN matcher with ratio test [51].",no,Features enter the residual with a uniform Huber-weighted covariance. The kNN ratio test gates matches and the multirobot landmark selection cost.,L1;L2;L3,"L1: despite its distributed back end, the scalability of swarm size is currently constrained by communication and front-end computing capabilities.",
P0044,"Chenganxu, R. Li, Y. Shi, C. Zhou, 2023. Multi-sensor fusion",2023,"2023 2nd Conference on Fully Actuated System Theory and Applications (CFASTA), Qingdao, China; IEEE. DOI 10.1109/CFASTA57821.2023.10243321",10.1109/cfasta57821.2023.10243321,China.,C1,4,2.5,Loosely coupled: a local VIO (camera + IMU) pose stream is fused with GPS position and ultrasonic height as factors in a global pose graph.,Pose-graph (factor-graph) optimisation with sliding window and Schur-complement marginalisation.,"Not stated (only 'local sensors (such as camera, IMU)' p.2; camera type never specified)",Not stated; the local VIO is treated as a black box whose pose output is consumed by the global estimator,Not stated,Partial - the title and claims assert 'GPS state detection' and operation 'in scenes where GPS is sometimes used or not' (p.5).,"Quadrotor UAV, model not named.","KITTI Odometry, sequence 07 (visual odometry benchmark, ground vehicle; GPS with 'large error' relative to ground truth, p.4).",APE w.r.t.,GPS-denied / GPS-degraded operation (tunnel; noisy GPS on KITTI); outdoor urban/highway.,"A loosely coupled global pose-graph framework that fuses a local VIO pose stream with GPS (ENU position factor) and ultrasonic height factors, using sliding-window optimisation with Schur-complement marginalisation for bounded computation, deployed in real time on a quadrotor's NUC'.",None stated,"RQ2 (loosely coupled optimisation-based architecture), RQ3 (robustness to GPS loss via multi-sensor fusion), RQ4 (KITTI + real-flight validation, ATE/APE, quadrotor/NUC platform)",Short (6 pp.) conference paper. The 'GPS state detection' in the title is never defined.,GNSS / RTK / SBAS augmentation; Radar / laser altimeter / downward rangefinder (range to ground),absolute 3-D position; range to ground,"GNSS / RTK / SBAS augmentation: not stated (title implies an on/off 'GPS state detection' switch, but no rule or covariance is given).","p.3: 'Set the position measured by GPS to ... Then the GPS constraint factor is as follows' (eq. 12); 'Using ultrasonic sensors, we can directly obtain the height of the carrier relative to the ground ...'.",yes,fixed,consumed pose stream,no,"p.2: 'Accurate local sensor data is input into the global estimator, and then accurate UAV position is output in the global coordinate system'.",no,No feature-level processing is described.,none stated,,
P0002,"Liang, L., Rao, H., Shen, G., Wang, C., Wu, X. (2023). A Rea",2023,"2023 IEEE International Conference on Real-time Computing and Robotics (RCAR), IEEE (conference paper)",10.1109/rcar58764.2023.10249971,China.,C1,2,3.5,Loosely coupled at the system level: VINS-Fusion.,"Pose-graph (factor-graph) nonlinear least squares solved with Ceres Solver (Gauss-Newton), Eq.","Stereo: Intel RealSense D435, using the binocular infrared.",Not stated beyond 'feature point tracking' performed by the open-source VINS system (p. 2).,"Yes; 'IMU pre-integration' is performed by the VINS-Fusion pipeline (p. 2, Fig. 1).",Partial - Lidar global-factor covariance scaled by the PL-ICP iteration count.,DJI F450 quadcopter frame with Intel NUC (x86) companion computer.,"Custom simulation only: XTDrone simulation environment [17], structured indoor scenario with textured ('grainy') walls.",Translation error as a percentage of trajectory length on return to origin.,GPS-denied indoor environment (primary); long-term VIO drift over extended flights.,A low-cost onboard framework that (i) de-skews 2D-LiDAR scans by linearly interpolating VINS-Fusion IMU poses per laser point.,No explicit limitations section. The authors state that PL-ICP global matching is computationally time-consuming and therefore updates at only 5 Hz.,"RQ2 (loosely-coupled pose-graph fusion around an optimisation-based stereo VIO), RQ3 (sensor-level strategy: LiDAR map-matching global factor to bound drift; system-level LiDAR de-skew from VIO), RQ4 (simulation-only evaluation, custom metrics, DJI F450 / NUC platform). Weak RQ5 (compute cost of PL-ICP as a stated gap).",Integrated-system paper (C1 multi-sensor fusion / C6 integrated system) built on unmodified VINS-Fusion; the VIO itself is not adapted.,LiDAR augmentation,relative pose or point cloud,"LiDAR augmentation: adaptive (PL-ICP iteration count; stated as design, not formulated or evaluated)","p.3 this paper uses PL-ICP (Point to Line-Iterative Closest Point) algorithm to use VIO data as the initial position of the point cloud, transforms the Lidar data into the world coordinate system after the compensation of motion distortion.",no,,optical-flow-tracked corners,yes,p.2 A specific algorithm program is run on the NUC to use the binocular camera frame and IMU data as input for the open-source VINS system to achieve feature point tracking and IMU pre-integration.,no,No per-feature weighting described; the visual front-end is used as-is from VINS-Fusion.,L1,"L1: However, the computation is time-consuming and results in a low update frequency of only 5hz because the computation process requires several iteratio",
P0016,"Li, C., He, M., Chen, C., Liu, J., Lyu, X., Huang, G., Meng,",2025,"IEEE Transactions on Robotics, vol. 41, pp. 5835-5853, IEEE. DOI 10.1109/TRO.2025.3613467",10.1109/tro.2025.3613467,"China / Department of Precision Instrument, Tsinghua University, Beijing.",C1,5,5.0,Tightly coupled.,EKF - MSCKF-based on-manifold EKF (OpenVINS lineage) with SLAM features and 'GeoSLAM' features.,"Monocular (single downward-facing FLIR Blackfly S camera + Xsens MTi-100 IMU; p.4 Sec. III-C, p.14)",Point features: FAST corners tracked by KLT optical flow on CPU for MSCKF/SLAM features.,"Yes - closed-form preintegration terms alpha_j, beta_j of Eckenhoff et al.",Yes - mode switching / fault detection.,Quadrotor.,Custom real flights: AerialVL.,ATE as RMSE of position (m) and orientation (deg) in 2-D and 3-D per sequence (Table II).,"GNSS-denied large-scale outdoor flight (urban, rural villages, farmland, roads, mountains for VPR).",Classify-then-retrieve aerial VPR (fine-tuned DINOv2 + GeM + per-group cell classifiers) cutting map memory by 3-4 orders of magnitude (0.3-0.4 MB for 2500 km2).,Localisation accuracy is below tightly-coupled GPS fusion because global information is acquired intermittently and the estimator must rely on odometry (accumulating drift) in feature-limited scenes.,"RQ2 (filter-based, tightly-coupled architecture with map-derived global measurements), RQ3 (system-level robustness: fault detection/fallback, learning-based cross-domain matching, in-flight initialisation for scale), RQ4 (real-flight benchmark, ATE/RMSE, Jetson AGX Orin), RQ5 (drift in feature-limited scenes, low-altitude matching gap)",Thematic class: C1 multi-sensor fusion (satellite-map absolute position as an aiding modality) or C6 integrated system.,Satellite-map / reference-map matching (absolute position),absolute position,Satellite-map / reference-map matching (absolute position): fixed,"p.5 (Sec. III-C-3): ""the global 3-D geographic positions of visual landmarks can be obtained by matching downward-looking airborne images with satellite orthoimagery"" with elevation from the DSM, measurement model (11); p.11: ""For GeoSLAM features ...",no,,optical-flow-tracked corners,yes,p.10.,no,"No per-feature weighting described; satellite tiles are re-ranked by number of matches (p.14: ""sorting them by the number of matching points""), which is per-tile, not per-keypoint.",L2;L3,"L2: p.15: ""GeoVINS intermittently acquires global information and has to rely on odometry during feature-limited scenes, causing drift accumulation""; p.15; L3: p.15: ""its localization accuracy is inferior to the tightly coupled GPS fusion schemes [23], [24].",
P0036,"M. Wicaksono and S. Y. Shin, 'GO-SLAM: GPS-Aided Visual-Iner",2025,"IEEE Transactions on Instrumentation and Measurement (journal), IEEE",10.1109/tim.2025.3538081,South Korea.,C1,3,3.5,Loosely coupled.,Sliding-window optimisation.,Stated inconsistently: Fig.,Point features: 'Feature points are identified by detecting strong corners within the image and then tracked using the iterative'.,Yes.,Yes - mode switching between GPS-IMU and camera-IMU positioning in a 'transition layer' plus threshold-gated factor initialisation.,Not stated.,"Custom, unnamed: real-world UAV flights in an open outdoor area with sparse features and an outdoor-to-indoor building transition.","APE (absolute position error, mean and max, m; SE.","Intermittent / denied GPS (outdoor-indoor transition areas), sparse features / open space with limited visual features.","GO-SLAM: a GPS-aided visual-inertial SLAM in which GPS position, IMU preintegration and visual reprojection residuals are jointly optimised in a sliding window with threshold-gated factor initialisation.",None stated explicitly.,"RQ2 (optimisation-based GNSS-VIO architecture), RQ3 (system-level adaptation: GPS/VIO mode switching, threshold-gated factor initialisation, satellite-count-driven GPS covariance), RQ4 (custom real-flight evaluation, APE/AOE), RQ5 (weak: no explicit limitations)",Paper is C1 multi-sensor fusion / C6 integrated system with a C2 adaptive element (mode switching).,GNSS / RTK / SBAS augmentation,absolute 3-D position,GNSS / RTK / SBAS augmentation: adaptive (GPS factor covariance driven by number of satellites at reception) plus threshold switch.,p.3-4: 'the GPS measurements directly constrain the position of each node. This position is accompanied by a covariance value ... The covariance is determined by the number of satellites when the measurement is received.'.,no,,optical-flow-tracked corners,yes,p.4: 'Feature points are identified by detecting strong corners within the image and then tracked using the iterative Lucas-Kanade method.',no,Only an aggregate feature-count threshold beta gates the VI factor (p.4); no per-feature weighting.,none stated,,
P0048,"Cai, Q., Wu, Y., Jiang, B., Xu, H. (2023). A Distributed SLA",2023,"2023 4th International Conference on Computer Vision, Image and Deep Learning (CVIDL), IEEE",10.1109/cvidl58838.2023.10166845,China.,C5,4,3.5,Loosely coupled: an unnamed VIO produces ego-motion.,Factor graph / sliding-window pose graph optimisation.,"Stereo (Intel RealSense D435i; ""stereo cameras, IMU, UWB"" p.2, p.5)","Deep point features: HFNet keypoints, local descriptors and global descriptors, global descriptors encoded as BoW vectors.","Not stated (IMU at 200 Hz ""is used in VIO to predict self-motion"", p.5; VIO algorithm unnamed)",Yes - adaptive NLOS range-outlier threshold: UWB range residual.,"Two small quadrotors (Fig. 3, p.5); airframe model not named.","Custom indoor experiment: single 5 m x 4 m x 2.5 m room, two manually flown UAVs, routes 24.8 m and 23.3 m.","APE (absolute pose error, translation part, eq. 10) plotted over time; RMSE of APE.",GPS-denied / infrastructure-less multi-UAV relative localisation.,"Fully distributed multi-UAV UWB-VIO SLAM: per-UAV VIO + UWB ranging, distributed loop-closure detection (HFNet/BoW) for relative pose, an adaptive-threshold NLOS range filter with chi-square consistency check, PCM outlier rejection and a sliding-window distributed PGO, all running on-board.",Inter-UAV communication bandwidth is relatively high; the cost of generating global maps online is unacceptable for UAVs so global mapping is done offline (p.6),"RQ2 (fusion architecture: factor-graph UWB-VIO), RQ3 (robustness: adaptive NLOS threshold, outlier rejection), RQ4 (custom indoor evaluation, APE/RMSE), RQ5 (gaps: no baseline, no NLOS test)","Short conference paper; the VIO algorithm is a black box (never named). Contribution is at the multi-UAV pose-graph level, not inside the VIO.",UWB ranging augmentation,range to anchor,UWB ranging augmentation: threshold switch.,"p.5 eq. 8: R ""represents all distance factors"" from UWB ranging r_{alpha,beta}; p.1: ""integrates a UWB ranging front-end on each UAV"".; p.4: ""any distance measurement with residual larger than the adaptive threshold will be marked as an outlier""; eq.",no,,descriptor point features,yes,"p.3-4: HFNet performs ""keypoint detection, local descriptor extraction, and global descriptor extraction""; ""nearest-neighbor search to match two sets of feature descriptors implemented in OpenCV ... relative transformation using RANSAC"".",no,Loop-closure candidates are gated by a normalized visual similarity score on global descriptors and RANSAC inlier count (p.3-4); no per-feature weighting in the estimator.,none stated,,
P0055,"Batchaya Noumeme Yacynte Divan, Msuega Jnr Iorpenda, Volker ",2024,"2024 22nd International Conference on Research and Education in Mechatronics (REM), IEEE (conference paper)",10.1109/rem63063.2024.10735689,Germany.,C3,1,3.0,Loosely coupled: monocular visual odometry (essential-matrix decomposition) yields relative rotation R and a unit translation direction t''.,None of the listed estimators.,Monocular RGB camera: 960x720 (5 MP sensor) on the DJI Tello.,Sparse point features detected with an OpenCV corner detector.,No.,Partial - region-wise (six image regions) RANSAC line-model outlier rejection on optical-flow vectors combined with a data-driven magnitude gate that discards.,Quadrotor: Ryze/DJI Tello (palm-sized ~80 g consumer quadrotor) with its monocular camera.,KITTI (Visual Odometry benchmark): one unnamed 'snippet' of outdoor car driving ('urban areas and forests').,"Translation RMSE (cm) and rotation RMSE (deg), their standard deviations, and length-normalised drift 'RMSE/meter'.",GPS-denied indoor flight (lab) and outdoor urban/forest driving (KITTI).,"SiMVIO, a deliberately minimal, didactic monocular VIO pipeline: pyramidal Lucas-Kanade optical flow with a region-wise RANSAC plus 2x-median magnitude outlier filter (Algorithm 1), essential-matrix relative pose from OpenCV.",Authors state: (i) scale error stems from their simplifications.,"RQ2 (loosely-coupled, estimator-free VIO architecture), RQ3 (algorithmic-level outlier rejection and scale recovery from IMU), RQ4 (KITTI + custom Tello + AirSim datasets, RMSE and drift-per-metre metrics, DJI Tello platform). Marginal RQ5 (authors' stated drift/scale limitations).","Tutorial-style paper (REM is a mechatronics education conference). The 'fusion' is a scalar scale multiplication, so no probabilistic estimator exists.",,,,"p.2 The drone's motion is estimated by integrating data from both the IMU and the camera. Camera + IMU only. OptiTrack markers provide ground truth and the initial pose, not a fused measurement.'.",no,,optical-flow-tracked corners,yes,"p.2 feature points are detected in each image frame with their optical flow vectors computed, as shown in 3.",no,"Features are accepted or rejected as binary inliers/outliers by RANSAC and the median-magnitude gate; no per-feature weight, response or match-confidence score enters the pose estimate.",L3;L4,"L3: Drift, the gradual deviation of the VO trajectory from the ground truth over time, can be seen in Fig. 6. It results from cumulative errors in motion.",
P0063,"Liu, P., Chen, J., Lu, X., Tang, X., Fan, J., Zhou, W. (2025",2025,"2025 4th International Conference on Artificial Intelligence, Internet of Things and Cloud Computing Technology (AIoTC), IEEE",10.1109/aiotc66747.2025.11198761,China.,C5,4,3.0,Loosely coupled: the VIO pose (from VINS-Fusion) is consumed as a 2-D position stream and fused with UWB-trilateration positions in an AEKF.,Adaptive EKF (AEKF) fusing VIO 2-D coordinates with UWB trilateration coordinates.,"Depth camera per system description (p.2, 'Depth camera images are integrated with IMU data').",Not stated (VIO treated as a pose source; no front-end details given),Not stated.,Yes - adaptive observation-noise covariance: the UWB measurement covariance R is scaled by a coefficient A = R / sqrt((vx^2+vy^2)(wx^2+wy^2)+1) computed from.,"Three small quadrotors in a netted indoor arena (Fig. 3, p.4).","EuRoC MAV dataset, Machine Hall sequences MH_01, MH_02, MH_03, MH_04, MH_05 (Table I).",RMSE of ATE (metres) per sequence and average; qualitative trajectory plot (Fig. 2(a)).,GPS-denied / anchorless / infrastructure-free unknown environments; indoor GPS denial (p.3).,Distributed multi-UAV self-localisation: UWB inter-UAV ranging and broadcast -> priority-ordered trilateration into a cluster frame -> coordinate transform to each body frame -> AEKF fusion with VIO position whose observation-noise covariance adapts to IMU velocity/angular velocity.,None stated,"RQ2, RQ3, RQ4","Four-page conference paper. The 'VIO' contribution is a loosely coupled AEKF wrapper around VINS-Fusion output, not a VIO estimator itself.",UWB ranging augmentation,range to anchor,UWB ranging augmentation: adaptive (observation-noise covariance R scaled by IMU linear-velocity and angular-velocity magnitude),"p.2: 'after obtaining the distance data between UAVs alpha-gamma, alpha-beta, and beta-gamma from the UWB broadcast, by applying the law of cosines ... The coordinates of UAV gamma in the cluster coordinate system is calculated'; p.2: 'z_t = p_t^UWB + V_t'.",no,,consumed pose stream,no,"p.2: 'The coordinates obtained from VIO are then transformed into coordinate values in the cluster coordinate system'; state p_t^VIO = [x_t, y_t]^T. No feature extraction or tracking is described.",no,No feature-level processing described.,none stated,,
P0070,"Wang, Z., Li, X., Zhang, Y., Huang, P. (2024). Localization,",2024,"IEEE Transactions on Control Systems Technology, vol. 32, no. 4, July 2024, IEEE (journal article)",10.1109/tcst.2024.3366695,China.,C1,4,4.5,Loosely coupled.,Sliding-window unconstrained nonlinear least squares over the 4-DoF V-to-W transform.,Stereo fisheye: Intel RealSense T265 with 'two large field-of-view fisheye lenses' modelled with.,Sparse corner features tracked by optical flow.,"Yes, inside Basalt.",Yes - heuristic per-residual covariance scheduling in the GPS-VIO sliding window: the absolute residual noise sigma^a_i = 1 + 1/(eta1.,"Quadrotor: DJI Matrice 300 RTK (commercial), with DJI Manifold 2C onboard computer.",Custom only: the authors' own 'intermittent GPS-VIO dataset' of four sequences'.,"RMSE absolute trajectory error (ATE) after position + yaw alignment, per sequence (Table II).","GPS-denied / intermittent GPS (signal occluded under bridge structures, primary target).",IGVIO: a lightweight loosely-coupled sliding-window optimisation that fuses intermittent GPS position fixes with an arbitrary local VIO by estimating only the 4-DoF (yaw + translation) drift transform between the VIO and world frames.,No dedicated limitations section.,"RQ2 (loosely-coupled optimisation-based GPS-VIO fusion on top of a sliding-window VIO), RQ3 (algorithmic-level: recency-weighted residual covariances and smoothed correction for intermittent absolute fixes; sensor-level: GNSS augmentation; system-level: integration with planning/NMPC), RQ4 (custom four-sequence dataset, ATE RMSE, DJI M300-RTK / Manifold 2C platform, real under-bridge flight). RQ5 weakly (onboard VIO rate/latency as a stated gap).",Integrated-system paper (C6) whose VIO-relevant contribution is the loosely-coupled intermittent-GPS fusion layer.,GNSS / RTK / SBAS augmentation,absolute 3-D position,GNSS / RTK / SBAS augmentation: adaptive.,p.2 A unified nonlinear optimization method on the tangent space of SO(3) manifold is leveraged to loosely fuse the GPS and visual inertial odometry (VIO) measurements by only estimating the transformation of these two coordinates.,no,,optical-flow-tracked corners,yes,p.12 An image captured by the Realsense T265 is displayed to show the actual view of the navigation camera (bottom right). The corner features are tracked by IGVIO and drawn as colored circles. Corner tracking is stated.,no,No per-feature weighting; the visual front-end is used as-is from Basalt.,L1,"L1: The pure VIO module in IGVIO has a multithread framework that can realize a back-end state estimation frequency of about 30 Hz. However, the time dela",
P0072,"Xia, Y., Li, H., Pan, G., Xue, W., Fan, Z., Qi, N., Huo, M. ",2024,"2024 16th International Conference on Intelligent Human-Machine Systems and Cybernetics (IHMSC), IEEE. DOI 10.1109/IHMSC62065.2024.00020",10.1109/ihmsc62065.2024.00020,"China; School of Astronautics, Harbin Institute of Technology, Harbin",C7,1,3.0,Tightly coupled.,"Sliding-window nonlinear optimisation (Ceres Solver) with marginalisation, plus ORB-BoW loop detection.","Monocular (EuRoC left camera only, p.4) + MEMS IMU",Descriptor-based point features.,Yes; approach not stated.,Partial,"No own platform; EuRoC MAV data (""6-rotor UAV platform"", p.4).","EuRoC MAV: MH_01, MH_02, MH_03, MH_04, MH_05, V1_01, V1_02, V1_03, V2_01, V2_02, V2_03.","APE RMSE (m) per sequence via EVO (Table II p.5), reported for proposed method without loop, with loop, and OKVIS.","Low texture / weak texture, low light / strong light interference, rain and snow, nighttime (motivation, p.1-2).","A 'line-frame' monocular VIO front-end that clusters each frame's feature points with k-means++ into 3-4-point polylines, triangulates them as Plücker lines and optimises line residuals in a sliding window, combined with an ORB-BoW reverse-index loop-closure module'.",None stated,"RQ2 (optimisation-based monocular VIO architecture), RQ3 (front-end feature-clustering strategy for low-texture / low-light robustness), RQ4 (EuRoC benchmark, APE metric)",Short (5-page) conference paper with weak methodological reporting.,,,,"No sensor beyond monocular camera and IMU is fused; p.1: ""incorporates inertial sensors to create a fused observation""; p.4: EuRoC ""vision, inertial measurements, and timestamps"" are the only inputs used.",no,,point-line,yes,"p.2: ""clustering and grouping 3-4 feature points after collecting features from each frame image ... the set of points selected by the clustering algorithm forms a polyline ... the descriptor is still used as the feature description method"".",no,p.3: acceptance is a binary threshold on the average visual observation error of adjacent frames.,none stated,,
P0076,"Zheng, X., Wen, W., Hsu, L.-T. (2023). Tightly-coupled Line ",2023,"2023 IEEE 26th International Conference on Intelligent Transportation Systems (ITSC), IEEE (conference paper)",10.1109/itsc57777.2023.10422196,Hong Kong.,C7,2,4.5,Tightly coupled: 2D-3D line-correspondence residuals from a prior 3D line map are added as a fourth factor type alongside the.,Sliding-window factor-graph optimisation (VINS-Mono backbone [9]) with marginalisation prior.,Monocular.,Point plus line.,"Yes; IMU preintegration factor inherited unchanged from VINS-Mono [9] (p. 2, Fig. 2, Eq. 4).",Partial - outlier rejection of cross-modality line correspondences: line endpoints are predicted into the next frame by LK optical flow.,No own platform.,"EuRoC MAV [33]: Vicon-room sequences V1_01_easy, V1_02_medium, V1_03_difficult, V2_01_easy, V2_02_medium, V2_03_difficult.",RMSE of ATE in metres (Sturm et al. [35]) per EuRoC sequence (Table I) and per CARLA driving length (Table II).,"GNSS-denied indoor (EuRoC) and GNSS-degraded urban (motivation, evaluated only in CARLA simulation on a ground vehicle).",(1) A new line-feature residual that converts the point-to-line distance between a reprojected prior 3D line and a detected 2D line into a point-to-point reprojection error via perpendicular foot points (Eqs. 5-10).,The line constraint gives no significant gain on the EuRoC difficult sequences and is 'rarely useful' under large UAV maneuvers because the tightly-coupled estimator cannot provide suitable initial.,"RQ2 (tightly-coupled optimisation-based VIO with prior-map line factors), RQ3 (system-level: prior 3D line map as absolute drift correction; algorithmic: cross-modal line outlier rejection), RQ4 (EuRoC V1/V2 with RMSE ATE, desktop i9, CARLA simulation), RQ5 (stated gap: failure under aggressive UAV motion, map-to-VIO initialisation).",Map-aided localisation on top of unmodified VINS-Mono rather than pure odometry: the prior 3D line map.,Satellite-map / reference-map matching (absolute position),absolute position,"Satellite-map / reference-map matching (absolute position): fixed (Gaussian covariance Q_l in Eq. 4; value not stated, no adaptation)","p.2 During real-time localization, the system first loads the 3D lines obtained in advance as prior information. ...",no,,point-line,yes,"p.4 the proposed method expresses the line feature in terms of its endpoints, which are directly tracked by computing the optical flow instead of processing the whole line segment. VINS-Mono point features.",no,"Line matches are accepted or rejected by distance / angle / overlap criteria and the tracking-consistency gate (Section III-B); no per-feature weights, response scores or match confidences enter the cost function.",none stated,,
P0084,"Tabassum, T. E., Petrunin, I., & Rana, Z. A. (2025). A Compa",2025,"IEEE Transactions on Instrumentation and Measurement (journal), IEEE",10.1109/tim.2025.3555758,United Kingdom.,C2,3,3.5,Loosely coupled: feature-based VO produces pose/position measurements that are fused with accelerometer and gyroscope data in an ESKF.,Hybrid: error-state Kalman filter.,Monocular camera.,Point features: ORB detector in a feature-based VO.,No. IMU is propagated sample-by-sample through discretized nominal and error-state kinematics.,"Yes - GRU-based learned correction of the ESKF (VO position-increment compensation, ESKF state-error compensation, or Kalman-gain prediction).",Simulated autonomous aerial vehicle.,"Custom synthetic: MATLAB/Unreal Engine urban scenario, 12 training trajectories.","Per-axis (N, E, D) position RMSE, 3-D position RMSE, horizontal RMSE.","GNSS-denied urban flight; weather effects (fog, rain, cloud, partly sunny).","Proposes a GRU-aided ESKF-VIO with GRU-predicted ESKF error compensation (Method 2) and performs the first controlled comparison of three NN-KF hybrid VIO schemes (VO error compensation, KF error compensation, Kalman-gain prediction) built on the same GRU+ESKF components, evaluated under single.",No method performs consistently well across all evaluated fault conditions.,"RQ2 (hybrid filter + learning architecture taxonomy), RQ3 (learning-augmented robustness to visual failure modes; primary), RQ4 (simulation benchmark, EuRoC MH05, RMSE/95th-percentile metrics), RQ5 (gaps: sim-only, no real-time, inconsistent method ranking).",Thematic class: C4 (evaluation / comparison study) with C2 as alternative since a new hybrid (Method 2) is proposed.,,,,No sensor beyond camera and IMU is fused: 'each hybrid ESKF-aided fusion scheme integrates pose measurements generated by VO with linear acceleration from the accelerometer and angular velocity from the gyroscope' (p. 4).,no,,descriptor point features,yes,'The extraction of visual features using an ORB-feature detector by VO is first adapted to produce relative pose measurements for the fusion strategy' (p. 6).,no,"Failure modes (feature extraction, tracking, mismatch, location, data association errors) are analysed at the trajectory level; correction acts on the VO position output or filter state, not on individual features.",none stated,,
P0086,"Du, S., Xu, M., Fang, W., Xiong, M., Liu, Q., Yi, P., Hong, ",2025,"IEEE Transactions on Vehicular Technology, IEEE (journal article; vol. 75 no. 5, May 2026 issue; online 3 Nov 2025)",10.1109/tvt.2025.3628254,China.,C5,3,4.0,"Loosely coupled at the system level (pose-level fusion): VINS-Fusion, itself a tightly-coupled monocular-inertial sliding-window VIO.","Sliding-window factor-graph MAP optimisation (Eqs. 23-26) solved with Ceres (Gauss-Newton / Levenberg-Marquardt) in C++ (pp. 3, 7-8, 9).",Monocular RGB + IMU: 'we obtain the results directly using the VINS-Fusion framework configured on'.,"Not stated. VINS-Fusion is used as-is ('tightly couples visual and IMU data', p. 3).","Yes, implicitly via the unmodified VINS-Fusion pipeline [36].",Yes - adaptive residual information weights in the back-end factor graph.,Quadrotor AAVs simulated in XTDrone.,Custom simulation only: XTDrone [42] outdoor scenario (Fig. 7).,"Per-AAV position RMSE, average (Ave), maximum (Max) and standard deviation (Std) of absolute position error.","GNSS-denied / infrastructure-free (no base stations, no UWB anchors).",(1) A method to recover the full 6-DoF relative pose between two AAVs from a resonant-beam link: relative position from Tx beam-spot AoA plus ToF range.,No explicit limitations section. The authors state that the optimised relative roll error is slightly larger than the VIO roll error because it inherits VIO and optimisation error (p. 11).,"RQ2 (optimisation-based, collaborative multi-UAV factor graph around VINS-Fusion), RQ3 (sensor-level strategy: novel resonant-beam relative-pose / ranging augmentation; algorithmic strategy: error-model-driven adaptive residual weighting), RQ4 (simulation-only evaluation in XTDrone, RMSE-family metrics, swarm-scale comparison), RQ5 (gap: no real flight, no attitude fusion, RBS line-of-sight dependence).","Integrated multi-UAV system paper whose novelty is the resonant-beam sensor and its fusion, not the VIO; VINS-Fusion is consumed as a black-box pose stream.",,,"Resonant beam relative position (inter-UAV, not in category list): adaptive (fitted RBS error model of beam offset angle sqrt.","p.7 use dynamic weight adjustment to integrate VIO, RB relative position, and RB internal ToF ranging to optimize the absolute position of AAVs.",no,,optical-flow-tracked corners,yes,"p.3 It is worth noting that we adopt VINS-Fusion (VINS) as the VIO framework, which tightly couples visual and IMU data for pose estimation [36]. Inferred from unmodified VINS-Fusion, whose front-end is Shi-Tomasi corners tracked by KLT optical flow.",no,No per-feature weighting; the visual front-end is VINS-Fusion as-is. The only quality-driven weighting is per RBS measurement (beam offset angle and cavity length).,none stated,,
P0153,"He, Z. and Li, G. (2023). A Visual-Inertial Navigation Coupl",2023,"IEEE Sensors Journal, vol. 23, no. 20 (journal), IEEE",10.1109/jsen.2023.3312731,China.,C7,2,5.0,Tightly coupled (point and line features and IMU preintegration jointly optimised in a sliding-window bundle adjustment; built on VINS-Mono),Sliding-window optimisation.,Monocular (EuRoC stereo rig used in monocular mode),Point features: Shi-Tomasi corners tracked by KLT optical flow.,Yes; between-image preintegration inherited from VINS-Mono.,Yes - the minimum line-segment length threshold L of EDLines is set per frame by a linear map L_i = Lmax + Dp_i.,No flight platform.,"EuRoC MAV dataset: Machine Hall MH_01_easy, MH_02_easy, MH_03_medium, MH_04_difficult, MH_05_difficult.",ATE RMSE (m) via EVO on 8 sequences (Table I).,"Low texture / featureless (white walls, V1_03_difficult), insufficient light / low light (MH_04_difficult).","An adaptive point-line (APL) extraction strategy: EDLines is modified to expose the minimum line length L, and L is driven online by the point-feature tracking failure rate so that costly line detection is only expanded when point tracking is poor.","The adaptive mechanism uses a single index (point tracking failure rate) to set the point-line balance, which cannot fully characterise texture changes in the environment.","RQ2 (optimisation-based tightly coupled point-line VINS taxonomy), RQ3 (algorithmic adaptation: feature-quality-driven front-end adaptation to trade accuracy vs computation), RQ4 (EuRoC benchmark, ATE RMSE, timing), RQ5 (gap: single-index adaptation, empirical parameters, no embedded-hardware or real-flight validation)","Adaptation acts on the front-end extraction budget, not on the estimator (no covariance/weight adaptation). The 'computer simulation experiment' phrase on p.",,,,"p.3 Our system uses a visual-inertial measurement system composed of an IMU and a monocular camera. Camera + IMU only; no GNSS, LiDAR, UWB, magnetometer, barometer, altimeter, map or fiducial inputs. EuRoC Leica/Vicon ground truth is used only for evaluation.",no,,point-line,yes,"p.3 For point features, we use the Shi and Tomasi [25] algorithm for detection and the Kanade-Lucas-Tomasi (KLT) optical flow for tracking. For line features, the improved EDLines algorithm is used for line feature extraction. ...",no,"The quality signal Dp (Eq. 4, p. 5) is a frame-level aggregate tracking-failure rate that sets a global detector threshold; line segments are then ranked by length and the top N kept (p. 5).",none stated,,
P0271,"Du, S., Xu, M., Li, Y., Fang, W., Liu, Q., Yi, P., Hong, Y. ",2025,"IEEE Internet of Things Journal, vol. 12, no. 15 (IEEE)",10.1109/jiot.2025.3573755,China.,C1,3,4.5,Loosely coupled. Per-UAV VIO (VINS-Fusion) is treated as a black-box pose source.,Sliding-window optimisation over a factor graph.,RGB-D (Intel RealSense D435i colour + aligned depth in simulation).,Point features: ORB (oriented FAST corners + BRIEF descriptors) matched by Hamming distance.,Not stated (inherited from VINS-Fusion; not discussed in the paper).,Partial - fixed-threshold outlier rejection only.,"Quadrotor / multirotor, simulated in XTDrone (PX4 + ROS + Gazebo-based physics).","Custom simulated sequences in XTDrone [36]: (1) spiral flight, 3 UAVs (Table I); (2) urban / city scenario, 3 UAVs.","Position AVE (mean absolute error, m); position RMSE (m, Eq. 25, per-UAV and whole-swarm).",GPS-denied / GPS-limited swarm operation (explicit target); cumulative VIO drift without loop closure.,"A swarm-level sliding-window factor-graph back-end that constrains each UAV's VIO with (a) synchronous 6-DoF relative poses from resonant-beam (RBeam) AoA + ToF sensing, including a Lie-algebra rotation residual that transfers RBeam angular precision to VIO yaw/pitch, and'.","ARP constraints exist only where UAV trajectories yield detectable co-view frames, so gains depend on co-view frequency (p.11-12).","RQ2 (collaborative / optimisation-based architecture), RQ3 (system-level drift mitigation via inter-agent constraints), RQ4 (simulation-only evaluation, RMSE metrics), RQ5 (gap: no real-flight validation)","Thematic class: C1 multi-sensor fusion (inter-UAV RBeam + multiview landmark constraints on VIO), secondary C6 integrated system.",,,,"No listed category matches. p.3: ""each UAV is equipped with RBeam units, a camera, and an IMU sensor""; p.4: ""RBeam system can obtain two direction angles ...",no,,descriptor point features,yes,"p.4: ""we first detect the locations of oriented FAST corners and then compute the corresponding BRIEF descriptors. These descriptors are then matched using the Hamming distance"" (paper's own ARP front-end).'.",no,,none stated,,
P0289,"Li, C., Wang, J., Liu, J., Shan, J. (2023). Cooperative Visu",2023,"IEEE Transactions on Aerospace and Electronic Systems, vol. 59, no. 6, pp. 7851-7865; IEEE. DOI 10.1109/TAES.2023.3297555",10.1109/taes.2023.3297555,China.,C1,3,4.5,Tightly coupled.,"EKF - multi-state constraint Kalman filter (MSCKF, built on OpenVINS) with stochastic cloning.",Monocular (one camera per UAV; SITL: downward-looking monocular camera),"Point features: FAST corners tracked, ORB descriptors computed and shared between UAVs for common-feature matching (p. 12).",No - continuous-time IMU kinematic propagation of the error-state EKF.,"No. Covariance-intersection weights are fixed (omega_jm = 0.015, Table I).",Quadrotor / multirotor - simulated drone.,No real benchmark sensor data used.,"Position and orientation RMSE over Monte Carlo runs vs time (Fig. 4, 7-10); averaged ATE (deg/m) per UAV (Table II).",GNSS-denied / intermittent GNSS operation (only one UAV has intermittent GNSS).,"Fully distributed cooperative MSCKF for multiple UAVs fusing IMU, monocular features, pairwise UWB ranges and intermittent GNSS.",Validated only in numerical and SITL simulation; real multi-UAV implementation deferred to future work (p. 13).,"RQ2 (filter-based, collaborative multi-UAV architecture), RQ3 (system-level multi-sensor fusion for robustness in GNSS-denied flight), RQ4 (simulation-derived benchmarks, ATE/RPE/NEES metrics, PX4/Gazebo platform), RQ5 (simulation-only validation gap)",Thematic class C1 (multi-sensor fusion) with a strong collaborative flavour. No adaptive/online component in the protocol sense; CI weights explicitly fixed.,UWB ranging augmentation; GNSS / RTK / SBAS augmentation,range to anchor; absolute 3-D position,UWB ranging augmentation: fixed; GNSS / RTK / SBAS augmentation: fixed,"p. 4: ""The sensors incorporated in the fusion scheme are a camera, an IMU, a UWB, and a GNSS receiver""; p. 5: ""Intermittent global position measurements from the GNSS are used to perform EKF update directly using the method proposed in [35]""; p.",no,,descriptor point features,yes,"p. 12: ""the FAST corners are tracked and its corresponding ORB descriptors are shared among UAVs to find possible common features""; p. 4: ""the descriptor matrix of the successfully tracked features is calculated and transmitted to other members"".",no,,none stated,,
P0293,"Zeng, Q., Yu, H., Ji, X., Tao, X., Hu, Y. (2023). Fast and R",2023,"IEEE Sensors Journal, vol. 23, no. 20 (15 Oct 2023), IEEE (journal article)",10.1109/jsen.2023.3309907,China.,C7,3,3.5,"Tightly coupled: keyframe states, inverse-depth landmarks and camera-IMU extrinsics are jointly optimised in one sliding window with IMU.",Sliding-window nonlinear optimisation.,"Monocular (EuRoC left camera, 752 x 480; 'monocular visual-inertial odometry', title and abstract).",Semi-direct (SVO-style) tracking: sparse direct image alignment on photometric residuals.,"Yes; on-manifold preintegration following Forster et al. [11] (Eq. 1, p. 3).","No. All components are fixed-design: static initialisation (per [30]), a generic robust kernel rho(.) on the visual residuals.",Not stated. No UAV flight is performed.,"EuRoC MAV [35], all eleven sequences: MH_01_easy, MH_02_easy, MH_03_medium, MH_04_difficult, MH_05_difficult, V1_01_easy.","RMSE (m) of absolute pose error (APE) per EuRoC sequence and mean over sequences, vs VINS-Mono, ROVIO and VI-DSO.",GPS-denied navigation (motivation); slow VIO on onboard computers (the primary target).,"A monocular VIO whose front end is an SVO-style semidirect tracker (direct alignment, feature alignment, pose refinement) with Shi-Tomasi + Edgelet features distributed by a quadtree, and whose back end is a tightly coupled sliding-window optimisation in g2o with IMU preintegration.","None stated. No limitations, failure cases or future work are given.","RQ2 (optimisation-based tightly coupled monocular VIO with a semidirect front end), RQ3 (algorithmic-level robustness: edge features for low texture, quadtree distribution, semidirect tracking for speed), RQ4 (EuRoC benchmark, APE RMSE, tracking time on an onboard computer). Marginal RQ5 (no stated limitations).",Front-end / feature-processing paper (C7) closely following SVO [9] plus a VINS-style back end.,,,,"p.1 Therefore, a viable sensor suite is the visual-inertial odometry (VIO) system composed of low-cost inertial measurement unit (IMU) and monocular cameras Camera + IMU only; no GNSS, LiDAR, UWB, magnetometer, barometer, altimeter, map matching or fiducials.",no,,semi-direct,no,"p.4 Combining direct and feature-based methods, a semidirect tracking approach is constructed in the tracking section. The main steps are: 1) direct image alignment; 2) feature align-ment; and 3) pose refinement.",no,"p.3 A quadtree-based feature extraction algorithm is employed to uniformly divide the image into blocks, such that each block contains the best-quality features among all features within that block.",none stated,,
P0368,"De Vito, L., Neyestani, A., Picariello, F., Rapuano, S., Tud",2025,"2025 IEEE International Instrumentation and Measurement Technology Conference (I2MTC), IEEE. DOI 10.1109/I2MTC62753.2025.11079197",10.1109/i2mtc62753.2025.11079197,"Italy; Department of Engineering, University of Sannio, Benevento",C4,3,3.5,Loosely coupled.,None of the template categories: closed-form homography/RANSAC keypoint matching followed by a geometric dead-reckoning position update.,,"Point features: ORB (evaluated in flight test); SIFT, SURF, FAST, Harris, MEF also assessed in the Monte Carlo keypoint stage.","No. IMU used only as an orientation source (roll, pitch, yaw at 0.25 s period, p.5).",No,"Simulated quadcopter (MATLAB UAV Package Delivery model in Simulink-Unreal Engine, p.4-5).","Custom simulation only: MATLAB Simulink-Unreal Engine 'US City Block' scene, closed-loop square flight at 50 m constant altitude.",Euclidean distance between estimated and reference trajectory per frame.,"Lighting variation (five sun positions), image noise (SNR 5-40 dB) and blur assessed at the keypoint-uncertainty level.",A GUM-based sensitivity/uncertainty model.,"Simulator sensor data are idealised (noise added synthetically); uncertainty model not yet validated experimentally; real-world, dynamic-object and hardware-malfunction scenarios not covered.","RQ4 (evaluation methodology, simulator-based validation, uncertainty metric), RQ5 (gaps: no real flight, no probabilistic fusion, no online adaptation); marginally RQ3 (front-end choice under lighting/noise degradation)",Metrology-style sensitivity study rather than a VIO estimator paper. 'VIO' here is a camera + IMU-attitude + LiDAR-depth geometric dead-reckoning pipeline.,LiDAR augmentation,relative pose or point cloud,LiDAR augmentation: fixed,"p.4: 'In this paper, the case of a UAV with a LiDAR has been considered ... ud = 0.03 m'; p.4-5: 'a depth output was added, simulating the functionality of a LiDAR depth sensor. For each pixel in an image, a value is returned in meters'. Depth d_i enters eq.",yes,"scale or depth aid (LiDAR depth used deterministically, u_d = 0.03 m; not a measurement of the estimator)",descriptor point features,yes,"p.5: 'The two feature extraction algorithms exhibiting the lowest uncertainty were tested, i.e., ORB and Semantic segmentation'; p.2: ORB 'Oriented-FAST-and-Rotated-BRIEF' with homography/RANSAC matching (p.3). ORB is the descriptor-based variant.",no,p.3: 'the final position is obtained from the average of the P_i values for every pair of recognised keypoints' - uniform averaging after RANSAC inlier filtering.,none stated,,
P0369,"Song, J., Liu, Z., Liu, X., Guo, J. (2018). Tightly coupled ",2018,"2018 IEEE International Conference on Information and Automation (ICInfA), IEEE (conference paper)",10.1109/icinfa.2018.8812447,"China; Department of Aerospace Engineering, Harbin Institute of Technology, Harbin",C7,5,3.0,Tightly coupled: the re-projection error of detected fiducial-tag corners is used directly as the IEKF innovation.,Iterated Extended Kalman Filter (IEKF) with IMU-driven state propagation.,Monocular fisheye camera of the Intel RealSense ZR300.,Artificial landmarks: a custom ID-free fiducial tag of two nested black/white squares.,No. Filter-based propagation: the IMU kinematic model.,Yes - online calibration: accelerometer and gyroscope biases and the camera-IMU extrinsic translation and rotation are filter states estimated continuously.,DJI Matrice 100 quadrotor.,Custom real-flight data only: four experiments flown in an Optitrack motion-capture arena with tags placed at random on the floor.,"Absolute per-axis position error vs Optitrack (< 0.1 m short flight, < 0.2 m over 3 min).",GPS-denied indoor flight (primary target: replacing an expensive motion-capture system).,"A tightly coupled monocular fisheye-inertial IEKF (ROVIO-style robocentric state with bearing/inverse-depth landmarks) whose visual measurements are the 8 corners of a custom ID-free two-square fiducial tag, detected without decoding.",No explicit limitations section.,"RQ2 (filter-based tightly coupled IEKF architecture), RQ3 (sensor-level strategy: artificial landmarks with known geometry replacing natural features; algorithmic-level: online bias and extrinsic calibration, inverse-depth landmark initialisation), RQ4 (custom motion-capture real-flight evaluation, DJI M100 / NUC platform, RMSE-vs-distance metrics), RQ5 (unobservable drift and loop closure as stated gaps).","Fiducial-based VIO: the tags are randomly placed and unsurveyed, so they supply metric scale and reliable.",Fiducial markers (absolute pose),absolute pose,Fiducial markers (absolute pose): fixed,"p.3 Our algorithm needn't to distinguish tags, we design our own tag with two squares tightly overlap'.",no,,descriptor point features,yes,"p.3 In this work, we use the tag by detecting the line segment and rectangle. ... Least square method is introduced to fit line segment with the pixels in every cluster after clustering algorithm.",yes,"p.5 the corners in the candidate sets and filter are graded and ordered by Shi-Tomasi score, the corners in the front are selected for updating the filter, while the corners with lower score in the filter are eliminated.",L3,L3: the position error of UAV is approximately proportional to the square root of the distance traveled by itself. ... which is consistent with the unobse,
P0049,"Mao, J., Zhang, L., He, X., Qu, H., Hu, X. (2022). A 2D Geor",2022,"2022 IEEE/RSJ International Conference on Intelligent Robots and Systems (IROS), IEEE (conference paper)",10.1109/iros47612.2022.9982254,China.,C1,3,4.5,Loosely coupled at the system level: an unmodified tightly-coupled monocular sliding-window VIO.,Two-stage: (i) VINS-Mono sliding-window nonlinear optimisation for the VIO.,"Monocular, downward-looking, rigidly mounted (no gimbal), 10 Hz.",Point features. VIO: Shi-Tomasi corners tracked as in VINS-Mono.,Yes.,Partial - online outlier rejection and robust weighting with fixed empirically set parameters: (a) VIO 3D points are gated by a reprojection-error threshold.,"DJI M600Pro (hexarotor multirotor), sensors rigidly mounted.","Custom real-flight datasets only, one flight each: (1) Rural dataset, Changsha, 0.51 x 0.4 km area, 448.2 s, 1.18 km, ~110 m AGL.","True match rate (%) of georegistration, where a true match has >= 8 inliers and lies within 30 m of ground truth.",GNSS-denied geolocalisation; unknown initial position and heading (no prior).,"Registering VIO-reconstructed, gravity-aligned and compass-headed 3D feature points (rather than 2D image patches) to a 2D georeferenced map via a translation-consistency inlier vote, then relocalising by PnP.","Scattered, no limitations section: georegistration time grows with map size (216.3 ms/frame in the Testing Zone) and search-area bounding is left to future work (p. 7).","RQ2 (loosely coupled VIO + pose-graph architecture), RQ3 (system-level robustness: absolute map registration to remove drift, Huber robust fusion, reprojection-error gating), RQ4 (custom real-flight datasets, RMSE, timing), RQ5 (computational cost of map matching, altitude-dependent accuracy, ground-truth quality)",The VIO is used as-is (VINS-Mono).,Magnetometer / Magnetic; Satellite-map / reference-map matching (absolute position),heading; absolute position,Magnetometer / Magnetic: not stated.,"p.4 By using a magnetic compass, we can correct the heading of the VIO and rotate the reconstructed points as : ... where the j-th map feature and the i-th reconstructed point feature is a matched pair Compass heading.",no,,optical-flow-tracked corners,yes,p.6 Proposed Camera: Shi-Tomasi corner feature Map: extract with every 10 pixels' stride SIFT descriptor with fixed orientation and size Table II.'.,no,"p.4 we only select the points that have a reprojection error smaller than a predefined threshold for registration Borderline: VIO 3D points are gated per point by reprojection error (<= 8.0, Table III).",L1,"L1: in the Testing Zone dataset, it took about 216.3 milliseconds to process one frame. Further improvements, such as using the previous localization resu",
P0437,"Markovic, L., Kovac, M., Milijas, R., Car, M., Bogdan, S. (2",2022,"2022 International Conference on Unmanned Aircraft Systems (ICUAS), IEEE (DOI 10.1109/icuas54217.2022.9836124). Full text read is the arXiv preprint 2109.04908v1 (10 Sep 2021), 6 pages.",10.1109/icuas54217.2022.9836124,"Croatia; Faculty of Electrical Engineering and Computing, University of Zagreb",C1,5,4.0,Loosely coupled: pose from the Intel T265 (VIO computed on-device).,"ESKF (error-state extended Kalman filter, Sola [22] formulation) with per-sensor position/orientation drift states appended to the state.",Intel RealSense T265 tracking camera supplying VIO output.,Not stated (consumed pose stream from the T265; no feature processing described).,No.,Yes - (a) per-sensor position and orientation drift/extrinsic states estimated inside the ES-EKF and removed from each measurement.,"Custom-built multirotor (quadrotor-class, Fig. 1) assembled by Kopterworx.",Custom indoor laboratory flight data only; one flight of roughly 200 s.,"RMSE of position per axis (x, y, z in m) and yaw (deg) against Optitrack (Table I).",GPS-denied indoor flight; magnetometer-denied operation (all magnetometers disabled/removed).,"An ES-EKF fusing IMU with heterogeneous position/orientation/velocity measurements (LiDAR SLAM pose, T265 VIO pose, UWB position), with the state extended by per-sensor drift position/orientation for online drift and calibration compensation, plus an innovation-limit arbiter for outlier rejection.",No explicit limitations section. In passing: the fused estimate is slightly less accurate than the T265 alone along z.,"RQ2 (filter-based fusion architecture), RQ3 (system-level robustness: drift-state estimation, outlier arbiter), RQ4 (custom platform, motion-capture ground truth, RMSE metrics)",The VIO here is a black-box commercial module (T265) whose pose stream is one of three inputs to a loosely coupled ES-EKF.,LiDAR augmentation; UWB ranging augmentation,relative pose or point cloud; range to anchor,LiDAR augmentation: fixed; UWB ranging augmentation: fixed,"p.4 An Ouster OS1-16 high-resolution LiDAR sensor is used in combination with Cartographer SLAM [23] to provide pose measurements. [...] The second sensor is the Pozyx UWB positioning system, the only sensor used that does not accumulate drift.",no,,consumed pose stream,no,p.1 visual odometry provided by the Intel T265 camera,no,,none stated,,
P0632,"Wang, Z., Zuo, X., Dong, W. (2026). Flying Co-Stereo: Enabli",2026,"IEEE Transactions on Robotics (T-RO), IEEE (journal article; fulltext_index gives DOI 10.1109/tro.2026.3658293; the available text is the arXiv v1 preprint)",10.1109/tro.2026.3658293,China.,C6,4,5.0,"Two-level. (i) Ego-motion VIO: unmodified OpenVINS [70] on each UAV, fusing the Xsens MTi-630 IMU with the D455 forward colour camera.",Hybrid. DS-VIRE: sliding-window nonlinear least squares over M relative position/velocity states.,Monocular per UAV: the D455's forward-facing colour camera'.,Co-visible landmarks: SuperPoint learned keypoints/descriptors matched across agents with SuperGlue on periodic guidance frames (~13 Hz).,"Yes, in a simplified relative form: the follower's bias-compensated accelerations are rotated by'.",Yes - online estimation of the dynamic stereo baseline.,Two identical custom-developed quadcopters.,"Custom only, no public benchmark.","Relative position MAE and RMSE (m, total and per axis) and relative orientation MAE and RMSE.","Large-scale unknown outdoor environments requiring long-range (>20 m, up to 70 m) depth perception.","Flying Co-Stereo: a two-UAV dynamic wide-baseline stereo system within the CDBSM framework comprising (1) DS-VIRE, a dual-spectrum.",The system requires an established communication link and pauses mapping during interruptions (p. 9).,"RQ2 (collaborative two-UAV architecture with a sliding-window relative-pose estimator layered on filter-based OpenVINS), RQ3 (sensor-level: dual-spectrum IR fiducials + UWB + IMU fusion for robust outdoor relative pose; algorithmic: online baseline/extrinsic estimation, failure-triggered re-detection, condition-number gating; system-level: leader-follower drift mitigation, compute distribution across agents), RQ4 (custom quadrotor platform, Jetson NX, no public benchmark, custom metrics), RQ5 (stated gaps: adaptive baseline planning, temporal depth consistency, multi-UAV scaling, communication dependence).",This is primarily a collaborative dense-mapping and relative-pose paper: the ego VIO (OpenVINS) is used unmodified and is never evaluated.,UWB ranging augmentation; Fiducial markers (absolute pose),range to anchor; absolute pose,"UWB ranging augmentation: fixed (constant measurement covariance Sigma_R in Eq. 2, value not stated).",p.4 IR LED markers enable mutual visual observations between the UAVs. UWB modules installed on each UAV provide relative distance measurements. IMU data is utilized for both self Visual-Inertial Odometry (VIO) and relative baseline estimation.,no,,descriptor point features,yes,p.7 SuperPoint features extracted from local views are matched via SuperGlue to establish initial associations (f10 <-> f11).,no,"SuperGlue match confidence is not used as a weight; the only per-landmark quality test is the binary condition-number threshold on the triangulation matrix (p. 8), which is gating rather than weighting.",L1,"L1: In our implementation, SuperPoint and SuperGlue require approximately 74 ms per inference on the NVIDIA NX platform, resulting in the skipping of two",
P0005,"Zhang, Z., Zhang, B., Lv, M., Liu, S., Xue, J., Wei, H. (202",2025,"2025 6th International Conference on Computers and Artificial Intelligence Technology (CAIT), IEEE (conference paper)",10.1109/cait68620.2025.11424858,China.,C6,6,2.5,Loosely coupled: the visual scene-matching module outputs an absolute 2-D geodetic position p_v with covariance R_v.,"ESKF (error-state Kalman filter) with 15-dimensional error state [dp, dv, dtheta, dba, dbg].","Monocular: single nadir visible-light camera, 2560 x 1440 @ 50 fps, 120 deg FOV.",Learned sparse point features: XFeat [6] joint detection-and-description network.,"Yes; on-manifold preintegration of dR, dv, dp over [t_k, t_k+1].",Partial - barometric-altitude-driven satellite-tile selection and GSD scale normalisation (Eq. 3) and prior-covariance-driven Mahalanobis retrieval radius.,"Multirotor UAV (model not named), flight speed 8-20 m/s, flight altitude 100-1000 m.","Custom real-flight data only: four sequences over (a) Campus 240 m / 8.7 m/s / 3.6 km, (b) Farmland 320 m / 15.2 m/s / 5.7 km.",'Max Error (CEP)' in metres per sequence vs RTK-GPS (Table II: 5.2 / 10.5 / 14.1 / 25.4 m).,GNSS-denied (jamming/spoofing/occlusion) outdoor flight at 100-1000 m altitude.,An embedded (Orin Nano) absolute-localisation pipeline that (i) uses barometric altitude and the ESKF's prior covariance to select and rescale georeferenced satellite tiles so the reference matches the UAV's GSD.,"No limitations section. The authors note that extensive low-texture desert terrain increases visual-matching error, which the inertial propagation only bounds to 25.4 m CEP (pp. 6-7).","RQ2 (loosely-coupled ESKF around a learned-feature scene-matching front-end), RQ3 (sensor-level: satellite-map absolute correction to remove drift; algorithmic: barometer-driven scale normalisation and covariance-gated search, RANSAC outlier rejection; system-level: TensorRT FP16 embedded deployment), RQ4 (custom real-flight validation, CEP metric, Orin Nano platform). RQ5 weakly (low-texture degradation and lack of tight coupling as stated gaps).",Absolute visual localisation (satellite scene matching) fused with IMU rather than classical VIO.,Satellite-map / reference-map matching (absolute position),absolute position,Satellite-map / reference-map matching (absolute position): not stated.,"p.4 The pixel coordinate q_center is then mapped to an absolute 2D position estimate p_v = (x_v, y_v) for the UAV using: p_v = Origin_ref + q_center * GSD_ref Georeferenced satellite-tile matching provides the absolute-position measurement fused in the ESKF.",no,,descriptor point features,yes,"p.4 We adopt a Bidirectional Nearest Neighbor Distance Ratio (BNNDR) strategy for feature matching. For each descriptor d_i in F_real, the nearest neighbor d_j1 and the second nearest neighbor d_j2 in F_ref are found.",no,The ratio test and RANSAC inlier threshold accept or reject matches; no per-feature weight or confidence is propagated into the pose or the filter.,L2,"L2: In the more challenging desert environment (Fig. 4(d)), extensive low-texture regions tends to increase errors in visual matching.",
P0042,"Hu, J., Ren, K., Xu, X., Zhou, L., Lang, X., Mao, Y., Huang,",2023,"2023 IEEE International Conference on Robotics and Automation (ICRA 2023), IEEE (conference paper)",10.1109/icra48891.2023.10160393,China.,C6,4,4.0,Tightly coupled: MSCKF-based filter whose state.,"EKF / MSCKF (OpenVINS-style multi-state constraint Kalman filter [1],[3]) with nullspace-projected MSCKF updates for short tracks and.","Stereo camera, downward-facing, 10 Hz.","Point features: 2-D corners detected and tracked with KLT for the VIO (Fig. 1, 'Image + 2D corners', 'KLT+Detection').",No.,"Partial - online outlier handling and map-conditioned scheduling: ratio test and PnP-RANSAC on map matches, Mahalanobis gating of plane data associations.",Micro aerial vehicle (MAV) flying at 60-120 m altitude with a 250 Hz IMU.,Custom real-flight datasets with RTK-GPS ground truth: Town1-Town7.,"ATE, reported as position (m) / orientation (deg) per sequence for four configurations (Tables I-II).",GPS-denied global localisation (prior-map based); long-term drift over 0.4-3 km flights.,"PPM-VIO: an MSCKF/Schmidt-EKF VIO that localises against an offline SfM point-plane prior map. Offline, semantic segmentation with voting, region growing and RANSAC produce plane models with covariances.",No limitations section.,"RQ2 (filter-based MSCKF/Schmidt-EKF architecture with map-based global constraints), RQ3 (algorithmic-level: plane priors and semantic/geometric outlier rejection for low-texture robustness; system-level: sub-1 Hz map-matching scheduling and QR compression for efficiency), RQ4 (custom real-flight datasets, ATE m/deg, timing and CPU load, MAV at 60-120 m). RQ5 weakly (untested embedded deployment, dependence on offline map).",Prior-map-based VIO localisation (map-aided VIO) rather than pure odometry.,Satellite-map / reference-map matching (absolute position); Radar / laser altimeter / downward rangefinder (range to ground),absolute position; range to ground; absolute pose,Satellite-map / reference-map matching (absolute position): fixed.,"p.3 In order to bootstrap the localization system, a marker board that has been calibrated offline is placed at the take-off location, which helps us align the VIO local coordinate and map coordinate systems.",yes,not stated,optical-flow-tracked corners,yes,p.1 Fig. 1: Overview of our PPM-VIO system. [Fig. 1 blocks: 'Image + 2D corners' -> 'KLT+Detection' -> 'VIO Update' / 'SLAM Update'.,no,"Descriptor ratio test and RANSAC accept or reject matches (binary); per-measurement noise is set from map landmark covariance P_ff (Eqs. 19, 23), i.e.",L2,"L2: In these sequences, it is hard to construct the point-map matching since the number of matching points is less than 15, and the recall ratio is less t","[aux: Fiducial markers (absolute pose) not counted as fused: The marker board is used once, to 'bootstrap the localization system ...'."
P0052,"Do, H. V., Kim, Y. H., Kwon, Y. S., Kang, S. H., Kim, H. J.,",2021,"2021 21st International Conference on Control, Automation and Systems (ICCAS), ICROS / IEEE Xplore (conference paper)",10.23919/iccas52745.2021.9649897,Korea.,C2,3,3.0,Tightly coupled: monocular feature measurements are processed directly in an indirect.,EKF - Multi-State Constraint Kalman Filter (indirect/error-state EKF with stochastic cloning and a fixed sliding window of camera poses).,"Monocular, downward-facing pinhole camera.",Not stated. The simulation uses 40 synthetic point features generated randomly along the trajectory with 1 px tracking noise.,No. Standard strapdown INS mechanisation.,Yes - innovation/residual-based adaptive estimation of both the process noise covariance Q and the measurement noise covariance R.,Not specified beyond 'a small virtual UAV' / 'drone' in simulation with a monocular.,Custom synthetic simulation only: unnamed simulator.,"RMSE over 30 Monte Carlo runs of 3D position (North/East/Down, m), 3D velocity (m/s) and 3D Euler-angle attitude.","GNSS-denied operation is assumed ('we assume that GNSS measurements are unavailable', p. 1).","Application of an innovation- and residual-based adaptive Q/R estimation rule (Mohamed and Schwarz style, with forgetting factor) to the monocular MSCKF for UAV visual-inertial navigation.","None stated. No limitations section, no future-work statement.","RQ2 (filter-based MSCKF architecture), RQ3 (algorithmic-level adaptation: online Q/R covariance estimation from innovation and residual), RQ4 (simulation-only evaluation with RMSE, no named platform or benchmark). Weak RQ5 (no limitations stated).",Short 5-page conference paper (C2 adaptive / robust estimation).,,,,"p.1 Moreover, in this simulation, we assume that GNSS measurements are unavailable and the calibration parameters of the sensors are known. Camera + IMU only; no GNSS, LiDAR, UWB, magnetometer, barometer, altimeter, map matching or fiducials are fused.",no,,not stated,no,"p.4 Total 40 feature points are generated randomly along the trajectory. Synthetic point correspondences with 1 px tracking noise; no detector or tracker is named, so 'not stated' is coded rather than 'descriptor point features'.",no,"R is adapted as a single filter-level covariance from residual statistics (Eq. 14); there is no per-feature response, uniqueness or match-confidence weighting.",none stated,,
P0075,"Turci, L., Vitiello, F., Causa, F., Opromolla, R., Fasano, G",2024,"2024 AIAA DATC/IEEE 43rd Digital Avionics Systems Conference (DASC), IEEE (conference paper)",10.1109/dasc62030.2024.10748659,"Italy; Universita degli Studi di Napoli Federico II, Naples (all five authors)",C2,4,3.0,Loosely coupled: a monocular visual-odometry pipeline computes a full 6-DoF UAV pose.,Error-state EKF with 15-dimensional error state.,"Monocular, nadir-looking (downward) camera, wide FOV ~98 x 92 deg, 10 Hz, 1616 x 1450 px.",Point features: Shi-Tomasi corners detected in 'base frames'.,No.,Yes - per-frame camera measurement covariance R_cam = (J^T R^-1 J)^-1 computed from the LM Jacobian and per-feature covariances R_f.,Not stated.,Custom simulation only: synthetic images from Unreal Engine 4 linked with MATLAB/Simulink.,"RMS and maximum absolute error of attitude angles (heading, pitch, roll, deg), of NED position components (m).",GNSS-denied / GNSS-resilient outdoor flight (primary).,"A loosely-coupled monocular V-INS (Shi-Tomasi/KLT front-end, LM-based PnP, 15-state error-state EKF) in which (i) four feature-geolocation strategies (flat Earth, local flat Earth via DEM, DEM ray-mesh intersection, two-keyframe triangulation) are compared under identical fusion, and.",No explicit limitations section. Authors state that: DEM-intersection accuracy depends on DEM resolution and scenario characteristics (p. 10).,"RQ2 (loosely-coupled EKF architecture with PnP-based monocular VO), RQ3 (algorithmic-level adaptation: per-frame measurement covariance from feature geometry, chi-square/Mahalanobis gating; sensor/knowledge-level: DEM-aided feature geolocation), RQ4 (simulation-only evaluation, custom RMS/max-error metrics, unspecified platform), RQ5 (gaps: real-flight validation, DEM dependence, monocular depth without a-priori information).","Comparison/evaluation study (C4) of geolocation strategies inside one loosely-coupled EKF, from an aerospace (DASC) rather than robotics community.",,,,"p.4 The DEM intersection method provides a more accurate georeferencing solution. Indeed, the value of ||r_c->f|| can be retrieved without making any assumption on the terrain model. No additional sensor is fused: only IMU and camera enter the EKF.",no,,optical-flow-tracked corners,yes,p.2 feature detection is first performed by means of the Shi-Tomasi corner detector [14]. ...,no,"Borderline false. Shi-Tomasi response drives feature selection (strongest corner per cluster, p. 2) but not per-feature weights; the per-feature weights R_f in the LM/EKF.",L4,"L4: Due to the lack of geometrical assumptions or a priori information on the flight area, the feature triangulation method provides poorer results which",
P0119,"Gomaa, M. A. K., De Silva, O., Jayasiri, A., Mann, G. K. I. ",2022,"2022 IEEE Canadian Conference on Electrical and Computer Engineering (CCECE), IEEE (conference paper)",10.1109/ccece49351.2022.9918398,"Canada; Intelligent Systems Lab, Memorial University (of Newfoundland), St.",C5,2,4.0,Tightly coupled: the monocular epipolar constraint between consecutive keyframes.,Error-state (extended) Kalman filter with keyframe-based multi-pose state augmentation (two stochastically cloned keyframe poses).,Monocular forward-facing camera (20 Hz) with depth from a 3D LiDAR.,"Sparse point features matched between consecutive keyframes (epipolar geometry, Eq. 3) and image features with LiDAR-assigned depth.",No. Continuous-time error-state propagation from 200 Hz gyroscope/accelerometer inputs.,Partial - keyframe disparity gate switches the epipolar visual update off when the mean feature disparity fd.,"Quadrotor UAV, simulated only (Matlab simulator).",Custom Matlab simulation: cylindrical arena.,"Position RMSE (m) and orientation RMSE (deg) averaged over 50 Monte Carlo runs (Fig. 6a, Fig. 9a).",Hovering / zero-velocity (degenerate-motion) flight where multi-pose-constraint monocular VINS filters drift or diverge.,"A depth-enhanced error-state VINS filter (DE-VINS) that adds a LiDAR point-cloud-to-image-feature measurement model to a keyframe epipolar VINS, together with a nonlinear observability proof (basis-function approach) that the filter retains only the standard four-dimensional unobservable subspace.",No explicit limitations.,"RQ2 (filter-based tightly coupled architecture with LiDAR depth), RQ3 (robustness of estimation at hover / degenerate motion via depth augmentation and update gating), RQ5 (gap: simulation-only, no experimental validation); RQ4 marginally (custom Matlab simulation, RMSE/NEES).","Short (6-page) conference paper extending the group's IMM/observability-constrained VINS line ([3], [15]).'.",LiDAR augmentation,relative pose or point cloud,LiDAR augmentation: fixed,"p.3 This model considers all the features with depth where it constraints each matched camera feature with its corresponding point cloud from keyframe k - 2. The depth enhanced update happens at the faster camera rate (e.g., 20 Hz).",no,,not stated,no,"p.2 Feature Detection / Feature Matching Fig. 3 block labels only; no detector, descriptor or tracker is named anywhere, and the evaluation uses simulated feature points (p. 5).",no,"All features carry the same fixed noise (1 px camera, 3 cm LiDAR); no per-feature weighting or outlier rejection is described.",none stated,,
P0120,"Luo, H., Li, G., Zou, D., Li, K., Li, X., Yang, Z. (2023). U",2023,"IEEE Transactions on Geoscience and Remote Sensing (TGRS), IEEE (journal article)",10.1109/tgrs.2023.3323519,China.,C2,3,4.5,Tightly coupled monocular visual-inertial odometry built on the VINS-Mono framework.,Sliding-window factor-graph nonlinear optimisation (bundle adjustment) with a two-step scheme:.,Monocular RGB/greyscale camera. EuRoC: cam0 of the MAV rig.,Point-line: Shi-Tomasi corners tracked with KLT optical flow for points.,Yes.,Yes - adaptive re-weighting of the point-feature and line-feature information matrices as a logarithmic function of the per-keyframe reprojection-error RMSE.,Quadrotor / multirotor: 'drone-based data acquisition platform' carrying an Intel.,"EuRoC MAV dataset [9]: MH_03, MH_04, MH_05 (Machine Hall) and V1_02, V1_03, V2_02, V2_03 (Vicon Room 1 and 2) (Tables I, III, IV).","RMSE of the absolute trajectory error (ATE, m) with the loop-closure thread off and on.",GNSS-denied indoor environments; changing illumination and brightness.,"A VINS-Mono/PL-VINS-derived monocular point-line VIO with three additions: (i) adaptive gamma image correction replacing histogram equalisation, (ii) an improved EDLines line detector with adaptive gradient threshold and iterative short-line merging that is ~25% faster than LSD, and.","The authors state that the method still suffers from inaccurate scale (the monocular scale factor may change across environments, giving inconsistent global scale and poorer positioning).","RQ2 (optimisation-based tightly coupled monocular VIO with point-line features), RQ3 (algorithmic-level adaptation: reprojection-error-driven information-matrix re-weighting, adaptive gamma preprocessing, adaptive line-detector thresholds; C2 adaptive / robust estimation), RQ4 (EuRoC + custom VICON-truthed indoor sequences, ATE-RMSE, unnamed quadrotor with D455), RQ5 (stated gaps: monocular scale drift, long-term inertial drift, initialisation fragility).","The core adaptive mechanism is a per-keyframe, per-feature-class.",,,,"p.14 Therefore, to address the above issues, we intend to introduce new sensors, such as UWB sensors, into the system. Camera + IMU only; UWB is future work. No GNSS, LiDAR, magnetometer, barometer, altimeter, map matching or fiducials fused.",no,,point-line,yes,"p.3 the Shi-Tomasi algorithm for feature-point extraction, and the Kanade-Lucas-Tomasi (KLT) optical flow tracking algorithm for feature-point matching.",no,p.8 Each feature point can be considered to be independent and have the same weight.,L3;L4,"L3: On the other hand, the trajectory may diverge due to the accumulation of errors in the inertial sensors over time.",
P0128,"Ju, Z., Yan, C., Xiang, X., Lai, J., Zhou, H., Tang, D. (202",2025,"2025 IEEE International Conference on Robotics and Biomimetics (ROBIO), IEEE (conference paper)",10.1109/robio66223.2025.11378261,China.,C1,3,3.5,Tightly coupled camera-IMU MSCKF on each UAV.,Hybrid: EKF/MSCKF.,Monocular per UAV.,Sparse point features / map points.,"No / Not stated. IMU measurements drive the EKF propagation step (Eqs. 6-7, p. 3).","Partial - (i) camera intrinsics, camera-IMU extrinsics and a camera-IMU time offset are carried in the MSCKF calibration state X_v and estimated with the pose.",Not stated. Two identical simulated UAVs ('drones') in AirSim [26].,Custom AirSim simulation only (p. 5).,"Mean position error in metres after trajectory alignment, plotted against normalised pose index.",High-altitude / large scene-depth flight (30-80 m and 25 m above ground) causing narrow triangulation angles.,"A decentralised dual-UAV visual-inertial SLAM framework in which two UAVs flying in formation form a wide-baseline virtual stereo pair: each runs an MSCKF, and a consistency-aware optimisation thread.",No limitations section. The authors state that (a) the method gives no advantage over OpenVINS/VINS-Fusion when the scene is closer than about 10 m (p. 5).,"RQ2 (hybrid MSCKF + decentralised consensus optimisation, collaborative architecture), RQ3 (sensor-level: UWB ranging and inter-UAV co-visibility to restore scale observability at high altitude; system-level: pseudo-observation feedback from optimiser to filter), RQ4 (simulation-only AirSim evaluation, custom aligned-error metric, OpenVINS/VINS-Fusion baselines). Weak RQ5 (compute/accuracy trade-off in mapping).",Collaborative two-UAV system whose core VIO is a standard MSCKF.,UWB ranging augmentation,range to anchor,UWB ranging augmentation: not stated,p.4 It optimizes their trajectories using co-visibility observations between the two agents and UWB ranging measurements as constraints [23].,no,,not stated,no,p.2 we only add a small number of repeatedly observed feature points to the filter. Feature detector/tracker never named.,no,"Feature selection is limited to 'a small number of repeatedly observed feature points' (p. 2), a persistence criterion rather than a per-feature quality weight.",L1,"L1: Given the computational constraints of real-time camera-based mesh reconstruction for complex geometries, we selected a high-relief yet geometrically",
P0173,"Turci, L., Opromolla, R., Causa, F., Fasano, G. (2025). LiDA",2025,"2025 AIAA DATC/IEEE 44th Digital Avionics Systems Conference (DASC), IEEE (conference paper)",10.1109/dasc66011.2025.11257343,"Italy; University of Naples Federico II, Naples (all four authors)",C1,4,3.0,Loosely coupled.,EKF (loosely coupled): inertial navigation equations in the propagation step after high-frequency noise filtering of IMU data.,Monocular nadir-looking camera.,Point features: Shi-Tomasi corners detected in 'base frames' and tracked in 'search frames' with the Kanade-Lucas-Tomasi (KLT) tracker.,No.,Partial - (a) mode switching of the EKF measurement source between LiDAR-aided visual odometry (prioritised) and LiDAR-only ICP odometry (backup).,Not stated.,"Custom simulation only: Unreal Engine 4 photorealistic scene of a former industrial region in Naples, Italy.",Position estimation error per NED component (m) time series and RMS / maximum absolute values.,GNSS-denied / challenged flight (primary).,"A loosely-coupled EKF navigation architecture for GNSS-denied UAV flight that selects between two exteroceptive pose sources, LiDAR-aided monocular visual odometry.",No limitations section.,"RQ2 (loosely-coupled EKF fusing IMU with switchable LiDAR-aided VO or LiDAR-only odometry), RQ3 (system-level adaptation: measurement-source switching by flight/environment conditions; algorithmic: chi-square Mahalanobis gating and LM-cost gating for integrity), RQ4 (custom UE4/MATLAB simulation, RMS/max/percentage-of-distance metrics, no benchmark, platform unspecified), RQ5 (gap: autonomous, condition-driven sensor selection stated as future work; simulation-only evidence).",Incremental conference paper building on the authors' DASC 2024 [14] and PLANS 2025 [15] works'.,LiDAR augmentation,relative pose or point cloud,LiDAR augmentation: threshold switch.,p.3 The latter is used only to retrieve depth information for each camera-based feature.,no,,optical-flow-tracked corners,yes,"p.5 Feature points are initially detected in the base frame using the Shi-Tomasi corner detection method [26], and subsequently tracked across the following frames—referred to as search frames—using the Kanade-Lucas-Tomasi.",no,"The LM reprojection cost gate acts on the whole camera pose, and the feature-to-LiDAR association threshold is a geometric acceptance test, not a per-feature weight in the estimator.",L2,"L2: The selection of the appropriate measurements to use is closely dependent on flight conditions, particularly the UAV dynamics, since camera is suscept",
P0211,"Hu, J., Hu, J., Shen, Y., Lang, X., Zang, B., Huang, G., Mao",2022,"2022 IEEE International Conference on Robotics and Automation (ICRA), IEEE (conference paper)",10.1109/icra46639.2022.9811757,"China; Meituan UAV, Beijing (all authors)",C5,5,3.5,Tightly coupled: a single MSCKF/EKF state.,"EKF / MSCKF (hybrid MSCKF with SLAM features, built on OpenVINS [12]): IMU propagation with error-state transition matrix.","Monocular, downward-facing (70 deg HFOV, 50-60 deg VFOV, 20 Hz), p. 4.","Point features tracked by KLT optical flow ('KLT+Detection' block in Fig. 1, p. 1).",No.,Yes - online 5-DoF LRF-camera extrinsic calibration.,"MAV (micro aerial vehicle) for urban drone delivery, Meituan UAV.","Custom real-flight datasets only (Meituan, not public).",APE.,"GNSS-denied / unreliable urban airspace (motivation, p. 1).",LRF-VIO: an OpenVINS-style MSCKF that exploits one downward 1D laser range finder by (i) selecting the planar patch of Delaunay-triangulated SLAM features that the LRF beam hits and applying a co-planar range residual to every triangle in that plane.,No explicit limitations section. The authors state that the plane-selection strategy 'inevitably has outliers'.,"RQ2 (filter-based MSCKF/EKF architecture with SLAM features), RQ3 (sensor-level strategy: 1D range aiding for scale at high altitude; algorithmic-level: online extrinsic calibration, gating, LRF-based delayed initialisation), RQ4 (custom real-flight datasets, APE/RPE, CPU load and time cost, Jetson TX2 / i7-9750H platform), RQ5 (time-offset calibration and global referencing left as gaps).","Thematic class C5 auxiliary modality (altimeter / 1D range aiding), alternative C3 (scale observability at high altitude) or C1 multi-sensor fusion.",Radar / laser altimeter / downward rangefinder (range to ground),range to ground,Radar / laser altimeter / downward rangefinder (range to ground): fixed.,"p.4 a downward LRF with 120m effective range and an IMU. For the incoming images(20Hz), IMU sensors(250Hz), and LRF sensor(100Hz) One downward 1D laser range finder at 100 Hz fused into the EKF as a range residual to the plane of co-planar SLAM features.",yes,fixed,optical-flow-tracked corners,yes,p.1 KLT+Detection Fig. 1 block diagram labels the front-end 'KLT+Detection' feeding VIO and SLAM features; the detector is not named in the text (OpenVINS base uses FAST/Shi-Tomasi corners). Coded optical-flow-tracked corners on the strength of the KLT label.,no,p.4 where c is proportional to the pixel-wise distance between the current point and the point at which the LRF beam and the image plane intersect.,none stated,,
P0225,"Wang, Y., Yang, C., Zhang, C. (2021). Loose Coupled Initiali",2021,"2021 6th International Conference on Robotics and Automation Engineering (ICRAE), IEEE",10.1109/icrae53653.2021.9657780,"China; School of Mechatronical Engineering, Beijing Institute of Technology (BIT)",C3,2,3.5,Loosely coupled.,Nonlinear / linear least-squares optimisation over an initialization window.,Monocular.,ORB point features (chosen for rotation invariance) plus line features used only for horizon detection.,Yes.,Partial - horizon-driven feature gating.,Fixed-wing UAV.,Custom; dataset collected from the authors' own X-Plane 10 / JSBSim semi-physical simulation.'.,Maximum pitch-angle alignment error (deg) and maximum roll-angle alignment error.,Outdoor low-altitude flight (100-1000 m) with both sky and ground in view.,A loosely coupled monocular-vision-aided in-flight initial alignment method for fixed-wing UAV inertial navigation: (i) a prior-free horizon selection that picks the line feature with the largest ORB-count difference between its sides and discards sky-side features.,"The method needs to accumulate about 3.81 s of image and IMU data before alignment, whereas the baseline needs a single image.","RQ2 (loosely coupled optimisation-based visual-inertial alignment), RQ3 (robustness of initialization to large misalignment angles and horizon loss via feature-count-based horizon selection), RQ4 (fixed-wing semi-physical simulation, attitude-error and timing metrics), RQ5 (fixed-wing and initialization gap)","Initialization-only paper, not a full VIO pipeline: it delivers the initial state for a subsequent (undescribed) visual-inertial navigation system.",,,,"p.2 Raw image / Raw IMU data Fig. 1 block diagram: only camera and IMU enter the alignment. Flight altitude (100 m) is a simulation parameter, not a fused measurement; GPS is only mentioned in related work.; No auxiliary sensor fused.",no,,descriptor point features,yes,"p.3 we choose to extract orb feature points because of their rotation-invariant property. ORB descriptors matched between frames, RANSAC + 5-point method (p. 3). No optical-flow tracking.",no,"p.3 After segmenting the image region, only the feature points on the ground are used for matching. Feature rejection is region-level (sky vs ground side of the horizon) followed by RANSAC.",none stated,,
P0251,"H. Chen, L. Zhang, D. Li, J. Xu, W. Yang, Z. Yang, 'REFLoc: ",2024,"IEEE Transactions on Instrumentation and Measurement, vol. 73, art. 5021413, IEEE (doi 10.1109/TIM.2024.3403196)",10.1109/tim.2024.3403196,"China; School of Mathematics, Hefei University of Technology (first author).",C2,4,3.5,Hybrid: tightly coupled VIO+UWB sliding-window optimisation.,Hybrid: sliding-window nonlinear least squares.,Monocular.,"Point keypoints, 'keypoint detection and matching between frames' (p.4); detector/tracker not named, inherited from VINS-Mono [27].",Yes.,Yes - genetic-algorithm ('resilient evolutionary') rescaling of EKF process and measurement noise covariances.,Custom quadrotor (Fig. 7) carrying an Intel RealSense D435i and a DWM1000 UWB tag.,"EuRoC MAV: MH_01, MH_02, MH_03, MH_04, MH_05, V1_01, V1_02, V1_03, V2_01, V2_02, V2_03.","ATE (m, mean per sequence and per scene, Tables III-V; boxplots Fig. 6).","GPS-denied indoor; UWB NLOS / multipath / occlusion (experimenters obstruct base stations, Rician fading simulation).","REFLoc: an optimised-EKF fusion of tightly coupled VIO+UWB with online genetic-algorithm adaptation of process/measurement noise covariances and Huber-weighted gain, plus an HTWD wavelet denoiser for UWB positions.",None stated,"RQ2 (hybrid optimisation + filter architecture), RQ3 (adaptive noise covariance tuning, robust weighting, UWB aiding), RQ4 (EuRoC + custom indoor, ATE)",Thematic class: C2 adaptive/robust estimation (alternatively C1 multi-sensor fusion). The VIO part is VINS-Mono inherited.,UWB ranging augmentation,range to anchor,UWB ranging augmentation: adaptive.,p.5 eq. 9: 'we construct the residual term of UWB ... PU is the covariance matrix of UWB measurements'; p.6 eq. 13: 'Zk is the distance between UAV and base station at time k'.; p.6 eq. 18: 'Q_hat_k = mu Q_{k-1}; R_hat_k = lambda R_{k-1} ...'.,no,,not stated,no,"p.4: 'tracking UAV positions and orientations through keypoint detection and matching between frames'; p.3: 'feature tracking, and sliding window optimization'. Detector and tracker are not named; VINS-Mono [27] is the referenced backbone.",no,"No per-feature weighting; the Huber norm rho on visual residuals (eq. 8) is inherited from VINS-Mono and the Huber weight w (eq. 21) is applied to the UWB innovation, not to keypoints.",none stated,,
P0335,"Li, L., Xu, T., Nie, W., Jiang, N., Wang, J., Su, W. (2025).",2025,"IEEE Sensors Journal, vol. 25, no. 1 (IEEE)",10.1109/jsen.2024.3487243,"China; Institute of Space Sciences, Shandong University, Weihai",C2,2,4.0,"Tightly coupled (visual reprojection and IMU preintegration residuals jointly optimised in one sliding window, eq. 4, p.3)","Sliding-window factor-graph nonlinear optimisation with marginalisation prior (VINS-Fusion / Ceres-Solver base, p.3, p.7)","Stereo (primary derivation, stereo VO and stereo+IMU experiments) and monocular+IMU.","Point features: corner extraction with KLT sparse optical-flow tracking ('corner extraction and KTL sparse optical flow tracking', p.6).","Yes; on-manifold preintegration after Forster et al. [24] (p.3, eq. 7-8)",Yes - per-feature visual covariance scaling by a resilient coefficient psi(d) = 3.0/depth^2 inside a reliable depth interval (0.2-20 m).,EuRoC MAV.,"EuRoC MAV: Machine Hall MH01-MH05 and Vicon Room V101, V102, V103, V201, V202, V203.","ATE RMSE (Tables I-III); ATE time series with Max/Min/Std/Median/Mean/RMSE (Figs. 6, 8, 10; evo toolkit).","Motivated by changing light conditions, motion blur, low texture and dynamic environments (abstract, p.1-2).","Derives that stereo depth error grows with depth squared and inversely with baseline, then uses the triangulated depth of each feature point as a per-observation credibility measure to adaptively scale the visual reprojection covariance.","Gains are much smaller once an IMU is fused ('does not provide much performance improvement in combinations that incorporate IMU devices', p.8), and stereo+IMU gains are 'more limited'.","RQ2 (optimisation-based tightly coupled VIO), RQ3 (adaptive covariance / robust weighting, algorithmic level), RQ4 (EuRoC benchmark, ATE/RPE, laptop CPU timing), RQ5 (limited gain with IMU, dataset-only validation)","Weighting is model-based (geometry of stereo triangulation), not learned; the constant C for depths below dMin is not specified.",,,,No sensor beyond stereo/mono camera and IMU is fused; p.10 lists UWB and LiDAR only as future work: 'we will explore ... integrating ultrawide band sensors ... and incorporating light detection and ranging sensors'.,no,,optical-flow-tracked corners,yes,p.6: 'The visual front end conducts corner extraction and KTL sparse optical flow tracking [28] for each input frame while also calculating the disparity of feature points.',yes,p.5-6: 'we can adjust the weight of each visual observation that participates in the fusion solution based on depth to reduce the impact of feature points with large depth errors'.,L3,"L3: p.10: 'In future work, we will explore more robust SLAM systems, such as integrating ultrawide band sensors to constrain error accumulation in visual-",
P0374,"Chang, C.-W., Lian, F.-L. (2024). Error-State Kalman Filter ",2024,"2024 IEEE/RSJ International Conference on Intelligent Robots and Systems (IROS), IEEE (conference paper)",10.1109/iros58592.2024.10801565,Not stated.,C1,2,4.5,Loosely coupled.,ESKF (error-state Kalman filter) following Sola's quaternion-kinematics formulation [11] and Santamaria-Navarro et al.'.,Monocular downward-facing camera implicit in the DJI Ryze Tello 'vision positioning system'.,Not stated. The vision positioning system is a black box on the closed platform; only its velocity output is used (p. 4).,No.,No. All process and measurement noise covariances are fixed constants.,"Quadrotor: DJI Ryze Tello, 150 mm x 150 mm, 87 g.","Custom real-flight data only: six Tello flights, three square trajectories (Sq-1, Sq-2, Sq-3) and three circular trajectories.","Position RMSE (m) and maximum position error (m) against LiDAR (Cir) or marker (Sq) reference, Eq. 33.",GNSS-denied operation without external infrastructure is the motivation (p. 1).,"An innovation signal for orientation measurements living on the unit-quaternion group S3 inside the quaternion-based ESKF (ESKF-Q): alpha = Log(h*(x) ⊗ y_o) with first-order linearisation via the inverse right Jacobian, yielding covariance update Eq. 23 and optimal gain Eq. 24.","No limitations section. The authors state that all three filters, including ESKF-Q, show apparent drift in the y and z axes (p. 5).","RQ2 (filter-based VIO architecture: quaternion ESKF with on-manifold orientation update), RQ3 (robustness of estimation to orientation-measurement-model uncertainty; loosely coupled fusion of preprocessed velocity/orientation), RQ4 (custom real-flight evaluation, RMSE/max-error metrics, micro commercial quadrotor). Little for RQ1 beyond descriptive stats; RQ5 only via the stated drift and packet-loss gaps.",Borderline VIO: the 'visual' part is the closed-platform Tello's black-box vision positioning system delivering a velocity vector'.,,,,"p.4 Both measurements are served as ground truths for odometry evaluation. The VLP-16 LiDAR and ArUco-marker camera are ground-truth instruments only (Fig. 1 caption, p. 1; Sec. III-A-c, p. 4) and are not fused.",no,,consumed pose stream,no,"p.4 From tello_driver, IMU linear acceleration aB_m, angular velocity ωB_m, and orientation measurement in quaternion qB_m are available at around 20 Hz.",no,No keypoints are handled.,L3,L3: Fig. 2 and Fig. 3 reveal that the odometry estimated by all three methods possess apparent drifts in both the y-axis and z-axis of {I},
P0381,"Zhen, X., Deng, Z., Lou, B., Hou, L., Wei, L. (2024). Autono",2024,"2024 11th International Forum on Electrical Engineering and Automation (IFEEA), IEEE (conference paper)",10.1109/ifeea64237.2024.10878697,China; Beijing University of Posts and Telecommunications (all five authors),C6,0,3.0,Tightly coupled at the estimator level: the VIO is VINS-Mono.,Hybrid: sliding-window nonlinear optimisation.,Monocular. RGB stream of an Intel RealSense D435i feeds the VIO.,Not stated beyond the VINS-Mono base system.,"Yes, implicitly via VINS-Mono (Qin/Shen quaternion preintegration); not restated in the paper.","Partial - (i) per-keyframe RANSAC fit of a linear scale/offset (alpha_k, b_k) mapping the depth network's relative depth to the VIO's metric sparse points.",Self-developed micro-UAV.,"EuRoC MAV (VIO accuracy and initialization-time experiments): MH_01_easy, MH_02_easy, MH_03_medium, MH_04_difficult, V1_01_easy.",ATE expressed as RMSE in metres on EuRoC (Table II).,Monocular scale ambiguity / lack of metric dense depth for obstacle avoidance (primary).,"A monocular UAV navigation stack that (i) aligns a frozen pre-trained monocular depth network to VINS-Mono's metric sparse map with a per-keyframe RANSAC linear model to yield scale-consistent dense depth for EGO-Planner-style planning, and'.",None stated. No limitations or future-work section. The authors note in passing that the D435i depth ground truth 'may not be accurate'.,"RQ2 (optimisation-based monocular VIO augmented by a depth network), RQ3 (algorithmic-level: learning-augmented initialization; system-level: online scale alignment of learned depth to the VIO map, RANSAC outlier rejection), RQ4 (EuRoC MH/V sequences, ATE-RMSE, initialization latency, custom real-flight completion/collision metrics, offboard RTX 4060 workstation). Weak RQ5 (offboard compute dependency as an unacknowledged gap).",Integrated-system paper whose VIO-relevant novelty is the depth-network-assisted visual initialization of VINS-Mono (Section II-B).,,,,"p.2 once a new mono-image coming, the mono-depth module and VIO module will process the image at the same time, obtaining the pose and the scaled depth and feed them into the motion planner module. Camera + IMU only.",no,,optical-flow-tracked corners,yes,p.2 We use the visual inertia odometer VINS-Mono based on optimized state estimation. Inferred from the unmodified VINS-Mono front-end (Shi-Tomasi corners tracked by KLT optical flow).,no,No per-feature weights in the VIO.,L1,"L1: Limited by the computing power of micro-UAV, most of the calculation content of our method is completed on the ground workstation (with Intel core i7-",
P0425,"Liu, Y., Dong, J., Li, Y., Gong, X., Wang, J. (2022). A UAV-",2022,"IEEE Transactions on Instrumentation and Measurement (journal), IEEE",10.1109/tim.2022.3198713,China.,C6,3,4.0,Tightly coupled (VINS-Mono sliding-window VIO retained as-is) with an additional loosely coupled pose-level layer: ArUco-marker PnP.,"Sliding-window optimisation (VINS-Mono, Eq. 1) for visual-inertial odometry.",Monocular.,Point features: Harris/Shi-Tomasi corners tracked by optical flow.,Yes.,Yes - adaptive per-constraint weighting of ArUco-marker external constraints by a marker-quality score omega = cos(theta) / (1 + e^{k(d - d0)}).,Quadrotor: S500 frame with Pixhawk (PX4) flight controller.,Custom only.,"Absolute pose error (APE, evo toolbox): translation error (m) and yaw error (deg) at fixed travelled distances.",GPS-denied indoor hangar.,An external-constraint-based localisation module (ECLM) that augments VINS-Mono with pre-calibrated ArUco-marker constraints of two kinds (different-marker and same-marker revisit) in a 4-DoF least-squares pose optimisation.,"Authors state two limitations, both on the detection side: (1) cracks too slight to be resolved in the images (even by humans) are missed, remedy being a higher-resolution camera.","RQ3 (adaptive constraint weighting, marker-based drift suppression), RQ2 (optimisation-based VIO with fiducial augmentation), RQ4 (custom simulation + real-flight evaluation, APE), RQ5 (dependence on scene features / pre-deployed infrastructure)",Application-driven system paper (aircraft hangar inspection). The VIO core is unmodified VINS-Mono.,Fiducial markers (absolute pose),absolute pose,Fiducial markers (absolute pose): adaptive.,"p.6 The ArUco marker is adopted in this work, due to its convenience and robustness for detection. Each ArUco marker has a predefined coordinate frame built by its inner coded matrix.",no,,optical-flow-tracked corners,yes,"p.5 rC depicts the reprojection errors produced by tracking the same Harris features observed in two consecutive frames, which is computed through the optical flow algorithm.",no,"The adaptive score (Eq. 10, p. 7) weights whole fiducial-marker observations by viewing angle and distance; it is not a per-keypoint descriptor-response, uniqueness or match-confidence weight on natural features.",L2,"L2: Moreover, the localization accuracy of our algorithm would be further improved to reduce the dependence of visual localization on features in the scen",
P0565,"Yuan, Y., Liu, H., Liu, X. (2025). High-Altitude Visual Feat",2025,"2025 9th International Conference on Vision, Image and Signal Processing (ICVISP), IEEE (conference paper)",10.1109/icvisp68610.2025.11451677,China.,C6,3,3.5,"Tightly coupled: camera poses, velocities, feature inverse depths and IMU biases are jointly optimised in one sliding-window cost.","Sliding-window nonlinear optimisation (Levenberg-Marquardt in Ceres Solver, ~10 keyframes, marginalisation of old variables) for local VIO.",Stereo camera hardware: StereoLabs ZED 2i (1080x720 at 10 Hz) with its integrated six-axis IMU.,Point features: Shi-Tomasi corners.,Yes.,Partial - automatic target-assisted camera-IMU extrinsic calibration by reprojection-error minimisation against a calibration target with known 3-D points.,"Multi-rotor UAV, model not named.","Custom real-flight dataset only: urban airspace over Xi'an, China, at three altitudes'.","ATE (m) and RPE (m) per altitude vs VINS-Mono (Table I, p. 4).",High-altitude flight (50-150 m) with sparse ground texture and small baseline-to-height ratio.,"A VINS-Mono-style tightly coupled stereo-camera/IMU sliding-window VIO with loop-closure factor-graph back-end, combined with automatic target-assisted camera-IMU extrinsic calibration, evaluated on real high-altitude (50-150 m) urban flights on a Jetson Xavier NX.","The authors state that the implementation still relies on feature-based tracking, which may degrade in textureless aerial scenes (Section IV-F, p. 5).","RQ2 (optimisation-based tightly coupled VIO with hierarchical local/global factor graphs), RQ3 (system-level strategies: automatic extrinsic calibration, loop-closure global optimisation; algorithmic: RANSAC outlier rejection), RQ4 (custom high-altitude real-flight dataset with RTK ground truth, ATE/RPE, Jetson Xavier NX platform), RQ5 (stated gap: feature-based tracking in textureless high-altitude scenes; missing computational evidence).",Short (5-page) conference paper whose method section reproduces the VINS-Mono pipeline.,,,,p.4 Each algorithm was configured for real-time onboard operation without external GNSS assistance. Only camera + IMU are fused. RTK-GNSS + IMU is used solely as ground truth; GPS/LiDAR are named as future work. Empty aux list; no aux_fusion_weight entries.,no,,optical-flow-tracked corners,yes,p.3 We use the Shi-Tomasi corner score to select robust features. ... Pyramidal optical flow is used for tracking and RANSAC rejects outliers. Shi-Tomasi corners tracked by pyramidal (KLT) optical flow: the canonical optical-flow-tracked-corners front-end.,no,"p.3 the corner strength is: M = min(lambda_1, lambda_2) The Shi-Tomasi min-eigenvalue response is used only to select corners (standard detector thresholding), not to weight features in the estimator.",L2,"L2: However, the current implementation still relies on feature-based tracking, which may degrade in textureless aerial scenes.",
P0584,"Liu, F., Cao, Y., Cheng, X., Wu, J., Gu, W., Liu, L. (2025).",2025,"IEEE Transactions on Circuits and Systems for Video Technology (TCSVT), vol. 35, no. 6, IEEE (journal article)",10.1109/tcsvt.2025.3530077,China.,C2,3,4.0,"Tightly coupled LiDAR-visual-inertial: IMU pre-integration residuals, LiDAR edge-plane residuals.",Factor graph / sliding-window nonlinear least squares with a Graduated Non-Convexity.,Monocular: Intel RealSense D435i used as a monocular camera.,Point-line: ORB point features (FAST keypoints + BRIEF descriptors) plus improved LSD line segments.,Yes; IMU pre-integration factor with alpha/beta/gamma terms and bias residuals.,Yes - GNC-based adaptive confidence factors s_visual = u/w (tracked visual-feature count over sliding-window size) and s_lidar = exp(-d_mse/lambda^2).,Custom quadrotor: PX4 autopilot on a CUAV V5 nano flight controller.,"Public: NTU VIRAL (eee_01-03, nya_01-03, sbs_01-03) for the full LVI system (Table III).","RMSE of translational ATE [m] (NTU VIRAL Table III; ICL-NUIM Table II, mean of five runs).","Underground / GNSS-denied space; poor illumination (DCE-Net, UG sequences).",A tightly coupled LiDAR-visual-inertial factor-graph localiser whose visual and LiDAR residual blocks are weighted by adaptive confidence factors.,No limitations section. Stated in passing: ground truth cannot be obtained in the underground environments so accuracy is assessed only by start-to-end translation distance (p. 10-11).,"RQ2 (optimisation-based, tightly coupled LiDAR-visual-inertial factor graph with GNC), RQ3 (algorithmic-level adaptive robust weighting of sensor modalities by degradation, sensor-level LiDAR depth and structural constraints, front-end low-light enhancement and point-line features), RQ4 (NTU VIRAL, ICL-NUIM, TUM, TAMU benchmarks; custom PX4 quadrotor with D435i / Xsens / Livox Mid-360), RQ5 (no onboard runtime, no ground truth underground, vibration-robust initialisation as a gap).",Thematic class C2 (adaptive / robust estimation) is the natural primary; C1 multi-sensor fusion is the alternative since the estimator is a full LVI system.,LiDAR augmentation,relative pose or point cloud,LiDAR augmentation: adaptive (s_lidar = exp.,"p.6 After receiving new LiDAR features Li = {Ledge_i, Lplane_i} at time i, we construct LiDAR edge-plane factor through point-to-edge and point-to-plane matching residual errors based on the method in [45] Livox Mid-360 (own platform) / Ouster OS1-16.",no,,point-line,yes,"p.4 First, point feature extraction is performed to detect ORB features in images, including FAST keypoints and BRIEF descriptors. ORB points plus improved LSD line segments with Manhattan-frame association (Section IV-C).",no,"Confidence factors are modality-level (one omega_visual for all point, line and MF residuals; one omega_lidar). Per-feature elements exist only as pre-filters or auxiliary weights: short-line elimination by length.",none stated,,
P0613,"Hu, Y., Gardi, A. (2025). Optimal Navigation and Obstacle Av",2025,"2025 IEEE 12th International Workshop on Metrology for AeroSpace (MetroAeroSpace), IEEE (workshop/conference paper)",10.1109/metroaerospace64938.2025.11114464,"China; University of Electronic Science and Technology of China, Chengdu (first author).",C2,4,3.5,Hierarchical / loosely coupled at the system level: VINS-Fusion.,"Hybrid: optimisation-based VIO front-end (VINS-Fusion, unmodified) feeding a 16-state EKF.",Stereo: a 'customized stereo vision sensor' simulated in Gazebo feeds VINS-Fusion for VIO and an.,Not stated. VINS-Fusion is used as-is ('VINS-Fusion is employed to tightly couple Visual Odometry'.,Yes inside VINS-Fusion.,Yes - Sage-Husa adaptive estimation of the VIO measurement-noise covariance R_k and a VIO static-bias term r_k from innovation statistics with a forgetting.,Quadrotor: PX4 official standard 'Iris' model simulated in Gazebo with PX4-Autopilot.,Custom Gazebo simulation only.,Following Zhang and Scaramuzza [20]: (i) absolute error as 3-D trajectory superposition vs ground truth (Fig. 3a/b).,"GNSS-denied and GNSS-degraded (NLOS, multipath, satellite-visibility loss) urban canyon, both evaluated.","A co-designed navigation and obstacle-avoidance stack for urban canyons in which a 16-state Sage-Husa adaptive EKF fuses covariance-less VINS-Fusion stereo VIO with IMU, barometer and intermittent synthetic GNSS, adaptively estimating the VIO measurement noise and bias online (b = 0.97).",No limitations section.,"RQ2 (hybrid architecture: optimisation-based VIO front-end inside a filter-based multi-sensor back-end), RQ3 (algorithmic-level adaptation: Sage-Husa innovation-based measurement-noise estimation for the VIO channel; sensor-level: barometer height channel and intermittent GNSS), RQ4 (Gazebo/PX4 simulation-only, RMSE-% and RPE per [20], Iris quadrotor). Weak RQ5 (stated visual-degradation limitation, no flight testing).",Integrated-system paper.,GNSS / RTK / SBAS augmentation; Barometer (absolute pressure altitude),absolute 3-D position; absolute pressure altitude,GNSS / RTK / SBAS augmentation: not stated; Barometer (absolute pressure altitude): not stated,"p.3 In the case of GNSS and VIO, which deliver velocity and position information, H is tailored to reflect these measurements ...",yes,not stated,optical-flow-tracked corners,yes,"p.2 VINS-Fusion is employed to tightly couple Visual Odometry (VO) with MEMS-based inertial sensors, thereby generating relatively accurate pose estimations. Inferred from unmodified VINS-Fusion (Shi-Tomasi corners + KLT optical flow).",no,No per-feature weighting; visual front-end used as-is from VINS-Fusion. Adaptation is at the whole-measurement covariance level.,L2,L2: the architecture remains susceptible to significant navigation accuracy degradation in homogeneous environments or haze conditions due to its heavy re,
P0434,"Yue, S., Lv, Y., Mao, J., Du, X., He, X., Luo, X. (2025). LM",2025,"2025 China Automation Congress (CAC), IEEE (conference paper)",10.1109/cac67268.2025.11487778,China.,C1,3,3.0,Tightly coupled MSCKF: IMU error-state propagation with camera-clone states in a sliding window.,MSCKF / EKF (filter-based).,"Single FLIR camera, 1280x1024 at 10 Hz (Table I, p. 5; Fig. 2 shows one lens).","Point features with reprojection error in the MSCKF update ('the feature point reprojection error is utilized', p. 4).",No.,No. The magnetometer calibration (ellipsoid fitting) and the heading-aided initialisation are performed statically before flight.,Custom lightweight multirotor.,"Custom real-flight data only: one outdoor flight at Yinhe Square, National University of Defense Technology, Changsha.","Position error in metres vs RTK: MAX, Mean, Median, RMSE, Std.",GNSS-denied navigation (RTK used only as reference).,LM-VINS: (i) a magnetic-assisted static initialisation that calibrates the magnetometer by ellipsoid fitting and sets the initial yaw from the declination-corrected magnetic heading so the VIO frame is aligned to geographic north.,"None stated. Future work only: maintain positioning accuracy under scene changes, sensor failures or interference (p. 6).","RQ2 (filter-based MSCKF architecture with magnetometer heading aiding), RQ3 (sensor-level strategy: absolute heading from magnetometer to remove yaw unobservability; system-level magnetic-aided initialisation), RQ4 (custom real-flight evaluation vs RTK, RMSE metrics, RK3588 embedded platform). RQ5 weakly (no gaps stated by the authors).",Multi-sensor fusion paper (C1) adding a magnetometer heading update to an MSCKF; nothing in the estimator adapts online.,Magnetometer / Magnetic,heading,Magnetometer / Magnetic: fixed,"p.4 The geomagnetic heading provides a measurement of the heading angle in the IMU state, with the measurement model: psi_o,t = psi_m,t + n_t Magnetometer heading fused as a scalar measurement on yaw.",no,,not stated,no,"p.4 In the MSCKF algorithm, the feature point reprojection error is utilized. Point features with reprojection residuals, but the detector/tracker is never named.",no,No per-feature weighting; visual update uses standard reprojection residuals with Gaussian noise.,none stated,,
P0387,"Jia, J., Li, W., Yu, X., Wang, Y., Guo, K., Guo, L. (2026). ",2026,"IEEE Transactions on Industrial Electronics (IEEE), journal",10.1109/tie.2025.3642438,"China; Hangzhou Innovation Institute, Beihang University",C5,3,4.0,Loosely coupled: a plug-and-play UWB module (own particle filter) outputs position plus a credibility index.,Hybrid: UWB position by composite disturbance filtering.,"Stereo (Intel RealSense D455, VINS-Fusion stereo)",Not stated (VINS-Fusion used as-is; paper only refers to 'traditional feature-based methods'),"Not stated (inherited from VINS-Fusion, not described)",Yes - credibility-weighted UWB fusion weight alpha = alpha_st / (1 + exp(-kappa (C_k - C_thr))) with C_k = smoothed ESS ratio x minimum FIM eigenvalue.,Custom quadrotor.,Custom real flights: Scenario 1 indoor 6 m x 6 m Optitrack area.,"RMSE (x, y, total position), MAE (x, y, total), STD of error (x, y, total).",Indoor GNSS-denied; featureless white walls / pseudo-features (low texture); wind disturbance from fan.,"Plug-and-play UWB localization module embedding quadrotor dynamics, composite disturbance filtering (DO + PF) for wind and skew-t UWB noise, and a credibility metric combining FIM minimum eigenvalue with PF effective sample size that gates/weights UWB fusion into VIO.",None stated as limitations of the method; authors note the corridor test lacks ground truth.,"RQ2, RQ3, RQ4",Primary contribution is a UWB estimator; VIO is an off-the-shelf VINS-Fusion consumer. Requires pre-surveyed fixed UWB anchors (6).,UWB ranging augmentation,range to anchor,UWB ranging augmentation: adaptive.,p.3: 'several UWB transceivers at fixed positions... in the two-way ranging (TWR)-based localization system'; p.6: 'six anchors were deployed'.,no,,consumed pose stream,no,"p.6: 'The VIO navigation data comes from the stereo-vision method VINS-fusion [36], which is computed in real-time'; the paper consumes the VIO output and does not describe its front-end.",no,,none stated,,
P0702,"Rebello, J., Li, C., Waslander, S. L. (2021). DC-VINS: Dynam",2021,"IEEE/CVF International Conference on Computer Vision Workshops (ICCVW 2021), IEEE/CVF",10.1109/iccvw54120.2021.00289,Canada; University of Toronto Institute for Aerospace Studies (UTIAS),C2,1,4.0,Tightly coupled (visual-inertial bundle adjustment in VINS-Fusion with a time-varying gimbal camera-IMU extrinsic chain),Sliding-window nonlinear optimisation (VINS-Fusion).,"Monocular dynamic (gimbal-stabilised, 3-axis actuated) camera.",Point features with inverse-depth parameterisation and pixel reprojection residuals inherited from VINS-Fusion.,Yes - VINS-Fusion / VINS-Mono IMU preintegration residual (refers to [29]); not re-described,Yes - online extrinsic calibration of a time-varying camera-IMU chain.,Simulated AscTec Firefly multirotor.,Custom simulated data only: RotorS/Gazebo Environment 1.,"Trajectory RMSE, mean and standard deviation of position error (EVO); calibration pixel reprojection error (mean/SD).","Aggressive / high-dynamic UAV motion (motion blur, viewpoint coupling).","First online in-flight extrinsic calibration between an IMU and a gimbal-mounted dynamic camera inside a tightly coupled VIO (DC-VINS on VINS-Fusion), with degeneracy analysis and a novel minimal parameterisation of the actuated chain.","Calibration accuracy depends strongly on the particular drone motion (some parameters are poorly constrained), left for future research.","RQ2, RQ3, RQ4",Simulation-only (RotorS/Gazebo). The abstract's 0.26 m RMSE and 31.45% improvement are from the dynamic-vs-static camera experiment (Table 2).,,,,"p.4 Eq. (7): state contains only IMU states, inverse depths, calibration parameters and joint angles; no other sensor fused",no,,not stated,no,"p.2/p.4: ""We build our calibration into the VINS-Fusion [29] package""; the feature detection/tracking front-end is never described in the paper",no,,none stated,,
P0703,"Sun, J.; Wang, R. (2025). Fast Monocular Visual-Inertial Odo",2025,"IEEE Sensors Letters, vol. 9, no. 6, art. 6006201 (IEEE)",10.1109/lsens.2025.3565321,"China, College of Electronic and Information Engineering, Tongji University, Shanghai",C7,2,4.5,Tightly coupled,Sliding-window nonlinear optimisation (VINS-Mono back end) with added line-feature and vanishing-point residuals,Monocular,Point features (VINS-Mono point detection and tracking) plus line features from an improved EDLines detector.,Not stated (inherited implicitly from the VINS-Mono pipeline the method is built on),"Yes - adaptive per-pixel EDLines gradient threshold from neighbourhood gradients, globally halved (factor 0.5) when fewer than 30 line segments are detected.",Not stated.,"EuRoC MAV (MH-03-medium, MH-04-difficult, MH-05-difficult, V1-02-medium, V1-03-difficult, V2-02-medium, V2-03-difficult).",RMSE of ATE (m); RMSE of RPE rotational component (deg/m); standard deviation and Mann-Whitney U p-value vs PL-VINS.,"Low texture, illumination changes / dark scenes (MH-05 dark segment), line-feature degeneracy under pure translation.",Improved EDLines line detector (adaptive gradient threshold + short-line merging) giving 10.5 ms per-frame line detection vs 35.4 ms (PL-VIO) and 13.3 ms (PL-VINS).,Still drifts significantly in very harsh scenes such as extremely low-texture scenes; performs poorly in unstructured environments.,"RQ2, RQ3, RQ4",Letter (4 pp.). Not UAV-specific: drones mentioned only as an application; EuRoC MAV provides the aerial evidence. Reported results without loop closure.,,,,No sensor beyond camera and IMU is fused; GNSS and LiDAR appear only as future work (p.4).,no,,point-line,yes,p.1: point features from VINS-Mono plus 'line feature tracking based on an efficient line detection algorithm'; p.2: 'we use the line band descriptor (LBD) descriptor and K-Nearest Neighbor (KNN) for line segment matching'.,no,,L1;L2,"L1: p.4: 'we will improve the line matching algorithm to further reduce computational overhead and conduct experiments on...'; L2: p.4: 'our method still experiences significant drift in very harsh scenes, such as extremely low-texture scenes, and...'",
P0705,"Slavic, G., Regazzoni, C., Marcenaro, L., Martin Gomez, D. (",2025,"2025 IEEE 12th International Workshop on Metrology for AeroSpace (MetroAeroSpace), IEEE, pp. 137-142, DOI 10.1109/MetroAeroSpace64938.2025.11114592",10.1109/metroaerospace64938.2025.11114592,"Italy, University of Genoa (DITEN)",C1,3,3.5,Loosely coupled: the DJI drone's built-in VIO position output is fused with sparse ArUco-marker absolute positions in a position-level.,"Kalman Filter (linear KF; VIO inter-frame velocity as prediction, ArUco-derived position as observation when available)","Monocular (frontal RGB camera, 3840x2160 at 30 Hz)","ArUco fiducial markers (4x4 dictionary, cv2.aruco PnP pose); VIO front-end internal to DJI firmware, not stated",Not stated (IMU used only inside the proprietary DJI VIO),"Yes - observation covariance inflated with camera-to-marker distance and with disparity between consecutive ArUco-derived positions, trigger.","DJI Air 2S (written 'DJI FLY 2S') quadrotor, manually piloted","Custom indoor dataset recorded by the authors: LOM (loop motion, 18 trajectories), FM (frontal motion, 27), LAM.","Mean and standard deviation of Euclidean position error vs lidar ground truth (for VIO, ArUco-only and VIO+ArUco).",GNSS-denied indoor flight; VIO drift; sparse marker visibility,"An indoor drone localization dataset plus a pipeline that fuses the drone's onboard VIO with sparse ArUco absolute fixes in a KF with distance- and jump-dependent observation covariance, validated against a fixed-lidar ground truth with automatic alignment and velocity-based time synchronization.",None stated,"RQ2, RQ3, RQ4","Estimator consumes the proprietary DJI VIO output rather than implementing VIO. Lidar is a validation (ground-truth) sensor, not fused.",Fiducial markers (absolute pose),absolute pose,Fiducial markers (absolute pose): adaptive (camera-to-marker distance and disparity between consecutive marker-derived positions),"p.3: ""ArUco markers are detected in the drone camera images... a sparse absolute localization is obtained""; observation covariance.",no,,consumed pose stream,no,"p.3: ""The DJI Fly 2S drone already provides a VIO output. Consequently, we take this output as the second localization.""",no,,none stated,,
P0706,"Atik, K. C., Erdogan, E., Yahsi, A. Y., Kara, F., Yalcin, B.",2022,"2022 IEEE 31st International Symposium on Industrial Electronics (ISIE), IEEE, pp. 727-734, doi:10.1109/ISIE51582.2022.9831647",10.1109/isie51582.2022.9831647,Turkey - Istanbul Technical University.,C1,3,3.5,Loosely coupled: the VINS-Fusion pose output of the low-cost drone is used as the Kalman filter prediction and corrected by a UWB.,Hybrid: linear (sequential) Kalman filter whose measurement is a 3-DOF position obtained by simulated-annealing optimisation of UWB ranges.,Stereo (simulated stereo cameras in AirSim; Intel RealSense T265 fisheye stereo in the real test),Not stated beyond VINS-Fusion's default (paper mentions feature detection and optical flow).,"Yes, inside VINS-Fusion (""fused pre-integrated IMU measurements""); approach not named",Partial,Not stated.,Custom AirSim/Unreal Engine simulation: nominal set.,"Position mean absolute error (MAE, m) and percentage improvement over VINS-Fusion.",GNSS-denied operation; low-grade IMU/camera sensors; corrupted visual input.,"Cooperative localisation for heterogeneous drone swarms: low-cost drones correct their VINS-Fusion estimates with a Kalman filter fed by a simulated-annealing UWB trilateration position from at least four high-cost drones, reducing MAE by up to ~58% (nominal), ~77% (corrupted images) and ~83%.",Requires at least four high-cost drones in the swarm; authors note that a decentralised scheme sacrifices some accuracy and stability compared with a centralised one.,"RQ2, RQ3, RQ4",Collaborative UWB-aided correction of an off-the-shelf VIO output rather than a new VIO estimator.,UWB ranging augmentation,range to anchor,UWB ranging augmentation: fixed,"p.3: ""Distance measurements between high-cost and low-cost drones and positions of high-cost are fused with an optimization method (Simulated Annealing algorithm)"".",no,,consumed pose stream,no,"p.3: ""VINS-Fusion outputs are utilized as process state estimates"" - the method consumes the VINS-Fusion pose output.",no,,none stated,,
P0708,"Kannapiran, S., van Baar, J., Berman, S. (2021). A Visual In",2021,"IEEE/RSJ International Conference on Intelligent Robots and Systems (IROS) 2021, IEEE (also MERL TR2021-131)",10.1109/iros51168.2021.9636526,"Arizona State University, USA.",C7,2,4.0,Tightly coupled (3D entity observations as EKF measurement constraints on IMU state augmented with N camera poses),"EKF, MSCKF-style (multi-state constraint, nullspace projection and QR dimensionality reduction following Mourikis and Roumeliotis)",RGB-D (Intel RealSense D435 depth point clouds),3D points with FPFH descriptors and RANSAC; 3D lines.,No (EKF IMU propagation; no preintegration),No,Small UAV instrumented with RealSense D435 and BNO055 IMU; model not named.,"Custom indoor sequences: Box Scene (cardboard boxes and foam boards, ~125-150 frames, OptiTrack ground truth) and Hallway Scene.","Position RMSE (m), rotation RMSE (rad) against motion-capture ground truth.",Low-texture / feature-poor indoor scenes (texture-less flat surfaces); low light and fog motivated but not evaluated,"Unified EKF-based VIO that uses 3D points, 3D lines and 3D planes extracted from RGB-D point clouds as geometric constraints, enabling registration where 2D-feature methods (ORB-SLAM2) fail; all three entities give the lowest RMSE",Non-optimised Python implementation takes about 5 s per frame registration; experiments done by manually moving the UAV rather than flying it.,"RQ2, RQ3, RQ4",Validation is a single hand-carried indoor sequence with mocap ground truth; no flight; no public benchmark.,,,,"p.6: ""We instrumented a UAV with an IMU and RGBD camera"" - no other sensor fused.",no,,point-line,yes,p.5: FPFH 3D point features plus 3D lines and planes fitted from the point cloud; points + lines (+ planes) coded as point-line.,no,,L1;L3,"L1: p.6: ""The compute time of registration between adjacent frames was around 5 s using non-optimized Python code; we...""; L3: p.7: ""as more input data are processed, the accumulation of errors causes the estimated trajectory of the UAV to drift...""",
P0711,"Hsiung, J., Hsiao, M., Westman, E., Valencia, R., Kaess, M. ",2018,"2018 IEEE/RSJ International Conference on Intelligent Robots and Systems (IROS), IEEE, DOI 10.1109/IROS.2018.8594007",10.1109/iros.2018.8594007,"USA, Robotics Institute, Carnegie Mellon University (Pittsburgh, PA)",C1,1,4.5,Tightly coupled (stereo projection factors and IMU preintegration factors in one fixed-lag factor graph),Fixed-lag smoother.,Stereo (two uEye UI-3241LE-M-GL cameras at 10 Hz on own rig; EuRoC 20 Hz stereo),Point features: Shi-Tomasi corners tracked with KLT optical flow temporally and across the stereo pair (OpenCV).,Yes - on-manifold preintegration of Forster et al. [14]; marginalized IMU measurement for midframes,No,Custom-built Autel X-Star Premium quadrotor carrying the visual-inertial payload.,"EuRoC MAV: Machine Hall MH01-MH05, Vicon Room 1 V1_01-V1_03, Vicon Room 2 V2_01-V2_02 (V2_03 failed).",RMS Absolute Trajectory Error (m) with mean and std of ATE.,"Indoor GPS-denied navigation; EuRoC aggressive motion, motion blur and lighting change.","First use of information sparsification in fixed-lag VIO: a dense marginalization step (keeping landmarks in the window) followed by closed-form KLD-optimal recovery of a sparse nonlinear factor topology that preserves sparsity, nonlinearity and structural similarity.","Lighting changes in V1_03 and V2_02 degrade the stereo matching front-end, giving errors much larger than OKVIS and VINS-Mono.","RQ2, RQ3, RQ4","Back-end efficiency/consistency contribution, not an adaptive method: sparsification is a fixed algorithmic step.",,,,"No sensor beyond stereo camera and IMU; Fig. 7a payload ""consists of two uEye UI-3241LE-M-GL cameras... and a synchronized Epson G364 IMU""",no,,optical-flow-tracked corners,yes,"p.6: ""follows the typical pipeline of Shi-Tomashi Corner detector and KLT optical flow tracking for both temporal and stereo images""",no,,L1;L2,"L1: p.7: ""the majority of time is spent on recovering the measurement information using (16). However, there is a...""; L2: p.7: ""the dynamic lighting change has caused the stereo camera images vary in grayscale. Consequently it significantly...""",
P0713,"Lin, S., Zhang, X., Liu, Y., Chen, Y., Zhuang, Y. (2021). Ke",2021,"2021 27th International Conference on Mechatronics and Machine Vision in Practice (M2VIP), IEEE, pp. 600-605, doi:10.1109/M2VIP49856.2021.9665087",10.1109/m2vip49856.2021.9665087,China; Intelligent Robotics Laboratory.,C2,2,3.5,Tightly coupled (loosely coupled visual-IMU alignment used only for initialisation),Fixed-lag sliding-window nonlinear optimisation jointly minimising IMU pre-integration residuals.,"Monocular (single camera; built on VINS-Mono, evaluated on EuRoC)",Indirect sparse point features ('feature detection and tracking'); reprojection residual on unit sphere with inverse-depth parametrisation.,Yes - quaternion-based pre-integration following Forster et al. [21] and VINS-Mono [19],"Yes - hybrid robust-kernel weighting of reprojection residuals (Tukey for non-keyframes, Huber for keyframes) plus a two-stage kernel threshold.",Rotorcraft UAV (EuRoC MAV dataset; simulated rotorcraft in Gazebo).,"EuRoC MAV (all 11 sequences: MH_01-MH_05 Machine Hall, V1_01-V1_03 and V2_01-V2_03 Vicon Room).",RMSE of absolute trajectory error (position); total optimisation running time on MH_05 (s); qualitative trajectory plots,Outliers / feature mismatches; V2_03 rapid motion and illumination change mentioned in results.,"Extends DVIO's hybrid kernel weighting from direct to indirect VIO: Huber kernel for keyframe reprojection outliers and Tukey kernel for non-keyframe outliers, improving ATE over VINS-Mono (no loop closure) on most EuRoC sequences without added run time.","No significant improvement on short-distance/small-drift or simple-motion sequences (MH_01, MH_02, MH_05, where error is actually higher).","RQ2, RQ3, RQ4",Built directly on VINS-Mono; only baseline is VINS-Mono without loop closure (DVIO not compared). Kernel thresholds not reported.,,,,p.2 Fig. 1: inputs are only IMU and Camera.,no,,not stated,no,p.2 Fig. 1 block 'Feature detection and tracking'; p.1 'the indirect method is leveraged in this paper' - detector/tracker type not specified.,no,,none stated,,
P0721,"Liu, D., Mei, J., Zhou, J., Li, S. (2024). An Observability ",2024,"IEEE/RSJ International Conference on Intelligent Robots and Systems (IROS 2024), IEEE, conference",10.1109/iros58592.2024.10802729,"China; College of Control Science and Engineering, Zhejiang University",C1,5,4.0,Tightly coupled: downward optical-flow-sensor velocity measurements are fused as EKF updates inside a stereo MSCKF (extension of S-MSCKF).,EKF (MSCKF / S-MSCKF) with observability-constrained Jacobians (OC-EKF).,Stereo.,"Point features; front-end not described in the paper, visual update 'the same as in [12]' (S-MSCKF). Not stated explicitly.",No; continuous-time IMU propagation in the EKF prediction step (Eq. 2-5).,Yes - per-feature measurement-noise weighting from the average radius of the pose confidence ellipsoid (det Sigma_theta^j)^(1/12)/Lambda.,"Self-made 420 g quadrotor with Cool Pi onboard computer (8-core CPU, 2.4 GHz).",EuRoC MAV.,ATE RMSE translation [m] and rotation [deg] (RPG trajectory evaluation toolbox); CPU load [%].,"Low-texture scenes (white wall, solid-colour floor); fast maneuvers / motion blur (EuRoC V1_03, MH sequences).","Tight-coupled fusion of a downward optical-flow velocity sensor into stereo MSCKF, with observability analysis showing four unobservable directions and OC-EKF Jacobian correction, online optical-flow extrinsic and time-offset calibration.",Dataset optical-flow measurements are generated from ground truth and are therefore less convincing; when optical-flow noise is large (sigma^2 = 2.0 m/s) the sensor no longer improves accuracy.,"RQ2, RQ3, RQ4",Primary novelty is auxiliary optical-flow velocity fusion with observability constraint; adaptive weighting is a secondary component with no ablation.,,,,"No coded aux category: the fused auxiliary sensor is a downward optical-flow velocity sensor (p.3 Eq. 9 velocity residual). p.7: 'vz,m is obtained by interpolating the height hz,m' - laser height enters only as derived vertical velocity.",no,,not stated,no,"p.3: 'For updating the states by the visual measurements from the onboard stereo camera, the procedure is the same as in [12]' - feature detector/tracker not described in this paper (S-MSCKF itself uses FAST + KLT).",yes,,none stated,,
P0728,"Kuhne, J., Vogt, C., Magno, M., Benini, L. (2026). LEVIO: Li",2026,"IEEE Sensors Journal (JSEN), IEEE",10.1109/jsen.2025.3644788,Switzerland; ETH Zurich.,C6,2,4.5,Tightly coupled (joint bundle adjustment of visual observations and preintegrated IMU constraints over a moving keyframe window),Sliding-window (moving-window) pose-graph / bundle-adjustment optimisation as MAP estimation solved with Levenberg-Marquardt.,"Monocular (one camera of the EuRoC stereo pair), QQVGA 160x120 on GAP9.","ORB point features (FAST score, Harris score on FAST corners, ORB descriptors), two-way brute-force matching.","Yes - on-manifold preintegration (Forster et al. [34]) between keyframes, residuals on rotation.",Partial - motion estimation falls back from EPnP RANSAC to 8-point RANSAC when fewer than 25 world-point matches are found.,No own UAV; target platforms are micro/nano drones and smart glasses.,"EuRoC MAV, Machine Hall MH01-MH05 only (camera 20 FPS, IMU 200 Hz); GAP9 timing on the first 1578 frames of MH01",Absolute trajectory RMSE / ATE RMSE [m]; mean relative translation error [%] over 40 m sub-trajectories.,"Resource constraints (sub-100 mW, <1 MB memory) are the target.","Full 6-DoF monocular ORB-based tightly coupled VIO (EPnP/8-point RANSAC, keyframe BA with IMU preintegration) co-designed for an ultra-low-power RISC-V SoC: custom linear-algebra library, L1/L2 memory handler, Schur-complement LM optimiser, 8-core parallelisation.","To meet power and memory budgets it uses very low-resolution (QQVGA) images and omits loop closure, which may limit long-term global consistency in large environments.","RQ2, RQ4, RQ5","Embedded-efficiency paper, not an adaptive-VIO method. Accuracy is modest (ATE 0.92-8.33 m on MH01-05 vs 0.15-0.47 m for ORB-SLAM3/VINS-Mono).",,,,"p.5: pose-graph contains poses, world points, velocity and IMU-bias states only; no sensor beyond camera and IMU",no,,descriptor point features,yes,"p.5: ""For feature detection and description, we selected ORB [28]""; ""Feature matching... is performed using a two-way brute-force matcher""",no,,L1;L3,"L1: p.10: ""To meet the strict power and memory budgets, LEVIO currently relies on very low-resolution (QQVGA) images""...; L3: p.10: ""forgoes loop closure, which may limit long-term global consistency in large-scale environments""; p.10 Sec. VI-A...",
P0729,"Perez-Saura D., Fernandez-Cortizas M., Gaona A. J., Campoy P",2026,"IEEE MetroAeroSpace 2026 (conference, IEEE; DOI 10.1109/metroaerospace69299.2026.11646645); preprint arXiv:2604.15168",10.1109/metroaerospace69299.2026.11646645,"Spain, Universidad Politecnica de Madrid (Computer Vision & Aerial Robotics Group)",C1,1,4.0,Loosely coupled: a pose-graph back-end consumes relative pose constraints from an external VIO (OpenVINS) plus gate detection edges.,Hybrid: OpenVINS MSCKF (EKF) odometry feeding a dual factor/pose graph.,Monocular (rolling-shutter camera in real flights),Odometry pose stream from OpenVINS (front-end not described in the paper).,Not stated (IMU handled inside OpenVINS MSCKF propagation),Partial,"Racing drone with NVIDIA Jetson Orin NX, IMU and monocular rolling-shutter camera.","Race Against the Machine (TII-RATM) drone racing dataset: piloted ellipse and lemniscate sequences, 3 runs each.","ATE translation RMSE after SE(3) alignment (m), ATE rotation (deg), graph optimization time P95 (ms), graph size.","High-speed aggressive racing flight (motion blur, feature instability), GNSS-free racing track with known gate layout","Dual pose-graph semantic localization: a temporary graph compresses many gate detections between keyframes into one refined edge per landmark, promoted to a compact main graph; 56-74 % ATE reduction vs OpenVINS on RATM and real-time onboard operation in A2RL","Keyframe-based integration means optimization runs less often, which may reduce correction responsiveness relative to a single graph at very high update rates (p.4)","RQ2, RQ3, RQ4",Semantic landmark (gate) map-based drift correction layered on off-the-shelf OpenVINS; requires known gate positions (localization mode).,Fiducial markers (absolute pose),absolute pose,Fiducial markers (absolute pose): adaptive.,p.2: 'known gate positions are available and incorporated as prior constraints on the landmark nodes'; p.4: gate pose 'estimated using Perspective-n-Point (PnP) with known gate dimensions'.,no,,consumed pose stream,no,"p.2: 'The proposed method takes as input (i) odometry estimates from any source (visual odometry, VIO, or other) providing relative pose constraints'; OpenVINS front-end not described.",no,,none stated,,
P0731,"Carlone, L., Karaman, S. (2019). Attention and Anticipation ",2019,"IEEE Transactions on Robotics, IEEE (doi:10.1109/TRO.2018.2872402); extends ICRA 2017 conference version",10.1109/tro.2018.2872402,USA - Laboratory for Information & Decision Systems (LIDS).,C7,2,5.0,Tightly coupled (structureless vision factors and preintegrated IMU factors jointly optimised in a fixed-lag smoother),"Sliding-window / fixed-lag smoothing with iSAM2 (GTSAM), 6 s smoothing horizon.",Monocular in simulation; real tests on EuRoC VI-sensor data.,Point features: OpenCV goodFeaturesToTrack (Shi-Tomasi/Harris corners) detection with Lucas-Kanade tracking.,Yes - on-manifold preintegrated IMU model of Forster et al.,Yes - task-driven predictive feature selection.,AscTec Firefly hex-rotor MAV (EuRoC dataset platform).,"EuRoC MAV: all 11 sequences (MH_01_easy-MH_05_difficult machine hall; V1_01-V1_03, V2_01-V2_03 Vicon room).","Relative translation error, relative rotation error, absolute translation error, absolute rotation error.","Fast/agile motion and sharp turns (difficult EuRoC sequences), tight computational budget (few features).","Anticipatory, task-driven visual attention mechanism for VIN: greedy selection of the kappa most informative features maximising logDet or min-eigenvalue of the forward-simulated information matrix, with submodularity-based suboptimality guarantees and lazy evaluation.",Advantage may vary in sequences with severe motion blur because the tracking-probability model is simplistic (slightly worse on V1_03_difficult).,"RQ2, RQ3, RQ4",Adaptivity is in measurement selection rather than covariance tuning.,,,,"No sensor beyond camera and IMU is fused; state includes position, velocity, accelerometer bias (p.6).",no,,optical-flow-tracked corners,yes,"p.13: ""we used openCV's goodFeaturesToTrack for feature detection and the Lucas-Kanade method for feature tracking"".",yes,,L1;L2,"L1: p.15: ""our current implementation of the feature selection is relatively slow and indeed its computational cost is...""; L2: p.14: ""in datasets with severe motion blur the advantage of the proposed techniques may vary, and this is due to the...""",
P0733,"Zhu Z., Yang Z., Li T., Zhuo H., 2024",2024,"2024 5th International Conference on Artificial Intelligence and Electromechanical Automation (AIEA), IEEE, pp. 960-964, DOI 10.1109/AIEA62095.2024.10692891",10.1109/aiea62095.2024.10692891,"China; College of Automation, Nanjing University of Aeronautics and Astronautics",C7,3,3.0,Tightly coupled (visual reprojection residuals and IMU pre-integration factors jointly optimised in a sliding window),Sliding-window nonlinear optimisation / factor graph solved with Levenberg-Marquardt,Stereo.,"Point features: ORB (quadtree-homogenised, BRIEF descriptors) detected on insertion frames.","Yes; on-manifold pre-integration residual (rotation via SO(3) log map, velocity.","Yes - feature-loss-rate-triggered ORB re-detection with dynamically lowered detection threshold, trigger.",Not stated.,"EuRoC MAV: MH_01_easy, MH_03_medium, MH_04_difficult, V1_01_easy, V1_02_medium, V1_03_difficult, V2_03_difficult (ATE).","ATE (RMSE, mean ATE), APE position and orientation (Fig. 8), number of feature points.","Low light, rapid/intense motion, texture-poor scenes (EuRoC), GNSS degradation from electromagnetic interference.","Hybrid ORB + LK optical-flow front-end with quadtree feature homogenisation and loss-rate-triggered adaptive feature insertion, combined with sliding-window VIO optimisation.",None stated,"RQ2, RQ3, RQ4",Short 5-page conference paper. No real-flight or onboard-hardware evaluation despite power-inspection motivation. No auxiliary sensors fused.,,,,Only camera and IMU are fused (p.3 Eq. 5-6: z_I INS accelerometer/gyroscope and z_c camera measurements); no auxiliary sensor.,no,,optical-flow-tracked corners,yes,"p.2: ""feature point detection is used to extract high-quality feature points from images, followed by the application of the Lucas-Kanade (LK) optical flow method for rapid tracking between consecutive frames""; ORB detection only when FLR exceeds LT.",no,,none stated,,
P0735,"Buchanan, R., Agrawal, V., Camurri, M., Dellaert, F., Fallon",2023,"IEEE Robotics and Automation Letters (IEEE), journal",10.1109/lra.2022.3222956,"UK; Oxford Robotics Institute, University of Oxford.",C2,1,4.0,Tightly coupled stereo VIO in a sliding-window factor graph (MAP smoothing).,Hybrid: sliding-window factor-graph optimisation.,Stereo (front-facing stereo pair of a SevenSense AlphaSense multi-camera unit; EuRoC stereo),Point landmarks (stereo/mono landmark reprojection factors); feature detector/tracker not stated (inherited from VILENS [13]),Yes - on-manifold preintegration of Forster et al. [5],Yes - neural network.,No own UAV; drone evidence only from the public EuRoC MAV dataset (ADIS16448 IMU).,"Newer College Multi-Camera Dataset (NCD-Multi: Stairs, Quad sequences, public) plus a non-public Mine sequence.",Relative translation/rotation error over 10 m (5 m for Stairs and the illustrative tests) (RPE).,"Visual tracking failure: door opening obscuring cameras, narrow spaces, mirrors, darkness (mine).","First network to explicitly infer IMU bias evolution (LSTM and Transformer compared) and integrate it as unary factors in a factor-graph VIO; locomotion-agnostic (trained on handheld, applied to quadruped without retraining); about 15% average RPE reduction, larger under vision failure.",LSTM forgets old inputs over long trajectories; bias-factor covariances are hand-tuned fixed values (learned uncertainty left to future work).,"RQ2, RQ3, RQ4","Not a UAV-specific paper: UAV relevance comes only from the EuRoC MAV experiments (Tables III/IV, p.7).",,,,p.1 Fig. 1: 'The lidar was not used in these experiments'; p.5 lidar used only to estimate ground-truth biases for training. No auxiliary sensor fused.,no,,not stated,no,"p.3: landmark factors described only by reprojection residual, with 'the Dynamic Covariance Scaling robust loss function as in [13]'. Detector/tracker type not described.",no,,none stated,,
P0736,"von Stumberg, L., Cremers, D. (2022). DM-VIO: Delayed Margin",2022,"IEEE Robotics and Automation Letters (RA-L), IEEE",10.1109/lra.2021.3140129,"Germany, Computer Vision Group, Technical University of Munich",C3,1,4.5,Tightly coupled (joint photometric-inertial bundle adjustment),"Sliding-window (keyframe window Nf=8) photometric visual-inertial bundle adjustment with Levenberg-Marquardt, factor graph in GTSAM.",Monocular,"Direct sparse photometric (DSO-based), point-wise photometric residuals with Huber norm",Yes - on-manifold preintegration (Lupton and Sukkarieh; Carlone smart factors; Forster et al.),"Yes - dynamic photometric weight W(e_photo) that down-weights all visual residuals relative to IMU, trigger: RMS photometric error e_photo >= theta (theta=8).",Not stated.,"EuRoC MAV (MH1-MH5, V11-V13, V21-V23); TUM-VI (corridor1-5, magistrale1-6, outdoors1-8, room1-6, slides1-3).",RMSE ATE after SE(3) alignment (m); scale error (%); drift (%) = RMSE*100/length; cumulative error plots.,"Unobservable scale under constant-velocity motion (long straight stretches, automotive), bad image quality.","Delayed marginalization (second delayed factor graph allowing readvancing and FEJ update), pose graph bundle adjustment for IMU initialization capturing full photometric uncertainty, multi-stage IMU initializer with continued scale/gravity optimization and marginalization replacement.",No dedicated section. Authors note that ORB-SLAM3 with loop closure is more accurate on some TUM-VI sequences (loop closure and map reuse left to future work).,"RQ2, RQ3, RQ4",Not UAV-specific; drone relevance comes only from EuRoC. Primary theme initialization/scale/observability.,,,,No sensors beyond camera and IMU; p.9 GPS integration only mentioned as possible future extension.,no,,direct / photometric,no,p.3: 'For the visual part we choose a direct formulation based on DSO'; photometric energy Eq. (2)-(3).,no,,none stated,,
P0738,"Ye, J., Cai, W., Zhang, T., Zhang, M. (2026). Spatio-tempora",2026,"IEEE Internet of Things Journal (IEEE), journal",10.1109/jiot.2026.3732485,"China; Honors College, Hangzhou Dianzi University, Hangzhou",C2,5,4.5,Tightly coupled: stereo feature reprojection measurements update an MSCKF state jointly with IMU propagation.,"MSCKF (filter-based, single-threaded), with a three-layer probabilistic dynamic-inference module.",Stereo (EuRoC and VIODE stereo; Intel RealSense D435 on the real UAV),Point features detected (detector not named) and tracked by LK optical flow.,Not stated.,Yes - per-feature measurement noise covariance inflated as R' = R / (1 - Pd(V) + eps) using voxel dynamic probability Pd from TRT+SPRM+BTS.,Custom quadrotor carrying RK3588 (8 GB) and Intel RealSense D435.,"EuRoC MAV (all 11 sequences MH01-MH05, V101-V103, V201-V203); VIODE.",ATE RMSE (mean and std over 5 runs); average CPU utilisation (%) and per-frame runtime (ms) on RK3588.,Dynamic / highly dynamic scenes with moving vehicles and pedestrians (undefined object categories).,Hierarchical spatio-temporal voxel probabilistic inference.,"Effectiveness depends on a steady supply of good-quality feature observations; under night/low light, image noise and motion blur raise residual uncertainty.","RQ2, RQ3, RQ4, RQ5",Primary class C2 (adaptive/robust estimation for dynamic scenes). Adaptation is of measurement noise covariance driven by a motion-consistency probability.,,,,No auxiliary sensor is fused; p.9: 'The ground truth trajectory is obtained using an integrated navigation system' (reference only); Not applicable (no auxiliary sensor).,no,,optical-flow-tracked corners,yes,Fig. 1 p.2: 'Feature Detection' -> 'LK-based Feature Matching' -> 'Feature Correspondences'; p.4: 'Delta u_i is the optical flow displacement of feature point i between the current frame and the previous frame'.,motion-state,p.6 Eq. (30): 'R'_i = R_i / (1 - P_d(V(i)) + eps)... uncertain voxels increase measurement noise' (per-feature covariance from the dynamic probability of the feature's voxel).,L2,"L2: p.9: 'its effectiveness relies on a stable supply of high-quality feature observations. Under night or low-light conditions, elevated image noise and motion blur may increase residual uncertainty, which potentially leads to a larger number of active...'",
P0739,"Peng, Y., Chen, C., Huang, G. (2025). QVIO2: Quantized MAP-b",2025,"2025 IEEE International Conference on Robotics and Automation (ICRA), Atlanta, USA, IEEE, pp. 1053-1059, DOI 10.1109/ICRA55743.2025.11127636",10.1109/icra55743.2025.11127636,"USA - Robot Perception and Navigation Group (RPNG), University of Delaware",C2,1,4.5,Tightly coupled.,EKF (MSCKF) with a quantized MAP estimator (Q-function likelihood) solved by EKF-like recursive update,Monocular (EuRoC left camera),"Sparse point features (300 per frame on EuRoC), MSCKF features; detector/tracker not specified.","No - standard MSCKF IMU kinematic propagation (Eq. 15), no preintegration",No,Not specified.,"OpenVINS-based numerical simulation (200 bearings per timestamp, 1-3 px noise).",ATE (orientation deg / position m); average number of bits communicated per measurement.,SWaP-constrained edge devices with bandwidth-limited inter-chip communication.,"QVIO2: differential measurement quantization for zQVIO and multi-bit residual quantization for rQVIO, a unified quantized MAP estimator (Q-function likelihood) removing ad-hoc noise inflation, and a thresholded update indicator that suppresses unnecessary state-correction transfers.","rQVIO2 needs a more complex co-processor able to triangulate features and a more complex communication protocol with state-update transfers, which may degrade robustness.","RQ2, RQ4",Communication-efficient VIO for split co-processor/host architectures; UAV relevance is via MAV motivation and EuRoC MAV evaluation only.,,,,p.3: state vector contains only IMU navigation states and IMU pose clones; only bearing (camera) and IMU measurements are fused.,no,,not stated,no,"p.4: ""the co-processor performs feature detection and tracking""; p.5: ""We extracted 300 sparse point features"" - detector and tracker not named.",no,,L2,"L2: p.6: ""for some of the sequences, the increased bits lead to an accuracy drop, especially for sequences in the machine hall. We conjecture the reason is that in those sequences, the image has a larger illumination change, which can include more...""",
P0744,"Li, X., Hang, B., Li, W., Shen, F., Guo, T. (2026). LUNA: Li",2026,"IEEE Sensors Journal (early access, author's accepted version), IEEE, DOI 10.1109/JSEN.2026.3724706",10.1109/jsen.2026.3724706,"China, Harbin Institute of Technology (School of Instrumentation Science and Engineering)",C7,3,4.5,Tightly coupled filter-based VIO: window-centroid feature tracks used as sparse visual features in an MSCKF.,MSCKF (Multi-State Constraint Kalman Filter) with an additional geometric yaw/pitch residual (Eq. 51),"Monocular (640x480 at 30 Hz, auto-exposure; Intel RealSense D435i shown in Fig. 12c)",Lit-window primitives: multi-scale MSER regions approximated to quadrilaterals (Douglas-Peucker).,Yes - IMU pre-integration mentioned for the MSCKF back-end.,"Partial - per-candidate geometric and neighborhood-similarity scoring gates window features with fixed grid-searched thresholds (tau_w = 0.7, tau_s = 0.6).",Custom quadrotor (Fig. 12c) carrying an Intel RealSense D435i camera/IMU.,"Custom self-collected urban nighttime flight sequence (600 s, 130.8 m, mean altitude 91.32 m) with RTK-GNSS ground truth.",ATE RMSE (m); RPE RMSE (deg); per-axis translation and roll/pitch/yaw absolute error curves.,"Nighttime / extreme low light, texture-less facades, urban canyon GNSS degradation, motion blur.","A structural front-end that detects self-luminous building windows, reconstructs the facade lattice and derives facade yaw/pitch as absolute attitude observations for an MSCKF, giving ATE 2.797 m versus 8.2-10.8 m for ORB, XFeats and IRIH-VIO on a nighttime UAV flight","Requires sufficiently regular, observable window grids; irregular or sparse facades, extinguished windows and severe occlusion reduce observability.","RQ2, RQ3, RQ4, RQ5","RTK-GNSS is ground truth only, not fused. Facade yaw/pitch constraint is camera-derived, so no aux sensor is coded. Only one real flight sequence is evaluated.",,,,"No auxiliary sensor fused. p.12: ""Ground truth trajectories... were provided by an RTK-GNSS"" (validation only). The facade yaw/pitch observation (Eq. 51, p.12) is derived from the same monocular camera.",no,,optical-flow-tracked corners,yes,"p.11: ""the window candidate grid points tracked via LK optical flow are integrated into the VIO system as sparse feature points""; p.11: ""dense Pyramidal Lucas-Kanade (LK) optical flow [34]"".",no,,L2,"L2: p.16: ""LK optical flow may become unreliable under large inter-frame displacement, rapid camera rotation, or severe motion blur."" Also p.16: ""Irregular or sparse facades, extinguished windows, and severe occlusion reduce structural observability""...",
P0745,"Sun, J., Song, F., Ji, L., 2022. VINS-Mask: A ROI-mask Featu",2022,"2022 International Conference on Automation, Robotics and Computer Engineering (ICARCE), IEEE (conference)",10.1109/icarce55724.2022.10046501,"China, School of Computer Science and Engineering.",C7,2,3.5,Tightly coupled (built on VINS-Mono),Sliding-window nonlinear optimisation with 4-DoF pose graph and loop closing (inherited from VINS-Mono),Monocular (left camera of EuRoC stereo pair only),Shi-Tomasi corners detected inside an ROI mask (Canny edge mask fused with a pre-trained SuperPoint interest-point mask).,"Not stated explicitly (inherits VINS-Mono back-end, which uses IMU pre-integration)","Yes - ROI-mask inflation radius switched between large (30) and small (9) values, trigger: VINS initialization status (not initialized vs initialized), online",No own platform; EuRoC micro aerial vehicle dataset,"EuRoC MAV: MH_01-MH_05, V1_01-V1_03, V2_01-V2_03 (all 11 sequences); ablation on V1_03_difficult and V2_03_difficult","RMSE of absolute pose error (RMSE APE, m) per sequence and average; APE over time plots for ablation (Fig. 3-4)","Fast motion / difficult EuRoC sequences (claimed robustness), illumination change and IMU bias in EuRoC mentioned.","ROI-mask feature tracker for VINS-Mono combining a Canny edge mask and a SuperPoint interest-point mask, with initialization-status-dependent inflation radius; average EuRoC RMSE APE 0.068 m vs 0.110 m for VINS-Mono",None stated,"RQ2, RQ3, RQ4",Front-end-only modification of VINS-Mono evaluated on EuRoC only. Baseline numbers copied from ORB-SLAM3 paper [5]; VINS-Mono rerun only for ablation figures.,,,,No sensors beyond monocular camera and IMU are fused.,no,,optical-flow-tracked corners,yes,"p.3: ""we use a Shi Tomasi feature detector for keypoints detection with our ROI mask... the KLT optical flow algorithm [14] is used to track existing features.""",no,,none stated,,
P0746,"Zhao, S., Zhang, H., Wang, P., Nogueira, L., Scherer, S. (20",2021,"IEEE/RSJ International Conference on Intelligent Robots and Systems (IROS 2021), IEEE (DOI 10.1109/iros51168.2021.9635862)",10.1109/iros51168.2021.9635862,"USA, Robotics Institute, Carnegie Mellon University",C1,4,3.5,Hybrid loosely/tightly coupled (IMU-centric): VIO and LIO sub-factor-graphs are each tightly coupled with IMU preintegration.,Factor graph / sliding-window optimisation.,"Monocular (uEye camera with wide-angle fisheye lens), with LiDAR-derived depth for visual features",Monocular visual point features (detector/tracker not stated) with LiDAR depth; LiDAR point/line/plane features from PCA,Yes - Forster et al. on-manifold preintegration [17],Yes - reliability-weighted covariance of VIO/LIO relative-pose factors plus per-correspondence LiDAR quality weights with rejection of unreliable LiDAR/visual.,"Team Explorer DS drones (multirotor, DARPA SubT); most quantitative sequences hand-carried","Custom (Team Explorer DS drone sensor suite): Dark-Room, White-Wall, Constrained-Environment (stair shaft), Long-Corridor.","Translational ATE (max and RMSE, via EVO); qualitative map misalignment/z-drift.","Darkness/low light, featureless white wall, aggressive motion, geometrically degraded long corridor and stair shaft.","IMU-centric LiDAR-visual-inertial fusion pipeline in which VIO and LIO constrain IMU bias and receive IMU predictions (coarse-to-fine, parallel sub-factor-graphs), with PCA-based LiDAR feature quality weighting and a dynamic octree that cuts map-building time versus a KD-tree",None stated,"RQ2, RQ3, RQ4",LiDAR-centric robustness evidence; the visual-inertial component is a VINS-style monocular sliding window with LiDAR depth.,LiDAR augmentation,relative pose or point cloud,"LiDAR augmentation: adaptive (reliability of observation / geometric degradation; per-correspondence PCA distribution quality, Eq. 7-8)",p.3: 'It uses observations provided by Visual-inertial odometry (VIO) and LiDAR-inertial odometry (LIO) to constrain the accelerometer bias ba and gyroscope bias bg'.,no,,not stated,no,p.5 only says 'we track monocular visual features'; no detector or tracker is named.,no,"Per-feature quality weights exist only for LiDAR features (p.4 Eq. 7-8, 'distribution's quality... to define the quality of correspondence'), not for visual keypoints.",none stated,,
P0747,"Guan, W., Chen, P., Xie, Y., Lu, P. (2024). PL-EVIO: Robust ",2024,IEEE Transactions on Automation Science and Engineering (IEEE); DOI 10.1109/TASE.2023.3324365,10.1109/tase.2023.3324365,"Hong Kong SAR, China - Adaptive Robotic Controls Lab (ArcLab), Dept.",C5,2,4.5,"Tightly coupled (event point, event line, image point residuals and IMU pre-integration in one keyframe sliding-window optimization).",Keyframe-based sliding-window nonlinear graph optimization.,Monocular event camera plus co-located standard frame camera (DAVIS346 / DVXplorer / DAVIS240C).,Event-corner points (modified Arc* detector on SAE) tracked by LK optical flow on time surface with polarity with two-way check.,"Yes - VINS-Mono style (Shen/Qin) pre-integration with bias random walk, zero-order discretization.",Partial,"Self-designed quadrotor, GS330 frame with T-Motor F60, 1.364 kg, Pixracer (FMUv4) PX4.",Authors' HKU VICON event dataset.,"Mean position error as % of travelled distance (SE3 aligned, evo); relative pose error plots.","High dynamic range / illumination changes (dark, dark-to-light, light-to-dark), aggressive motion and quadrotor flip.","Monocular event-based VIO tightly fusing event-corner features, event-based line features (LSD+LBD on event stream) and image point features with IMU pre-integration in a sliding-window optimizer; real-time onboard closed-loop quadrotor control including flips",Image-aided PL-EVIO underperforms PL-EIO in low-light sequences because image point tracking degrades in the dark.,"RQ2, RQ3, RQ4",Event + frame + IMU VIO on a quadrotor; adaptation limited to robust outlier rejection.,,,,No sensor beyond event/frame camera and IMU is fused; GPS/LiDAR named only as future work (p.14).,no,,event-based,no,p.6: 'we extract the event corners on the individual event by leveraging the SAE rather than adopting the conventional corner detection algorithms in frame-like accumulation'; lines extracted from the event mat.,no,,L2,L2: p.9: 'it underperforms in low-light environments such as vicon dark1 and vicon dark2... attributed to the degradation of point-based image feature tracking in dark environments'.,
P0750,"Solin, A., Li, R., Pilzer, A. (2022). A Look at Improving Ro",2022,"25th International Conference on Information Fusion (FUSION 2022), ISIF / IEEE",10.23919/fusion49751.2022.9841259,Finland; Aalto University / Spectacular AI,C2,1,4.5,"Tightly coupled (HybVIO hybrid MSCKF / EKF-SLAM state with IMU states, biases and a trail of past camera poses)",Filter-based: assumed density filtering with moment matching.,Stereo (EuRoC online stereo setting); simulation uses a 1D-projection camera in 2D,Point features tracked and triangulated following HybVIO [28]; detector/tracker not described in this paper,No - per-sample IMU mechanisation as a filter prediction step (following PIVO [29] / HybVIO [28]).,No,No own platform; EuRoC MAV dataset drone (not named in the paper beyond 'drone'),"EuRoC MAV (Machine Hall MH01-MH05, Vicon Room V101-V103, V201-V203; all 11 sequences); custom 2D simulated SLAM scenario.",RMS ATE with SE(3) alignment (m) per sequence with mean/median/std and divergence count.,"Faulty feature associations (outliers), poor feature initialisation/triangulation, strong confounding noise.",Unifying assumed-density-filtering view of VIO/visual SLAM; shows that moment matching (UKF/CKF) is more robust than EKF linearisation under wrong feature assignments and noisy initialisation in simulation.,"UKF requires multiple evaluations of non-linear models and is costly on embedded hardware (about 2x slower on a laptop, still real-time).","RQ2, RQ3, RQ4","Estimator-methodology paper rather than adaptive VIO: robustness comes from a better non-linear approximation, not from an online adaptation mechanism.",,,,"p.7 Eq. (18): state holds translation, velocity, orientation, IMU biases and past camera poses only; data sources are an IMU and a camera",no,,not stated,no,"p.7: ""For the visual feature tracking and measurement models we follow the approach in the HybVIO [28] paper""; front-end not described here",no,,L1,"L1: p.8: ""we require multiple evaluations of the non-linear dynamics and observation models, which can be considered costly at least on embedded hardware, even if the practical runtime... on a MacBook pro laptop did slow down by a factor of ~two""",
P0751,"Bahnam, S. A., De Wagter, C., de Croon, G. C. H. E. (2025). ",2025,"2025 IEEE/RSJ International Conference on Intelligent Robots and Systems (IROS 2025), Hangzhou, IEEE; DOI 10.1109/IROS60139.2025.11247627",10.1109/iros60139.2025.11247627,"Netherlands; Micro Air Vehicle Lab, Faculty of Aerospace Engineering.",C1,2,4.5,Loosely coupled at the dynamics level: a self-supervised neural drone model.,Hybrid: iterated EKF (ROVIO [2]) with learned drone-dynamics acceleration combined as a fixed weighted mix.,"Monocular (120 Hz grayscale, undistorted)","Learned self-supervised PoseNet/DepthNet (ResNet-18 U-net, photometric + depth consistency + smoothness losses) for the teacher.",Not stated (filter propagation in ROVIO; no preintegration described),Partial,Quadrotor racing drone from the TII Drone Racing Dataset [22].,"TII Drone Racing Dataset [22] (indoor, up to 22 m/s): piloted elliptical 01p-06p, piloted lemniscate 07p-12p.",Absolute position RMSE after 7-DoF SIM3 alignment (Table I); relative velocity error vs flight speed.,"High-speed aggressive racing flight (up to 22 m/s), motion blur, large occlusions/dis-occlusions near racing gates.","Improved occlusion handling for self-supervised monocular pose/depth learning (2F scheme with valid-pixel mask and minimum reprojection for photometric and depth-consistency losses, 15% lower average RMSE than the benchmark).",Evaluation is in a static environment only and the 3F scheme may be preferable with moving objects.,"RQ2, RQ3, RQ4",Learning-augmented VIO: offline self-supervised drone dynamics model fused into ROVIO with a fixed 30/70 acceleration weight.,,,,"No auxiliary absolute sensors; inputs are camera, IMU and motor RPM feedback (p5: ""the accelerometer z-axis, gyroscope x, y, z, and the four motor RPM feedback signals""). Motor RPM is not an aux category.",no,,direct / photometric,no,"Final estimator is ROVIO, ""visual-inertial odometry using direct photometric feedback"" (ref [2], p8); the teacher PoseNet is learned end-to-end but is not the online VIO front-end.",no,,L2;L4;L5,"L2: p8: ""Unlike PoseNet, which suffers from increasing errors at high...""; L4: p4: ""PoseNet is inherently scale-ambiguous, as scale cannot be directly...""; L5: p6: ""this comparison is conducted in a static environment. In dynamic...""",
P0754,"Bavle, H., de la Puente, P., How, J. P., Campoy, P. (2020). ",2020,"IEEE Access (journal), IEEE",10.1109/access.2020.2983121,"Spain; Centre for Automation and Robotics, Computer Vision and Aerial Robotics Group.",C1,1,4.5,"Loosely coupled: VO/VIO pose increments (ROVIO, Snapdragon VIO or RTAB-Map RGB-D VO) are consumed as relative-pose edges in a back-end pose.",Factor graph / pose-graph optimisation in g2o with Levenberg-Marquardt; semantic planar landmark constraints with Pseudo-Huber robust cost.,RGB-D (Intel RealSense D435i RGB + depth; Kinect for TUM) for semantic planes.,"High-level semantic planar landmarks (centroid, normal, horizontal/vertical type, class label) extracted from Tiny-YOLOv2.",No (IMU used only inside the off-the-shelf VIO odometry; not in the back-end graph),Partial - landmark covariance initialised from the number of 3D points in the planar surface.,Unnamed aerial robot carrying Intel RealSense D435i and Snapdragon VIO.,"TUM RGB-D (fr2/xyz, fr2/rpy, fr2/desk, fr3/long_office_household).",ATE (m) on TUM and field tests; average component frequencies (Hz) on Nvidia TX2.,"Indoor GNSS-denied; changing / low illumination (long corridor, random trajectory).","Lightweight real-time visual semantic SLAM that extracts horizontal/vertical planar surfaces inside object detections as landmarks and fuses them with any loosely coupled VO/VIO in a g2o pose graph, correcting VIO drift on board an aerial robot without prior object models.","Not in a dedicated section. Authors concede: back-end accuracy depends on the VIO front-end, so large VIO drift under poor lighting made their result inferior to ORB-SLAM2 on the random trajectory.","RQ2, RQ3, RQ4",Semantic SLAM back-end over consumed VIO poses rather than a VIO estimator; adaptivity limited to gating/robust weighting.,,,,"No sensor beyond camera(s), depth and IMU is fused; the depth channel is part of the RGB-D front-end.",no,,consumed pose stream,no,p.5: 'The front end of the algorithm comprising of VO/VIO provides the 3D pose estimates in the world frame... The constraint between adjacent keyframes... is added in the form of an edge using the pose increment between them'.,no,,L1;L2;L3,"L1: p.3: 'Although Tiny-YOLO does not require high computation, it requires an...'; L2: p.13: 'Due to insufficient lighting conditions... the trajectory estimated...'; L3: p.12: 'During the take-off phase... it can induce huge drift in the z-axis...'",
P0763,"Xu, H., Wang, L., Zhang, Y., Qiu, K., Shen, S. (2020). Decen",2020,"IEEE International Conference on Robotics and Automation (ICRA 2020), IEEE (DOI 10.1109/icra40945.2020.9196944)",10.1109/icra40945.2020.9196944,"Hong Kong, China; Department of Electronic and Computer Engineering.",C1,3,3.5,Two-stage loosely coupled: stage 1 is tightly coupled stereo VIO per drone (GPU VINS-Fusion).,Sliding-window optimisation.,Stereo (Intel RealSense D435i) for VIO; depth from the D435i for detection-based relative positions,VIO front-end not described beyond VINS-Fusion; inter-drone detection with YOLOv3-tiny bounding boxes plus MOSSE correlation-filter.,Not stated (implicit within VINS-Fusion; not described in this paper),Partial,Five custom quadrotors.,"Custom indoor aerial swarm flights (2, 3 and 5 drones) in two indoor scenarios with OptiTrack motion-capture ground truth.","RMSE of relative x, y, z translation and yaw (Tables I-II); trajectory length.",GPS-denied indoor swarm flight; other drones out of camera FoV; visually similar drones (ID ambiguity).,"First fully decentralized onboard relative state estimator for aerial swarms fusing per-drone VIO, UWB inter-drone ranging and CNN-based visual detection in a sliding-window optimisation, with residual/variable pruning for hovering drones and centimetre-level relative accuracy","Relative yaw is unobservable without sufficient translational motion, so initialization assumes small yaw differences and uses random-restart trials.","RQ2, RQ3, RQ4",Collaborative relative-state estimation paper rather than an adaptive VIO method; the VIO is an off-the-shelf stage (VINS-Fusion GPU).,UWB ranging augmentation,range to anchor,UWB ranging augmentation: fixed,"p.3: 'From the UWB modules, the relative distances between each pair of the UWB nodes can be obtained... modeled with a Gaussian noise:... + N(0, sigma_d^2)' (Eq. 4), fixed variance, no adaptive weighting described.",no,,consumed pose stream,no,"p.2-3: 'The tightly coupled VIO result is treated as one of the ""measurements"" to the second stage'; VINS-Fusion front-end details are not given.",no,,none stated,,
P0773,"Chu, X., Zhou, Z., Li, Z., Wang, G., Sun, J. (2023). Multi-D",2023,"2023 IEEE International Conference on Unmanned Systems (ICUS), IEEE, pp. 683-688, DOI 10.1109/ICUS58632.2023.10318452",10.1109/icus58632.2023.10318452,"China; KAUIS and School of Automation, Beijing Institute of Technology",C5,2,3.0,Loosely coupled: each drone runs tightly-coupled VINS-Mono.,Per-drone sliding-window nonlinear optimisation (VINS-Mono).,Monocular (VINS-Mono),Inherited VINS-Mono optical-flow point features (not detailed); cooperative layer consumes position trajectories only,Not stated (implicitly via VINS-Mono),Partial,Not stated (EuRoC MAV data reused to emulate three drones; no physical platform),"EuRoC MAV (Machine Hall: MH_01_easy, MH_03_medium, MH_05_difficult).","APE-RMSE (absolute position error RMSE) per drone and for the concatenated trajectory, at UWB noise sigma = 6, 4, 1 cm.","GPS/GNSS-denied (indoor, mountainous) cumulative VIO drift; no specific visual degradation condition evaluated","Least-squares estimation of the relative yaw/translation transform between drone frames from UWB ranges plus exchanged VIO positions, and a three-drone cooperative optimisation that uses UWB inter-drone distances to correct VIO drift (e.g., drone B APE-RMSE 0.554 m -> 0.178 m)",Evaluation only on a simulated dataset (real-flight experiments left to future work); distance-only constraints cannot fully resolve global translation/rotation singularities.,"RQ2, RQ3, RQ4",Cooperative UWB-ranging correction layered on VINS-Mono; validation is a pseudo-multi-drone emulation from single EuRoC sequences with synthetic UWB.,UWB ranging augmentation,range to anchor,UWB ranging augmentation: fixed,"p.1: ""We present an algorithm that merges ultra-wideband (UWB) ranging information with VIO""; weights fixed: p.4: ""we introduce small positive coefficients lambdaA, lambdaB, and lambdaC, typically ranging between 0 and 1"" plus a fixed-threshold robust kernel.",no,,consumed pose stream,no,"p.4-5: ""we process the dataset by subjecting it to a single-vehicle positioning system, resulting in a trajectory with cumulative errors... These estimated trajectories are then employed as inputs for our collaborative positioning algorithm."" (VINS-Mono...",no,,none stated,,
P0799,"Xu, H., Zhang, Y., Zhou, B., Wang, L., Yao, X., Meng, G., Sh",2022,IEEE Transactions on Robotics (IEEE); arXiv:2103.04131v5,10.1109/tro.2022.3182503,"Hong Kong, China / Department of Electronic and Computer Engineering.",C1,5,5.0,Loosely coupled at the swarm level: per-drone stereo-fisheye VIO (VINS-Fisheye) output is fused as 4-DoF relative-pose.,"Factor graph / non-linear least-squares MAP inference (Ceres, trust region, sparse normal Cholesky) over a bounded keyframe graph.",Stereo: two 235-degree FoV fisheye cameras (up/down facing).,"VIO front-end: VINS-Fusion-derived on distortion-free images, CUDA-accelerated (feature type not stated in this paper).",Not stated explicitly in this paper.,Yes - outlier rejection / robust weighting.,Custom homogeneous multirotor drones.,"Custom (released) datasets only: indoor Parallel1, Parallel2, Parallel3 (two-drone fixed-heading/velocity-heading formation).","ATE (position m, rotation deg); relative error RE between drones (position, per-axis x/y/z, rotation).",GPS-denied; non-line-of-sight between drones; parallel formation flight (UWB unobservability).,"A decentralized omnidirectional visual-inertial-UWB swarm state estimator combining stereo fisheye VIO (VINS-Fisheye), visual drone tracking, multi-drone map-based localization and UWB ranging in a per-drone graph back-end with PCM outlier rejection, giving centimetre-level relative accuracy.","Depends on camera intrinsic/extrinsic calibration (future: online fault detection and calibration); back-end scales O(n^2) with swarm size, hard to apply beyond ~100 drones.","RQ2, RQ3, RQ4",Primary contribution is collaborative multi-UAV state estimation; VIO is a per-drone component whose output is consumed as relative-pose factors.,UWB ranging augmentation,range to anchor,UWB ranging augmentation: threshold switch.,"p.9 Eq. (6): ""The distance measurements from the UWB module can be modeled as... where nd ~ N(0, sigma_d^2) is the Gaussian noise"".",no,,consumed pose stream,no,"p.6: ""instead of directly fusing the original odometry, we fuse the 4-DoF relative pose extracted from the VIO in the back-end"".",no,,L1;L2,"L1: p.7: ""In practice, limited to the computational resources, only the upward-facing camera is used.""; p.13: ""we reduce...""; L2: p.11: ""map-based localization is challenging to perform in feature-poor scenarios, e.g., open environments such as...""",
P0803,"Merat, R., Cioffi, G., Bauersfeld, L., Scaramuzza, D. (2025)",2025,"IEEE Robotics and Automation Letters (journal), IEEE",10.1109/lra.2024.3518840,"Switzerland - Robotics and Perception Group, University of Zurich.",C1,1,5.0,"Tightly coupled (visual, inertial and digital-twin map-registration factors in one sliding-window cost)","Sliding-window nonlinear optimization (keyframe-based, Leutenegger et al. [31]; 5 keyframes) with marginalization; SVO Pro back-end",Monocular (fisheye camera in real-world data),Semi-direct (SVO front-end [32]); sparse 3D landmark point cloud registered to digital-twin mesh/point cloud by point-to-plane ICP,Yes - Forster et al. on-manifold preintegration [28],Yes - adaptive weighting of the map-registration residual W_m = beta/sigma^2 * exp(-gamma^2/2) * H from the ICP Hessian.,Flyability Elios 3 (commercial drone) for real-world data; simulated drone in Flightmare,Custom simulated city dataset.,"Positional ATE (ATE_P, m), rotational ATE (ATE_R, deg) via Zhang & Scaramuzza toolbox.","Urban GPS-degraded environments (multipath, blocked satellites), long-term drift.","Point-to-plane ICP registration of the sparse VIO/VSLAM point cloud to a city digital twin, giving a 6-DoF global measurement tightly fused into SVO sliding-window VIO with Hessian-based adaptive weighting.",Registration can fail from 3D aliasing (handled by adaptive weighting) and from inaccuracies in the global map.,"RQ2, RQ3, RQ4",GPS is used only for initialization / initial frame alignment (Umeyama) and to fetch the digital-twin tile; it is not a factor in the estimation cost.,Satellite-map / reference-map matching (absolute position),absolute position,Satellite-map / reference-map matching (absolute position): adaptive (ICP registration Hessian/covariance and inlier RMSE),"p.3: ""we obtain a global measurement by registering the local sparse 3D point cloud generated by the VSLAM system to the city digital twin. This global measurement is then tightly coupled""; GPS only initializes.",no,,semi-direct,no,"p.4: ""The visual frontend is based on SVO [32]"" (SVO: Semidirect visual odometry).",no,,L3,"L3: p.7: ""Inaccuracies in the local 3D point cloud are due to large drift that could accumulate in the VSLAM system after a long period of unsuccessful global map registrations. In this case, the solution is to re-align... using GPS or any other global...""",
P0804,"Delaune, J., Hewitt, R., Lytle, L., Sorice, C., Thakker, R.,",2019,"2019 IEEE/RSJ International Conference on Intelligent Robots and Systems (IROS), Macau, IEEE",10.1109/iros40897.2019.8968238,"USA - Jet Propulsion Laboratory, California Institute of Technology",C5,4,4.5,Tightly coupled,EKF (inverse-depth EKF-SLAM features in a sliding window of poses; MSCKF updates implemented but not used in testing; xVIO implementation),"Monocular thermal (FLIR Boson LWIR) or monocular visible camera (mvBlueFOX), one at a time","Point features: FAST detection, pyramidal KLT tracking initialised with gyro-integrated rotation.",No - first-order IMU propagation in EKF at IMU rate,No,"Quadrotor on Lumenier QAV400 airframe, Pixhawk Mini with PX4, Nvidia Jetson TX2","Custom outdoor dataset at JPL Mars Yard (Feb 7-8, 2019) with OptiTrack ground truth.",Final position error drift as % of distance travelled; trajectory plots vs ground truth.,"Night-time / darkness (thermal crossover, low thermal contrast at dawn).","EKF state estimator that runs either thermal-inertial or visual-inertial odometry, demonstrated in closed-loop autonomous night flight on a quadrotor, with characterisation of TIO drift versus time of night and time since FFC.",TIO only characterised on one terrain and in sunny weather; more terrain types and weather conditions need testing.,"RQ2, RQ3, RQ4, RQ5",Thermal-camera (C5 auxiliary modality) filter-based TIO; no adaptive mechanism - thermal-specific front-end thresholds are tuned offline.,,,,"p.2 Fig. 2: only IMU and Camera feed the EKF; no other sensor is fused (OptiTrack used only for ground truth and position control during dataset collection, p.5).",no,,optical-flow-tracked corners,yes,"p.2: ""We detect FAST features in the image [20], and track them with the pyramidal implementation of Kanade-Lucas-Tomasi (KLT) algorithm""",no,,L2,"L2: p.7: ""Thermal feature tracks with our {FAST+KLT} front end appeared at least less numerous than visual tracks over the same scene... demonstrating aggressive maneuvers at night may require different processing, e.g. due to the rolling shutter...""",
P0808,"Cheng, J., Xiang, S., Atapour-Abarghouei, A. (2026). Hierarc",2026,"2026 IEEE/ASME International Conference on Advanced Intelligent Mechatronics (AIM), IEEE, conference",10.1109/aim65483.2026.11657903,"United Kingdom; Department of Computer Science, Durham University",C1,3,3.5,Loosely coupled at swarm level: each UAV runs tightly coupled stereo-inertial VINS-Fusion.,Factor graph optimisation (Levenberg-Marquardt in GTSAM) over an optimisation window.,Stereo (VINS-Fusion stereo-inertial per UAV),Not stated (VINS-Fusion used as-is; front-end not described),"Not stated (inside VINS-Fusion; the back-end uses VIO relative-pose factors, not IMU factors)",Yes - residual-triggered global refinement plus dynamic connectivity-based re-clustering.,Not specified (simulated UAVs in Gazebo; MILUV dataset UAVs not described in the paper),Gazebo simulation.,Average pairwise relative position RMSE over time (mean and +/-3 sigma bounds); mean relative RMSE.,GNSS-denied; swarm scalability (computational cost growth with number of UAVs).,"Connectivity-aware clustered hierarchical factor-graph optimisation fusing per-UAV VIO and inter-UAV UWB ranging, with representative-based centre cluster and residual-triggered global refinement.",None stated as limitations of the method; authors note the MILUV sequence has only three UAVs so only global optimisation is evaluated on real data.,"RQ2, RQ3, RQ4",Multi-UAV collaborative back-end; VIO is consumed off-the-shelf (VINS-Fusion). Clustering and residual trigger validated only in Gazebo.,UWB ranging augmentation,range to anchor,UWB ranging augmentation: not stated.,"p.2: 'inter-UAV distances are obtained using ranging sensors such as UWB'; p.6: MILUV 'includes synchronised visual, inertial and UWB ranging measurements'; p.2 Eq. (3): 'n_ij,t represents zero-mean Gaussian noise with variance sigma^2_ij,t'.",no,,consumed pose stream,no,"p.2: 'Let the VIO-estimated pose of UAV i at keyframe t be T_i,t... we extract relative motion constraints between consecutive keyframes'; the VIO front-end is not described.",no,,none stated,,
P0811,"Cioffi, G., Bauersfeld, L., Scaramuzza, D. (2025). HDVIO2.0:",2025,"IEEE Transactions on Robotics (IEEE), journal (text read from arXiv:2504.00969v3 accepted version)",10.1109/tro.2025.3603551,"Switzerland; Robotics and Perception Group, Department of Informatics.",C2,2,4.5,"Tightly coupled: visual reprojection, IMU preintegration and 6-DoF hybrid-dynamics residuals jointly optimised in one sliding-window MAP.","Sliding-window nonlinear optimisation (factor graph, based on SVO Pro / OKVIS-style marginalisation) with a hybrid learned dynamics factor.",Monocular.,Semi-direct sparse features (SVO Pro front-end [14]); visual keypoints detected only at keyframes,Yes - on-manifold IMU preintegration of Forster et al.,Partial,Custom agile quadrotor (platform of [48]) with Intel RealSense T265 and NVIDIA Jetson.,"NeuroBEM (training/test sequences, force/torque model evaluation only).","ATE translation (ATET, m) and rotation (ATER, deg) after pose-yaw alignment.","High-speed flight (up to 8-9 m/s, motion blur and fast yaw on Egg 8 m/s); continuous wind disturbances up to 25 km/h.","First VIO integrating full 6-DoF quadrotor dynamics through a hybrid model (point-mass model plus TCN residual thrust and torque from commands and gyro history, without needing the vehicle state).",Each learned dynamics model is specific to one drone (mitigated by easy retraining with SLAM-supervised data).,"RQ2, RQ3, RQ4",Adaptive coded Partial: the TCN is trained offline and fixed in flight (authors state the model 'remains fixed during a flight').,,,,"No auxiliary sensor beyond camera and IMU is fused; the dynamics factor uses rotor-speed-derived or commanded thrust/torque (p.9: 'we use the collective thrust commands output by the MPC controller'), which is a control-input model.",no,,semi-direct,no,"p.5: 'We integrate this VIO backend with the visual frontend introduced in [14]. This decision is motivated by the robustness demonstrated by [14], attributed to its semi-direct approach to visual feature tracking' (rpg_svo_pro_open).",no,,none stated,,
P0820,"Song, S., Lim, H., Lee, A. J., Myung, H. (2022). DynaVINS: A",2022,"IEEE Robotics and Automation Letters (letter), IEEE, DOI 10.1109/LRA.2022.3203231",10.1109/lra.2022.3203231,"Republic of Korea; School of Electrical Engineering, KAIST, Daejeon",C2,2,4.0,Tightly coupled.,Sliding-window (moving-window) nonlinear optimisation with Black-Rangarajan-duality per-feature weights.,Monocular and stereo (mono-inertial and stereo-inertial modes),Tracked point features (feature tracking inherited from VINS-Fusion rather than descriptor matching).,Yes; VINS-Mono/VINS-Fusion style preintegration (Qin/Shen [3]).,"Yes - per-feature reprojection weights (B-R duality, regularisation + weight momentum) and per-hypothesis loop-closure weights, trigger.",Not stated.,"VIODE (simulated): city_day, city_night, parking_lot, each none/low/mid/high.",RMSE of ATE (m); degradation rate rd = ATEhigh/ATEnone; average BA time (ms),Dominant dynamic objects and full occlusion.,"Robust BA with B-R-duality feature weights, IMU-prior regularisation and weight momentum to reject dynamic-object features, plus keyframe grouping and multi-hypothesis clustering with selective global optimisation to reject persistent false loop closures from temporarily static objects.",BA time increases due to extra optimisation steps (speed to be improved in future work); stereo mode degraded in low light because stereo reprojection becomes inaccurate.,"RQ2, RQ3, RQ4",Dynamic-environment VI-SLAM; UAV relevance only via the abstract mention of drones and the drone-based simulated VIODE dataset.,,,,"No sensors beyond camera and IMU: p.3 Fig. 2 inputs ""Mono / Stereo camera"" and ""IMU"" only.",no,,optical-flow-tracked corners,yes,"p.3 Fig. 2: ""Features are tracked in mono or stereo images""; p.2 on the base system: ""VINS-Fusion... adopts a feature tracking, rather than a descriptor matching""; p.3: ""estimated depth of the features as in [3]"".",yes,"p.3-4 eq. (7): ""w_j = lambda_w / (r_j_P + lambda_w)"" per tracked feature, with weight momentum eq. (9) ""Psi(w_j) = n_j(w_bar_j - w_j)"" driving per-feature weights in the BA (residual-based, not descriptor response)",L2;L5,"L2: p.7: ""Note that -M-I of ours has better result than -S-I. This is because the stereo reprojection, r_stereo_P, can be...""; L5: p.8: ""Ours does not use any object-wise information from the image; hence the features from the same object can be...""",
P0822,"Hernandez, G. E. V., Fernandes, R. C., Sorokin, A., Korimi, ",2026,"2026 International Conference on Unmanned Aircraft Systems (ICUAS), IEEE, conference",10.1109/icuas69441.2026.11598562,"UAE; Autonomous Robotics Research Center, Technology Innovation Institute, Abu Dhabi.",C1,4,4.5,Loosely coupled: an in-house monocular VIO (custom factor-graph solution) supplies planar camera-frame velocity to an INS-centred ESEKF.,"ESKF (Error-State Extended Kalman Filter, 34 error states, INS-propagated nominal state, Van Loan discretisation).",Monocular (in-house monocular camera-based vision navigation system),Not stated (VIO and CV subsystems treated as black boxes; CV is a CNN matching UAV images against satellite imagery),No (ESEKF uses precision strapdown INS mechanisation; VIO-internal IMU handling not stated),Yes - online estimation of sensor systematic errors as augmented GM/RW error states.,Custom fixed-wing UAV (Cube Orange autopilot); commercial airframe not named,"Custom real flight: single ~2 h desert reconnaissance mission near Abu Dhabi (12 May 2025), first 40 min.","RMSE of position (North, East, Down, m), velocity (North, East, Down, m/s) and attitude (roll, pitch, heading, deg).",GNSS-denied / GNSS outage (jamming/spoofing simulated).,"Unified, self-consistent ESEKF description (frames, INS propagation, linearised error dynamics, measurement models with Jacobians) fusing INS with magnetometer, barometer, pitot with pseudovanes, monocular VIO velocity, CNN satellite-image position and GNSS.",Magnetometer augmented states (nine) not separately observable/calibratable and magnetometer apparently redundant; limited observability of the full 34-error state vector.,"RQ2, RQ3, RQ4, RQ5",Fixed-wing INS-centred multi-sensor ESEKF in which VIO is one consumed velocity input.,Magnetometer / Magnetic; Barometer (absolute pressure altitude); Satellite-map / reference-map matching (absolute position); GNSS / RTK / SBAS augmentation,heading; absolute pressure altitude; absolute position; absolute 3-D position,Magnetometer / Magnetic: fixed; Barometer (absolute pressure altitude): fixed.,p.6: magnetometer model Eq. (20) and barometer model 'The barometer measures the absolute (static) atmospheric pressure' Eq. (24); p.7: 'The CV subsystem provides absolute position measurements in geodetic coordinates'.,yes,fixed,consumed pose stream,no,p.6: 'The VIO subsystem provides planar velocity measurements resolved in the camera frame' consumed as a loosely coupled update; p.8 footnote 2: 'we developed a custom factor graph-based solution' (front-end not described).,no,,L3,"L3: p.9: 'CV-denied navigation is expected to have a more significant impact for longer GNSS-degraded periods as, in this case, the ESEKF position solution will depend entirely on the digital integration of the ""as much calibrated as possible"" velocity...'",
P0839,"Valtonen Ornhag, M., Persson, P., Wadenback, M., Astrom, K.,",2022,"IEEE/CVF Conference on Computer Vision and Pattern Recognition Workshops (CVPRW), IEEE (DOI 10.1109/cvprw56347.2022.00493); preprint arXiv:2103.08286",10.1109/cvprw56347.2022.00493,"Centre for Mathematical Sciences, Lund University, Sweden",C2,2,4.5,Loosely coupled: gyroscope-integrated relative rotation is fed as a known input to a two-view minimal relative-pose solver.,Not a filter or optimiser: algebraic minimal solvers.,Monocular (global-shutter OV9281 monochrome on mid-sized UAV; RunCam Nano RGB on Crazyflie 2.0),Point correspondences between consecutive frames; detector/descriptor/tracker not stated,Yes - simple gyroscope integration / on-manifold preintegration of Forster et al.,Partial,"Mid-sized UAV (500 g, 170x240x40 mm, MPU-9250 IMU) from dataset [40].","Synthetic (10,000 random instances; 1,000 per IMU noise level); authors' prior UAV dataset [40].","Rotation error eR (deg, mean/median); translation direction error et (deg, mean/median).",Indoor and outdoor scenes; uncalibrated / radially distorted optics; short baselines from consecutive frames.,"Assuming negligible IMU drift over short intervals (full relative rotation from integrated gyro), derives a 3-point solver for unknown equal focal length (~800x faster than Ding et al.) and the first 4-point minimal solver jointly estimating focal length.",The competing gravity-aware solver [5] is slightly better at larger IMU noise levels because it can correct yaw/gravity error that the proposed assumption ignores.,"RQ2, RQ3, RQ4","Two-view relative-pose minimal-solver paper, not a full VIO pipeline: no trajectory, no ATE/RPE, no metric scale (translation direction only).",,,,p.6: only camera and onboard IMU (MPU-9250) are used; no other sensor fused.,no,,not stated,no,"p.7: ""they are not rectified prior to estimating the image point correspondences""; the feature detector/tracker is never named.",no,,none stated,,
P0841,"Campos, C., Elvira, R., Gomez Rodriguez, J. J., Montiel, J. ",2021,"IEEE Transactions on Robotics, vol. 37, no. 6, pp. 1874-1890, IEEE",10.1109/tro.2021.3075644,"Spain; Instituto de Investigacion en Ingenieria de Aragon (I3A), Universidad de Zaragoza",C6,1,5.0,Tightly coupled.,Keyframe-based nonlinear optimisation: local visual-inertial BA over a sliding window of keyframes (with covisible keyframes fixed).,"Monocular, stereo (including non-rectified and fisheye stereo) and RGB-D supported.",ORB point features with descriptor matching.,Yes - on-manifold IMU preintegration.,Partial,No own platform; evaluated on the EuRoC MAV (drone) dataset and the hand-held TUM-VI rig,EuRoC MAV.,"RMS ATE (Sim(3) alignment for monocular, SE(3) otherwise); scale error |1 - s| (%).","Fast / hand-held motion and difficult EuRoC sequences (V103, V203), tracking loss and temporal occlusion.","Open-source library for visual, visual-inertial and multimap SLAM with monocular, stereo and RGB-D cameras (pin-hole and fisheye): fully MAP-based visual-inertial SLAM with fast inertial-only MAP initialisation (5% scale error in 2 s, 1% in 15 s), improved-recall place recognition.",Main failure case is low-texture environments; descriptor matching seems less robust for tracking than Lucas-Kanade (LK-based systems beat it on some slides sequences).,"RQ2, RQ3, RQ4","Reference system paper, not UAV-specific; the only aerial data is the public EuRoC MAV dataset.",,,,"p.5 Eq. (1): state Si = {Ti, vi, bg, ba}; only reprojection and inertial residuals in Eq. (4); no other sensor fused",no,,descriptor point features,yes,"p.3: ORB-SLAM ""uses oriented fast and rotated brief (ORB) features, whose descriptor provides short-term and mid-term data association""; p.13: ""ORB-SLAM3, which matches ORB descriptors""",no,,L2;L3;L4,"L2: p.14: ""The main failure case of ORB-SLAM3 is low-texture environments.""; L3: p.12: ""in some long outdoor sequences, the scarcity of close visual...""; L4: p.15: ""Only keep in mind that pure rotations during exploration would not...""",
P0848,"Li, Y., Zhang, P., Mei, Z., Dong, W. (2023). Efficiently Ran",2023,"IEEE/ASME Transactions on Mechatronics (IEEE/ASME), journal",10.1109/tmech.2022.3232796,China; State Key Laboratory of Mechanical System and Vibration.,C1,3,5.0,Loosely coupled: per-drone VIO position (RealSense T265 output).,Sliding-window nonlinear least-squares.,Intel RealSense T265 tracking module.,Not stated (T265 internal VIO consumed as position output),No; acceleration integrated twice with a constant-acceleration discrete model.,Yes - Moving Confidence Evaluation (MCE) re-weights the UWB-range.,Four custom small quadrotors (25 x 25 x 14 cm) with Pixhawk flight controller.,"Custom real flights: indoor VICON arena, smoky environment, four-drone swirl on 1 m radius circle.","ATE, RPE, per-axis mean absolute error (MAE) and absolute deviation/variance.",GPS-denied indoor; smoke degrading the visual sensor; UWB non-Gaussian noise and data loss; scalability with swarm size,"Decentralized range-coupled swarm localization: RBE objective with a velocity-bond term from observability analysis, MCE moving-variance adaptive weighting of UWB/IMU/visual terms, and GALM solver.",Long-term VIO drift still degrades precision (accuracy decreases on longer flights); MCE window length is chosen empirically and may not suit other situations.,"RQ2, RQ3, RQ4",Multi-UAV decentralized estimator in which VIO is a consumed position stream from the T265.,UWB ranging augmentation,range to anchor,"UWB ranging augmentation: adaptive (moving variance of UWB range residuals against the planned reference trajectory, Eq. 11-12 MCE)",p.6: 'The UWB module is selected from nooploop to obtain the distance between every two agents and simultaneously used for interagent communication.'.,no,,consumed pose stream,no,"p.3: 'the acceleration of each drone... and its local position... are measured by the inertial measurement unit (IMU) and VIO module, respectively'; the T265 position output is used directly as z_k.",no,,L3,"L3: p.10: 'the long-term drift of the VIO still has a nonnegligible influence on the state estimation, which will deteriorate the estimation precision'; p.9: 'the estimation precision decreases slightly when the flight distance and time increase, which...'",
P0850,"Huang F., Yang C., Luo S., Li S., Xiang Y., Tang J. (2025). ",2025,"2025 5th International Conference on Electronics, Circuits and Information Engineering (ECIE), IEEE, pp. 718-723",10.1109/ecie65947.2025.11087004,"China; South China University of Technology, Guangzhou",C2,2,3.5,Tightly coupled.,"Sliding-window nonlinear optimization (VINS-Mono) with adaptive window size, brightness-weighted IMU/visual residual factors s1/s2.",Monocular (HBVCAM-U2205GS V11 camera),Point features tracked by Lucas-Kanade pyramid optical flow (VINS-Mono front-end) with RANSAC outlier removal.,Yes - VINS-Mono on-manifold pre-integration (cites Forster et al. [6]),"Yes - brightness-adaptive feature management (overexposure masking, dynamic neighbourhood threshold, brightness compensation, more pyramid levels).",Yifly H700 drone (type not stated); also handheld rig.,"Custom in-house campus dataset: day1 walk, day2 walk (handheld day), day3 UAV, day4 UAV (drone day), night1 walk, night2 walk.","ATE (RMSE, MAX, STD, in m); RPE (RMSE, MAX, STD, in m, handheld sequences only).",Nighttime low light and local illumination blind spots.,"VINS-Mono extension for nighttime: brightness-adaptive front-end feature management against glare and sparsity, motion-state-aware adaptive initialization window, and brightness-driven adaptive sliding-window size and IMU/visual residual weighting.",None stated,"RQ2, RQ3, RQ4","Short conference paper. Adaptive rules for initialization window and s1/s2 weighting described qualitatively only, no formulas or parameter values.",,,,"p.5: LiDAR (R3LIVE) and RTK are used 'as the ground truth for comparison', not fused into the estimate.",no,,optical-flow-tracked corners,yes,p.3-4: 'Most mainstream visual-inertial odometry (VIO) front-end odometry methods rely on the Lucas-Kanade (LK) pyramid optical flow for feature tracking... the number of pyramid tracking layers is increased'.,no,,none stated,,
P0858,"Zhang, L., Ye, W., Yan, J., Zhang, H., Betz, J., Yin, H. (20",2024,"IEEE Transactions on Vehicular Technology (journal), IEEE",10.1109/tvt.2024.3370732,"China; Shanghai Research Institute for Intelligent Autonomous Systems, Tongji University.",C7,2,4.0,Loosely coupled.,Hybrid: control-style feedforward/feedback fusion of IMU and visual poses.,Stereo,Point features.,No - loosely coupled strap-down IMU propagation.,Partial - online IMU bias estimation by two feedback loops.,Not stated (no own platform; evaluated on the EuRoC MAV dataset and the KITTI car dataset),EuRoC MAV.,"ATE (RMSE and mean, Table III); RPE/RTE translation and rotation RMSE (delta 1 m / 1 deg, mean of ten runs, Table II).",Visually restricted scenes; rapid motion causing motion blur.,PL-FVIS: a loosely coupled stereo point-line VINS extending FVIS with VQF-based accelerometer inclination correction and a VQF gyroscope-bias feedback loop weight-fused with visual inter-frame bias estimation.,"Like other SOTA systems, PL-FVIS still suffers cumulative drift during long-term operation and limited robustness in dynamic environments.","RQ2, RQ3, RQ4",IMU-vision coupling is a control-perspective feedback loop rather than a filter or joint optimisation; optimisation is used for visual pose and the back-end.,,,,p.4: only a 6-axis IMU and the stereo camera are used; GPS is mentioned only as future work (p.15),no,,point-line,yes,"p.5: ""features are tracked using the Lucas-Kanade optical flow""; p.6: EDLines line features refined (length 35-200 px, max 50); line residual Eq. (20) used in BA",no,,L3;L5,"L3: p.15: ""PL-FVIS is also inevitably faced with the problems of cumulative drift during long-term operation""; L5: p.15: ""... and the robustness of the framework in dynamic environments""",
P0859,"Sariozkan, S., Sahin, H., Alvarez-Tunon, O., Kayacan, E. (20",2026,"IEEE International Conference on Robotics and Automation (ICRA) 2026, IEEE (DOI 10.1109/icra57385.2026.11696544; arXiv:2603.08150)",10.1109/icra57385.2026.11696544,"Germany, Automatic Control Group (RAT), Paderborn University",C7,3,4.0,"Tightly coupled (events, standard frames and IMU fused in one optimisation, inherited from Ultimate SLAM)",Keyframe-based nonlinear optimisation / factor graph back-end.,"Event camera (DAVIS 346, monocular) with its standard intensity frames",Motion-compensated event frames (nonlinear SE(3) warping with depth) enhanced by Gaussian blur.,Not stated,No,"TESTUDO collision-tolerant caged quadrotor, PX4 Pixhawk 6X flight controller.",Event-Camera Dataset and Simulator.,"Position RMSE (m); absolute pose/position error APE (mean, max, min, m); per-axis position plots","Low light, HDR and abrupt illumination changes, aggressive / high-speed motion, dynamic scenes (dynamic sequences).","Edge-aware event front-end (nonlinear motion compensation, edge-enhanced event frames, grid-based ORB with KLT tracking) plus a lightweight learned ROI depth prior fused as a soft constraint in USLAM, with real-flight validation on a caged quadrotor and a new event/IMU aerial dataset","Depth estimation is coarse and limited to a lightweight ROI-based design; no loop closure, so global consistency needs further back-end work.","RQ2, RQ3, RQ4",Event-camera VIO extension of USLAM; no explicit online adaptation mechanism.,,,,No sensor beyond camera (events + frames) and IMU is fused; depth is a learned output computed from events (p.4).,no,,optical-flow-tracked corners,yes,"p.4: ""grid-based ORB strategy... retaining the strongest keypoint per cell"" and ""Feature tracking is performed with a pyramidal KLT optical flow"" (corners detected on event frames, tracked by KLT; descriptors not used for matching).",no,,L2,"L2: p.7: ""Event-only pipelines such as PL-EVIO and learning-based methods like DEVO can achieve lower errors in aggressive maneuvers or extreme HDR scenes""",
P0862,"Wang, Y., Qiu, R., Li, W., Wan, S., & Li, X. (2026). IE-VINS",2026,"Expert Systems With Applications (Elsevier), journal",10.1016/j.eswa.2026.134226,China; Xi'an Jiaotong University.,C7,4,4.5,Tightly coupled stereo-inertial semi-direct VIO; the new adaptive front-end replaces the FAST front-end of SVO2.0 and the back-end.,Local-window optimization.,Stereo.,Semi-direct: hybrid corners.,Not stated (IMU handling inherited from the SVO2.0 back-end and not described),Yes - content-adaptive front-end: gradient-modulated Retinex enhancement trigger plus per-pyramid-level detector selection.,"Custom P250 quadrotor (250 mm wheelbase, 1.5 kg, max 10 m/s) with Intel RealSense D435i.","EuRoC MAV (all 11 sequences MH1-MH5, V11-V13, V21-V23).","RMSE ATE (Umeyama-aligned); translational RPE over 8-48 m segments (V23); per-frame processing time and rate (ms, Hz).","Low illumination and dusk-to-twilight, low contrast, low texture and featureless corridors.",Content-adaptive front-end coupling a gradient-modulated Retinex enhancement trigger with a texture-aware per-pyramid-level hybrid corner detector (GA-FAST / GW-ShiTomasi) through shared brightness and gradient metrics propagated after enhancement.,Minor overhead and slight accuracy loss on already well-conditioned sequences (V11-V13) from occasional activation of the adaptive mechanisms.,"RQ2, RQ3, RQ4, RQ5","Adaptation is entirely in the visual front-end (rule-based, deterministic); the estimator back-end and noise models are unchanged.",,,,"No auxiliary sensor fused. p.14: RTK-GNSS measurements ""are used as the ground truth"" and FAST_LIO_SAM provides ""the reference"" indoors; neither enters the estimate; Not applicable (no auxiliary sensor fused).",no,,semi-direct,no,"p.3: ""replaces the fixed FAST-based front-end of SVO2.0""; p.8: ""integrated with a semi-direct visual-inertial odometry pipeline... through direct photometric matching""",no,,L1;L2;L3;L5,"L1: p.13: ""the 11.1 Hz achieved at 1280 x 720 lies below...""; L2: p.17: ""the framework cannot optimally handle severe...""; L3: p.17: ""IMU propagation can bridge only short visual...""; L5: p.17: ""to extend the framework to dynamic urban scenes...""",
P0863,"Abate, M., Chang, Y., Hughes, N., Carlone, L. (2024). Kimera",2024,"International Symposium on Experimental Robotics (ISER 2023), Springer (Springer Proceedings in Advanced Robotics), doi 10.1007/978-3-031-63596-0_8",10.1007/978-3-031-63596-0_8,USA; Laboratory for Information & Decision Systems (LIDS).,C7,1,4.0,"Tightly coupled: visual features, preintegrated IMU and optional external-odometry BetweenFactors jointly optimised in one fixed-lag.",Factor graph / fixed-lag (receding-horizon) smoother in GTSAM for VIO; separate robust pose-graph optimisation.,"Monocular, stereo and RGB-D (all with IMU); Kimera evaluated in stereo (Jackal, uHumans2, EuRoC).",Sparse point features with keypoint tracking by optical flow (detector not named in this paper).,Yes - preintegrated IMU measurements passed to the backend between keyframes.,"Yes - Graduated Non-Convexity robust weighting of loop-closure factors in pose-graph optimisation, trigger: spurious/inconsistent loop closures, online.",No own UAV; aerial data only via the EuRoC drone sequences.,"EuRoC MAV (MH_01-MH_05, V1_01-V1_03, V2_01-V2_03); uHumans2 simulated (apartment, suburb, office, subway).","Absolute Translation Error (ATE) RMSE, mean and std over three trials (VIO and VI-SLAM).","Indoor, outdoor and indoor-outdoor transitions, underground tunnels, simulated urban driving.","New release of the open-source Kimera library: monocular, RGB-D and external-odometry inputs to Kimera-VIO, feature binning and non-maximum suppression, disparity-based keyframe selection, and GNC outlier rejection in Kimera-RPGO/PGMO, with ablations and comparison against VINS-Fusion and ORB-SLAM3",No limitations section. Authors note: wheel odometry slightly worsens accuracy on some indoor datasets where stereo vision is already accurate; VINS-Fusion stereo beats Kimera on uHumans2.,"RQ2, RQ3, RQ4",General VI-SLAM system paper (mainly ground robots); UAV relevance limited to EuRoC. External (wheel) odometry is fused but has no UAV aux category.,,,,Only wheel/external odometry is fused (p.3 'we optionally process external odometry as relative poses between VIO keyframes'); it matches none of the aux categories. LiDAR odometry is mentioned only as a possible external source and is not evaluated.,no,,optical-flow-tracked corners,yes,p.3: 'enable more efficient processing of images and keypoint tracking'; p.4: 'sufficient disparity between keyframes (in terms of optical flow of the features)'; p.6-7: 'disparity threshold (in terms of average norm of the optical flow of the features)'.,no,,none stated,,
P0864,"Liu Y., Qu R., Xu M., Li C., Jiang H. (2026). A Reliability-",2026,"International Journal of Advanced Computer Science and Applications (IJACSA), Vol. 17, No. 5, pp. 1020-1030, The Science and Information (SAI) Organization",10.14569/ijacsa.2026.0170593,"China; Engineering Technology Training Center, Civil Aviation Flight University of China.",C2,2,5.0,Tightly coupled (sliding-window visual-inertial optimization with point and line reprojection factors and IMU preintegration),"Sliding-window nonlinear optimization with reliability-weighted visual factors, robust kernels.",Monocular.,"Point-line: ORB points and LSD line segments (LBD descriptor term in the line matching cost), IMU-predicted search regions.","Yes; IMU preintegration used for feature prediction, the kinematic consistency check.",Yes - recursive per-observation reliability.,TR9S hexacopter (hexarotor) UAV for the self-collected dataset; EuRoC MAV benchmark,"EuRoC MAV (all 11 sequences: MH01-MH05, V101-V103, V201-V203); self-collected UAV flight dataset Test01-Test05.","APE/ATE RMSE [m] (Tables I, II, V-VIII); APE curves over time.","Dynamic objects (vehicles, pedestrians), weak/low texture, aggressive/rapid motion and motion blur.","TRAIL-VIO: temporal recursive reliability estimation per point/line observation from semantic priors and IMU kinematic consistency, used in IMU-constrained point-line association with partial-line cropping, reliability-weighted optimization, and reliability-gated anti-contamination marginalization.","Depends on semantic segmentation quality, and persistent semantic errors can degrade estimation when dynamic objects are repeatedly given high reliability.","RQ2, RQ3, RQ4, RQ5","Adaptivity is per-observation reliability weighting and gating, not noise-covariance learning; RTK used only as ground truth.",,,,"p.7: 'The camera and IMU data are used for odometry estimation, while the RTK measurements provide ground truth' (no auxiliary sensor fused); No auxiliary sensor fused.",no,,point-line,yes,p.4: 'The front-end operates feature extraction based on ORB points and LSD line'.,yes,,L1;L2;L3;L5,L1: p.10: 'The current implementation has not yet been...'; L2: p.10: 'the point-line front end still requires...'; L3: p.10: 'may leave IMU preintegration insufficiently...'; L5: p.10: 'The method still depends on semantic...',
P0865,"Abdollahi, M.R.; Pourtakdoust, S.H. (2026). Magnetometer-bas",2026,"Aerospace Science and Technology, vol. 176, art. 112673 (Elsevier)",10.1016/j.ast.2026.112673,"Iran, Sharif University of Technology, Tehran",C7,5,4.5,Tightly coupled (filter-based; visual feature-track constraints and magnetometer updates in the same EKF),EKF - Fast Multi-State Constraint Kalman Filter.,"Monocular (single nadir-facing Basler acA1300-200uc camera, 20 Hz)",Point features extracted and tracked across frames (detector/tracker not named).,"No / Not stated (standard EKF IMU propagation, no preintegration described)",Yes - rule-based feature management: update restricted to features observed in at least Lmin frames.,Multirotor (unnamed) for 3-5 m integration tests.,Custom dataset only: multirotor flights at 3-5 m over desert dirt and grass fields.,Distance before divergence (km) and final status; Relative Trajectory Error.,"High altitude / low parallax, low-texture (desert) terrain, engine-induced vibration on IMU, high speed.","Extends FMSCKF for long-range high-altitude fixed-wing flight with motion-informed long-track feature management, selective measurement update, slow-motion re-extraction suppression, delayed triangulation initialisation and magnetometer-aided heading.","Effectiveness may degrade on textureless terrain, under excessive magnetic disturbance, beyond the tested altitude range and with aggressive manoeuvres.","RQ2, RQ3, RQ4, RQ5",The 'UAV' validation is a manned Bonanza carrying the sensor package; the multirotor test is integration only.,Magnetometer / Magnetic,heading,Magnetometer / Magnetic: fixed,p.5: 'the state vector needs to be augmented to incorporate the magnetometer bias bm and the Earth's magnetic field'; Eq. (10)-(13) magnetometer EKF update with 'R is the measurement noise covariance matrix' (no adaptation described).,no,,not stated,no,Detector and tracker never named; p.4 refers only to 'feature extraction' and 'tracked features'; Fig. 2 (p.6) 'Extract new or track perviously extracted features'.,no,,L2;L3,"L2: p.10: 'limitations and processes that may cause the presented algorithm to lose its effectiveness: Visual texture less...'; L3: p.8: 'both algorithms exhibit a growth in error as the trajectory range increases, which is largely due to the reduced...'",
P0867,"Zhou, Y., Wei, W., Li, R., Liu, X., Li, J. (2026). A continu",2026,"ISPRS Journal of Photogrammetry and Remote Sensing (Elsevier, on behalf of ISPRS), journal",10.1016/j.isprsjprs.2026.03.039,China; Suzhou Institute of Nano-Tech and Nano-Bionics (SINANO).,C2,4,4.0,Loosely coupled (learning-based): pose is regressed by a monocular self-supervised Pose Network at inference.,Learning-based: self-supervised monocular depth + pose networks (Monodepth2-style) with lightweight CNN-Transformer.,Monocular RGB.,Learned deep features (shallow CNN-Transformer backbone: gated dilated convolutions + single-layer cross-covariance-attention Transformer).,No. IMU is used only as a loss: velocity loss |‖t_p‖ - |v|Δt| and arccos rotation loss.,Yes - online continual learning of pose/depth network weights with dual-replay memory.,Self-built quadcopter with Intel RealSense D435i and NVIDIA Jetson AGX Orin.,"Cityscapes (pre-training only); KITTI odometry K04, K09, K10 (and K00-K08 training for backbone test).",RMSE (m) on EuRoC; relative translational error t_rel (%) and relative rotational error r_rel (deg/100 m).,"Domain shift / unseen environments; rain, snow, overcast (RobotCar).","E-VIO: continual-learning VIO that trains and infers online onboard a drone, using a dual-replay-memory strategy with dual weight-update and sparse training plus a 2.6-3.95 M-parameter CNN-Transformer backbone; 84.60% average RMSE improvement over the fixed model and 49.02% over CoVIO on EuRoC.",May face challenges under severe sensor degradation (conclusion); trajectory drift observed in low-light MH-05-D because the method relies mainly on vision with IMU only as a constraint,"RQ2, RQ3, RQ4",Learning-based monocular pose regressor with IMU only in the self-supervised loss.,,,,No sensor beyond camera and IMU is fused; GPS/IMU is used only as outdoor ground truth (p.7: 'a high-precision GPS/IMU unit operating at 10 Hz provides the ground-truth reference'); Not applicable (no auxiliary sensor).,no,,learned end-to-end,no,p.5-6: 'a CNN-Transformer-based lightweight backbone that cascades shallow dilated CNNs with globally representative single-layer Transformers'; p.6: 'lightweight CNN-based Pose Decoder to estimate the corresponding six Degrees of Freedom (DoF) pose'.,no,,L2,L2: p.10: 'trajectory drift is observed in the challenging low-light conditions of sequence MH-05-D',
P0870,"Park, I., Cho, S. (2023). Fusion localization for indoor air",2023,"Scientific Reports, Nature Portfolio (Springer Nature)",10.1038/s41598-023-43425-y,"South Korea; Korean Air R&D Center, Daejeon",C1,5,4.0,VIO itself tightly coupled (VINS-Fusion stereo-inertial); RTLS fused loosely with the VIO pose output in a separate pose graph,Graph optimisation (VINS-Fusion global-fusion backbone).,"Stereo (Intel Realsense D435i, global-shutter IR stereo), camera facing away from the airplane","Sparse point features tracked by Lucas-Kanade optical flow (VINS-Fusion, GPU-accelerated tracking via VINS-Fusion-gpu)",Not stated (inherited from VINS-Fusion; IMU from Pixhawk 4),Yes - VIO-referenced outlier gate on ultrasonic RTLS whose tolerance is recomputed every execution from accumulated VIO drift.,Custom quadrotor with Pixhawk 4 FCC and NVIDIA Jetson Xavier NX companion computer.,Custom data only: Korean Air hangar tests.,Horizontal position RMSE (m); final translation drift relative to trajectory length TDr (%).,GNSS/GPS-denied indoor hangar; feature-poor uniformly painted airplane surfaces and sparse hangar floor (low texture).,"Hangar-specific VIO configuration (stereo, camera facing away from aircraft, optical-flow VINS-Fusion chosen over ORB-SLAM2/3) fused with ultrasonic RTLS via pose-graph optimisation.",Jetson Xavier NX occasionally cannot process all features at 15 Hz (handled by discarding stale images/features).,"RQ2, RQ3, RQ4","Hangar experiments are manual (walking / hoist), not flights; only the outdoor test is a real autonomous flight.",UWB ranging augmentation,range to anchor,UWB ranging augmentation: threshold switch.,"p.6: ""Ultrasonic beacon indoor GPS from Marvelmind is used in a hangar RTLS""; p.8 Eq. (7) RTLS position residual in the graph; only planar X, Y used",no,,optical-flow-tracked corners,yes,"p.5: ""VINS-Fusion... uses a sparse optical flow-based Lucas-Kanade algorithm""; p.6: ""we choose an optical flow-based VIO algorithm""",no,,L1;L2,"L1: p.6: ""the Jetson Xavier NX, occasionally struggles to process all the features arriving at 15 Hz""; p.10: ""we are...""; L2: p.4: ""if there are only a few objects on a floor... VO may have to rely solely on hangar wall features, which could...""",
P0876,"Li, J. (2026). A control-theoretic framework for autonomous ",2026,"Advances in Differential Equations and Control Processes (journal), Academic Publishing Pte. Ltd.",10.59400/adecp4733,China; Dalian University of Technology.,C2,4,4.0,"Tightly coupled multi-sensor error-state filter: IMU kinematics as process model, camera enters through a landmark-projection output map.",Continuous-time error-state Kalman-Bucy filter.,Intel RealSense D455 stereo/depth camera (30 Hz); visual network takes RGB and depth images.,Not stated for the geometric visual front-end (landmark reprojection map only).,No - continuous-time IMU mechanisation (RK4 at 400 Hz) in an error-state filter.,"Yes - per-sensor weight w_i generated by a first-order ODE (tau_w = 0.8 s, saturated to [0.15, 1.0]) from the product of an innovation NIS reliability factor.",Unspecified airframe; design-target vehicle with NVIDIA Jetson AGX Orin navigation.,None; five simulated scenarios.,Position RMSE [m]; circular error probable [m]; maximum error [m]; mission success rate [%].,"GNSS denial and degradation (jamming, multipath), indoor, urban canyon, forest canopy with sparse visual features.",Control-theoretic formulation of GNSS-denied multi-sensor UAV navigation as an Ito SDE with a Riccati-equation estimator whose measurement confidence is modulated by a bounded first-order weighting law.,Accuracy degrades under adverse sensing (1.12 m in degraded-sensor scenario) and reliability falls to 85% with multiple simultaneous failures.,"RQ2, RQ3, RQ4, RQ5",Multi-sensor (GNSS/IMU/camera/LiDAR) adaptive filter rather than a VIO system proper; camera is one of several weighted output maps.,GNSS / RTK / SBAS augmentation; LiDAR augmentation,absolute 3-D position; relative pose or point cloud,GNSS / RTK / SBAS augmentation: adaptive.,"p.7: ""with h_gnss(x) = p; h_vis(x) = pi(R(q)^T(l - p))... and h_lid the point-to-plane residual map of the registered point cloud""; p.14 Table 1: u-blox ZED-F9P RTK and Velodyne VLP-16.",no,,not stated,no,"p.7: visual output map is only ""camera projection pi"" of a landmark; no detector, descriptor or tracker for the geometric front-end is described",no,,L2;L3,"L2: p.28 Sec. 5.14: ""Performance degrades in environments lacking distinctive visual or geometric structure, where...""; L3: p.28: ""a drift whose per-epoch increment is small relative to S_i passes it indefinitely""; ""a drift small on the...""",
P0878,"Li, Z., Li, H., Xiangli, C., Shen, Y., Yu, Y., Li, F. (2026)",2026,"Drones (MDPI), journal",10.3390/drones10070552,"China; School of Computer Science and Technology, North University of China, Taiyuan",C1,5,4.5,"Tightly coupled. Monocular visual reprojection, IMU pre-integration.",Sliding-window nonlinear optimisation solved with Levenberg-Marquardt.,"Monocular global-shutter camera (Basler dart daA1280-54um, AR0134, 1280x720 at 30 fps, 8 mm lens).","ORB point features, LSD line features and region-growing plane features, extracted within YOLOv8-Seg semantic masks.","Yes. Midpoint integration between keyframes, following on-manifold pre-integration.","Yes. (1) GNSS validity gate: valid only if satellites >= 6, PDOP <= 3, horizontal and vertical covariance <= 0.1 m^2 and lock time >= 10 s.","Mao 3T-C quadrotor (380 mm wheelbase, MTOW about 1930 g), Pixhawk 6C flight controller.","No public dataset. (1) Unity digital-twin simulation, a 1:1 replica of the field bridge.","ATE RMSE (cm; mean +/- std over 10 trials in simulation and ablation), positioning success rate.","Intermittent and prolonged full GNSS occlusion (beneath beams, inside box girders, pier-dense regions).","BCEF-Nav fuses monocular VIO with GNSS and an as-built BIM prior. GNSS weights adapt to signal quality, and BIM point/line/plane semantic-geometric residuals take over as the global reference during outages. Semantic-guided matching suppresses false correspondences between repetitive components.","The method needs a high-precision, current as-built BIM model. Settlement, deformation or damage degrade association, and aging bridges need reverse modelling.","RQ2, RQ3, RQ4, RQ5",This is an application-specific GNSS-VIO plus prior-map (BIM) fusion system. It is adaptive in global-constraint weighting.,GNSS / RTK / SBAS augmentation; Satellite-map / reference-map matching (absolute position),absolute 3-D position; absolute position,GNSS / RTK / SBAS augmentation: adaptive.,"p.10: GNSS residual Eq. 6, 'provided by the u-blox ZED-F9P RTK-GNSS module... reaches centimeter-level accuracy under an RTK fixed solution'.",no,,point-line,yes,"p.5: 'semantic masks, ORB point features, LSD line features, and region-growing plane features are extracted'. Points and lines (plus planes), so coded point-line.",no,,L1;L2;L4,"L1: p.26: 'the current system also leaves limited computational headroom on the...'; L2: p.26: 'On completely smooth and textureless surfaces, establishing stable...'; L4: p.26: 'During near-pure rotational motion, image parallax becomes weak...'",
P0880,"Kim, T. I., Jung, J. H., Park, C. G. (2020). A Performance A",2020,"International Conference on Artificial Life and Robotics (ICAROB 2020), Beppu, Japan (ALife Robotics Corp.)",10.5954/icarob.2020.gs1-6,Republic of Korea; Department of Mechanical and Aerospace Engineering.,C2,1,3.0,Tightly coupled (visual measurements update a shared IMU-propagated error state),EKF / MSCKF: error-state Kalman filter combining a two-view tracking.,Not stated (single image stream implied; no camera configuration given),"Optical-flow measurements between consecutive frames (two-view tracking, inverse scene depth state) plus point feature tracks for MSCKF.",No - continuous-time IMU error-state propagation in the filter (Eq. 6),Partial,Micro aerial vehicle (drone racing quadrotor of the dataset); no commercial model named,UZH-FPV Drone Racing dataset (cited as 'Drone Racing dataset'); sequence not stated.,RMSE of three-dimensional attitude error (rad) and position error (m); error-over-time plots (Figs. 2-3),Aggressive / rapid MAV flight (high speed); few detected features due to low image resolution; GNSS-denied implicit,Derives system and measurement models for fusing two-view tracking (optical-flow update with body-frame velocity and inverse scene depth) into MSCKF so that an EKF update still occurs when only two frames of tracks exist.,None stated,"RQ2, RQ3, RQ4",Short 4-page conference paper. The abstract calls the evaluation a 'simulation' but it is an offline run on a public real-flight dataset.,,,,"p.2 Eq. (1)-(5): state holds only IMU, bias, inverse-scene-depth and sliding-window camera poses; no other sensor fused",no,,not stated,no,"p.1: ""Two-view tracking uses an optical flow measurement obtained from consecutive image frames""; no detector or tracker named for either update",no,,none stated,,
P0882,"Zhao, J., Deng, Z., Su, W., Lou, B., Liu, Y. (2026). Indoor ",2026,"Remote Sensing, MDPI",10.3390/rs18091407,China; School of Electronic Engineering.,C1,2,4.5,Tightly coupled with respect to UWB (raw ranges as factors) but loosely coupled with respect to vision.,"Factor graph optimisation solved incrementally with iSAM2 (GTSAM); states position, attitude quaternion, velocity.",Stereo (Intel RealSense D435i) feeding an unnamed VIO that outputs poses at ~15 Hz,Not stated (VIO consumed as a pose stream; its feature front-end is not described),"Yes - preintegrated rotation, velocity and position increments between consecutive UWB time steps.","Partial - robust kernel functions on UWB ranging factors to mitigate NLOS outliers (fixed robust loss, no tuned trigger); measurement variances fixed.","Self-developed indoor quadrotor (model not named) carrying UWB tag, IMU, TFmini.",MILUV (Multi-UAV Indoor Localization with UWB and Vision) sequences circular2D and circular3D.,"APE (evo) RMSE, mean, median, std, min, max [m]; error CDF and error-over-time curves.",GNSS-denied indoor environment (underground parking garage).,"One-shot calibration of multiple UWB anchors and UAV initial pose via Landmark MDS plus rigid Procrustes alignment to a few known anchors (with gravity-based roll/pitch), followed by a unified iSAM2 factor graph fusing IMU preintegration, raw UWB ranges.",Laser-rangefinder height factor relies on an approximately planar ground; no explicit confidence-aware handling of degraded VIO observations.,"RQ2, RQ3, RQ4",UWB-centric multi-sensor localization paper in which VIO is a black-box pose input; the VIO algorithm is never named.,UWB ranging augmentation; Radar / laser altimeter / downward rangefinder (range to ground),range to anchor; range to ground,UWB ranging augmentation: fixed (constant variance sigma_uwb with robust kernel down-weighting of NLOS outliers by residual).,"p.5: ""Multiple sensing modalities are incorporated as factors, including IMU pre-integration factors, UWB ranging factors, laser rangefinder height factors, and VIO pose factors"".",yes,fixed,consumed pose stream,no,"p.13: ""the VIO output is treated as a direct pose observation of the current state""; p.14-15 Eqs. (52)-(55) VIO pose factor",no,,L2,"L2: p.25: ""the current framework does not include an explicit confidence-aware mechanism for handling degraded VIO observations, and its robustness to visual drift mainly relies on complementary multi-sensor constraints""",
P0888,"Cai, Y., Jing, W., Ren, J., Bai, H., Li, S., Sun, Y., Xie, M",2026,Electronics (MDPI),10.3390/electronics15122599,China; Guangxi University.,C1,2,4.5,"Loosely coupled (cascaded): ORB-SLAM2 stereo visual SLAM output (position, velocity) used as measurements of an IMU-driven ESKF.","Error-State Kalman Filter (15-dim error state: position, velocity, attitude, accel and gyro biases), first-order discretisation.","Stereo (EuRoC WVGA stereo, 11 cm baseline, 20 Hz; own rig 4 MP 720p stereo camera at 20 Hz)","ORB point features with descriptor matching (ORB-SLAM2 tracking, local mapping, bag-of-words loop closure).",No.,"Partial - when ORB-SLAM2 tracking fails, the ESKF-propagated pose is used to recover tracking (failure fallback); observation covariance is fixed.",No UAV flown; EuRoC MAV dataset for benchmark.,"EuRoC MAV: Vicon Room V1_01, V1_02, V1_03, V2_01, V2_02, V2_03 and Machine Hall MH_01-MH_05 (11 sequences).",ATE RMSE [m] (Umeyama-aligned); RPE RMSE [m]; outdoor trajectory RMSE [m]; qualitative trajectory plots.,GNSS-denied localisation (motivation: urban canyons); EuRoC difficult sequences.,"Loosely coupled stereo VI-SLAM combining an ESKF VIO front-end (IMU propagation, ORB-SLAM2 position/velocity updates, bidirectional motion-prior feedback, tracking recovery) with an ORB-SLAM2-inspired g2o back-end; competitive with but below ORB-SLAM3 on EuRoC and outdoor runs.","Loose coupling discards cross-correlations, so accuracy is below tightly coupled systems such as ORB-SLAM3.","RQ2, RQ4, RQ5",Ablation shows ESKF effect within 0.5-2% ATE (no clear winner); ATE of Ours is nearly identical to ORB-SLAM2 stereo on every sequence except V2_03.,,,,"p.10: rig includes ""a u-blox GPS module"" but the ESKF state and measurement model (p.4, p.6) use only IMU propagation and ORB-SLAM2 position/velocity; GPS not fused",no,,descriptor point features,yes,"p.2-3: ""the back-end, inspired by ORB-SLAM2 [20], constructs a pose graph using ORB features [4]""; p.3 Fig. 1: ""The stereo camera provides images to ORB-SLAM2, which estimates position and velocity""",no,,none stated,,
P0892,"Mahdavi, M. M., Sakhaee, M. M., Alasty, A. (2025). Condition",2025,"The International Archives of the Photogrammetry, Remote Sensing and Spatial Information Sciences (Copernicus / ISPRS), 8th ISPRS Geospatial Conference 2025, Tehran; conference proceedings",10.5194/isprs-archives-xlviii-4-w22-2025-37-2026,"Iran; Sharif AgroLab, School of Mechanical Engineering, Sharif University of Technology",C2,5,4.0,"Loosely coupled: sparse optical flow yields a median camera velocity (vx, vy) that, after optional LSTM residual correction.","EKF (11 states: position, velocity, roll/pitch/yaw, x/y gyro biases) with IMU propagation.","Monocular, downward-facing (simulated to match Raspberry Pi camera V2 specifications, 800x600)","Point features: FAST corners tracked with pyramidal Lucas-Kanade (max 50, re-detect below 10).",No (EKF IMU propagation at 250 Hz),"Yes - condition-based stateless LSTM (2x128, T=10) predicts and subtracts the systematic OF velocity residual, trigger.",Simulated PX4 UAV in Gazebo; airframe type and model not stated,Custom Gazebo/PX4 simulation: 90 min training logs (70/15/15 split).,"RMSE of vx, vy, |vxy| (m/s) and xy trajectory (m) after start-point alignment; LSTM R^2 on train/val/test.",GPS-denied flight; aggressive turns and high-acceleration maneuvers causing gyro-induced OF errors.,"Hysteresis-gated LSTM residual corrector for optical-flow velocity in an INS/OF EKF, active only during aggressive rotation; reduces xy trajectory RMSE by 63.77 % and |vxy| RMSE by 28.94 % on average versus INS/OF in simulation, and avoids the hover degradation of an always-on LSTM",None stated as limitations; future work implies the gate threshold and training data are tied to a single speed (3 m/s) and should become functions of angular and linear velocity.,"RQ2, RQ3, RQ4",Simulation-only; baseline is the authors' own INS/OF (ablation). Depth from flat-ground assumption with altimeter.,Magnetometer / Magnetic; Radar / laser altimeter / downward rangefinder (range to ground),heading; range to ground,Magnetometer / Magnetic: not stated; Radar / laser altimeter / downward rangefinder (range to ground): not stated,"p.2: 'the yaw angle is refined using magnetometer readings, the altitude (Z) is adjusted using LiDAR measurements'; p.5: 'The range sensor was modelled as a single-ray LiDAR operating at 20 Hz to mimic an ultrasonic altimeter'.",yes,not stated,optical-flow-tracked corners,yes,"p.3: 'The FAST method has been chosen to detect features... To track detected features in consecutive frames and measure the optical flow, pyramidal Lucas-Kanade is used'.",no,,none stated,,
P0901,"Zhou, Y., Chu, S. (2026). Lightweight event camera inertial ",2026,"Discover Computing, Springer Nature",10.1007/s10791-026-10171-4,"UK; Kingston University (first author). Corresponding author: Anhui University, China",C5,3,4.5,Tightly coupled (event geometric residuals and IMU preintegration residuals jointly minimised at the measurement-model level),Weighted nonlinear least squares.,"Event camera (DAVIS346, 346x260 events; 20 fps APS frames used only by frame-based baselines)",Raw asynchronous events (no frame accumulation) associated by nearest-neighbour search to pre-built sparse 3D map points carrying.,Yes - on-manifold preintegration between keyframes.,"Yes - adaptive event sampling (downsampling when event rate exceeds threshold, ~50k events/s, denser sampling under slow motion), trigger.",Quadrotor UAV (model not named) used for drone_hover and drone_aggressive sequences.,Custom dataset: 12 sequences >2 h.,"ATE [m]; RPE (1 s intervals, cm/s; MVSEC RPE in supplementary); rotation and translation accuracy mean+-std [deg, cm].","High-speed / aggressive motion (520 deg/s UAV, 1000 deg/s arm rotation).","Event-PNP: tightly coupled event-IMU pose solver against a known 3D map using an event-level brightness-constancy geometric model (no event-frame accumulation), with lightweight incremental optimisation, active-point sparsification and adaptive event sampling for >200 Hz embedded operation.",Assumes a static scene and a precisely known pre-built 3D map; independently moving objects act as outliers (ATE 1.2 to ~4.5 cm unfiltered) and map errors/obsolescence degrade accuracy.,"RQ1, RQ2, RQ3, RQ4","Event-camera map-based PnP with IMU fusion, not classic map-free VIO; requires an offline-built map with per-point gradients.",,,,"p.14: sensors are DAVIS346 and BMI160 only; the pre-built 3D map with gradient dictionary (p.9) is the visual measurement model itself, not an additional sensor; ArUco arrays (p.15) are scene texture, not fused as fiducials.",no,,event-based,no,"p.9: ""This geometric constraint established directly at the event level avoids temporal resolution loss caused by event frame accumulation"".",no,,L2;L3;L5,"L2: p.25: ""Extremely Low-Texture Scenes with Minimal Motion... the event stream...""; L3: p.24: ""unbounded drift is inevitable in a purely odometric framework, which...""; L5: p.30 Sec. 5.4: ""the current Event-PNP framework operates under the...""",
P0902,"Xiao, J., Qiu, H., Zhou, Y., Wang, R., Liu, P. (2026). MarsB",2026,"Drones, 10(5), 346, MDPI",10.3390/drones10050346,China; Pattern Recognition and Intelligent System Research Center.,C6,5,4.0,Tightly coupled stereo visual-inertial sliding-window nonlinear optimisation.,Sliding-window nonlinear optimisation (Gauss-Newton/LM) with IMU preintegration residuals.,"Stereo (two downward-facing monochrome navigation cameras, 15 Hz, GPIO-triggered)",Shi-Tomasi corners.,Yes - on-manifold preintegration following Forster et al.,Yes - hysteresis-based front-end mode switching.,MarsBird-VII Mars rotorcraft concept (Tianwen-3 class; quadcopter structure per [11]).,"Custom real-flight data only (proprietary, available on request): Songjiang Experimental Site, HIT: 80 s cruise flight.",Translation APE RMSE and Max after SE(3) Umeyama alignment; peak APE in low-texture and sharp-turn segments.,"GNSS-denied (Mars, no GNSS/magnetometer/barometer); low-texture terrain (snow); undulating terrain (sand mounds).",Mission-constrained stereo-inertial navigation for a Tianwen-3-class Mars rotorcraft with (i) a computation-aware front-end.,Prolonged absolute visual tracking loss remains a fundamental challenge: extended IMU-only propagation leads to unbounded drift (future work: perception-aware motion planning).,"RQ2, RQ3, RQ4, RQ5","Planetary (Mars) rotorcraft, validated in Earth-analog flights with RTK-GPS ground truth.",Radar / laser altimeter / downward rangefinder (range to ground),range to ground,Radar / laser altimeter / downward rangefinder (range to ground): not stated.,"p.8: ""the nearest-in-time altimeter reading is used as an auxiliary geometric reference during visual depth initialization and feature triangulation, thereby indirectly regularizing the vertical geometry"".",yes,scale or depth aid ('Laser altimeter measurements are not introduced as explicit residual factors'; used in depth initialisation),optical-flow-tracked corners,yes,"p.7: ""we adopt the Shi-Tomasi corner detector"" and ""For feature tracking, we employ a sparse pyramidal Lucas-Kanade (LK) optical flow algorithm""",no,,L2;L3,"L2: p.29: ""Under severe dust occlusion, visible-spectrum feature tracking may become unreliable""; p.13: ""Prolonged absolute...""; L3: p.35: ""Under such conditions, extended reliance on IMU-only propagation inevitably leads to unbounded drift""",
P0903,"Mirchev, A., Kayalibay, B., van der Smagt, P., Bayer, J. (20",2021,"ICLR 2021 (International Conference on Learning Representations), conference paper",,"Germany; Machine Learning Research Lab, Volkswagen Group, Munich",C1,0,4.5,Deep variational state-space model (extension of DVBF-LM) with a global volumetric map variable.,Stochastic gradient variational Bayes (SGVB) with Adam over a time-factorised Gaussian approximate posterior on states.,Stereo camera from Blackbird.,Dense direct: per-pixel colour and depth reconstruction from a 200^3 occupancy grid plus an MLP colour field via raycasting.,No.,Partial - pretrained (offline) learned transition network outputs input-dependent process mean and standard deviation that correct IMU biases.,Quadrotor (Blackbird dataset quadcopter flights; no own flights),Blackbird UAV dataset (NYC subway station rendered environment): test trajectories star (forward yaw) and picasso.,Absolute translational RMSE [m] and rotational RMSE [rad] per trajectory (Zhang & Scaramuzza 2018 evaluation).,"High-speed flight up to 4 m/s, including the star trajectory where baselines were reported to fail without retuning.","First demonstration of variational inference for direct dense 6-DoF SLAM: a deep generative state-space model with a differentiable raycaster, frustum attention and volumetric occupancy/colour map, plus a probabilistically learned rigid-body dynamics prior from IMU/RPM/PWM.",Not real-time (36.5 s of inference per 1 s of motion; real-time inference left to future work); learned transition fails to generalise to out-of-distribution IMU inputs during landing.,"RQ1, RQ2, RQ5","Learning-centric VI-SLAM paper from the ML community, evaluated only offline on Blackbird (real IMU and MOCAP, rendered images).",,,,"p.6: conditional inputs are IMU readings (plus RPM and PWM for the learned transition only); no GNSS, LiDAR, barometer or other aux measurement in the model",no,,dense,no,"p.1: ""We demonstrate the successful use of variational inference for solving direct dense SLAM for the first time""; p.5: emission reconstructs depth and colour per pixel via raycasting",no,,L1,"L1: p.8: ""We note that the two systems run in real-time, whereas currently our method does not""; p.20: ""amounts to 36.5s of inference runtime per 1s of real-time movement... we have not yet optimised the model for real-time inference""; p.9: ""we will...""",
P0907,"Deng, G., Sun, S., Jiao, H. (2025). Infrared visual-inertia-",2025,"Proc. of SPIE Vol. 13735, Fourth International Symposium on Control Engineering and Robotics (ISCER 2025), SPIE",10.1117/12.3080483,"China; Zhong Xing Sea-land Engineering Co., Ltd, Guangzhou (COSCO Shipping)",C1,3,3.5,Two-layer: tightly coupled IR visual-inertial sliding-window optimisation (short window).,Double-layer sliding-window factor graph optimisation solved with Ceres.,"Infrared camera (Intel RealSense D435i IR imagers, near-infrared).","CLAHE contrast enhancement of IR images, then SuperPoint learned keypoints and descriptors with descriptor nearest-neighbour matching.","Yes - on-manifold preintegration (Forster et al. [23]), VINS-style residuals on position, velocity.",No,Simulated 3DR IRIS quadrotor in Gazebo (with D435i stereo camera model).,"Own low-light indoor IR images (Intel RealSense D435i, single frame pair).","Number of extracted features and correct matches; position error MAX, MEAN, MIN, STD and RMSE [m] (evo).",Low light in enclosed ship cabins; GNSS-denied indoor operation; long-term VIO drift without loop closure.,IR visual-inertial-UWB localisation for ship-cabin inspection drones: CLAHE + SuperPoint front-end for low-light IR images and a double-layer sliding-window factor graph that fuses VIO poses with single-anchor UWB ranges to suppress drift.,None stated,"RQ2, RQ3, RQ4","Short SPIE proceedings paper, industrial authors. Validation is simulation plus dataset replay only.",UWB ranging augmentation,range to anchor,UWB ranging augmentation: not stated,"p.6-7: ""we incorporate drift-free UWB ranging measurements""; Eq. 10 objective with UWB range residual weighted by covariance P_uwb (value and any adaptation not stated)",no,,descriptor point features,yes,"p.4: ""descriptor-based nearest neighbor matching is performed between adjacent image frames"" on SuperPoint keypoints",no,,none stated,,
P0908,"Wei, W., Zhou, Y., Hu, Y., Li, Z., Wang, S., Liu, X., Li, J.",2025,"IEEE Transactions on Robotics (IEEE), journal",10.1109/tro.2025.3577054,China; School of Nano-Tech and Nano-Bionics.,C7,3,4.0,Tightly coupled at feature level within an end-to-end network.,Learning-based.,"Monocular (left images of KITTI, EuRoC, Malaga; RealSense D435i colour images on the UAV)",Deep features: hybrid CNN-transformer (HybridCT) encoder with shallow dilated depthwise convolutions.,No (raw IMU sequences encoded by a learned HybridCT IMU encoder; no preintegration described),Yes - learned cross-attention (CoFusion) that dynamically reweights visual versus inertial features per input.,"Custom-built quadrotor with NVIDIA Jetson NX, Intel RealSense D435i.","KITTI Odometry (train 00-02, 04-08; test 09, 10) and KITTI Raw (w/o IMU variant and depth).",KITTI Rel. trans. (%) and Rel. rot. (deg/100 m); EuRoC RMSE (m); UAV RMSE (m).,Embedded compute constraints (Jetson NX 10 W); synthetic visual degradation.,"Lightweight self-supervised transformer VIO: HybridCT encoder (SDConv + STFormer) for both visual and inertial streams and a single-layer cross-attention CoFusion module; 70.37% fewer parameters than UnVIO, 17.3 ms (57.8 fps) pose inference on Jetson NX 10W, open-source code",May struggle in scenarios with significant variations in scene and motion patterns; variations in image resolution challenge the generalization of learning-based VO/VIO; stated as ongoing research,"RQ2, RQ3, RQ4",Learning-based end-to-end VIO with no probabilistic estimator. Text overclaims accuracy.,,,,"No auxiliary sensor fused. p.9: 'we utilize high-precision GPS as the ground-truth' (reference only, not an input).",no,,learned end-to-end,no,"p.5: 'BotVIO designs a lightweight hybrid CNN-transformer (HybridCT)-based encoder architecture to extract image and inertial features, replacing traditional ResNet-based or LSTM-based encoders'.",no,,none stated,,
P0910,"Wang, C., Guo, S., Wang, B., Chen, B., Yang, T., Liu, D. (20",2026,"IEEE Systems Journal, IEEE",10.1109/jsyst.2026.3714032,China; Harbin Institute of Technology (School of Electronics and Information Engineering),C7,3,4.0,"Tightly coupled (unmodified VINS-Mono back end, and OKVIS2 in the compatibility test).",Sliding-window nonlinear optimisation.,"Monocular grayscale (VINS-Mono, main experiments).","Point features from the back end's own detection and tracking front end (VINS-Mono corner tracking, not re-described).",Yes - back-end preintegration (Forster et al. [8] / VINS-Mono) applied to reconstructed IMU stream.,"Yes - illumination-gated low-light enhancement, trigger: mean normalised frame luminance L_avg < T (T in [0.3, 0.5]), online.",No own UAV; evaluation on EuRoC MAV dataset; target stated as low-cost/small UAVs,"EuRoC MAV: MH_01, MH_03, MH_05 (Machine Hall) and V1_01, V1_02, V1_03 (Vicon Room 1).",ATE (RMSE of APE after SE(3) alignment) [m]; translational RPE (RMSE) [m]; APE curves.,"Low illumination, weak texture, motion blur (visual side); high-frequency low-cost IMU noise (inertial side).",Plug-in source-end reconstruction of both IMU and image streams before an unmodified VIO back end: dual-quaternion resampling/spline/manifold projection of IMU data plus luminance-gated Retinex/homomorphic enhancement and grayscale-adaptive SwinIR super-resolution.,"Benefit is back-end dependent: on the stronger stereo OKVIS2 back end ATE improves only slightly and RPE slightly worsens, so parameters and triggering need adaptation per back end.","RQ2, RQ3, RQ4, RQ5",Preprocessing-layer paper rather than a new estimator. Improvements are small and from single runs without variance.,,,,p.3-7: only IMU and camera streams are reconstructed and fused; no further sensor,no,,optical-flow-tracked corners,yes,"p.7: ""the enhanced image is fed into the front-end feature detection and tracking module"" of VINS-Mono; p.1 cites Lucas-Kanade [9] and Shi-Tomasi [10] for feature tracking quality (VINS-Mono's KLT front end, not re-described)",no,,L2,"L2: p.9: ""SR only increases the ATE on V1_03, indicating that super-resolution may generate unstable textures under motion blur or severe degradation""; p.10: ""visual-side processing may change feature distributions in some scenes and partially offset...""",
P0919,"Liu, W., Mohta, K., Loianno, G., Daniilidis, K., Kumar, V. (",2021,"Autonomous Robots, 45, 773-787, Springer",10.1007/s10514-021-10002-z,"USA; GRASP Laboratory, University of Pennsylvania",C7,3,5.0,Tightly coupled direct (photometric) stereo VIO; photometric and IMU preintegration residuals jointly optimised in one cost function.,"Nonlinear least-squares (MAP) optimisation with Levenberg-Marquardt over the current-frame state only (rotation, position, velocity).",Stereo.,Direct semi-dense: high-gradient pixels selected on keyframes with an adaptive threshold based on local gradient regions.,Yes - on-manifold preintegration following Forster et al.,Partial - per-pixel gradient-dependent weight (DSO formulation) and Huber robust weights on photometric residuals.,"22 cm, 250 g quadrotor with Qualcomm Snapdragon Flight board.","EuRoC MAV Vicon Room sequences V1-01, V1-02, V1-03, V2-01, V2-02, V2-03.",Position RMSE after evo rotation+translation alignment (average of three runs); CPU usage (% of one core) on desktop.,"Low-texture scenes (featureless curtains, nuclear-plant inspection motivation).","A simplified tightly coupled direct semi-dense stereo VIO that optimises only the current frame against a keyframe, with multi-threaded keyframe processing, running in real time.","Without windowed optimisation the IMU biases cannot be estimated reliably (fixed offline calibration), so the method drifts when image gradients do not render all degrees of freedom observable.","RQ2, RQ3, RQ4, RQ5","Single-frame direct optimisation (no window, no landmark depths in state); the factor graph in Fig. 2 has only two factors.",,,,No auxiliary sensor: p.3 sensor suite is stereo camera and IMU only; Vicon is ground truth only.,no,,direct / photometric,no,"p.1 Abstract: ""a direct semi-dense stereo Visual-Inertial Odometry (VIO) algorithm""; p.6: photometric residual Eq. (12) on high-gradient pixels ""without feature descriptors""",yes,,L1;L2;L3,"L1: p.12: ""a frame rates of 30Hz overloads the CPU and causes the control to be...""; L2: p.13: ""The second trajectory has some drift starting at time 60s due to...""; L3: p.14: ""inherent limitations such as the ineffective IMU bias estimation...""",
P0924,"Sun, S., Cioffi, G., de Visser, C., Scaramuzza, D. (2021). A",2021,"IEEE Robotics and Automation Letters (RA-L), journal article",10.1109/lra.2020.3048875,"Switzerland; Robotics and Perception Group, University of Zurich.",C6,5,3.5,Range-sensor-aided monocular VIO: keyframe-based fixed-lag smoother.,"Tightly coupled sliding-window optimisation (Ceres) of reprojection, inertial and weighted range-height terms, no marginalisation.","Single downward-facing camera, either a standard frame camera.",FAST corners tracked with Lucas-Kanade; features persistent over 3 consecutive frames triangulated as landmarks assumed to lie.,Not stated.,"Partial - rotation-compensation acceleration model in the complementary filter switched on above a yaw-rate threshold (|omega_z| >= 10 rad/s, online).",Custom quadrotor.,None.,Closed-loop position tracking RMSE [m] against motion-capture ground truth per lighting condition (Table I).,Fast yaw spinning above 20 rad/s after complete rotor failure causing motion blur and centripetal accelerometer error.,First closed-loop position-controlled flight of a quadrotor with a completely failed rotor using only onboard sensors and computation: NDI-based fault-tolerant controller combined with a range-aided monocular frame or event VIO and a rotation-corrected complementary filter.,Controller without motor-speed feedback is less robust to model mismatch such as high-speed aerodynamic effects; motor failure is assumed to be known/detected externally.,"RQ2, RQ3, RQ4, RQ5",Fault-tolerant-control paper with a VIO component; estimation evaluated only through closed-loop tracking RMSE (estimation and control error mixed).,Radar / laser altimeter / downward rangefinder (range to ground),range to ground,Radar / laser altimeter / downward rangefinder (range to ground): not stated,"p.4-5: third cost term ""forces the vertical differences between the position of the camera and the observed landmark to be equal to the height estimate h from the range sensor"".",yes,not stated,optical-flow-tracked corners,yes,"p.4: ""we use a FAST feature detector [26] and Lucas-Kanade tracker [27] to detect and track features""",no,,L2,"L2: p.7: ""with standard frames as visual input, the tracking error doubles as the illuminance drops to 100 lux, and the damaged quadrotor crashes immediately when the illuminance gets lower than 100 lux""; p.7: ""few of them are successfully tracked...""",
